"","Rank","Player","Overall Tier","Pos. Tier","Pos","Team","Bye","ADP","Floor","Consensus","DS Proj","Ceiling","3D Proj","3d Value","Market $","Auction $"
"","1","Puka Nacua","1.0","1.0","WR","LAR","11","1.03","298.7","316.0","364.3","400.7","362.3","100.0","$64","$65"
"","2","Jahmyr Gibbs","1.0","1.0","RB","DET","6","1.01","296.9","346.0","357.7","418.5","363.2","96.9","$67","$63"
"","3","Ja'Marr Chase","1.0","1.0","WR","CIN","6","1.04","303.7","324.0","345.1","407.2","354.5","95.7","$62","$62"
"","4","Bijan Robinson","1.0","1.0","RB","ATL","11","1.02","298.8","352.0","351.5","411.3","358.2","94.3","$69","$61"
"","5","Christian McCaffrey","1.0","1.0","RB","SF","8","1.05","279.6","325.0","336.9","421.1","349.5","89.9","$57","$58"
"","6","Jaxon Smith-Njigba","2.0","2.0","WR","SEA","11","1.06","292.4","300.0","321.3","382.3","332.7","83.8","$54","$54"
"","7","Amon-Ra St. Brown","2.0","2.0","WR","DET","6","1.07","292.2","300.0","324.7","360.4","328.5","81.5","$50","$53"
"","8","CeeDee Lamb","2.0","2.0","WR","DAL","14","1.09","270.7","267.0","307.6","369.1","317.7","75.5","$49","$49"
"","9","Jonathan Taylor","2.0","2.0","RB","IND","13","1.08","266.7","308.0","310.1","365.9","317.4","73.7","$63","$48"
"","10","Justin Jefferson","2.0","2.0","WR","MIN","6","1.11","255.2","270.0","296.7","385.7","313.4","73.2","$43","$48"
"","11","Ashton Jeanty","2.0","2.0","RB","LVR","13","1.13","265.8","272.0","298.6","382.2","315.4","72.7","$48","$47"
"","12","James Cook","2.0","2.0","RB","BUF","7","1.12","256.0","269.0","294.3","359.0","305.0","67.4","$57","$44"
"Injured","13","De'Von Achane","2.0","2.0","RB","MIA","6","1.10","255.0","289.0","280.2","358.7","297.0","63.3","$47","$41"
"","14","Saquon Barkley","2.0","2.0","RB","PHI","10","1.14","248.6","257.0","273.2","377.0","297.0","63.3","$48","$41"
"","15","Drake London","3.0","3.0","WR","ATL","11","2.03","260.6","271.0","283.3","340.0","294.6","62.9","$41","$41"
"","16","A.J. Brown","3.0","3.0","WR","NE","11","2.12","240.5","258.0","282.9","350.8","293.7","62.4","$39","$41"
"","17","Rashee Rice","3.0","3.0","WR","KC","5","2.09","213.3","237.0","296.3","340.7","293.3","62.1","$32","$40"
"","18","Nico Collins","3.0","3.0","WR","HOU","8","2.07","253.1","241.0","281.2","340.3","292.2","61.5","$38","$40"
"","19","Kenneth Walker III","3.0","3.0","RB","KC","5","2.14","237.4","248.0","266.7","365.4","288.3","58.9","$38","$38"
"","20","Chase Brown","3.0","3.0","RB","CIN","6","2.11","228.7","268.0","272.3","356.7","287.4","58.5","$41","$38"
"","21","Omarion Hampton","3.0","3.0","RB","LAC","7","2.04","230.3","261.0","264.7","370.6","287.3","58.4","$43","$38"
"","22","George Pickens","3.0","3.0","WR","DAL","14","2.13","241.2","248.0","268.0","335.0","281.4","55.6","$37","$36"
"","23","Derrick Henry","3.0","3.0","RB","BAL","13","2.02","227.9","261.0","268.1","340.5","280.5","55.0","$55","$36"
"","24","Jeremiyah Love","3.0","3.0","RB","ARI","14","2.01","227.1","250.0","255.2","362.4","279.3","54.4","$43","$35"
"","25","Brock Bowers","3.0","1.0","TE","LVR","13","2.06","242.6","240.0","260.9","315.7","272.5","51.8","$31","$34"
"","26","Josh Allen","3.0","1.0","QB","BUF","7","2.08","306.7","362.0","378.7","439.3","382.1","51.4","$41","$33"
"","27","Trey McBride","3.0","1.0","TE","ARI","14","2.05","240.9","254.0","259.0","310.8","269.8","50.9","$29","$33"
"","28","Breece Hall","4.0","4.0","RB","NYJ","13","3.03","220.5","244.0","253.5","327.0","267.6","48.4","$35","$31"
"Value","29","Zay Flowers","4.0","4.0","WR","BAL","13","3.13","229.7","235.0","261.0","302.8","266.7","47.5","$30","$31"
"Injured","30","Chris Olave","4.0","4.0","WR","NO","8","3.02","222.0","244.0","258.1","307.1","264.9","46.6","$31","$30"
"Value","31","Josh Jacobs","4.0","4.0","RB","GB","11","2.10","188.1","251.0","261.2","316.1","262.9","46.1","$35","$30"
"Value","32","DeVonta Smith","4.0","4.0","WR","PHI","10","3.05","228.5","233.0","248.4","313.0","262.4","45.2","$25","$29"
"","33","Tee Higgins","4.0","4.0","WR","CIN","6","4.04","222.6","237.0","250.1","310.1","261.5","44.7","$25","$29"
"","34","Garrett Wilson","4.0","4.0","WR","NYJ","13","3.08","224.9","233.0","249.9","307.4","261.0","44.4","$29","$29"
"","35","Javonte Williams","4.0","4.0","RB","DAL","14","3.06","213.7","231.0","248.5","310.6","259.1","44.1","$32","$29"
"","36","Colston Loveland","4.0","2.0","TE","CHI","10","3.11","202.0","226.0","246.3","290.6","250.3","43.9","$26","$29"
"Injured","37","Malik Nabers","4.0","4.0","WR","NYG","8","3.01","194.5","223.0","240.1","340.9","259.3","43.5","$24","$28"
"","38","Travis Etienne","4.0","4.0","RB","NO","8","3.12","216.8","225.0","238.2","324.0","257.7","43.4","$29","$28"
"","39","Kyren Williams","4.0","4.0","RB","LAR","11","3.07","221.3","232.0","240.5","307.8","255.4","42.3","$32","$27"
"","40","Tyler Warren","4.0","2.0","TE","IND","13","4.01","194.6","207.0","234.5","272.0","237.5","39.3","$22","$26"
"Injured","41","Cameron 'Cam' Skattebo","4.0","4.0","RB","NYG","8","3.10","197.9","230.0","235.6","311.0","249.3","39.2","$25","$25"
"Value","42","Jaylen Waddle","4.0","4.0","WR","DEN","10","4.14","204.7","213.0","235.3","303.5","248.3","37.5","$18","$24"
"Value","43","Davante Adams","5.0","5.0","WR","LAR","11","3.14","205.9","214.0","236.7","298.2","247.9","37.2","$18","$24"
"Value","44","Terry McLaurin","5.0","5.0","WR","WAS","7","4.06","205.8","222.0","231.2","298.2","244.9","35.6","$23","$23"
"","45","Emeka Egbuka","5.0","5.0","WR","TB","10","4.03","199.4","205.0","229.2","304.8","244.4","35.3","$25","$23"
"Injured","46","Tetairoa McMillan","5.0","5.0","WR","CAR","5","3.09","206.6","226.0","229.5","298.4","244.1","35.1","$26","$23"
"Value","47","Christian Watson","5.0","5.0","WR","GB","11","6.14","198.1","189.0","233.0","295.9","243.8","35.0","$18","$23"
"","48","D'Andre Swift","5.0","5.0","RB","CHI","10","5.06","199.6","212.0","226.8","297.1","241.0","35.0","$22","$23"
"","49","Luther Burden III","5.0","5.0","WR","CHI","10","5.10","196.3","209.0","228.2","305.8","243.6","34.9","$18","$23"
"","50","Lamar Jackson","5.0","1.0","QB","BAL","13","3.04","298.7","329.0","339.4","437.8","358.8","34.7","$23","$23"
"","51","Ladd McConkey","5.0","5.0","WR","LAC","7","4.10","199.8","218.0","227.1","304.3","243.2","34.7","$21","$23"
"Injured","52","Tucker Kraft","5.0","3.0","TE","GB","11","8.02","177.2","191.0","213.5","271.1","222.6","33.9","$20","$22"
"","53","Drake Maye","5.0","1.0","QB","NE","11","4.02","296.0","317.0","340.2","428.7","356.3","32.9","$23","$21"
"","54","Joe Burrow","5.0","2.0","QB","CIN","6","4.08","293.8","315.0","341.6","423.6","355.3","32.2","$16","$21"
"Injured","55","Bucky Irving","5.0","5.0","RB","TB","10","4.07","190.4","213.0","213.9","308.0","235.3","32.1","$22","$21"
"","56","Harold Fannin Jr.","5.0","3.0","TE","CLE","11","5.03","183.2","193.0","203.6","256.5","214.3","31.0","$16","$20"
"","57","Jalen Hurts","5.0","2.0","QB","PHI","10","4.11","292.8","320.0","332.7","432.5","352.7","30.6","$16","$20"
"","58","Sam LaPorta","5.0","3.0","TE","DET","6","5.11","181.2","195.0","201.3","259.7","213.6","30.6","$19","$20"
"","59","David Montgomery","5.0","5.0","RB","HOU","8","5.07","181.5","199.0","213.5","296.8","230.4","30.4","$19","$20"
"","60","Jayden Daniels","5.0","2.0","QB","WAS","7","4.05","285.9","314.0","332.4","432.1","351.1","30.1","$19","$20"
"","61","TreVeyon Henderson","5.0","5.0","RB","NE","11","4.12","179.7","199.0","199.7","319.5","228.7","30.0","$13","$20"
"Injured","62","Quinshon Judkins","5.0","5.0","RB","CLE","11","4.09","187.2","209.0","205.7","296.2","227.0","29.7","$24","$19"
"","63","Jameson Williams","5.0","5.0","WR","DET","6","5.05","195.4","202.0","217.1","286.6","232.1","29.1","$26","$19"
"Value","64","Mike Evans","5.0","5.0","WR","SF","8","5.14","185.9","203.0","216.2","289.7","230.7","28.5","$20","$19"
"","65","Jaylen Warren","6.0","6.0","RB","PIT","9","6.13","177.6","192.0","208.9","271.6","220.3","28.2","$8","$18"
"","66","Rome Odunze","6.0","6.0","WR","CHI","10","5.09","184.1","195.0","209.2","295.0","228.0","27.3","$17","$18"
"","67","Caleb Williams","6.0","2.0","QB","CHI","10","7.05","282.4","299.0","324.6","418.7","342.6","27.2","$12","$18"
"Value","68","Trevor Lawrence","6.0","2.0","QB","JAC","7","8.11","278.3","303.0","327.4","412.5","341.7","26.9","$15","$17"
"","69","Rhamondre Stevenson","6.0","6.0","RB","NE","11","8.07","168.8","183.0","194.0","283.2","213.8","26.9","$7","$17"
"","70","Justin Herbert","6.0","2.0","QB","LAC","7","9.04","279.1","305.0","324.5","415.4","341.0","26.7","$15","$17"
"Value","71","D.K. Metcalf","6.0","6.0","WR","PIT","9","6.05","184.2","196.0","219.3","269.7","226.7","26.7","$11","$17"
"","72","Bhayshul Tuten","6.0","6.0","RB","JAC","7","5.12","158.5","194.0","182.2","307.9","212.2","26.5","$13","$17"
"","73","Parker Washington","6.0","6.0","WR","JAC","7","7.12","180.7","181.0","215.1","275.3","225.3","26.1","$13","$17"
"","74","Tony Pollard","6.0","6.0","RB","TEN","9","6.10","164.3","186.0","186.7","281.9","208.6","25.8","$9","$17"
"","75","Brock Purdy","6.0","2.0","QB","SF","8","7.09","278.2","297.0","323.5","407.6","338.2","25.7","$10","$17"
"","76","Chuba Hubbard","6.0","6.0","RB","CAR","5","6.03","155.9","179.0","183.4","291.6","207.9","25.6","$8","$17"
"","77","Kyle Pitts","6.0","4.0","TE","ATL","11","5.04","175.9","186.0","191.2","248.6","204.1","25.6","$14","$17"
"","78","Dak Prescott","6.0","2.0","QB","DAL","14","7.02","281.1","307.0","323.1","403.9","337.5","25.5","$16","$17"
"","79","Jaxson Dart","6.0","2.0","QB","NYG","8","5.08","278.2","302.0","316.1","417.3","336.8","25.2","$11","$16"
"","80","D.J. Moore","6.0","6.0","WR","BUF","7","5.02","180.2","191.0","207.1","283.7","223.1","25.2","$11","$16"
"","81","Jadarian Price","7.0","7.0","RB","SEA","11","5.01","145.6","183.0","173.3","306.7","204.7","25.0","$15","$16"
"Injured","82","George Kittle","7.0","4.0","TE","SF","8","6.01","113.9","183.0","189.8","282.8","201.4","24.2","$15","$16"
"Value","83","Michael Pittman Jr.","7.0","6.0","WR","PIT","9","6.06","182.7","189.0","210.0","266.7","220.5","24.0","$10","$16"
"","84","Rico Dowdle","7.0","7.0","RB","PIT","9","7.06","154.5","181.0","175.6","279.2","200.0","24.0","$8","$16"
"Injured","85","RJ Harvey","7.0","7.0","RB","DEN","10","8.10","145.7","164.0","173.4","287.8","199.6","23.9","$7","$16"
"","86","J.K. Dobbins","7.0","7.0","RB","DEN","10","7.14","149.7","170.0","176.1","278.2","199.2","23.8","$7","$15"
"","87","Marvin Harrison Jr.","7.0","6.0","WR","ARI","14","5.13","177.6","191.0","201.8","282.5","219.4","23.6","$10","$15"
"Injured","88","Bo Nix","7.0","2.0","QB","DEN","10","9.03","279.2","290.0","310.2","409.5","331.7","23.5","$12","$15"
"Injured","89","Patrick Mahomes","7.0","2.0","QB","KC","5","8.09","276.2","306.0","306.9","417.4","331.5","23.4","$10","$15"
"Value","90","Kyler Murray","7.0","2.0","QB","MIN","6","11.13","271.3","290.0","308.3","416.2","331.0","23.2","$9","$15"
"","91","Carnell Tate","7.0","6.0","WR","TEN","9","4.13","169.3","193.0","201.6","284.3","218.3","23.1","$14","$15"
"","92","Courtland Sutton","7.0","6.0","WR","DEN","10","6.07","178.1","183.0","207.1","267.2","218.2","23.0","$9","$15"
"","93","Jordyn Tyson","7.0","6.0","WR","NO","8","6.09","166.9","176.0","201.1","283.6","217.4","22.7","$10","$15"
"Sleeper","94","Jonathon Brooks","7.0","7.0","RB","CAR","5","9.11","131.2","123.0","156.2","307.7","193.0","22.5","$8","$15"
"Value","95","Jayden Reed","7.0","6.0","WR","GB","11","10.11","173.0","175.0","203.5","270.7","216.3","22.2","$7","$14"
"","96","Rachaad White","7.0","7.0","RB","WAS","7","8.03","126.4","159.0","168.5","281.4","191.6","22.2","$6","$14"
"Injured","97","Alec Pierce","7.0","6.0","WR","IND","13","6.08","174.2","195.0","202.6","271.5","216.2","22.2","$15","$14"
"","98","Jordan Addison","7.0","6.0","WR","MIN","6","9.14","172.6","170.0","203.1","270.1","215.8","22.0","$7","$14"
"Value","99","Jakobi Meyers","7.0","6.0","WR","JAC","7","7.13","178.5","172.0","205.2","260.6","215.5","21.9","$5","$14"
"","100","Brian Thomas Jr.","7.0","6.0","WR","JAC","7","7.08","169.8","176.0","193.0","289.5","215.1","21.7","$17","$14"
"","101","Jared Goff","7.0","3.0","QB","DET","6","11.08","278.2","289.0","302.4","402.2","325.2","21.3","$6","$14"
"","102","Ricky Pearsall","7.0","6.0","WR","SF","8","9.02","161.4","165.0","199.2","274.9","213.0","20.8","$8","$14"
"","103","Kyle Monangai","8.0","8.0","RB","CHI","10","8.12","141.1","153.0","155.0","271.3","184.2","20.6","$6","$13"
"","104","Travis Kelce","7.0","4.0","TE","KC","5","6.12","162.7","186.0","189.2","227.0","194.7","20.6","$10","$13"
"","105","Quentin Johnston","8.0","6.0","WR","LAC","7","10.06","161.7","168.0","194.8","280.5","212.2","20.4","$7","$13"
"","106","Jordan Love","8.0","3.0","QB","GB","11","12.11","279.6","276.0","294.3","406.1","322.1","20.2","$5","$13"
"","107","Matthew Stafford","8.0","3.0","QB","LAR","11","7.01","276.1","286.0","296.9","400.8","321.5","20.0","$5","$13"
"","108","Kenneth Gainwell","8.0","8.0","RB","TB","10","8.01","136.1","158.0","156.4","256.5","180.0","19.7","$6","$13"
"Sleeper","109","Tyler Shough","8.0","3.0","QB","NO","8","11.12","269.0","269.0","295.6","405.0","320.6","19.7","$7","$13"
"","110","Jordan Mason","8.0","8.0","RB","MIN","6","11.07","131.0","136.0","156.0","255.8","178.7","19.5","$6","$13"
"","111","Blake Corum","8.0","8.0","RB","LAR","11","9.08","134.8","141.0","141.9","281.0","178.6","19.4","$9","$13"
"","112","Josh Downs","8.0","7.0","WR","IND","13","10.01","161.0","179.0","191.7","276.0","209.1","19.1","$5","$12"
"","113","Chris Godwin","8.0","7.0","WR","TB","10","7.11","160.4","182.0","190.9","276.8","208.8","19.0","$4","$12"
"","114","Xavier Worthy","8.0","7.0","WR","KC","5","9.13","157.6","169.0","189.9","279.2","208.4","18.8","$5","$12"
"","115","Tyjae Spears","8.0","8.0","RB","TEN","9","11.01","129.5","141.0","154.2","248.3","175.4","18.8","$3","$12"
"","116","Baker Mayfield","8.0","3.0","QB","TB","10","12.03","274.8","277.0","289.3","402.1","317.4","18.6","$7","$12"
"","117","Aaron Jones","8.0","8.0","RB","MIN","6","7.03","123.6","165.0","154.5","248.7","174.6","18.6","$6","$12"
"","118","Jacory Croskey-Merritt","9.0","9.0","RB","WAS","7","10.03","117.0","136.0","132.9","279.1","169.9","17.6","$9","$11"
"Injured","119","Zach Charbonnet","9.0","9.0","RB","SEA","11","10.10","101.3","159.0","126.6","284.9","165.2","16.6","$5","$11"
"","120","Makai Lemon","9.0","7.0","WR","PHI","10","8.05","151.9","158.0","178.7","285.9","203.1","16.5","$6","$11"
"","121","Malik Willis","9.0","3.0","QB","MIA","6","14.03","266.7","266.0","274.9","409.6","310.2","16.1","$4","$10"
"","122","Woody Marks","9.0","9.0","RB","HOU","8","10.12","117.8","116.0","130.9","251.3","161.4","15.8","$5","$10"
"","123","Stefon Diggs","9.0","7.0","WR","UNS","18","12.14","135.5","167.0","190.8","263.3","200.5","15.4","$4","$10"
"","124","Brandon Aubrey","9.0","1.0","K","DAL","14","6.02","157.4","147.0","176.8","190.9","177.1","15.3","$8","$10"
"","125","Dylan Sampson","9.0","9.0","RB","CLE","11","73.04","116.0","102.0","133.3","239.9","159.2","15.3","$3","$10"
"","126","Romeo Doubs","9.0","7.0","WR","NE","11","10.13","155.5","169.0","185.1","261.0","200.4","15.3","$6","$10"
"","127","Isiah Pacheco","9.0","9.0","RB","DET","6","10.14","111.3","103.0","125.1","256.5","158.4","15.2","$7","$10"
"","128","C.J. Stroud","9.0","3.0","QB","HOU","8","13.13","269.9","265.0","278.2","389.5","307.1","15.1","$6","$10"
"","129","KC Concepcion","9.0","7.0","WR","CLE","11","9.10","146.4","151.0","183.0","265.4","198.8","14.6","$6","$9"
"","130","Alvin Kamara","10.0","10.0","RB","NO","8","11.04","105.8","105.0","117.6","264.6","155.6","14.6","$4","$9"
"Injured","131","Daniel Jones","10.0","3.0","QB","IND","13","13.10","259.1","255.0","275.6","394.1","304.9","14.3","$4","$9"
"Injured","132","Chris Rodriguez","10.0","10.0","RB","JAC","7","13.04","103.5","112.0","112.5","267.8","153.2","14.1","$7","$9"
"","133","Michael Wilson","10.0","7.0","WR","ARI","14","9.01","147.8","182.0","180.2","264.9","197.4","14.0","$5","$9"
"Sleeper","134","Jayden Higgins","10.0","7.0","WR","HOU","8","12.05","152.4","157.0","173.2","275.4","197.3","14.0","$5","$9"
"","135","Wan'Dale Robinson","10.0","7.0","WR","TEN","9","8.08","158.9","173.0","178.5","260.6","197.3","14.0","$5","$9"
"","136","Tyrone Tracy Jr.","10.0","10.0","RB","NYG","8","14.07","103.0","113.0","113.2","260.4","151.5","13.7","$5","$9"
"Sleeper","137","Dalton Kincaid","10.0","5.0","TE","BUF","7","11.09","155.6","162.0","167.3","225.9","181.2","13.5","$14","$9"
"","138","Matthew Golden","10.0","7.0","WR","GB","11","8.13","151.2","155.0","166.1","284.0","195.6","13.3","$7","$9"
"","139","Khalil Shakir","10.0","7.0","WR","BUF","7","10.04","158.3","169.0","179.9","248.3","194.6","12.8","$3","$8"
"","140","Mark Andrews","10.0","5.0","TE","BAL","13","10.09","153.7","158.0","167.1","222.2","179.7","12.7","$16","$8"
"","141","Jake Ferguson","10.0","5.0","TE","DAL","14","8.06","161.8","170.0","170.3","206.1","178.5","12.0","$5","$8"
"","142","Dallas Goedert","10.0","5.0","TE","PHI","10","7.10","152.3","166.0","167.4","217.6","178.4","12.0","$13","$8"
"","143","Cameron Dicker","10.0","1.0","K","LAC","7","8.04","151.3","139.0","170.0","181.9","169.9","11.6","$7","$8"
"","144","Kaytron Allen","11.0","11.0","RB","WAS","7","66.11","85.6","37.0","93.0","265.1","138.6","11.0","$7","$7"
"","145","Sam Darnold","11.0","4.0","QB","SEA","11","13.03","256.3","260.0","258.9","388.4","293.8","10.5","$1","$7"
"Sleeper","146","Cameron 'Cam' Ward","11.0","4.0","QB","TEN","9","14.08","252.8","239.0","258.0","392.2","293.7","10.5","$3","$7"
"","147","Aaron Rodgers","11.0","4.0","QB","PIT","9","69.08","254.1","228.0","259.3","386.4","293.0","10.3","$2","$7"
"","148","Seattle Seahawks","11.0","1.0","DEF","SEA","11","7.04","119.0","77.0","119.0","119.0","119.0","10.2","$2","$7"
"","149","Denver Broncos","11.0","1.0","DEF","DEN","10","6.11","118.6","82.0","118.6","118.6","118.6","10.0","$1","$7"
"","150","Keaton Mitchell","11.0","11.0","RB","LAC","7","72.02","94.7","80.0","105.2","211.5","132.3","9.7","$3","$6"
"","151","Tyler Allgeier","11.0","11.0","RB","ARI","14","13.07","87.7","92.0","107.0","210.8","131.8","9.6","$6","$6"
"","152","Brenton Strange","11.0","5.0","TE","JAC","7","13.12","146.8","155.0","164.9","209.4","173.8","9.5","$12","$6"
"","153","Brian Robinson Jr.","11.0","11.0","RB","ATL","11","14.04","86.8","97.0","105.9","211.8","131.3","9.5","$6","$6"
"","154","Jonah Coleman","11.0","11.0","RB","DEN","10","64.09","75.4","50.0","83.8","259.8","130.3","9.2","$3","$6"
"","155","Calvin Ridley","11.0","8.0","WR","TEN","9","13.05","141.8","113.0","164.9","257.2","185.9","9.1","$9","$6"
"","156","Houston Texans","11.0","1.0","DEF","HOU","8","6.04","116.9","82.0","116.9","116.9","116.9","9.1","$1","$6"
"Sleeper","157","Jalen McMillan","11.0","8.0","WR","TB","10","12.13","135.6","126.0","159.5","271.2","185.6","8.9","$12","$6"
"","158","Rashid Shaheed","11.0","8.0","WR","SEA","11","12.06","141.4","139.0","164.4","254.8","184.9","8.6","$9","$6"
"","159","Justice Hill","12.0","12.0","RB","BAL","13","70.09","91.2","98.0","101.3","202.6","127.1","8.6","$6","$6"
"","160","Omar Cooper Jr.","12.0","8.0","WR","NYJ","13","12.09","139.6","131.0","153.4","276.1","184.4","8.4","$10","$5"
"","161","MarShawn Lloyd","12.0","12.0","RB","GB","11","70.14","64.1","50.0","82.2","254.8","126.0","8.3","$5","$5"
"","162","Deebo Samuel","12.0","8.0","WR","UNS","18","20.14","119.3","131.0","170.4","252.2","183.4","8.0","$13","$5"
"","163","Ka'imi Fairbairn","12.0","2.0","K","HOU","8","9.07","148.6","140.0","159.8","177.4","162.6","7.9","$5","$5"
"","164","Emmett Johnson","12.0","12.0","RB","KC","5","16.14","70.0","40.0","83.3","237.4","122.9","7.7","$5","$5"
"Injured","165","Kenyon Sadiq","12.0","5.0","TE","NYJ","13","11.03","139.7","143.0","155.2","220.4","170.2","7.6","$10","$5"
"Sleeper","166","Isaiah Likely","12.0","5.0","TE","NYG","8","9.12","147.1","158.0","158.2","208.8","170.0","7.5","$20","$5"
"","167","Bryce Young","12.0","4.0","QB","CAR","5","15.01","242.3","244.0","244.7","391.5","284.3","7.3","$2","$5"
"","168","Nicholas Singleton","12.0","12.0","RB","TEN","9","17.08","59.9","29.0","70.5","260.9","120.5","7.2","$5","$5"
"","169","Hunter Henry","12.0","5.0","TE","NE","11","12.07","147.3","154.0","158.4","205.9","169.3","7.2","$20","$5"
"","170","New England Patriots","12.0","1.0","DEF","NE","11","9.09","112.7","71.0","112.7","112.7","112.7","7.0","$2","$5"
"","171","Denzel Boston","12.0","8.0","WR","CLE","11","13.14","130.3","133.0","151.5","272.7","180.7","6.8","$8","$4"
"","172","Braelon Allen","13.0","13.0","RB","NYJ","13","71.02","72.9","83.0","76.7","226.3","116.8","6.4","$4","$4"
"","173","Jacoby Brissett","13.0","4.0","QB","ARI","14","73.06","234.1","245.0","246.4","381.9","281.1","6.2","$2","$4"
"","174","Mike Washington Jr.","13.0","13.0","RB","LVR","13","71.06","63.9","68.0","76.1","228.3","115.4","6.1","$4","$4"
"Injured","175","James Conner","13.0","13.0","RB","ARI","14","15.10","76.4","56.0","92.1","184.2","114.4","5.9","$4","$4"
"","176","Juwan Johnson","13.0","6.0","TE","NO","8","13.02","143.4","152.0","157.6","200.2","166.6","5.7","$8","$4"
"","177","Tyler Loop","13.0","2.0","K","BAL","13","12.08","143.6","129.0","152.8","178.8","158.2","5.7","$3","$4"
"","178","Fernando Mendoza","13.0","4.0","QB","LVR","13","13.08","232.7","243.0","237.4","391.7","278.6","5.4","$2","$4"
"","179","Cam Little","13.0","2.0","K","JAC","7","10.05","145.2","125.0","151.3","178.5","157.6","5.4","$3","$4"
"","180","Tre Tucker","13.0","8.0","WR","LVR","13","14.14","133.6","133.0","155.4","250.2","177.3","5.3","$6","$3"
"","181","Minnesota Vikings","13.0","1.0","DEF","MIN","6","11.11","109.1","78.0","109.1","109.1","109.1","5.2","$1","$3"
"","182","Sean Tucker","13.0","13.0","RB","TB","10","69.11","68.5","55.0","74.5","212.3","111.0","5.2","$3","$3"
"","183","Green Bay Packers","13.0","2.0","DEF","GB","11","14.10","108.6","65.0","108.6","108.6","108.6","5.0","$1","$3"
"","184","Baltimore Ravens","13.0","2.0","DEF","BAL","13","10.08","108.6","70.0","108.6","108.6","108.6","5.0","$2","$3"
"","185","Jaydon Blue","13.0","13.0","RB","DAL","14","68.11","62.3","44.0","73.3","216.2","110.3","5.0","$3","$3"
"","186","George Holani","13.0","13.0","RB","SEA","11","70.01","65.7","42.0","82.1","192.9","109.3","4.8","$3","$3"
"","187","Cairo Santos","13.0","2.0","K","CHI","10","13.06","142.5","128.0","151.6","174.3","156.1","4.7","$3","$3"
"","188","Jalen Coker","13.0","8.0","WR","CAR","5","11.14","135.9","156.0","151.0","252.2","175.9","4.7","$3","$3"
"","189","Deshaun Watson","13.0","4.0","QB","CLE","11","69.07","207.8","174.0","218.7","437.4","276.4","4.6","$3","$3"
"","190","Jake Bates","13.0","2.0","K","DET","6","11.05","146.6","130.0","149.6","175.0","156.0","4.6","$3","$3"
"","191","Eddy Pineiro","13.0","2.0","K","SF","8","11.02","143.7","130.0","151.3","172.5","155.7","4.5","$2","$3"
"","192","Harrison Mevis","13.0","2.0","K","LAR","11","10.07","145.1","133.0","149.6","175.0","155.7","4.5","$2","$3"
"","193","Isaiah Davis","13.0","13.0","RB","NYJ","13","69.01","75.4","51.0","79.4","186.6","107.9","4.5","$3","$3"
"","194","Geno Smith","13.0","4.0","QB","NYJ","13","73.13","228.1","240.0","237.6","384.9","276.1","4.5","$3","$3"
"","195","Christopher 'Chris' Brooks","13.0","13.0","RB","GB","11","21.08","60.3","61.0","67.0","217.8","106.9","4.3","$3","$3"
"","196","Pittsburgh Steelers","13.0","2.0","DEF","PIT","9","9.06","107.1","77.0","107.1","107.1","107.1","4.2","$1","$3"
"","197","Samaje Perine","14.0","14.0","RB","CIN","6","72.09","77.9","92.0","91.6","155.7","106.6","4.2","$3","$3"
"Injured","198","Trey Benson","14.0","14.0","RB","ARI","14","66.09","65.4","14.0","76.0","193.8","106.2","4.2","$3","$3"
"","199","Keenan Allen","14.0","8.0","WR","UNS","18","67.06","112.9","95.0","159.0","246.5","174.5","4.1","$3","$3"
"","200","Trey Smack","14.0","2.0","K","GB","11","16.09","143.3","134.0","149.3","174.7","155.1","4.1","$3","$3"
"","201","Ty Johnson","14.0","14.0","RB","BUF","7","70.02","74.7","83.0","87.9","162.6","105.9","4.1","$3","$3"
"","202","Nick Chubb","14.0","14.0","RB","UNS","18","35.13","57.8","24.0","82.6","181.7","105.1","3.9","$3","$3"
"","203","Adonai Mitchell","14.0","8.0","WR","NYJ","13","71.04","128.4","107.0","139.6","272.2","173.7","3.8","$2","$2"
"Injured","204","Tyreek Hill","14.0","8.0","WR","UNS","18","14.02","82.4","132.0","149.8","281.6","173.5","3.7","$2","$2"
"","205","T.J. Hockenson","14.0","6.0","TE","MIN","6","11.06","139.0","145.0","152.8","197.1","162.4","3.5","$2","$2"
"","206","Los Angeles Rams","14.0","2.0","DEF","LAR","11","7.07","105.7","78.0","105.7","105.7","105.7","3.5","$1","$2"
"","207","Kansas City Chiefs","14.0","2.0","DEF","KC","5","13.09","105.5","66.0","105.5","105.5","105.5","3.4","$1","$2"
"","208","Dalton Schultz","14.0","6.0","TE","HOU","8","14.12","143.2","144.0","154.0","191.0","162.1","3.3","$2","$2"
"Injured","209","Najee Harris","14.0","14.0","RB","UNS","18","39.07","52.5","37.0","80.7","177.5","102.0","3.3","$2","$2"
"","210","Jerry Jeudy","14.0","9.0","WR","CLE","11","13.11","123.8","122.0","143.9","259.0","171.6","2.9","$2","$2"
"","211","Jauan Jennings","14.0","9.0","WR","MIN","6","15.05","122.1","136.0","138.7","270.5","171.6","2.9","$2","$2"
"","212","Brashard Smith","14.0","14.0","RB","KC","5","65.04","63.1","39.0","77.0","169.4","99.7","2.8","$2","$2"
"","213","Emanuel Wilson","14.0","14.0","RB","SEA","11","71.01","53.8","52.0","67.2","194.9","99.6","2.8","$2","$2"
"","214","Wil Lutz","14.0","2.0","K","DEN","10","70.13","144.9","121.0","147.9","171.6","153.8","2.6","$2","$2"
"","215","Chigoziem 'Chig' Okonkwo","14.0","6.0","TE","WAS","7","14.13","138.7","137.0","144.5","206.6","160.4","2.4","$2","$2"
"","216","Brandon Aiyuk","14.0","9.0","WR","UNS","18","68.13","86.2","109.0","143.7","280.2","170.5","2.4","$2","$2"
"","217","Jacksonville Jaguars","14.0","2.0","DEF","JAC","7","12.01","104.5","69.0","104.5","104.5","104.5","2.4","$1","$2"
"","218","Jordan James","14.0","14.0","RB","SF","8","69.12","52.9","69.0","58.8","205.8","97.8","2.4","$2","$2"
"","219","Harrison Butker","14.0","2.0","K","KC","5","11.10","145.0","124.0","148.0","170.2","153.5","2.3","$1","$1"
"","220","Germie Bernard","14.0","9.0","WR","PIT","9","17.06","124.6","113.0","141.6","257.7","170.2","2.3","$1","$1"
"","221","Joe Mixon","14.0","14.0","RB","UNS","18","45.03","45.9","21.0","76.5","172.1","97.0","2.2","$1","$1"
"","222","Tank Bigsby","15.0","15.0","RB","PHI","10","14.05","53.0","71.0","55.8","206.5","96.4","2.1","$1","$1"
"","223","Charlie Smyth","15.0","2.0","K","NO","8","72.05","143.5","119.0","147.9","170.1","153.2","2.0","$1","$1"
"","224","LeQuint Allen","15.0","15.0","RB","JAC","7","69.09","69.7","44.0","75.8","151.6","95.4","1.9","$1","$1"
"","225","Oronde Gadsden II","15.0","6.0","TE","LAC","7","14.09","132.9","132.0","138.4","218.7","159.3","1.9","$1","$1"
"","226","Austin Ekeler","15.0","15.0","RB","UNS","18","41.06","52.1","29.0","69.5","173.8","94.8","1.8","$6","$1"
"","227","Kaelon Black","15.0","15.0","RB","SF","8","18.02","49.6","59.0","55.1","203.9","94.7","1.7","$1","$1"
"","228","New York Giants","15.0","2.0","DEF","NYG","8","17.01","103.6","64.0","103.6","103.6","103.6","1.6","$1","$1"
"","229","Kareem Hunt","15.0","15.0","RB","UNS","18","40.06","50.8","22.0","72.6","156.1","91.4","1.0","$1","$1"
"","230","Jaylen Wright","15.0","15.0","RB","MIA","6","68.08","48.9","53.0","57.5","186.9","91.2","1.0","$1","$1"
"","231","Kendre Miller","15.0","15.0","RB","NO","8","39.01","44.1","33.0","55.1","192.9","90.7","0.9","$1","$1"
"","232","Demond Claiborne","15.0","15.0","RB","MIN","6","69.04","44.3","24.0","52.1","198.0","90.5","0.8","$1","$1"
"","233","Philadelphia Eagles","15.0","2.0","DEF","PHI","10","10.02","102.7","68.0","102.7","102.7","102.7","0.7","$2","$1"
"","234","Chris Boswell","15.0","2.0","K","PIT","9","12.10","142.9","122.0","145.8","170.6","152.0","0.7","$1","$1"
"","235","Antonio Gibson","15.0","15.0","RB","UNS","18","31.05","48.3","9.0","74.3","148.6","89.8","0.7","$1","$1"
"","236","Antonio Williams","15.0","9.0","WR","WAS","7","72.06","116.7","123.0","126.8","276.4","165.8","0.4","$1","$1"
"","237","Los Angeles Chargers","15.0","2.0","DEF","LAC","7","12.12","102.2","66.0","102.2","102.2","102.2","0.2","$1","$1"
"","238","Buffalo Bills","15.0","2.0","DEF","BUF","7","70.07","102.0","71.0","102.0","102.0","102.0","0.0","$1","$1"
"","239","Andres Borregales","15.0","2.0","K","NE","11","71.07","141.8","120.0","146.2","168.1","151.4","0.0","$1","$1"
"","240","Ollie Gordon II","15.0","15.0","RB","MIA","6","68.14","46.8","39.0","49.3","187.3","86.5","0.0","$1","$1"
"","241","Chicago Bears","15.0","2.0","DEF","CHI","10","16.04","101.5","68.0","101.5","101.5","101.5","0.0","$1","$1"
"","242","Kimani Vidal","15.0","15.0","RB","LAC","7","69.10","59.0","56.0","64.1","141.0","84.2","0.0","$1","$1"
"","243","Jalen Nailor","15.0","9.0","WR","LVR","13","17.12","120.9","126.0","134.3","251.1","163.7","0.0","$1","$1"
"","244","Adam Randall","15.0","15.0","RB","BAL","13","67.07","41.7","46.0","49.0","181.3","83.8","0.0","$1","$1"
"","245","Devin Singletary","15.0","15.0","RB","NYG","8","50.05","49.2","33.0","54.7","164.1","83.5","0.0","$1","$1"
"","246","Malik Davis","15.0","15.0","RB","DAL","14","74.01","45.1","56.0","50.1","175.4","83.4","0.0","$1","$1"
"","247","Jason Myers","15.0","3.0","K","SEA","11","9.05","142.1","143.0","145.0","166.8","150.4","0.0","$1","$1"
"","248","Chase McLaughlin","15.0","3.0","K","TB","10","14.06","140.2","128.0","144.5","167.6","150.0","0.0","$1","$1"
"","249","DJ Giddens","15.0","15.0","RB","IND","13","68.10","43.7","42.0","48.6","165.2","79.5","0.0","$1","$1"
"","250","Alexander Mattison","15.0","15.0","RB","UNS","18","35.08","48.7","6.0","57.3","143.3","79.2","0.0","$1","$1"
"","251","Tampa Bay Buccaneers","15.0","2.0","DEF","TB","10","17.10","100.0","63.0","100.0","100.0","100.0","0.0","$1","$1"
"","252","Miles Sanders","15.0","15.0","RB","UNS","18","53.12","49.4","0.0","56.1","138.6","77.4","0.0","$1","$1"
"","253","Kaleb Johnson","15.0","15.0","RB","PIT","9","67.13","37.1","18.0","42.2","173.0","77.0","0.0","$5","$1"
"","254","Kyle Juszczyk","15.0","15.0","RB","SF","8","21.04","55.3","51.0","61.4","122.8","77.0","0.0","$1","$1"
"","255","Cade Otton","15.0","7.0","TE","TB","10","73.03","134.8","121.0","140.4","186.7","152.0","0.0","$1","$1"
"","256","Tua Tagovailoa","15.0","5.0","QB","ATL","11","73.05","201.7","238.0","207.9","390.9","256.7","0.0","$1","$1"
"","257","Tre Harris","15.0","9.0","WR","LAC","7","73.01","110.0","97.0","122.2","268.8","160.0","0.0","$1","$1"
"","258","Will Reichard","15.0","3.0","K","MIN","6","13.01","139.9","123.0","142.8","168.5","149.3","0.0","$1","$1"
"Injured","259","Michael Penix Jr.","15.0","5.0","QB","ATL","11","67.09","205.7","186.0","209.9","379.9","255.5","0.0","$1","$1"
"","260","Detroit Lions","15.0","2.0","DEF","DET","6","12.02","99.4","70.0","99.4","99.4","99.4","0.0","$1","$1"
"","261","Jerome Ford","15.0","15.0","RB","WAS","7","20.02","39.3","29.0","47.4","151.7","74.4","0.0","$1","$1"
"","262","Cooper Kupp","15.0","10.0","WR","SEA","11","15.07","111.5","102.0","126.7","253.4","158.5","0.0","$6","$1"
"","263","Jeremy McNichols","15.0","15.0","RB","WAS","7","52.14","45.1","25.0","50.1","137.8","73.1","0.0","$1","$1"
"Injured","264","AJ Barner","15.0","7.0","TE","SEA","11","15.04","128.1","121.0","133.4","198.8","150.3","0.0","$1","$1"
"","265","San Francisco 49ers","15.0","2.0","DEF","SF","8","15.03","98.8","63.0","98.8","98.8","98.8","0.0","$1","$1"
"","266","Ray Davis","15.0","15.0","RB","BUF","7","72.12","38.1","50.0","50.8","132.1","70.7","0.0","$1","$1"
"","267","Seth McGowan","15.0","15.0","RB","IND","13","69.03","33.2","30.0","39.1","156.4","70.0","0.0","$1","$1"
"","268","Tyler Bass","15.0","3.0","K","BUF","7","71.08","138.5","121.0","142.8","164.2","147.9","0.0","$1","$1"
"","269","Jake Moody","15.0","3.0","K","WAS","7","68.07","138.3","115.0","141.1","167.9","147.9","0.0","$1","$1"
"","270","Darius Slayton","15.0","10.0","WR","NYG","8","68.02","112.1","95.0","124.6","249.2","156.3","0.0","$1","$1"
"","271","Jarquez Hunter","15.0","15.0","RB","LAR","11","50.02","29.2","18.0","34.3","161.2","68.0","0.0","$1","$1"
"","272","Gunnar Helm","15.0","7.0","TE","TEN","9","18.07","124.1","123.0","133.4","193.4","148.1","0.0","$1","$1"
"","273","Ryan Flournoy","15.0","10.0","WR","DAL","14","72.07","107.0","106.0","121.6","255.4","155.4","0.0","$1","$1"
"","274","Jake Elliott","15.0","3.0","K","PHI","10","15.12","138.5","116.0","142.8","162.8","147.5","0.0","$1","$1"
"","275","Eli Heidenreich","15.0","15.0","WR","PIT","9","27.04","36.9","16.0","43.4","130.2","65.9","0.0","$1","$1"
"","276","Phil Mafah","15.0","15.0","RB","DAL","14","37.12","33.6","33.0","36.5","146.0","65.8","0.0","$1","$1"
"","277","Emari Demercado","15.0","15.0","RB","KC","5","68.03","36.8","59.0","43.3","121.2","63.4","0.0","$1","$1"
"","278","Travis Hunter","15.0","10.0","WR","JAC","7","8.14","92.6","102.0","100.7","298.1","153.1","0.0","$3","$1"
"","279","Pat Freiermuth","15.0","7.0","TE","PIT","9","15.08","120.9","132.0","131.4","191.8","146.0","0.0","$1","$1"
"","280","Jaylin Noel","15.0","10.0","WR","HOU","8","71.11","116.3","93.0","130.7","222.2","153.0","0.0","$1","$1"
"","281","Trevor Etienne","15.0","15.0","RB","CAR","5","62.14","40.9","28.0","45.4","109.0","61.9","0.0","$1","$1"
"","282","Shedeur Sanders","15.0","5.0","QB","CLE","11","15.13","185.5","223.0","195.3","390.6","246.8","0.0","$1","$1"
"","283","Devin Neal","15.0","15.0","RB","NO","8","19.03","36.5","31.0","43.5","108.8","60.0","0.0","$1","$1"
"","284","Ty Chandler","15.0","15.0","RB","NO","8","65.09","34.9","30.0","43.6","109.0","59.9","0.0","$1","$1"
"","285","Kenny McIntosh","15.0","15.0","RB","SEA","11","46.04","29.6","9.0","32.9","131.6","59.2","0.0","$1","$1"
"","286","Jaydn Ott","15.0","15.0","RB","KC","5","74.01","23.9","14.0","29.9","140.5","59.0","0.0","$1","$1"
"","287","Carson Beck","15.0","5.0","QB","ARI","14","22.08","185.9","162.0","191.7","393.0","245.6","0.0","$1","$1"
"","288","Raheim Sanders","15.0","15.0","RB","CLE","11","60.13","24.5","22.0","27.8","139.0","57.5","0.0","$1","$1"
"","289","Cleveland Browns","15.0","3.0","DEF","CLE","11","12.04","95.6","65.0","95.6","95.6","95.6","0.0","$1","$1"
"","290","Roschon Johnson","15.0","15.0","RB","CHI","10","24.01","23.0","28.0","25.5","140.3","56.4","0.0","$1","$1"
"","291","Jamarion 'Jam' Miller","15.0","15.0","RB","NE","11","23.02","26.7","24.0","30.3","125.7","55.7","0.0","$1","$1"
"","292","Jack Bech","15.0","10.0","WR","LVR","13","72.13","102.1","89.0","116.0","249.4","149.9","0.0","$1","$1"
"","293","Darnell Mooney","15.0","10.0","WR","NYG","8","71.03","105.0","92.0","114.1","251.0","149.8","0.0","$1","$1"
"","294","Rashod Bateman","15.0","10.0","WR","BAL","13","74.01","103.0","112.0","117.1","245.9","149.7","0.0","$1","$1"
"","295","Tahj Brooks","15.0","15.0","RB","CIN","6","45.07","23.7","22.0","26.3","131.5","54.5","0.0","$1","$1"
"","296","Audric Estime","15.0","15.0","RB","NO","8","42.01","31.7","29.0","36.0","104.4","53.9","0.0","$1","$1"
"","297","Tyler Goodson","15.0","15.0","RB","ATL","11","25.13","22.7","18.0","25.8","129.0","53.4","0.0","$1","$1"
"","298","Ryan Fitzgerald","15.0","3.0","K","CAR","5","71.12","133.9","111.0","139.5","161.8","144.6","0.0","$1","$1"
"","299","Will Shipley","15.0","15.0","RB","PHI","10","37.10","38.5","30.0","40.5","81.0","51.2","0.0","$1","$1"
"","300","Kirk Cousins","15.0","5.0","QB","LVR","13","68.01","186.2","187.0","190.0","380.0","241.1","0.0","$1","$1"
"","301","J'Mari Taylor","15.0","15.0","RB","JAC","7","74.01","22.2","22.0","27.7","116.3","50.9","0.0","$1","$1"
"Injured","302","Isaac Guerendo","15.0","15.0","RB","SF","8","31.03","32.9","20.0","37.4","89.8","50.9","0.0","$1","$1"
"","303","Michael Carter","15.0","15.0","RB","TEN","9","62.01","33.2","10.0","38.2","84.0","49.8","0.0","$1","$1"
"","304","Evan McPherson","15.0","3.0","K","CIN","6","14.11","135.0","124.0","136.4","166.4","144.3","0.0","$2","$1"
"","305","Robert Henry Jr.","15.0","15.0","RB","WAS","7","74.01","18.7","0.0","26.3","115.7","49.3","0.0","$1","$1"
"","306","De'Zhaun Stribling","15.0","11.0","WR","SF","8","70.10","96.8","90.0","108.8","255.7","146.7","0.0","$1","$1"
"","307","Roman Hemby","15.0","15.0","RB","LVR","13","74.01","21.0","0.0","26.3","111.8","48.7","0.0","$1","$1"
"","308","Pat Bryant","15.0","11.0","WR","DEN","10","72.11","100.7","84.0","113.2","243.4","146.4","0.0","$1","$1"
"","309","Tyler Badie","15.0","15.0","RB","DEN","10","67.01","24.9","20.0","27.7","97.0","46.1","0.0","$1","$1"
"","310","Jawhar Jordan","15.0","15.0","RB","HOU","8","31.06","26.7","48.0","29.7","89.1","45.4","0.0","$1","$1"
"","311","Kayshon Boutte","15.0","11.0","WR","NE","11","73.14","96.6","78.0","111.0","244.2","144.7","0.0","$1","$1"
"","312","Noah Whittington","15.0","15.0","RB","HOU","8","74.01","20.2","6.0","25.3","99.9","44.7","0.0","$1","$1"
"","313","Ben Sauls","15.0","3.0","K","NYG","8","70.06","130.9","72.0","137.8","162.6","143.3","0.0","$1","$1"
"","314","Tennessee Titans","15.0","3.0","DEF","TEN","9","67.14","92.6","62.0","92.6","92.6","92.6","0.0","$1","$1"
"","315","Kalel Mullings","15.0","15.0","RB","TEN","9","62.08","18.6","10.0","21.9","98.6","42.2","0.0","$1","$1"
"","316","Desmond Reid","15.0","15.0","RB","BUF","7","74.01","17.7","20.0","19.7","97.5","40.6","0.0","$1","$1"
"","317","Devaughn Vele","15.0","11.0","WR","NO","8","73.02","102.6","95.0","119.3","214.7","142.3","0.0","$1","$1"
"","318","Nick Folk","15.0","3.0","K","ATL","11","70.05","133.1","116.0","135.8","161.6","142.4","0.0","$1","$1"
"","319","Terrance Ferguson","15.0","8.0","TE","LAR","11","15.02","97.5","101.0","110.8","216.1","137.1","0.0","$1","$1"
"","320","Tyquan Thornton","15.0","11.0","WR","KC","5","65.03","91.8","94.0","106.7","245.4","141.8","0.0","$1","$1"
"","321","Arizona Cardinals","15.0","3.0","DEF","ARI","14","17.09","91.7","59.0","91.7","91.7","91.7","0.0","$1","$1"
"","322","David Njoku","15.0","8.0","TE","LAC","7","70.04","111.0","95.0","115.6","196.5","136.8","0.0","$1","$1"
"","323","Dontayvion Wicks","15.0","11.0","WR","PHI","10","69.14","93.5","76.0","106.3","244.5","141.7","0.0","$1","$1"
"","324","Dallas Cowboys","15.0","3.0","DEF","DAL","14","14.01","91.5","65.0","91.5","91.5","91.5","0.0","$1","$1"
"","325","CJ Donaldson","15.0","15.0","RB","NO","8","74.01","15.6","0.0","17.3","95.2","38.2","0.0","$1","$1"
"","326","Rasheen Ali","15.0","15.0","RB","BAL","13","39.03","19.7","24.0","21.9","81.0","37.6","0.0","$1","$1"
"","327","New Orleans Saints","15.0","3.0","DEF","NO","8","72.14","91.0","66.0","91.0","91.0","91.0","0.0","$1","$1"
"","328","Indianapolis Colts","15.0","3.0","DEF","IND","13","73.07","91.0","61.0","91.0","91.0","91.0","0.0","$1","$1"
"","329","Jamal Haynes","15.0","15.0","RB","CIN","6","74.01","13.7","12.0","16.1","88.6","35.4","0.0","$1","$1"
"","330","Zachariah Branch","15.0","11.0","WR","ATL","11","16.03","102.3","93.0","119.0","205.9","139.7","0.0","$1","$1"
"","331","New York Jets","15.0","3.0","DEF","NYJ","13","69.13","90.7","58.0","90.7","90.7","90.7","0.0","$1","$1"
"","332","Jaleel McLaughlin","15.0","15.0","RB","DEN","10","39.10","21.3","17.0","22.4","67.2","34.4","0.0","$1","$1"
"","333","Chip Trayanum","15.0","15.0","RB","NYJ","13","74.01","14.4","10.0","16.0","80.0","33.2","0.0","$1","$1"
"","334","Troy Franklin","15.0","11.0","WR","DEN","10","71.05","92.6","97.0","102.9","241.8","138.9","0.0","$1","$1"
"","335","Keon Coleman","15.0","11.0","WR","BUF","7","67.10","87.0","51.0","102.4","245.8","138.7","0.0","$5","$1"
"","336","Cincinnati Bengals","15.0","3.0","DEF","CIN","6","54.02","90.3","64.0","90.3","90.3","90.3","0.0","$1","$1"
"","337","Las Vegas Raiders","15.0","3.0","DEF","LVR","13","16.08","89.9","61.0","89.9","89.9","89.9","0.0","$1","$1"
"","338","Carolina Panthers","15.0","3.0","DEF","CAR","5","68.04","89.8","58.0","89.8","89.8","89.8","0.0","$1","$1"
"","339","Miami Dolphins","15.0","3.0","DEF","MIA","6","15.11","89.7","60.0","89.7","89.7","89.7","0.0","$1","$1"
"","340","Joey Slye","15.0","3.0","K","TEN","9","72.03","130.3","109.0","134.3","158.5","140.2","0.0","$1","$1"
"","341","Jaret Patterson","15.0","15.0","RB","LAC","7","51.09","12.8","19.0","14.6","65.7","28.2","0.0","$1","$1"
"Injured","342","Nathaniel 'Tank' Dell","15.0","12.0","WR","HOU","8","70.12","64.9","93.0","92.7","268.8","135.7","0.0","$1","$1"
"","343","Colby Parkinson","15.0","8.0","TE","LAR","11","72.08","98.5","94.0","110.7","195.9","131.7","0.0","$1","$1"
"","344","Ja'Kobi Lane","15.0","12.0","WR","BAL","13","15.09","86.8","81.0","98.6","241.6","135.5","0.0","$1","$1"
"","345","Kendrick Bourne","15.0","12.0","WR","ARI","14","64.07","90.4","83.0","106.4","223.4","135.4","0.0","$1","$1"
"","346","Evan Engram","15.0","8.0","TE","DEN","10","73.11","103.2","95.0","112.2","188.5","131.4","0.0","$7","$1"
"","347","Greg Dulcich","15.0","8.0","TE","MIA","6","73.08","101.7","125.0","110.5","191.2","130.9","0.0","$1","$1"
"","348","Chris Brazzell II","15.0","12.0","WR","CAR","5","67.05","83.3","73.0","94.7","246.2","134.0","0.0","$1","$1"
"","349","Isaac TeSlaa","15.0","12.0","WR","DET","6","72.01","87.4","103.0","99.3","233.4","133.7","0.0","$1","$1"
"","350","Mike Gesicki","15.0","8.0","TE","CIN","6","73.12","97.0","107.0","114.1","183.7","130.0","0.0","$5","$1"
"","351","Elijah Sarratt","15.0","12.0","WR","BAL","13","68.09","84.0","71.0","93.3","242.6","132.3","0.0","$1","$1"
"","352","Matt Gay","15.0","4.0","K","LVR","13","35.14","129.9","124.0","132.5","155.0","138.2","0.0","$1","$1"
"","353","Cade York","15.0","4.0","K","NYJ","13","20.13","129.4","78.0","132.0","154.4","137.6","0.0","$1","$1"
"","354","Andre Szmyt","15.0","4.0","K","CLE","11","34.03","127.9","104.0","131.9","155.6","137.6","0.0","$1","$1"
"","355","Joshua 'Josh' Palmer","15.0","12.0","WR","BUF","7","24.05","87.3","51.0","94.9","227.8","129.8","0.0","$2","$1"
"","356","Darnell Washington","15.0","9.0","TE","PIT","9","16.07","92.8","92.0","105.4","192.9","127.0","0.0","$1","$1"
"","357","Washington Commanders","15.0","3.0","DEF","WAS","7","16.05","85.7","65.0","85.7","85.7","85.7","0.0","$1","$1"
"","358","Kentrel Bullock","15.0","15.0","RB","CIN","6","74.01","4.9","0.0","5.6","19.6","9.3","0.0","$1","$1"
"","359","Kejon Owens","15.0","15.0","RB","MIN","6","74.01","5.0","0.0","5.6","17.9","8.9","0.0","$1","$1"
"","360","Chris Bell","15.0","12.0","WR","MIA","6","21.09","68.9","109.0","81.0","255.2","126.3","0.0","$1","$1"
"","361","Jacob Saylors","15.0","15.0","RB","DET","6","24.02","0.0","11.0","5.6","7.8","6.3","0.0","$1","$1"
"","362","Kene Nwangwu","15.0","15.0","RB","NYJ","13","59.05","0.0","7.0","5.6","7.3","6.2","0.0","$1","$1"
"","363","Jahan Dotson","15.0","12.0","WR","ATL","11","68.05","84.8","82.0","98.6","207.1","125.7","0.0","$1","$1"
"","364","Dylan Laube","15.0","15.0","RB","LVR","13","42.04","0.3","9.0","5.6","7.8","5.2","0.0","$1","$1"
"","365","Christian Kirk","15.0","13.0","WR","SF","8","73.10","80.5","85.0","91.5","219.6","124.4","0.0","$3","$1"
"","366","Andrei Iosivas","15.0","13.0","WR","CIN","6","29.10","84.3","95.0","93.7","210.8","123.9","0.0","$1","$1"
"","367","Michael Mayer","15.0","9.0","TE","LVR","13","66.08","86.0","85.0","97.7","195.4","122.2","0.0","$1","$1"
"","368","Cordarrelle Patterson","15.0","15.0","RB","UNS","18","66.10","0.0","0.0","0.0","0.0","0.0","0.0","$1","$1"
"","369","Jamaal Williams","15.0","15.0","RB","UNS","18","65.01","0.0","0.0","0.0","0.0","0.0","0.0","$1","$1"
"","370","D'Onta Foreman","15.0","15.0","RB","UNS","18","49.02","0.0","0.0","0.0","0.0","0.0","0.0","$1","$1"
"","371","Ezekiel Elliott","15.0","15.0","RB","UNS","18","30.13","0.0","0.0","0.0","0.0","0.0","0.0","$1","$1"
"","372","Raheem Mostert","15.0","15.0","RB","UNS","18","50.09","0.0","13.0","0.0","0.0","0.0","0.0","$1","$1"
"","373","Ameer Abdullah","15.0","15.0","RB","JAC","7","66.01","0.0","4.0","0.0","0.0","0.0","0.0","$1","$1"
"","374","Myles Gaskin","15.0","15.0","RB","UNS","18","48.02","0.0","0.0","0.0","0.0","0.0","0.0","$1","$1"
"","375","Trayveon Williams","15.0","15.0","RB","CLE","11","56.06","0.0","0.0","0.0","0.0","0.0","0.0","$1","$1"
"","376","Travis Homer","15.0","15.0","RB","PIT","9","43.09","0.0","0.0","0.0","0.0","0.0","0.0","$1","$1"
"","377","La'Mical Perine","15.0","15.0","RB","PIT","9","74.01","0.0","0.0","0.0","0.0","0.0","0.0","$1","$1"
"","378","Zack Moss","15.0","15.0","RB","UNS","18","60.02","0.0","0.0","0.0","0.0","0.0","0.0","$1","$1"
"","379","Joshua Kelley","15.0","15.0","RB","TEN","9","58.11","0.0","0.0","0.0","0.0","0.0","0.0","$1","$1"
"","380","Darrynton Evans","15.0","15.0","RB","BUF","7","49.08","0.0","0.0","0.0","0.0","0.0","0.0","$1","$1"
"","381","Clyde Edwards-Helaire","15.0","15.0","RB","KC","5","43.08","0.0","0.0","0.0","0.0","0.0","0.0","$1","$1"
"","382","A.J. Dillon","15.0","15.0","RB","CAR","5","33.01","0.0","62.0","0.0","0.0","0.0","0.0","$1","$1"
"","383","DeeJay Dallas","15.0","15.0","RB","JAC","7","28.05","0.0","0.0","0.0","0.0","0.0","0.0","$1","$1"
"","384","Ke'Shawn Vaughn","15.0","15.0","RB","UNS","18","48.06","0.0","0.0","0.0","0.0","0.0","0.0","$1","$1"
"","385","Cam Akers","15.0","15.0","RB","SEA","11","42.13","0.0","4.0","0.0","0.0","0.0","0.0","$1","$1"
"","386","Dare Ogunbowale","15.0","15.0","RB","UNS","18","63.01","0.0","7.0","0.0","0.0","0.0","0.0","$1","$1"
"","387","Mike Boone","15.0","15.0","RB","UNS","18","36.07","0.0","0.0","0.0","0.0","0.0","0.0","$1","$1"
"","388","Gus Edwards","15.0","15.0","RB","UNS","18","54.05","0.0","0.0","0.0","0.0","0.0","0.0","$1","$1"
"","389","Jeffery 'Jeff' Wilson Jr.","15.0","15.0","RB","MIA","6","30.11","0.0","0.0","0.0","0.0","0.0","0.0","$1","$1"
"","390","Royce Freeman","15.0","15.0","RB","UNS","18","74.01","0.0","0.0","0.0","0.0","0.0","0.0","$1","$1"
"","391","John Kelly","15.0","15.0","RB","CLE","11","46.09","0.0","0.0","0.0","0.0","0.0","0.0","$1","$1"
"","392","Pierre Strong Jr.","15.0","15.0","RB","GB","11","64.06","0.0","10.0","0.0","0.0","0.0","0.0","$1","$1"
"","393","Tyrion Davis-Price","15.0","15.0","RB","UNS","18","42.12","0.0","0.0","0.0","0.0","0.0","0.0","$1","$1"
"","394","Hassan Haskins","15.0","15.0","RB","UNS","18","29.09","0.0","1.0","0.0","0.0","0.0","0.0","$1","$1"
"","395","Kevin Harris","15.0","15.0","RB","NE","11","74.01","0.0","0.0","0.0","0.0","0.0","0.0","$1","$1"
"","396","Keaontay Ingram","15.0","15.0","RB","KC","5","38.02","0.0","0.0","0.0","0.0","0.0","0.0","$1","$1"
"","397","Zonovan 'Bam' Knight","15.0","15.0","RB","ARI","14","31.01","0.0","0.0","0.0","0.0","0.0","0.0","$1","$1"
"","398","Ronnie Rivers","15.0","15.0","RB","LAR","11","29.14","0.0","14.0","0.0","0.0","0.0","0.0","$1","$1"
"","399","Raheem Blackshear","15.0","15.0","RB","NYJ","13","29.05","0.0","0.0","0.0","0.0","0.0","0.0","$1","$1"
"","400","Eric Gray","15.0","15.0","RB","NYG","8","25.03","0.0","0.0","0.0","0.0","0.0","0.0","$1","$1"
"","401","Deuce Vaughn","15.0","15.0","RB","UNS","18","36.10","0.0","0.0","0.0","0.0","0.0","0.0","$1","$1"
"","402","Evan Hull","15.0","15.0","RB","UNS","18","41.11","0.0","0.0","0.0","0.0","0.0","0.0","$1","$1"
"","403","Israel Abanikanda","15.0","15.0","RB","GB","11","45.09","0.0","23.0","0.0","0.0","0.0","0.0","$1","$1"
"","404","Zach Evans","15.0","15.0","RB","UNS","18","24.08","0.0","0.0","0.0","0.0","0.0","0.0","$1","$1"
"","405","DeWayne McBride","15.0","15.0","RB","UNS","18","42.10","0.0","0.0","0.0","0.0","0.0","0.0","$1","$1"
"","406","Khalil Herbert","15.0","15.0","RB","NYJ","13","35.06","0.0","2.0","0.0","0.0","0.0","0.0","$1","$1"
"","407","Elijah Mitchell","15.0","15.0","RB","NE","11","52.02","0.0","14.0","0.0","0.0","0.0","0.0","$1","$1"
"","408","Gary Brightwell","15.0","15.0","RB","CIN","6","40.01","0.0","0.0","0.0","0.0","0.0","0.0","$1","$1"
"","409","Craig Reynolds","15.0","15.0","RB","DET","6","30.14","0.0","4.0","0.0","0.0","0.0","0.0","$1","$1"
"","410","Isaiah Spiller","15.0","15.0","RB","UNS","18","74.01","0.0","0.0","0.0","0.0","0.0","0.0","$1","$1"
"","411","Zamir White","15.0","15.0","RB","UNS","18","29.13","0.0","5.0","0.0","0.0","0.0","0.0","$1","$1"
"","412","Dameon Pierce","15.0","15.0","RB","PHI","10","39.06","0.0","12.0","0.0","0.0","0.0","0.0","$1","$1"
"","413","Tony Jones Jr.","15.0","15.0","RB","ARI","14","49.07","0.0","0.0","0.0","0.0","0.0","0.0","$1","$1"
"","414","Patrick Taylor","15.0","15.0","RB","SF","8","56.02","0.0","0.0","0.0","0.0","0.0","0.0","$1","$1"
"","415","Deon Jackson","15.0","15.0","RB","UNS","18","74.01","0.0","0.0","0.0","0.0","0.0","0.0","$1","$1"
"","416","Jonathan Ward","15.0","15.0","RB","PIT","9","42.08","0.0","0.0","0.0","0.0","0.0","0.0","$1","$1"
"","417","Jake Funk","15.0","15.0","RB","IND","13","74.01","0.0","0.0","0.0","0.0","0.0","0.0","$1","$1"
"","418","JaMycal Hasty","15.0","15.0","RB","UNS","18","58.03","0.0","0.0","0.0","0.0","0.0","0.0","$1","$1"
"","419","Salvon Ahmed","15.0","15.0","RB","UNS","18","30.09","0.0","23.0","0.0","0.0","0.0","0.0","$1","$1"
"","420","Trey Sermon","15.0","15.0","RB","PIT","9","38.10","0.0","0.0","0.0","0.0","0.0","0.0","$1","$1"
"","421","Donovan Edwards","15.0","15.0","RB","WAS","7","25.12","0.0","11.0","0.0","0.0","0.0","0.0","$1","$1"
"","422","Ja'Quinden Jackson","15.0","15.0","RB","JAC","7","74.01","0.0","0.0","0.0","0.0","0.0","0.0","$1","$1"
"","423","Corey Kiner","15.0","15.0","RB","ARI","14","46.14","0.0","0.0","0.0","0.0","0.0","0.0","$1","$1"
"","424","Montrell Johnson Jr.","15.0","15.0","RB","UNS","18","74.01","0.0","0.0","0.0","0.0","0.0","0.0","$1","$1"
"","425","Ulysses Bentley IV","15.0","15.0","RB","IND","13","44.02","0.0","0.0","0.0","0.0","0.0","0.0","$1","$1"
"","426","Lan Larison","15.0","15.0","RB","NE","11","40.02","0.0","0.0","0.0","0.0","0.0","0.0","$1","$1"
"","427","Ian Wheeler","15.0","15.0","RB","CHI","10","74.01","0.0","0.0","0.0","0.0","0.0","0.0","$1","$1"
"","428","C.J. Ham","15.0","15.0","RB","MIN","6","32.12","0.0","0.0","0.0","0.0","0.0","0.0","$1","$1"
"","429","Patrick Ricard","15.0","15.0","RB","NYG","8","37.04","0.0","7.0","0.0","0.0","0.0","0.0","$1","$1"
"","430","ShunDerrick Powell","15.0","15.0","RB","UNS","18","74.01","0.0","0.0","0.0","0.0","0.0","0.0","$1","$1"
"","431","Nathan Carter","15.0","15.0","RB","ATL","11","49.11","0.0","0.0","0.0","0.0","0.0","0.0","$1","$1"
"","432","Zavier Scott","15.0","15.0","RB","MIN","6","18.13","0.0","0.0","0.0","0.0","0.0","0.0","$1","$1"
"","433","Aidan Robbins","15.0","15.0","RB","UNS","18","74.01","0.0","0.0","0.0","0.0","0.0","0.0","$1","$1"
"","434","Scottie Phillips","15.0","15.0","RB","UNS","18","74.01","0.0","0.0","0.0","0.0","0.0","0.0","$1","$1"
"","435","Jabari Small","15.0","15.0","RB","TEN","9","74.01","0.0","0.0","0.0","0.0","0.0","0.0","$1","$1"
"","436","Chris Collier","15.0","15.0","RB","LVR","13","18.04","0.0","0.0","0.0","0.0","0.0","0.0","$1","$1"
"","437","Dante Miller","15.0","15.0","RB","NYG","8","61.02","0.0","0.0","0.0","0.0","0.0","0.0","$1","$1"
"","438","British Brooks","15.0","15.0","RB","HOU","8","57.13","0.0","0.0","0.0","0.0","0.0","0.0","$1","$1"
"","439","Reggie Gilliam","15.0","15.0","RB","NE","11","43.10","0.0","7.0","0.0","0.0","0.0","0.0","$1","$1"
"","440","Alec Ingold","15.0","15.0","","LAC","7","66.13","0.0","14.0","0.0","0.0","0.0","0.0","$1","$1"
"","441","Sione Vaki","15.0","15.0","RB","DET","6","61.03","0.0","3.0","0.0","0.0","0.0","0.0","$1","$1"
"","442","Emani Bailey","15.0","15.0","RB","CAR","5","74.01","0.0","0.0","0.0","0.0","0.0","0.0","$1","$1"
"","443","Carson Steele","15.0","15.0","RB","UNS","18","38.04","0.0","0.0","0.0","0.0","0.0","0.0","$1","$1"
"","444","J.J. Taylor","15.0","15.0","RB","UNS","18","58.08","0.0","0.0","0.0","0.0","0.0","0.0","$1","$1"
"","445","Aaron Shampklin","15.0","15.0","RB","PIT","9","32.08","0.0","0.0","0.0","0.0","0.0","0.0","$1","$1"
"","446","Hunter Luepke","15.0","15.0","RB","DAL","14","66.06","0.0","0.0","0.0","0.0","0.0","0.0","$1","$1"
"","447","Tyreik McAllister","15.0","15.0","WR","LVR","13","37.11","0.0","0.0","0.0","0.0","0.0","0.0","$1","$1"
"","448","Sincere McCormick","15.0","15.0","RB","SF","8","26.13","0.0","0.0","0.0","0.0","0.0","0.0","$1","$1"
"","449","Terrell Jennings","15.0","15.0","RB","NE","11","37.13","0.0","0.0","0.0","0.0","0.0","0.0","$1","$1"
"","450","Jordan Mims","15.0","15.0","RB","UNS","18","46.12","0.0","0.0","0.0","0.0","0.0","0.0","$1","$1"
"","451","Damien Martinez","15.0","15.0","RB","GB","11","50.11","0.0","4.0","0.0","0.0","0.0","0.0","$1","$1"
"","452","Brittain Brown","15.0","15.0","RB","CHI","10","65.13","0.0","20.0","0.0","0.0","0.0","0.0","$1","$1"
"","453","Marcus Yarns","15.0","15.0","RB","UNS","18","74.01","0.0","0.0","0.0","0.0","0.0","0.0","$1","$1"
"","454","Daijun Edwards","15.0","15.0","RB","UNS","18","74.01","0.0","0.0","0.0","0.0","0.0","0.0","$1","$1"
"","455","Dillon Johnson","15.0","15.0","RB","UNS","18","74.01","0.0","0.0","0.0","0.0","0.0","0.0","$1","$1"
"","456","Lew Nichols","15.0","15.0","RB","UNS","18","31.13","0.0","0.0","0.0","0.0","0.0","0.0","$1","$1"
"","457","Avery Williams","15.0","15.0","RB","UNS","18","61.14","0.0","0.0","0.0","0.0","0.0","0.0","$1","$1"
"","458","Julius Chestnut","15.0","15.0","RB","TEN","9","66.07","0.0","4.0","0.0","0.0","0.0","0.0","$1","$1"
"","459","Louis Rees-Zammit","15.0","15.0","RB","UNS","18","40.13","0.0","0.0","0.0","0.0","0.0","0.0","$1","$1"
"","460","Blake Watson","15.0","15.0","RB","UNS","18","44.14","0.0","0.0","0.0","0.0","0.0","0.0","$1","$1"
"","461","Kendall Milton","15.0","15.0","RB","CIN","6","60.08","0.0","0.0","0.0","0.0","0.0","0.0","$1","$1"
"","462","Keilan Robinson","15.0","15.0","RB","UNS","18","51.02","0.0","0.0","0.0","0.0","0.0","0.0","$1","$1"
"","463","Cody Schrader","15.0","15.0","RB","LAR","11","58.14","0.0","0.0","0.0","0.0","0.0","0.0","$1","$1"
"","464","Frank Gore Jr.","15.0","15.0","RB","BUF","7","38.08","0.0","24.0","0.0","0.0","0.0","0.0","$1","$1"
"","465","Jase McClellan","15.0","15.0","RB","UNS","18","28.10","0.0","0.0","0.0","0.0","0.0","0.0","$1","$1"
"","466","Elijah Dotson","15.0","15.0","RB","UNS","18","61.08","0.0","0.0","0.0","0.0","0.0","0.0","$1","$1"
"","467","Xazavian Valladay","15.0","15.0","RB","PIT","9","34.06","0.0","0.0","0.0","0.0","0.0","0.0","$1","$1"
"","468","Deneric Prince","15.0","15.0","RB","UNS","18","51.01","0.0","0.0","0.0","0.0","0.0","0.0","$1","$1"
"","469","Zane Gonzalez","15.0","4.0","K","MIA","6","72.04","126.1","103.0","127.4","152.9","134.1","0.0","$1","$1"
"","470","Marquise 'Hollywood' Brown","15.0","13.0","WR","PHI","10","26.01","71.9","74.0","78.2","234.6","119.7","0.0","$3","$1"
"","471","Malik Washington","15.0","13.0","WR","MIA","6","71.10","96.1","110.0","102.2","168.6","119.2","0.0","$1","$1"
"","472","Darren Waller","15.0","9.0","TE","UNS","18","66.05","61.7","74.0","102.8","185.0","117.8","0.0","$4","$1"
"","473","Caleb Douglas","15.0","13.0","WR","MIA","6","69.06","72.4","69.0","80.4","221.1","117.3","0.0","$1","$1"
"","474","Marvin Mims Jr.","15.0","13.0","WR","DEN","10","55.09","85.0","71.0","101.2","170.0","117.0","0.0","$2","$1"
"","475","KaVontae Turpin","15.0","13.0","WR","DAL","14","19.10","89.9","66.0","101.0","165.6","116.6","0.0","$1","$1"
"","476","Ted Hurst","15.0","13.0","WR","TB","10","69.02","67.3","75.0","79.2","221.8","115.9","0.0","$1","$1"
"","477","Curtis Samuel","15.0","14.0","WR","UNS","18","40.14","70.5","12.0","88.1","189.4","112.5","0.0","$1","$1"
"","478","DeAndre Hopkins","15.0","14.0","WR","UNS","18","19.04","71.0","10.0","88.8","186.5","112.2","0.0","$1","$1"
"","479","Eli Stowers","15.0","10.0","TE","PHI","10","65.14","67.3","60.0","82.1","203.6","112.6","0.0","$1","$1"
"","480","Ashton Dulin","15.0","14.0","WR","IND","13","33.06","61.4","37.0","76.7","214.8","111.6","0.0","$1","$1"
"","481","Dyami Brown","15.0","14.0","WR","WAS","7","68.06","64.3","45.0","74.8","216.9","111.7","0.0","$1","$1"
"","482","Tory Horton","15.0","14.0","WR","SEA","11","70.11","71.6","91.0","83.3","191.6","110.7","0.0","$1","$1"
"","483","Tutu Atwell","15.0","14.0","WR","MIA","6","18.06","68.1","56.0","75.7","208.2","110.5","0.0","$1","$1"
"","484","Isaiah Bond","15.0","14.0","WR","CLE","11","26.06","64.5","33.0","71.7","218.7","110.5","0.0","$1","$1"
"","485","Xavier Legette","15.0","14.0","WR","CAR","5","67.12","67.5","64.0","71.1","213.3","109.2","0.0","$2","$1"
"","486","Malachi Fields","15.0","14.0","WR","NYG","8","24.06","58.1","60.0","68.3","222.0","108.4","0.0","$1","$1"
"","487","Elijah Arroyo","15.0","10.0","TE","SEA","11","66.14","72.1","61.0","78.4","196.0","109.3","0.0","$1","$1"
"","488","Jonnu Smith","15.0","10.0","TE","UNS","18","42.05","62.7","62.0","89.6","179.2","109.2","0.0","$6","$1"
"","489","Kyle Williams","15.0","14.0","WR","NE","11","24.07","69.0","35.0","75.8","197.1","107.7","0.0","$1","$1"
"","490","Olamide Zaccheaus","15.0","14.0","WR","ATL","11","26.09","71.5","79.0","83.1","179.5","107.3","0.0","$1","$1"
"","491","Erick All","15.0","10.0","TE","CIN","6","23.08","68.1","46.0","81.1","186.5","107.5","0.0","$1","$1"
"","492","Jalen Tolbert","15.0","14.0","WR","MIA","6","70.03","63.4","84.0","70.4","204.2","105.6","0.0","$1","$1"
"","493","Bryce Lance","15.0","14.0","WR","NO","8","20.07","58.3","33.0","64.8","217.1","105.2","0.0","$1","$1"
"","494","Calvin Austin III","15.0","14.0","WR","NYG","8","23.05","75.7","49.0","79.7","175.3","105.1","0.0","$1","$1"
"","495","Treylon Burks","15.0","14.0","WR","WAS","7","26.05","61.8","47.0","67.2","208.3","104.7","0.0","$1","$1"
"","496","Sterling Shepard","15.0","14.0","WR","UNS","18","65.07","65.5","6.0","77.0","184.8","104.3","0.0","$1","$1"
"","497","Jalen Royals","15.0","14.0","WR","KC","5","25.01","54.5","49.0","60.5","223.9","104.0","0.0","$1","$1"
"","498","Tyler Lockett","15.0","15.0","WR","UNS","18","34.05","59.0","21.0","73.8","188.2","102.3","0.0","$1","$1"
"","499","Brenen Thompson","15.0","15.0","WR","LAC","7","47.07","58.0","31.0","64.4","206.1","101.9","0.0","$1","$1"
"","500","Cole Kmet","15.0","11.0","TE","CHI","10","15.14","71.3","76.0","75.0","176.3","102.0","0.0","$1","$1"
"","501","Noah Brown","15.0","15.0","WR","UNS","18","52.03","64.8","18.0","76.2","167.6","99.1","0.0","$1","$1"
"","502","Kalif Raymond","15.0","15.0","WR","CHI","10","18.14","70.7","58.0","76.9","157.6","97.8","0.0","$1","$1"
"","503","Nick Westbrook-Ikhine","15.0","15.0","WR","IND","13","70.08","56.2","60.0","63.9","191.7","97.4","0.0","$1","$1"
"","504","Mack Hollins","15.0","15.0","WR","NE","11","25.05","61.2","53.0","68.0","180.2","97.4","0.0","$1","$1"
"","505","Mason Taylor","15.0","11.0","TE","NYJ","13","20.03","70.4","97.0","73.3","173.7","100.2","0.0","$1","$1"
"","506","Atlanta Falcons","15.0","4.0","DEF","ATL","11","71.13","71.8","68.0","71.8","71.8","71.8","0.0","$1","$1"
"","507","Elic Ayomanor","15.0","15.0","WR","TEN","9","61.07","57.7","67.0","60.7","194.2","96.6","0.0","$1","$1"
"","508","Dawson Knox","15.0","11.0","TE","BUF","7","17.13","70.1","78.0","73.8","169.7","99.3","0.0","$1","$1"
"","509","Ja'Tavion Sanders","15.0","11.0","TE","CAR","5","30.01","68.1","65.0","72.4","173.8","99.3","0.0","$4","$1"
"","510","Jimmy Horn Jr.","15.0","15.0","WR","CAR","5","39.05","56.1","22.0","59.0","188.8","93.9","0.0","$1","$1"
"","511","Brandon McManus","15.0","5.0","K","UNS","18","67.04","123.0","103.0","123.0","123.0","123.0","0.0","$1","$1"
"","512","Luke McCaffrey","15.0","15.0","WR","WAS","7","28.08","66.0","34.0","69.5","155.0","92.2","0.0","$1","$1"
"","513","Zavion Thomas","15.0","15.0","WR","CHI","10","17.14","58.4","52.0","68.7","161.4","92.1","0.0","$1","$1"
"","514","Skyler Bell","15.0","15.0","WR","BUF","7","17.07","47.3","58.0","51.4","200.5","91.3","0.0","$1","$1"
"","515","Hunter Renfrow","15.0","15.0","WR","UNS","18","49.03","50.2","6.0","62.7","175.6","91.2","0.0","$1","$1"
"","516","Jaylin Lane","15.0","15.0","WR","WAS","7","33.14","61.4","58.0","68.2","156.9","91.2","0.0","$1","$1"
"","517","Xavier Hutchinson","15.0","15.0","WR","HOU","8","66.04","48.8","55.0","49.8","199.2","90.4","0.0","$1","$1"
"","518","Savion Williams","15.0","15.0","WR","GB","11","68.12","59.5","54.0","66.1","158.6","90.1","0.0","$1","$1"
"","519","Tez Johnson","15.0","15.0","WR","TB","10","57.14","48.0","43.0","50.0","195.0","89.2","0.0","$1","$1"
"","520","Chimere Dike","15.0","15.0","WR","TEN","9","73.09","58.1","82.0","63.1","162.2","89.2","0.0","$1","$1"
"","521","Cedric Tillman","15.0","15.0","WR","CLE","11","62.13","43.2","36.0","47.0","197.4","87.3","0.0","$2","$1"
"","522","Noah Fant","15.0","12.0","TE","NO","8","19.05","59.4","63.0","64.6","168.0","91.9","0.0","$1","$1"
"","523","Roman Wilson","15.0","15.0","WR","PIT","9","25.08","49.3","29.0","54.8","175.4","86.7","0.0","$1","$1"
"","524","Noah Gray","15.0","12.0","TE","KC","5","20.09","69.2","61.0","69.2","152.2","91.8","0.0","$1","$1"
"","525","Jordan Whittington","15.0","15.0","WR","LAR","11","18.05","59.8","30.0","62.9","151.0","86.4","0.0","$1","$1"
"","526","Max Klare","15.0","12.0","TE","LAR","11","30.04","55.2","43.0","62.7","172.4","91.3","0.0","$1","$1"
"","527","Theo Johnson","15.0","12.0","TE","NYG","8","69.05","60.9","73.0","64.8","162.0","90.6","0.0","$4","$1"
"","528","Tyler Higbee","15.0","12.0","TE","LAR","11","18.09","54.3","66.0","60.3","165.8","88.0","0.0","$1","$1"
"","529","Demarcus Robinson","15.0","15.0","WR","SF","8","38.01","46.6","43.0","54.8","158.9","81.7","0.0","$1","$1"
"","530","Mitchell Evans","15.0","12.0","TE","CAR","5","24.14","55.6","43.0","59.2","165.8","87.6","0.0","$1","$1"
"","531","Oscar Delp","15.0","12.0","TE","NO","8","40.09","47.5","24.0","55.9","173.3","86.4","0.0","$1","$1"
"","532","Taysom Hill","15.0","12.0","TE","UNS","18","42.14","46.4","14.0","58.0","168.2","86.0","0.0","$1","$1"
"","533","Reggie Virgil","15.0","15.0","WR","ARI","14","35.01","39.3","12.0","45.7","173.7","79.5","0.0","$1","$1"
"","534","Demario Douglas","15.0","15.0","WR","NE","11","20.01","50.9","56.0","53.6","150.1","79.4","0.0","$1","$1"
"","535","Van Jefferson","15.0","15.0","WR","WAS","7","39.02","45.9","53.0","51.0","158.1","79.3","0.0","$1","$1"
"","536","Ben Sinnott","15.0","12.0","TE","WAS","7","43.11","46.1","36.0","51.2","179.2","85.2","0.0","$1","$1"
"","537","Colbie Young","15.0","15.0","WR","CIN","6","28.07","37.1","17.0","43.7","174.8","78.3","0.0","$1","$1"
"","538","Chad Ryland","15.0","5.0","K","ARI","14","72.10","103.4","111.0","106.6","147.1","117.1","0.0","$1","$1"
"","539","Justin Joly","15.0","12.0","TE","DEN","10","65.11","43.9","41.0","51.7","178.4","84.8","0.0","$1","$1"
"","540","Austin Hooper","15.0","12.0","TE","ATL","11","23.04","58.1","58.0","63.1","145.1","84.6","0.0","$1","$1"
"","541","Dont'e Thornton Jr.","15.0","15.0","WR","LVR","13","24.03","38.9","34.0","43.2","172.8","77.8","0.0","$1","$1"
"","542","Cyrus Allen","15.0","15.0","WR","KC","5","20.08","34.1","27.0","40.1","180.5","77.3","0.0","$1","$1"
"","543","Eric McAlister","15.0","15.0","WR","RK","18","74.01","32.9","24.0","36.6","183.0","75.9","0.0","$1","$1"
"","544","DJ Rogers","15.0","12.0","TE","DAL","14","74.01","47.9","0.0","56.3","157.6","82.4","0.0","$1","$1"
"","545","John Metchie","15.0","15.0","WR","CAR","5","31.09","44.5","85.0","45.9","151.5","74.5","0.0","$1","$1"
"","546","JuJu Smith-Schuster","15.0","15.0","WR","NYG","8","22.10","33.3","19.0","44.4","162.1","74.5","0.0","$1","$1"
"","547","Jordan Watkins","15.0","15.0","WR","SF","8","29.08","33.1","9.0","36.8","176.6","74.3","0.0","$1","$1"
"","548","Kevin Coleman Jr.","15.0","15.0","WR","MIA","6","36.01","35.8","50.0","39.8","167.2","73.8","0.0","$1","$1"
"","549","Greg Dortch","15.0","15.0","WR","DET","6","32.13","49.9","30.0","53.7","126.2","72.8","0.0","$1","$1"
"","550","Cade Stover","15.0","13.0","TE","HOU","8","33.04","47.3","30.0","52.5","157.5","80.2","0.0","$1","$1"
"","551","Tommy Tremble","15.0","13.0","TE","CAR","5","22.03","45.5","54.0","50.5","162.6","80.2","0.0","$1","$1"
"","552","Nate Boerkircher","15.0","13.0","TE","JAC","7","32.09","43.6","35.0","51.3","161.6","80.0","0.0","$1","$1"
"","553","Tai Felton","15.0","15.0","WR","MIN","6","26.11","44.6","25.0","46.9","140.7","72.1","0.0","$1","$1"
"","554","Marquez Valdes-Scantling","15.0","15.0","WR","DAL","14","21.14","33.5","22.0","44.7","152.0","71.9","0.0","$1","$1"
"","555","Odell Beckham Jr.","15.0","15.0","WR","NYG","8","15.06","30.6","20.0","38.3","164.7","71.4","0.0","$1","$1"
"","556","Elijah Higgins","15.0","13.0","TE","ARI","14","34.12","50.4","47.0","53.0","148.4","78.6","0.0","$1","$1"
"","557","Eli Raridon","15.0","13.0","TE","NE","11","22.06","44.0","35.0","51.8","155.4","78.6","0.0","$1","$1"
"","558","Arian Smith","15.0","15.0","WR","NYJ","13","29.02","30.6","10.0","34.0","170.0","70.5","0.0","$1","$1"
"","559","Will Dissly","15.0","13.0","TE","UNS","18","49.13","47.4","23.0","51.0","153.0","78.2","0.0","$1","$1"
"","560","Jonathan Mingo","15.0","15.0","WR","DAL","14","27.09","34.8","13.0","40.0","152.0","69.6","0.0","$1","$1"
"","561","KeAndre Lambert-Smith","15.0","15.0","WR","LAC","7","44.05","34.7","37.0","38.6","154.4","69.5","0.0","$1","$1"
"","562","Luke Musgrave","15.0","13.0","TE","GB","11","32.04","41.7","56.0","43.9","169.0","77.6","0.0","$1","$1"
"","563","Devontez Walker","15.0","15.0","WR","BAL","13","22.07","32.9","37.0","37.4","157.1","69.2","0.0","$1","$1"
"","564","Mitchell Tinsley","15.0","15.0","WR","CIN","6","26.10","29.7","37.0","33.0","165.0","68.4","0.0","$1","$1"
"","565","Konata Mumpfield","15.0","15.0","WR","LAR","11","22.04","31.1","43.0","32.7","163.5","68.1","0.0","$1","$1"
"","566","Daniel Bellinger","15.0","13.0","TE","TEN","9","62.06","46.3","46.0","50.3","145.9","75.7","0.0","$1","$1"
"","567","Graham Gano","15.0","6.0","K","UNS","18","16.11","112.3","106.0","112.3","112.3","112.3","0.0","$1","$1"
"","568","Ja'Lynn Polk","15.0","15.0","WR","NO","8","33.13","29.5","6.0","36.9","147.6","65.8","0.0","$1","$1"
"","569","Malik Benson","15.0","15.0","WR","LVR","13","37.02","31.1","13.0","36.6","146.4","65.6","0.0","$1","$1"
"","570","Charlie Kolar","15.0","13.0","TE","LAC","7","48.08","50.7","48.0","59.7","119.4","74.4","0.0","$1","$1"
"","571","Theo Wease Jr.","15.0","15.0","WR","MIA","6","58.02","26.6","89.0","31.3","156.5","64.6","0.0","$1","$1"
"","572","Jalin Hyatt","15.0","15.0","WR","NYG","8","55.06","26.2","6.0","29.1","160.1","64.3","0.0","$1","$1"
"","573","Jake Tonges","15.0","13.0","TE","SF","8","71.14","46.1","64.0","52.4","133.6","73.4","0.0","$1","$1"
"","574","Tanner Koziol","15.0","13.0","TE","JAC","7","52.05","33.8","26.0","39.8","163.2","72.4","0.0","$1","$1"
"","575","Jackson Hawes","15.0","13.0","TE","BUF","7","27.03","31.1","39.0","34.5","172.5","71.5","0.0","$1","$1"
"","576","K.J. Osborn","15.0","15.0","WR","TEN","9","43.06","34.0","0.0","41.5","116.2","60.5","0.0","$1","$1"
"","577","CJ Daniels","15.0","15.0","WR","LAR","11","18.03","26.9","39.0","30.6","137.7","59.1","0.0","$1","$1"
"","578","Tanner Hudson","15.0","14.0","TE","CIN","6","34.10","39.3","37.0","43.7","139.8","69.1","0.0","$1","$1"
"","579","Sam Roush","15.0","14.0","TE","CHI","10","21.06","39.2","20.0","44.0","138.6","68.9","0.0","$1","$1"
"","580","Malachi Corley","15.0","15.0","WR","CLE","11","28.01","23.7","15.0","26.3","136.8","56.0","0.0","$1","$1"
"","581","Jeff Caldwell","15.0","15.0","WR","KC","5","74.01","21.9","0.0","25.8","139.1","56.0","0.0","$1","$1"
"","582","Deion Burks","15.0","15.0","WR","IND","13","36.04","23.0","50.0","28.1","133.5","55.9","0.0","$1","$1"
"","583","Josh Cameron","15.0","15.0","WR","JAC","7","56.14","25.4","27.0","28.9","130.1","55.9","0.0","$1","$1"
"","584","Xavier Restrepo","15.0","15.0","WR","TEN","9","29.06","22.7","11.0","25.2","138.6","55.7","0.0","$1","$1"
"","585","Dominic Lovett","15.0","15.0","WR","DET","6","56.01","22.5","0.0","26.5","135.2","55.4","0.0","$1","$1"
"","586","David Sills V","15.0","15.0","WR","TB","10","53.04","25.2","17.0","26.5","132.5","55.2","0.0","$1","$1"
"","587","Josh Oliver","15.0","14.0","TE","MIN","6","63.05","37.6","54.0","39.6","130.7","64.1","0.0","$1","$1"
"","588","Derius Davis","15.0","15.0","WR","LAC","7","39.12","35.1","12.0","36.9","95.9","52.7","0.0","$1","$1"
"","589","Brevyn Spann-Ford","15.0","14.0","TE","DAL","14","23.14","33.4","20.0","35.2","140.8","63.7","0.0","$1","$1"
"","590","Tim Patrick","15.0","15.0","WR","NYJ","13","24.04","30.4","22.0","34.2","102.6","52.2","0.0","$1","$1"
"","591","Drew Sample","15.0","14.0","TE","CIN","6","23.06","33.3","38.0","35.0","140.0","63.3","0.0","$1","$1"
"","592","Isaiah Williams","15.0","15.0","WR","NYJ","13","41.07","30.9","24.0","32.5","104.0","51.7","0.0","$1","$1"
"","593","Bub Means","15.0","15.0","WR","NO","8","51.08","24.0","46.0","25.3","121.4","51.3","0.0","$1","$1"
"","594","Matthew Hibner","15.0","14.0","TE","BAL","13","41.02","29.6","22.0","34.8","139.2","62.3","0.0","$1","$1"
"","595","Will Kacmarek","15.0","14.0","TE","MIA","6","30.10","33.1","50.0","34.8","135.7","62.0","0.0","$1","$1"
"","596","Tyler Conklin","15.0","14.0","TE","DET","6","63.03","37.6","12.0","39.6","122.8","61.9","0.0","$1","$1"
"","597","Casey Washington","15.0","15.0","WR","ATL","11","43.12","22.1","24.0","24.5","120.1","50.1","0.0","$1","$1"
"","598","Mecole Hardman","15.0","15.0","WR","BUF","7","27.02","19.4","6.0","24.3","121.5","49.9","0.0","$1","$1"
"","599","Davis Allen","15.0","14.0","TE","LAR","11","34.01","32.0","33.0","35.5","133.1","61.5","0.0","$1","$1"
"","600","Adam Trautman","15.0","14.0","TE","DEN","10","21.12","35.8","43.0","44.7","111.8","61.4","0.0","$1","$1"
"","601","Luke Schoonmaker","15.0","14.0","TE","DAL","14","19.06","32.1","32.0","33.8","135.2","61.2","0.0","$1","$1"
"","602","Marlin Klein","15.0","14.0","TE","HOU","8","47.12","35.0","44.0","39.8","119.4","60.6","0.0","$1","$1"
"","603","Quez Watkins","15.0","15.0","WR","PHI","10","29.03","19.6","0.0","23.1","115.5","47.7","0.0","$1","$1"
"","604","Jacob Cowing","15.0","15.0","WR","SF","8","41.13","29.5","7.0","31.1","90.2","46.9","0.0","$1","$1"
"","605","Emmanuel Henderson Jr.","15.0","15.0","WR","SEA","11","46.13","19.2","7.0","22.6","113.0","46.6","0.0","$1","$1"
"","606","Joe Royer","15.0","15.0","TE","CLE","11","27.12","27.9","25.0","32.8","131.2","58.8","0.0","$1","$1"
"","607","Barion Brown","15.0","15.0","WR","NO","8","41.09","26.4","26.0","29.3","90.8","45.6","0.0","$1","$1"
"","608","Brock Wright","15.0","15.0","TE","DET","6","27.14","35.7","55.0","37.6","112.8","57.8","0.0","$1","$1"
"","609","Johnny Wilson","15.0","15.0","WR","PHI","10","53.07","20.0","6.0","25.0","100.0","44.6","0.0","$1","$1"
"","610","Tahj Washington","15.0","15.0","WR","MIA","6","23.11","18.1","0.0","20.1","110.6","44.4","0.0","$1","$1"
"","611","Harrison Wallace III","15.0","15.0","WR","ARI","14","74.01","18.1","0.0","20.1","110.6","44.4","0.0","$1","$1"
"","612","Kevin Austin Jr.","15.0","15.0","WR","NO","8","53.05","22.2","24.0","24.7","96.3","43.8","0.0","$1","$1"
"","613","Darius Cooper","15.0","15.0","WR","PHI","10","57.02","22.6","15.0","23.8","95.2","43.1","0.0","$1","$1"
"","614","Eric Rivers","15.0","15.0","WR","TB","10","74.01","18.1","17.0","20.1","104.5","42.8","0.0","$1","$1"
"","615","Jordan Hudson","15.0","15.0","WR","DAL","14","74.01","18.5","0.0","20.6","100.9","42.1","0.0","$1","$1"
"","616","Luke Farrell","15.0","15.0","TE","SF","8","26.02","23.8","18.0","26.4","132.0","54.7","0.0","$1","$1"
"","617","Anthony Smith","15.0","15.0","WR","DAL","14","62.07","17.7","6.0","20.8","97.8","41.2","0.0","$1","$1"
"","618","Charlie Jones","15.0","15.0","WR","CIN","6","36.06","19.6","6.0","23.0","91.5","41.1","0.0","$1","$1"
"","619","Josh Cuevas","15.0","15.0","TE","BAL","13","48.04","23.5","18.0","26.7","130.8","54.5","0.0","$1","$1"
"","620","Mason Tipton","15.0","15.0","WR","NO","8","41.10","21.2","19.0","23.5","84.6","39.8","0.0","$1","$1"
"","621","Lewis Bond","15.0","15.0","WR","HOU","8","45.10","17.6","6.0","19.6","94.1","39.6","0.0","$1","$1"
"","622","Riley Nowakowski","15.0","15.0","TE","PIT","9","28.12","24.2","25.0","27.5","123.8","53.2","0.0","$1","$1"
"","623","J. Michael Sturdivant","15.0","15.0","WR","GB","11","74.01","17.5","0.0","19.4","91.2","38.6","0.0","$1","$1"
"","624","CJ Williams","15.0","15.0","WR","JAC","7","48.05","16.9","0.0","19.9","89.6","38.4","0.0","$1","$1"
"","625","Devin Culp","15.0","15.0","TE","TB","10","58.13","24.2","14.0","26.9","121.1","52.1","0.0","$1","$1"
"","626","Kaden Wetjen","15.0","15.0","WR","PIT","9","39.13","25.4","9.0","29.9","63.1","38.1","0.0","$1","$1"
"","627","Efton Chism","15.0","15.0","WR","NE","11","20.12","19.1","22.0","20.1","82.4","36.9","0.0","$1","$1"
"","628","Tip Reiman","15.0","15.0","TE","ARI","14","55.08","21.4","19.0","23.8","119.0","49.3","0.0","$1","$1"
"","629","Anthony Gould","15.0","15.0","WR","IND","13","48.10","17.3","13.0","19.2","74.9","34.1","0.0","$1","$1"
"","630","Jared Wiley","15.0","15.0","TE","KC","5","65.06","23.6","20.0","24.8","111.6","48.3","0.0","$1","$1"
"","631","Will Mallory","15.0","15.0","TE","IND","13","53.10","21.2","22.0","23.5","115.2","48.1","0.0","$1","$1"
"","632","John Bates","15.0","15.0","TE","WAS","7","45.02","23.0","37.0","25.5","109.7","48.0","0.0","$1","$1"
"","633","Aaron Anderson","15.0","15.0","WR","CLE","11","74.01","13.1","23.0","14.6","81.0","32.4","0.0","$1","$1"
"","634","Thomas Fidone II","15.0","15.0","TE","NYG","8","56.03","16.2","32.0","18.0","126.0","47.1","0.0","$1","$1"
"","635","Jake Briningstool","15.0","15.0","TE","KC","5","74.01","15.9","6.0","17.7","123.9","46.3","0.0","$1","$1"
"","636","Vinny Anthony II","15.0","15.0","WR","ATL","11","74.01","13.2","0.0","14.7","74.2","30.7","0.0","$1","$1"
"","637","Jack Endries","15.0","15.0","TE","CIN","6","49.10","23.4","29.0","27.5","96.3","45.5","0.0","$1","$1"
"","638","Michael Trigg","15.0","15.0","TE","DAL","14","20.11","21.4","28.0","26.8","93.8","44.1","0.0","$1","$1"
"","639","Bauer Sharp","15.0","15.0","TE","TB","10","47.08","19.8","6.0","22.3","100.4","43.2","0.0","$1","$1"
"","640","Charlie Woerner","15.0","15.0","TE","ATL","11","32.10","21.2","23.0","23.5","94.0","42.3","0.0","$1","$1"
"","641","Seydou Traore","15.0","15.0","TE","MIA","6","38.11","16.3","22.0","19.2","96.0","39.6","0.0","$1","$1"
"","642","Payne Durham","15.0","15.0","TE","TB","10","26.08","19.5","17.0","20.1","88.4","38.6","0.0","$1","$1"
"","643","Dallen Bentley","15.0","15.0","TE","DEN","10","57.06","17.1","6.0","20.1","86.4","37.6","0.0","$1","$1"
"","644","Jeremy Ruckert","15.0","15.0","TE","NYJ","13","24.09","20.7","24.0","21.8","76.3","36.5","0.0","$1","$1"
"","645","Hunter Long","15.0","15.0","TE","JAC","7","55.14","15.1","21.0","16.8","87.4","35.8","0.0","$1","$1"
"","646","RJ Maryland","15.0","15.0","TE","GB","11","74.01","15.7","0.0","18.5","83.3","35.7","0.0","$1","$1"
"","647","John Michael Gyllenborg","15.0","15.0","TE","KC","5","74.01","15.6","23.0","18.4","82.8","35.5","0.0","$1","$1"
"","648","Johnny Mundt","15.0","15.0","TE","PHI","10","64.14","19.0","10.0","22.3","71.4","35.1","0.0","$1","$1"
"","649","Carsen Ryan","15.0","15.0","TE","CLE","11","37.05","14.0","6.0","17.5","78.8","33.6","0.0","$1","$1"
"","650","Grant Calcaterra","15.0","15.0","TE","PHI","10","21.10","20.7","24.0","23.5","58.8","32.6","0.0","$1","$1"
"","651","Max Tomczak","15.0","15.0","WR","BUF","7","74.01","5.7","0.0","6.3","31.5","13.1","0.0","$1","$1"
"","652","Tyrell Shavers","15.0","15.0","WR","BUF","7","51.04","6.0","19.0","6.3","30.9","13.0","0.0","$1","$1"
"","653","Tyren Montgomery","15.0","15.0","WR","TEN","9","74.01","5.7","0.0","6.3","30.2","12.7","0.0","$1","$1"
"","654","Noah Thomas","15.0","15.0","WR","CIN","6","74.01","5.7","35.0","6.3","29.9","12.6","0.0","$1","$1"
"","655","Jaren Kanak","15.0","15.0","TE","TEN","9","27.08","14.7","24.0","17.3","69.2","31.0","0.0","$1","$1"
"","656","Caullin Lacy","15.0","15.0","WR","NYJ","13","74.01","5.7","0.0","6.3","23.9","11.0","0.0","$1","$1"
"","657","Chris Hilton Jr.","15.0","15.0","WR","WAS","7","74.01","5.7","0.0","6.3","23.9","11.0","0.0","$1","$1"
"","658","Kendrick Law","15.0","15.0","WR","DET","6","46.03","5.5","6.0","6.3","22.4","10.6","0.0","$1","$1"
"","659","Mo Alie-Cox","15.0","15.0","TE","IND","13","52.13","28.2","25.0","28.2","28.2","28.2","0.0","$1","$1"
"","660","Skyy Moore","15.0","15.0","WR","GB","11","23.10","0.0","8.0","6.3","8.8","7.1","0.0","$1","$1"
"","661","Dareke Young","15.0","15.0","WR","LVR","13","56.08","0.0","9.0","6.3","8.2","6.9","0.0","$1","$1"
"","662","Xavier Smith","15.0","15.0","WR","LAR","11","23.01","0.0","22.0","6.3","8.2","6.9","0.0","$1","$1"
"","663","Braxton Berrios","15.0","15.0","WR","NYG","8","25.14","0.0","6.0","6.3","7.7","6.8","0.0","$1","$1"
"","664","Britain Covey","15.0","15.0","WR","PHI","10","40.07","0.0","7.0","6.3","7.7","6.8","0.0","$1","$1"
"","665","Chase Roberts","15.0","15.0","WR","LVR","13","74.01","6.3","9.0","6.3","6.3","6.3","0.0","$1","$1"
"","666","Jalen Walthall","15.0","15.0","WR","HOU","8","74.01","6.3","0.0","6.3","6.3","6.3","0.0","$1","$1"
"","667","Donaven McCulley","15.0","15.0","WR","MIA","6","74.01","6.3","0.0","6.3","6.3","6.3","0.0","$1","$1"
"","668","Gage Larvadain","15.0","15.0","WR","CLE","11","43.14","6.3","7.0","6.3","6.3","6.3","0.0","$1","$1"
"","669","Nikko Remigio","15.0","15.0","WR","KC","5","51.10","1.6","9.0","6.3","8.8","6.1","0.0","$1","$1"
"","670","Kameron Johnson","15.0","15.0","WR","TB","10","31.04","0.6","11.0","6.3","8.8","6.0","0.0","$1","$1"
"","671","LaJohntay Wester","15.0","15.0","WR","BAL","13","31.11","0.6","8.0","6.3","8.8","6.0","0.0","$1","$1"
"","672","Myles Price","15.0","15.0","WR","MIN","6","58.06","1.9","7.0","6.3","8.2","6.0","0.0","$1","$1"
"","673","Devin Duvernay","15.0","15.0","WR","ARI","14","53.01","0.6","9.0","6.3","8.2","5.8","0.0","$1","$1"
"","674","J.J. McCarthy","15.0","6.0","QB","MIN","6","16.12","30.8","15.0","31.4","125.6","57.0","0.0","$2","$1"
"","675","Andrew 'Drew' Ogletree","15.0","15.0","TE","IND","13","39.11","22.1","12.0","22.1","22.1","22.1","0.0","$1","$1"
"","676","Brandin Cooks","15.0","15.0","WR","BUF","7","53.08","0.0","19.0","0.0","0.0","0.0","0.0","$1","$1"
"","677","Robert Woods","15.0","15.0","WR","UNS","18","62.12","0.0","0.0","0.0","0.0","0.0","0.0","$1","$1"
"","678","Adam Thielen","15.0","15.0","WR","UNS","18","63.14","0.0","0.0","0.0","0.0","0.0","0.0","$1","$1"
"","679","Robbie Chosen","15.0","15.0","WR","UNS","18","54.10","0.0","0.0","0.0","0.0","0.0","0.0","$1","$1"
"","680","Zay Jones","15.0","15.0","WR","UNS","18","38.14","0.0","0.0","0.0","0.0","0.0","0.0","$1","$1"
"","681","Josh Reynolds","15.0","15.0","WR","UNS","18","52.11","0.0","3.0","0.0","0.0","0.0","0.0","$1","$1"
"","682","Alex Erickson","15.0","15.0","WR","LAC","7","63.09","0.0","0.0","0.0","0.0","0.0","0.0","$1","$1"
"","683","Tyler Boyd","15.0","15.0","WR","UNS","18","48.07","0.0","0.0","0.0","0.0","0.0","0.0","$1","$1"
"","684","Jamison Crowder","15.0","15.0","WR","WAS","7","53.14","0.0","0.0","0.0","0.0","0.0","0.0","$1","$1"
"","685","Nelson Agholor","15.0","15.0","WR","UNS","18","63.11","0.0","0.0","0.0","0.0","0.0","0.0","$1","$1"
"","686","Allen Robinson","15.0","15.0","WR","DET","6","64.13","0.0","0.0","0.0","0.0","0.0","0.0","$1","$1"
"","687","Diontae Johnson","15.0","15.0","WR","UNS","18","56.10","0.0","0.0","0.0","0.0","0.0","0.0","$1","$1"
"","688","Lil'Jordan Humphrey","15.0","15.0","WR","DEN","10","19.09","0.0","12.0","0.0","0.0","0.0","0.0","$1","$1"
"","689","Stanley Morgan","15.0","15.0","WR","CIN","6","74.01","0.0","0.0","0.0","0.0","0.0","0.0","$1","$1"
"","690","Scott 'Scotty' Miller","15.0","15.0","WR","UNS","18","20.06","0.0","0.0","0.0","0.0","0.0","0.0","$1","$1"
"","691","Justin Watson","15.0","15.0","WR","HOU","8","37.14","0.0","5.0","0.0","0.0","0.0","0.0","$1","$1"
"","692","Ray-Ray McCloud","15.0","15.0","WR","NYG","8","57.11","0.0","0.0","0.0","0.0","0.0","0.0","$1","$1"
"","693","Zach Pascal","15.0","15.0","WR","UNS","18","64.10","0.0","0.0","0.0","0.0","0.0","0.0","$1","$1"
"","694","Trent Sherfield","15.0","15.0","WR","BUF","7","43.13","0.0","3.0","0.0","0.0","0.0","0.0","$1","$1"
"","695","Hakeem Butler","15.0","15.0","WR","CIN","6","74.01","0.0","0.0","0.0","0.0","0.0","0.0","$1","$1"
"","696","Cedrick 'Ced' Wilson","15.0","15.0","WR","MIA","6","30.05","0.0","0.0","0.0","0.0","0.0","0.0","$1","$1"
"","697","Dante Pettis","15.0","15.0","WR","NO","8","38.13","0.0","3.0","0.0","0.0","0.0","0.0","$1","$1"
"","698","Allen Lazard","15.0","15.0","WR","UNS","18","28.04","0.0","3.0","0.0","0.0","0.0","0.0","$1","$1"
"","699","Tre'Quan Smith","15.0","15.0","WR","DET","6","74.01","0.0","0.0","0.0","0.0","0.0","0.0","$1","$1"
"","700","D.J. Chark Jr.","15.0","15.0","WR","UNS","18","41.08","0.0","0.0","0.0","0.0","0.0","0.0","$1","$1"
"","701","Equanimeous St. Brown","15.0","15.0","WR","SF","8","52.12","0.0","0.0","0.0","0.0","0.0","0.0","$1","$1"
"","702","Michael Gallup","15.0","15.0","WR","UNS","18","74.01","0.0","0.0","0.0","0.0","0.0","0.0","$1","$1"
"","703","Anthony Miller","15.0","15.0","WR","BAL","13","34.09","0.0","0.0","0.0","0.0","0.0","0.0","$1","$1"
"","704","David Moore","15.0","15.0","WR","CAR","5","64.08","0.0","3.0","0.0","0.0","0.0","0.0","$1","$1"
"","705","Velus Jones","15.0","15.0","RB","NO","8","60.01","0.0","0.0","0.0","0.0","0.0","0.0","$1","$1"
"","706","Danny Gray","15.0","15.0","WR","UNS","18","46.06","0.0","0.0","0.0","0.0","0.0","0.0","$1","$1"
"","707","Erik Ezukanma","15.0","15.0","WR","UNS","18","50.01","0.0","0.0","0.0","0.0","0.0","0.0","$1","$1"
"","708","Kyle Philips","15.0","15.0","WR","LVR","13","74.01","0.0","0.0","0.0","0.0","0.0","0.0","$1","$1"
"","709","Irvin Charles","15.0","15.0","WR","NYJ","13","46.01","0.0","0.0","0.0","0.0","0.0","0.0","$1","$1"
"","710","Brandon Johnson","15.0","15.0","WR","UNS","18","55.10","0.0","0.0","0.0","0.0","0.0","0.0","$1","$1"
"","711","Chris Moore","15.0","15.0","WR","UNS","18","64.05","0.0","3.0","0.0","0.0","0.0","0.0","$1","$1"
"","712","Samori Toure","15.0","15.0","WR","UNS","18","25.02","0.0","0.0","0.0","0.0","0.0","0.0","$1","$1"
"","713","Bo Melton","15.0","15.0","CB","GB","11","74.01","0.0","19.0","0.0","0.0","0.0","0.0","$1","$1"
"","714","Trey Palmer","15.0","15.0","WR","NO","8","19.11","0.0","0.0","0.0","0.0","0.0","0.0","$1","$1"
"","715","Justin Shorter","15.0","15.0","WR","UNS","18","60.06","0.0","0.0","0.0","0.0","0.0","0.0","$1","$1"
"","716","Ronnie Bell","15.0","15.0","WR","NO","8","45.13","0.0","0.0","0.0","0.0","0.0","0.0","$1","$1"
"","717","Jalen Moreno-Cropper","15.0","15.0","WR","UNS","18","44.09","0.0","0.0","0.0","0.0","0.0","0.0","$1","$1"
"","718","Jake Bobo","15.0","15.0","WR","SEA","11","21.11","0.0","3.0","0.0","0.0","0.0","0.0","$1","$1"
"","719","Tyler Scott","15.0","15.0","WR","LAR","11","44.01","0.0","0.0","0.0","0.0","0.0","0.0","$1","$1"
"","720","Rakim Jarrett","15.0","15.0","WR","UNS","18","60.04","0.0","0.0","0.0","0.0","0.0","0.0","$1","$1"
"","721","A.T. Perry","15.0","15.0","WR","UNS","18","21.07","0.0","0.0","0.0","0.0","0.0","0.0","$1","$1"
"","722","Kadarius Toney","15.0","15.0","WR","UNS","18","60.11","0.0","0.0","0.0","0.0","0.0","0.0","$1","$1"
"","723","Terrace Marshall","15.0","15.0","WR","MIA","6","22.02","0.0","0.0","0.0","0.0","0.0","0.0","$1","$1"
"","724","Elijah Moore","15.0","15.0","WR","PHI","10","49.14","0.0","0.0","0.0","0.0","0.0","0.0","$1","$1"
"","725","Tylan Wallace","15.0","15.0","WR","CLE","11","23.07","0.0","7.0","0.0","0.0","0.0","0.0","$1","$1"
"","726","D'Wayne 'Dee' Eskridge","15.0","15.0","WR","MIA","6","51.13","0.0","3.0","0.0","0.0","0.0","0.0","$1","$1"
"","727","Simi Fehoko","15.0","15.0","WR","ARI","14","42.06","0.0","0.0","0.0","0.0","0.0","0.0","$1","$1"
"","728","Ihmir Smith-Marsette","15.0","15.0","WR","UNS","18","35.05","0.0","0.0","0.0","0.0","0.0","0.0","$1","$1"
"","729","Frank Darby","15.0","15.0","WR","ATL","11","74.01","0.0","0.0","0.0","0.0","0.0","0.0","$1","$1"
"","730","Mike Strachan","15.0","15.0","WR","CAR","5","74.01","0.0","0.0","0.0","0.0","0.0","0.0","$1","$1"
"","731","Justyn Ross","15.0","15.0","WR","UNS","18","50.07","0.0","0.0","0.0","0.0","0.0","0.0","$1","$1"
"","732","DeAndre Carter","15.0","15.0","WR","CLE","11","47.13","0.0","0.0","0.0","0.0","0.0","0.0","$1","$1"
"","733","Brandon Powell","15.0","15.0","WR","MIN","6","52.01","0.0","0.0","0.0","0.0","0.0","0.0","$1","$1"
"","734","Tim Jones","15.0","15.0","WR","MIN","6","47.11","0.0","0.0","0.0","0.0","0.0","0.0","$1","$1"
"","735","Trenton Irwin","15.0","15.0","WR","UNS","18","61.04","0.0","0.0","0.0","0.0","0.0","0.0","$1","$1"
"","736","D.J. Montgomery","15.0","15.0","WR","IND","13","45.12","0.0","0.0","0.0","0.0","0.0","0.0","$1","$1"
"","737","Ben Skowronek","15.0","15.0","WR","PIT","9","34.11","0.0","7.0","0.0","0.0","0.0","0.0","$1","$1"
"","738","Austin Watkins Jr.","15.0","15.0","WR","CLE","11","74.01","0.0","0.0","0.0","0.0","0.0","0.0","$1","$1"
"","739","Austin Trammell","15.0","15.0","WR","JAC","7","24.11","0.0","0.0","0.0","0.0","0.0","0.0","$1","$1"
"","740","Kristian Wilkerson","15.0","15.0","WR","UNS","18","55.07","0.0","0.0","0.0","0.0","0.0","0.0","$1","$1"
"","741","KhaDarel Hodge","15.0","15.0","WR","ATL","11","54.03","0.0","0.0","0.0","0.0","0.0","0.0","$1","$1"
"","742","Deonte Harty","15.0","15.0","WR","BAL","13","49.05","0.0","0.0","0.0","0.0","0.0","0.0","$1","$1"
"","743","Cam Sims","15.0","15.0","WR","LVR","13","74.01","0.0","0.0","0.0","0.0","0.0","0.0","$1","$1"
"","744","Jalen Guyton","15.0","15.0","WR","LVR","13","74.01","0.0","0.0","0.0","0.0","0.0","0.0","$1","$1"
"","745","Malik Taylor","15.0","15.0","WR","UNS","18","74.01","0.0","0.0","0.0","0.0","0.0","0.0","$1","$1"
"","746","Jamal Agnew","15.0","15.0","WR","ATL","11","49.01","0.0","0.0","0.0","0.0","0.0","0.0","$1","$1"
"","747","Tyron Johnson","15.0","15.0","WR","SF","8","74.01","0.0","0.0","0.0","0.0","0.0","0.0","$1","$1"
"","748","Tyler Johnson","15.0","15.0","WR","NYJ","13","64.04","0.0","3.0","0.0","0.0","0.0","0.0","$1","$1"
"","749","Lynn Bowden","15.0","15.0","WR","UNS","18","74.01","0.0","0.0","0.0","0.0","0.0","0.0","$1","$1"
"","750","Laviska Shenault","15.0","15.0","WR","UNS","18","47.02","0.0","0.0","0.0","0.0","0.0","0.0","$1","$1"
"","751","K.J. Hamler","15.0","15.0","WR","UNS","18","74.01","0.0","0.0","0.0","0.0","0.0","0.0","$1","$1"
"","752","James Proche","15.0","15.0","WR","TEN","9","54.04","0.0","1.0","0.0","0.0","0.0","0.0","$1","$1"
"","753","Gabriel 'Gabe' Davis","15.0","15.0","WR","BUF","7","50.04","0.0","0.0","0.0","0.0","0.0","0.0","$1","$1"
"","754","Isaiah Hodgins","15.0","15.0","WR","NYG","8","59.06","0.0","8.0","0.0","0.0","0.0","0.0","$1","$1"
"","755","Marquez Callaway","15.0","15.0","WR","UNS","18","42.09","0.0","0.0","0.0","0.0","0.0","0.0","$1","$1"
"","756","Jalen Reagor","15.0","15.0","WR","UNS","18","32.03","0.0","0.0","0.0","0.0","0.0","0.0","$1","$1"
"","757","Chase Claypool","15.0","15.0","WR","UNS","18","74.01","0.0","0.0","0.0","0.0","0.0","0.0","$1","$1"
"","758","Donovan Peoples-Jones","15.0","15.0","WR","UNS","18","74.01","0.0","0.0","0.0","0.0","0.0","0.0","$1","$1"
"","759","Lideatrick Griffin","15.0","15.0","WR","GB","11","74.01","0.0","0.0","0.0","0.0","0.0","0.0","$1","$1"
"","760","Jared Wayne","15.0","15.0","WR","UNS","18","57.01","0.0","0.0","0.0","0.0","0.0","0.0","$1","$1"
"","761","Nick Nash","15.0","15.0","WR","UNS","18","59.08","0.0","0.0","0.0","0.0","0.0","0.0","$1","$1"
"","762","Ricky White","15.0","15.0","WR","SEA","11","46.02","0.0","1.0","0.0","0.0","0.0","0.0","$1","$1"
"","763","Daniel Jackson","15.0","15.0","WR","HOU","8","74.01","0.0","0.0","0.0","0.0","0.0","0.0","$1","$1"
"","764","Josh Kelly","15.0","15.0","WR","DAL","14","74.01","0.0","0.0","0.0","0.0","0.0","0.0","$1","$1"
"","765","Traeshon Holden","15.0","15.0","WR","DAL","14","74.01","0.0","0.0","0.0","0.0","0.0","0.0","$1","$1"
"","766","Roc Taylor","15.0","15.0","WR","PIT","9","74.01","0.0","0.0","0.0","0.0","0.0","0.0","$1","$1"
"","767","Isaiah Neyor","15.0","15.0","WR","GB","11","52.07","0.0","0.0","0.0","0.0","0.0","0.0","$1","$1"
"","768","Ja'Corey Brooks","15.0","15.0","WR","WAS","7","25.10","0.0","0.0","0.0","0.0","0.0","0.0","$1","$1"
"","769","Samuel Brown","15.0","15.0","WR","RK","18","74.01","0.0","0.0","0.0","0.0","0.0","0.0","$1","$1"
"","770","Elijhah Badger","15.0","15.0","WR","UNS","18","74.01","0.0","0.0","0.0","0.0","0.0","0.0","$1","$1"
"","771","Jacolby George","15.0","15.0","WR","CAR","5","74.01","0.0","0.0","0.0","0.0","0.0","0.0","$1","$1"
"","772","Beaux Collins","15.0","15.0","WR","NYG","8","61.11","0.0","0.0","0.0","0.0","0.0","0.0","$1","$1"
"","773","Andrew Armstrong","15.0","15.0","WR","UNS","18","74.01","0.0","0.0","0.0","0.0","0.0","0.0","$1","$1"
"","774","Junior Bergen","15.0","15.0","WR","SF","8","35.07","0.0","0.0","0.0","0.0","0.0","0.0","$1","$1"
"","775","Cole Burgess","15.0","15.0","WR","CIN","6","74.01","0.0","0.0","0.0","0.0","0.0","0.0","$1","$1"
"","776","Will Sheppard","15.0","15.0","WR","TB","10","74.01","0.0","0.0","0.0","0.0","0.0","0.0","$1","$1"
"","777","Brycen Tremayne","15.0","15.0","WR","CAR","5","55.13","0.0","0.0","0.0","0.0","0.0","0.0","$1","$1"
"","778","Gunner Olszewski","15.0","15.0","WR","NYG","8","23.12","0.0","0.0","0.0","0.0","0.0","0.0","$1","$1"
"","779","Xavier Johnson","15.0","15.0","WR","HOU","8","74.01","0.0","0.0","0.0","0.0","0.0","0.0","$1","$1"
"","780","Tejhaun Palmer","15.0","15.0","WR","ARI","14","46.05","0.0","0.0","0.0","0.0","0.0","0.0","$1","$1"
"","781","Terique Owens","15.0","15.0","WR","SF","8","74.01","0.0","0.0","0.0","0.0","0.0","0.0","$1","$1"
"","782","Dane Key","15.0","15.0","WR","DEN","10","74.01","0.0","3.0","0.0","0.0","0.0","0.0","$1","$1"
"","783","Will Pauling","15.0","15.0","WR","SF","8","74.01","0.0","0.0","0.0","0.0","0.0","0.0","$1","$1"
"","784","Jahdae Walker","15.0","15.0","WR","CHI","10","18.01","0.0","38.0","0.0","0.0","0.0","0.0","$1","$1"
"","785","Dillon Bell","15.0","15.0","WR","MIN","6","74.01","0.0","0.0","0.0","0.0","0.0","0.0","$1","$1"
"","786","Tom Kennedy","15.0","15.0","WR","DET","6","37.09","0.0","0.0","0.0","0.0","0.0","0.0","$1","$1"
"","787","Dylan Drummond","15.0","15.0","WR","ATL","11","24.12","0.0","0.0","0.0","0.0","0.0","0.0","$1","$1"
"","788","Mason Kinsey","15.0","15.0","WR","TEN","9","49.12","0.0","0.0","0.0","0.0","0.0","0.0","$1","$1"
"","789","Andre Baccellia","15.0","15.0","WR","UNS","18","30.07","0.0","0.0","0.0","0.0","0.0","0.0","$1","$1"
"","790","Cody White","15.0","15.0","WR","SEA","11","33.02","0.0","0.0","0.0","0.0","0.0","0.0","$1","$1"
"","791","Bryce Ford-Wheaton","15.0","15.0","WR","NYG","8","38.09","0.0","0.0","0.0","0.0","0.0","0.0","$1","$1"
"","792","Kwamie Lassiter II","15.0","15.0","WR","CIN","6","74.01","0.0","0.0","0.0","0.0","0.0","0.0","$1","$1"
"","793","Dax Milne","15.0","15.0","WR","UNS","18","74.01","0.0","0.0","0.0","0.0","0.0","0.0","$1","$1"
"","794","Steven Sims","15.0","15.0","WR","SEA","11","50.12","0.0","0.0","0.0","0.0","0.0","0.0","$1","$1"
"","795","Jha'Quan Jackson","15.0","15.0","WR","UNS","18","49.06","0.0","0.0","0.0","0.0","0.0","0.0","$1","$1"
"","796","DJ Turner","15.0","15.0","WR","LVR","13","46.10","0.0","0.0","0.0","0.0","0.0","0.0","$1","$1"
"","797","Xavier Weaver","15.0","15.0","WR","ARI","14","34.14","0.0","0.0","0.0","0.0","0.0","0.0","$1","$1"
"","798","Bryce Oliver","15.0","15.0","WR","TEN","9","52.10","0.0","3.0","0.0","0.0","0.0","0.0","$1","$1"
"","799","Jalen Virgil","15.0","15.0","WR","UNS","18","49.04","0.0","0.0","0.0","0.0","0.0","0.0","$1","$1"
"","800","Ramel Keyton","15.0","15.0","WR","LVR","13","43.01","0.0","0.0","0.0","0.0","0.0","0.0","$1","$1"
"","801","Ryan Miller","15.0","15.0","WR","TB","10","60.03","0.0","0.0","0.0","0.0","0.0","0.0","$1","$1"
"","802","Alex Bachman","15.0","15.0","WR","LVR","13","30.03","0.0","0.0","0.0","0.0","0.0","0.0","$1","$1"
"","803","Grant DuBose","15.0","15.0","WR","MIA","6","62.05","0.0","0.0","0.0","0.0","0.0","0.0","$1","$1"
"","804","Makai Polk","15.0","15.0","WR","UNS","18","74.01","0.0","0.0","0.0","0.0","0.0","0.0","$1","$1"
"","805","Cade Johnson","15.0","15.0","WR","UNS","18","74.01","0.0","0.0","0.0","0.0","0.0","0.0","$1","$1"
"","806","Seth Williams","15.0","15.0","WR","JAC","7","74.01","0.0","0.0","0.0","0.0","0.0","0.0","$1","$1"
"","807","Dez Fitzpatrick","15.0","15.0","WR","UNS","18","35.11","0.0","0.0","0.0","0.0","0.0","0.0","$1","$1"
"","808","Michael Woods II","15.0","15.0","WR","CLE","11","31.02","0.0","0.0","0.0","0.0","0.0","0.0","$1","$1"
"","809","Da'Quan Felton","15.0","15.0","WR","NYG","8","74.01","0.0","0.0","0.0","0.0","0.0","0.0","$1","$1"
"","810","Antwane Wells Jr.","15.0","15.0","WR","NYG","8","74.01","0.0","0.0","0.0","0.0","0.0","0.0","$1","$1"
"","811","Kaden Prather","15.0","15.0","WR","BUF","7","25.11","0.0","0.0","0.0","0.0","0.0","0.0","$1","$1"
"","812","Kobe Hudson","15.0","15.0","WR","CAR","5","74.01","0.0","0.0","0.0","0.0","0.0","0.0","$1","$1"
"","813","Jermaine Burton","15.0","15.0","WR","UNS","18","44.08","0.0","11.0","0.0","0.0","0.0","0.0","$1","$1"
"","814","Brenden Rice","15.0","15.0","WR","GB","11","28.02","0.0","0.0","0.0","0.0","0.0","0.0","$1","$1"
"","815","Jamari Thrash","15.0","15.0","WR","UNS","18","57.10","0.0","0.0","0.0","0.0","0.0","0.0","$1","$1"
"","816","Ainias Smith","15.0","15.0","WR","UNS","18","56.05","0.0","0.0","0.0","0.0","0.0","0.0","$1","$1"
"","817","Javon Baker","15.0","15.0","WR","UNS","18","39.08","0.0","0.0","0.0","0.0","0.0","0.0","$1","$1"
"","818","Marcus Rosemy-Jacksaint","15.0","15.0","WR","UNS","18","74.01","0.0","0.0","0.0","0.0","0.0","0.0","$1","$1"
"","819","Cornelius Johnson","15.0","15.0","WR","GB","11","65.02","0.0","0.0","0.0","0.0","0.0","0.0","$1","$1"
"","820","Joshua Cephus","15.0","15.0","WR","UNS","18","28.06","0.0","0.0","0.0","0.0","0.0","0.0","$1","$1"
"","821","Antoine Green","15.0","15.0","WR","DET","6","57.12","0.0","0.0","0.0","0.0","0.0","0.0","$1","$1"
"","822","Kirk Merritt","15.0","15.0","WR","UNS","18","74.01","0.0","0.0","0.0","0.0","0.0","0.0","$1","$1"
"","823","Colton Dowell","15.0","15.0","WR","TEN","9","62.09","0.0","0.0","0.0","0.0","0.0","0.0","$1","$1"
"","824","Xavier Gipson","15.0","15.0","WR","NYG","8","29.11","0.0","0.0","0.0","0.0","0.0","0.0","$1","$1"
"","825","Jalen Brooks","15.0","15.0","WR","ARI","14","33.11","0.0","3.0","0.0","0.0","0.0","0.0","$1","$1"
"","826","Malik Heath","15.0","15.0","WR","UNS","18","45.11","0.0","0.0","0.0","0.0","0.0","0.0","$1","$1"
"","827","Jason Brownlee","15.0","15.0","WR","NYJ","13","51.06","0.0","0.0","0.0","0.0","0.0","0.0","$1","$1"
"","828","Durham Smythe","15.0","15.0","TE","BAL","13","22.14","17.7","24.0","17.7","17.7","17.7","0.0","$1","$1"
"","829","Ty Simpson","15.0","7.0","QB","LAR","11","16.10","25.0","14.0","27.8","91.7","44.7","0.0","$1","$1"
"","830","Cade Klubnik","15.0","7.0","QB","NYJ","13","36.11","23.8","18.0","26.4","79.2","40.3","0.0","$1","$1"
"","831","Julian Hill","15.0","15.0","TE","NE","11","18.12","5.3","12.0","5.6","19.0","9.2","0.0","$1","$1"
"","832","Max Bredeson","15.0","15.0","TE","MIN","6","40.10","9.0","9.0","9.0","9.0","9.0","0.0","$1","$1"
"","833","Lake McRee","15.0","15.0","TE","PIT","9","74.01","4.8","0.0","5.6","15.1","8.1","0.0","$1","$1"
"","834","Taylen Green","15.0","8.0","QB","CLE","11","24.13","11.3","31.0","13.3","46.6","22.0","0.0","$1","$1"
"","835","Drew Allar","15.0","8.0","QB","PIT","9","20.04","12.3","8.0","13.7","42.5","21.3","0.0","$1","$1"
"","836","Jordan Matthews","15.0","15.0","TE","UNS","18","64.12","0.0","0.0","0.0","0.0","0.0","0.0","$1","$1"
"","837","Zach Ertz","15.0","15.0","TE","UNS","18","36.05","0.0","22.0","0.0","0.0","0.0","0.0","$1","$1"
"","838","Gerald Everett","15.0","15.0","TE","UNS","18","57.05","0.0","0.0","0.0","0.0","0.0","0.0","$1","$1"
"","839","Geoff Swaim","15.0","15.0","TE","UNS","18","61.09","0.0","0.0","0.0","0.0","0.0","0.0","$1","$1"
"","840","C.J. Uzomah","15.0","15.0","TE","UNS","18","51.14","0.0","0.0","0.0","0.0","0.0","0.0","$1","$1"
"","841","Tyler Kroft","15.0","15.0","TE","MIA","6","74.01","0.0","0.0","0.0","0.0","0.0","0.0","$1","$1"
"","842","Irv Smith","15.0","15.0","TE","HOU","8","41.01","0.0","0.0","0.0","0.0","0.0","0.0","$1","$1"
"","843","Foster Moreau","15.0","15.0","TE","HOU","8","63.07","0.0","25.0","0.0","0.0","0.0","0.0","$1","$1"
"","844","Donald Parham","15.0","15.0","TE","PIT","9","32.07","0.0","0.0","0.0","0.0","0.0","0.0","$1","$1"
"","845","Blake Bell","15.0","15.0","TE","KC","5","74.01","0.0","0.0","0.0","0.0","0.0","0.0","$1","$1"
"","846","Ross Dwelley","15.0","15.0","TE","UNS","18","60.10","0.0","0.0","0.0","0.0","0.0","0.0","$1","$1"
"","847","Robert Tonyan","15.0","15.0","TE","KC","5","63.08","0.0","1.0","0.0","0.0","0.0","0.0","$1","$1"
"","848","Ian Thomas","15.0","15.0","TE","LVR","13","54.09","0.0","10.0","0.0","0.0","0.0","0.0","$1","$1"
"","849","Anthony Firkser","15.0","15.0","TE","DET","6","40.08","0.0","28.0","0.0","0.0","0.0","0.0","$1","$1"
"","850","Jordan Akins","15.0","15.0","TE","UNS","18","59.13","0.0","0.0","0.0","0.0","0.0","0.0","$1","$1"
"","851","Jelani Woods","15.0","15.0","TE","UNS","18","49.09","0.0","0.0","0.0","0.0","0.0","0.0","$1","$1"
"","852","Cole Turner","15.0","15.0","TE","UNS","18","44.07","0.0","8.0","0.0","0.0","0.0","0.0","$1","$1"
"","853","Teagan Quitoriano","15.0","15.0","TE","ARI","14","46.08","0.0","29.0","0.0","0.0","0.0","0.0","$1","$1"
"","854","James Mitchell","15.0","15.0","TE","UNS","18","47.09","0.0","20.0","0.0","0.0","0.0","0.0","$1","$1"
"","855","Connor Heyward","15.0","15.0","TE","LVR","13","67.02","0.0","22.0","0.0","0.0","0.0","0.0","$1","$1"
"","856","Ko Kieft","15.0","15.0","TE","TB","10","40.05","0.0","1.0","0.0","0.0","0.0","0.0","$1","$1"
"","857","Lucas Krull","15.0","15.0","TE","DEN","10","50.14","0.0","11.0","0.0","0.0","0.0","0.0","$1","$1"
"","858","Stone Smartt","15.0","15.0","TE","PHI","10","60.14","0.0","5.0","0.0","0.0","0.0","0.0","$1","$1"
"","859","Peyton Hendershot","15.0","15.0","TE","UNS","18","54.12","0.0","0.0","0.0","0.0","0.0","0.0","$1","$1"
"","860","Josh Whyle","15.0","15.0","TE","GB","11","38.12","0.0","12.0","0.0","0.0","0.0","0.0","$1","$1"
"","861","Kylen Granson","15.0","15.0","TE","TEN","9","41.12","0.0","8.0","0.0","0.0","0.0","0.0","$1","$1"
"","862","Tyler Davis","15.0","15.0","TE","GB","11","74.01","0.0","0.0","0.0","0.0","0.0","0.0","$1","$1"
"","863","Quintin Morris","15.0","15.0","TE","JAC","7","42.02","0.0","2.0","0.0","0.0","0.0","0.0","$1","$1"
"","864","Mitchell Wilcox","15.0","15.0","TE","NE","11","45.05","0.0","0.0","0.0","0.0","0.0","0.0","$1","$1"
"","865","Lawrence Cager","15.0","15.0","TE","UNS","18","50.10","0.0","0.0","0.0","0.0","0.0","0.0","$1","$1"
"","866","Eric Saubert","15.0","15.0","TE","SEA","11","66.02","0.0","8.0","0.0","0.0","0.0","0.0","$1","$1"
"","867","Jack Stoll","15.0","15.0","TE","CLE","11","52.08","0.0","2.0","0.0","0.0","0.0","0.0","$1","$1"
"","868","Stephen Sullivan","15.0","15.0","TE","CAR","5","58.04","0.0","0.0","0.0","0.0","0.0","0.0","$1","$1"
"","869","Pharaoh Brown","15.0","15.0","TE","UNS","18","63.02","0.0","0.0","0.0","0.0","0.0","0.0","$1","$1"
"","870","Brevin Jordan","15.0","15.0","TE","HOU","8","51.12","0.0","2.0","0.0","0.0","0.0","0.0","$1","$1"
"","871","Brycen Hopkins","15.0","15.0","TE","LAR","11","74.01","0.0","0.0","0.0","0.0","0.0","0.0","$1","$1"
"","872","Albert Okwuegbunam","15.0","15.0","TE","LVR","13","55.04","0.0","0.0","0.0","0.0","0.0","0.0","$1","$1"
"","873","Josiah Deguara","15.0","15.0","TE","ARI","14","54.06","0.0","0.0","0.0","0.0","0.0","0.0","$1","$1"
"","874","Harrison Bryant","15.0","15.0","TE","SEA","11","50.03","0.0","3.0","0.0","0.0","0.0","0.0","$1","$1"
"","875","Zach Davidson","15.0","15.0","TE","BUF","7","57.04","0.0","0.0","0.0","0.0","0.0","0.0","$1","$1"
"","876","Luke Lachey","15.0","15.0","TE","HOU","8","32.06","0.0","0.0","0.0","0.0","0.0","0.0","$1","$1"
"","877","Benjamin Yurosek","15.0","15.0","TE","MIN","6","31.08","0.0","0.0","0.0","0.0","0.0","0.0","$1","$1"
"","878","Joshua Simon","15.0","15.0","TE","ATL","11","74.01","0.0","0.0","0.0","0.0","0.0","0.0","$1","$1"
"","879","Bryson Nesbit","15.0","15.0","TE","MIN","6","74.01","0.0","0.0","0.0","0.0","0.0","0.0","$1","$1"
"","880","Robbie Ouzts","15.0","15.0","RB","SEA","11","47.05","0.0","0.0","0.0","0.0","0.0","0.0","$1","$1"
"","881","Jalin Conyers","15.0","15.0","TE","MIA","6","74.01","0.0","0.0","0.0","0.0","0.0","0.0","$1","$1"
"","882","Moliki Matavao","15.0","15.0","TE","NO","8","33.10","0.0","9.0","0.0","0.0","0.0","0.0","$1","$1"
"","883","CJ Dippre","15.0","15.0","TE","NE","11","34.02","0.0","0.0","0.0","0.0","0.0","0.0","$1","$1"
"","884","Gavin Bartholomew","15.0","15.0","TE","MIN","6","47.01","0.0","0.0","0.0","0.0","0.0","0.0","$1","$1"
"","885","Caleb Lohner","15.0","15.0","TE","DEN","10","52.06","0.0","0.0","0.0","0.0","0.0","0.0","$1","$1"
"","886","Tanner Conner","15.0","15.0","TE","UNS","18","55.01","0.0","0.0","0.0","0.0","0.0","0.0","$1","$1"
"","887","Tucker Fisk","15.0","15.0","TE","LAC","7","59.09","0.0","0.0","0.0","0.0","0.0","0.0","$1","$1"
"","888","David Martin-Robinson","15.0","15.0","TE","TEN","9","33.12","0.0","0.0","0.0","0.0","0.0","0.0","$1","$1"
"","889","Tanner Arkin","15.0","15.0","TE","NE","11","74.01","0.0","0.0","0.0","0.0","0.0","0.0","$1","$1"
"","890","Cody Hardy","15.0","15.0","TE","NO","8","74.01","0.0","0.0","0.0","0.0","0.0","0.0","$1","$1"
"","891","Dae'Quan Wright","15.0","15.0","TE","PHI","10","74.01","0.0","0.0","0.0","0.0","0.0","0.0","$1","$1"
"","892","Miles Kitselman","15.0","15.0","TE","DET","6","74.01","0.0","0.0","0.0","0.0","0.0","0.0","$1","$1"
"","893","Khalil Dinkins","15.0","15.0","TE","SF","8","74.01","0.0","0.0","0.0","0.0","0.0","0.0","$1","$1"
"","894","Dan Villari","15.0","15.0","TE","LAR","11","74.01","0.0","0.0","0.0","0.0","0.0","0.0","$1","$1"
"","895","Sal Cannella","15.0","15.0","TE","CLE","11","20.10","0.0","0.0","0.0","0.0","0.0","0.0","$1","$1"
"","896","MyCole Pruitt","15.0","15.0","TE","PIT","9","62.11","0.0","0.0","0.0","0.0","0.0","0.0","$1","$1"
"","897","Chris Manhertz","15.0","15.0","TE","NYG","8","63.13","0.0","3.0","0.0","0.0","0.0","0.0","$1","$1"
"","898","Nate Adkins","15.0","15.0","TE","DEN","10","42.11","0.0","12.0","0.0","0.0","0.0","0.0","$1","$1"
"","899","Shane Zylstra","15.0","15.0","TE","DET","6","31.14","0.0","0.0","0.0","0.0","0.0","0.0","$1","$1"
"","900","Nick Vannett","15.0","15.0","TE","UNS","18","63.12","0.0","0.0","0.0","0.0","0.0","0.0","$1","$1"
"","901","Blake Whiteheart","15.0","15.0","TE","CLE","11","38.06","0.0","0.0","0.0","0.0","0.0","0.0","$1","$1"
"","902","E.J. Jenkins","15.0","15.0","TE","PHI","10","58.09","0.0","0.0","0.0","0.0","0.0","0.0","$1","$1"
"","903","Feleipe Franks","15.0","15.0","TE","CAR","5","53.02","0.0","1.0","0.0","0.0","0.0","0.0","$1","$1"
"","904","John FitzPatrick","15.0","15.0","TE","GB","11","56.07","0.0","0.0","0.0","0.0","0.0","0.0","$1","$1"
"","905","Jack Westover","15.0","15.0","TE","NE","11","58.12","0.0","0.0","0.0","0.0","0.0","0.0","$1","$1"
"","906","Briley Moore","15.0","15.0","TE","TEN","9","74.01","0.0","0.0","0.0","0.0","0.0","0.0","$1","$1"
"","907","Kenny Yeboah","15.0","15.0","TE","UNS","18","45.01","0.0","0.0","0.0","0.0","0.0","0.0","$1","$1"
"","908","Tanner McLachlan","15.0","15.0","TE","CIN","6","36.08","0.0","0.0","0.0","0.0","0.0","0.0","$1","$1"
"","909","Jaheim Bell","15.0","15.0","TE","UNS","18","45.04","0.0","26.0","0.0","0.0","0.0","0.0","$1","$1"
"","910","Cameron Latu","15.0","15.0","TE","UNS","18","37.03","0.0","2.0","0.0","0.0","0.0","0.0","$1","$1"
"","911","Dillon Gabriel","15.0","8.0","QB","CLE","11","35.12","11.4","13.0","12.7","40.6","20.1","0.0","$1","$1"
"","912","Joshua Karty","15.0","7.0","K","ARI","14","44.11","63.4","0.0","64.0","89.6","70.9","0.0","$1","$1"
"","913","Spencer Shrader","15.0","7.0","K","IND","13","17.05","62.7","59.0","64.0","86.4","69.9","0.0","$1","$1"
"","914","Zach Wilson","15.0","9.0","QB","NO","8","35.02","0.0","0.0","0.0","0.0","0.0","0.0","$1","$1"
"","915","Justin Fields","15.0","9.0","QB","KC","5","19.01","0.0","16.0","0.0","0.0","0.0","0.0","$1","$1"
"","916","Trey Lance","15.0","9.0","QB","LAC","7","27.05","0.0","14.0","0.0","0.0","0.0","0.0","$1","$1"
"","917","Mac Jones","15.0","9.0","QB","SF","8","19.07","0.0","23.0","0.0","0.0","0.0","0.0","$1","$1"
"","918","Jacob Eason","15.0","9.0","QB","NYG","8","74.01","0.0","0.0","0.0","0.0","0.0","0.0","$1","$1"
"","919","Graham Mertz","15.0","9.0","QB","HOU","8","55.02","0.0","0.0","0.0","0.0","0.0","0.0","$1","$1"
"","920","Brady Cook","15.0","9.0","QB","NYJ","13","25.07","0.0","0.0","0.0","0.0","0.0","0.0","$1","$1"
"","921","Seth Henigan","15.0","9.0","QB","JAC","7","74.01","0.0","0.0","0.0","0.0","0.0","0.0","$1","$1"
"","922","Max Brosmer","15.0","9.0","QB","MIN","6","64.03","0.0","0.0","0.0","0.0","0.0","0.0","$1","$1"
"","923","Kurtis Rourke","15.0","9.0","QB","SF","8","55.03","0.0","0.0","0.0","0.0","0.0","0.0","$1","$1"
"","924","Kyle McCord","15.0","9.0","QB","PHI","10","64.02","0.0","0.0","0.0","0.0","0.0","0.0","$1","$1"
"","925","Will Howard","15.0","9.0","QB","PIT","9","26.07","0.0","11.0","0.0","0.0","0.0","0.0","$1","$1"
"","926","Kyle Allen","15.0","9.0","QB","BUF","7","32.02","0.0","0.0","0.0","0.0","0.0","0.0","$1","$1"
"","927","Vernon Adams Jr.","15.0","9.0","QB","UNS","18","74.01","0.0","0.0","0.0","0.0","0.0","0.0","$1","$1"
"","928","Jack Plummer","15.0","9.0","QB","CAR","5","74.01","0.0","0.0","0.0","0.0","0.0","0.0","$1","$1"
"","929","Haynes King","15.0","9.0","QB","CAR","5","74.01","0.0","0.0","0.0","0.0","0.0","0.0","$1","$1"
"","930","Luke Altmyer","15.0","9.0","QB","DET","6","74.01","0.0","0.0","0.0","0.0","0.0","0.0","$1","$1"
"","931","DJ Uiagalelei","15.0","9.0","QB","LAC","7","74.01","0.0","0.0","0.0","0.0","0.0","0.0","$1","$1"
"","932","Hunter Dekkers","15.0","9.0","QB","NO","8","74.01","0.0","0.0","0.0","0.0","0.0","0.0","$1","$1"
"","933","Tommy Mellott","15.0","9.0","WR","UNS","18","29.01","0.0","0.0","0.0","0.0","0.0","0.0","$1","$1"
"","934","Cam Miller","15.0","9.0","QB","UNS","18","28.11","0.0","0.0","0.0","0.0","0.0","0.0","$1","$1"
"","935","Tanner McKee","15.0","9.0","QB","PHI","10","36.03","0.0","0.0","0.0","0.0","0.0","0.0","$1","$1"
"","936","Sam Ehlinger","15.0","9.0","QB","UNS","18","54.08","0.0","0.0","0.0","0.0","0.0","0.0","$1","$1"
"","937","Kedon Slovis","15.0","9.0","QB","UNS","18","56.04","0.0","0.0","0.0","0.0","0.0","0.0","$1","$1"
"","938","Austin Reed","15.0","9.0","QB","CHI","10","74.01","0.0","0.0","0.0","0.0","0.0","0.0","$1","$1"
"","939","Ian Book","15.0","9.0","QB","UNS","18","74.01","0.0","0.0","0.0","0.0","0.0","0.0","$1","$1"
"","940","Tommy DeVito","15.0","9.0","QB","NE","11","18.08","0.0","12.0","0.0","0.0","0.0","0.0","$1","$1"
"","941","Aidan O'Connell","15.0","9.0","QB","LVR","13","27.07","0.0","0.0","0.0","0.0","0.0","0.0","$1","$1"
"","942","Spencer Rattler","15.0","9.0","QB","NO","8","32.11","0.0","13.0","0.0","0.0","0.0","0.0","$1","$1"
"","943","Michael Pratt","15.0","9.0","QB","TB","10","19.13","0.0","0.0","0.0","0.0","0.0","0.0","$1","$1"
"","944","Joe Milton III","15.0","9.0","QB","DAL","14","18.10","0.0","12.0","0.0","0.0","0.0","0.0","$1","$1"
"","945","Devin Leary","15.0","9.0","QB","BAL","13","21.01","0.0","0.0","0.0","0.0","0.0","0.0","$1","$1"
"","946","Sam Hartman","15.0","9.0","QB","UNS","18","74.01","0.0","0.0","0.0","0.0","0.0","0.0","$1","$1"
"","947","Josh Johnson","15.0","9.0","QB","CIN","6","35.04","0.0","0.0","0.0","0.0","0.0","0.0","$1","$1"
"","948","Nathan Rourke","15.0","9.0","QB","NE","11","60.05","0.0","0.0","0.0","0.0","0.0","0.0","$1","$1"
"","949","Ben DiNucci","15.0","9.0","QB","UNS","18","74.01","0.0","0.0","0.0","0.0","0.0","0.0","$1","$1"
"","950","Max Duggan","15.0","9.0","QB","UNS","18","44.13","0.0","0.0","0.0","0.0","0.0","0.0","$1","$1"
"","951","Sean Clifford","15.0","9.0","QB","UNS","18","47.10","0.0","0.0","0.0","0.0","0.0","0.0","$1","$1"
"","952","Skylar Thompson","15.0","9.0","QB","PIT","9","30.08","0.0","0.0","0.0","0.0","0.0","0.0","$1","$1"
"","953","Brandon Allen","15.0","9.0","QB","NYG","8","51.07","0.0","0.0","0.0","0.0","0.0","0.0","$1","$1"
"","954","Riley Leonard","15.0","9.0","QB","IND","13","21.05","0.0","12.0","0.0","0.0","0.0","0.0","$1","$1"
"","955","Quinn Ewers","15.0","9.0","QB","MIA","6","22.13","0.0","14.0","0.0","0.0","0.0","0.0","$1","$1"
"","956","Jalen Milroe","15.0","9.0","QB","SEA","11","33.08","0.0","11.0","0.0","0.0","0.0","0.0","$1","$1"
"","957","Chris Oladokun","15.0","9.0","QB","KC","5","62.10","0.0","12.0","0.0","0.0","0.0","0.0","$1","$1"
"","958","Dresser Winn","15.0","9.0","QB","LAR","11","74.01","0.0","0.0","0.0","0.0","0.0","0.0","$1","$1"
"","959","Garrett Nussmeier","15.0","9.0","QB","KC","5","56.12","0.0","3.0","0.0","0.0","0.0","0.0","$1","$1"
"","960","Diego Pavia","15.0","9.0","QB","BAL","13","74.01","0.0","4.0","0.0","0.0","0.0","0.0","$1","$1"
"","961","Sawyer Robertson","15.0","9.0","QB","LVR","13","74.01","0.0","0.0","0.0","0.0","0.0","0.0","$1","$1"
"","962","Joe Fagnano","15.0","9.0","QB","BAL","13","74.01","0.0","0.0","0.0","0.0","0.0","0.0","$1","$1"
"","963","Joey Aguilar","15.0","9.0","QB","JAC","7","74.01","0.0","0.0","0.0","0.0","0.0","0.0","$1","$1"
"","964","Athan Kaliakmanis","15.0","9.0","QB","WAS","7","56.13","0.0","0.0","0.0","0.0","0.0","0.0","$1","$1"
"","965","Mark Gronowski","15.0","9.0","QB","MIA","6","74.01","0.0","0.0","0.0","0.0","0.0","0.0","$1","$1"
"","966","Jalon Daniels","15.0","9.0","QB","TB","10","74.01","0.0","0.0","0.0","0.0","0.0","0.0","$1","$1"
"","967","Behren Morton","15.0","9.0","QB","NE","11","45.14","0.0","0.0","0.0","0.0","0.0","0.0","$1","$1"
"","968","Cole Payton","15.0","9.0","QB","PHI","10","65.10","0.0","0.0","0.0","0.0","0.0","0.0","$1","$1"
"","969","Nick Mullens","15.0","9.0","QB","JAC","7","40.12","0.0","12.0","0.0","0.0","0.0","0.0","$1","$1"
"","970","Cooper Rush","15.0","9.0","QB","UNS","18","58.05","0.0","0.0","0.0","0.0","0.0","0.0","$1","$1"
"","971","Mason Rudolph","15.0","9.0","QB","PIT","9","22.11","0.0","12.0","0.0","0.0","0.0","0.0","$1","$1"
"","972","Stetson Bennett","15.0","9.0","QB","LAR","11","17.03","0.0","0.0","0.0","0.0","0.0","0.0","$1","$1"
"","973","Will Levis","15.0","9.0","QB","TEN","9","24.10","0.0","12.0","0.0","0.0","0.0","0.0","$1","$1"
"","974","Anthony Richardson","15.0","9.0","QB","IND","13","28.14","0.0","15.0","0.0","0.0","0.0","0.0","$1","$1"
"","975","Bailey Zappe","15.0","9.0","QB","UNS","18","27.10","0.0","0.0","0.0","0.0","0.0","0.0","$1","$1"
"","976","Sam Howell","15.0","9.0","QB","DAL","14","44.03","0.0","4.0","0.0","0.0","0.0","0.0","$1","$1"
"","977","Kenny Pickett","15.0","9.0","QB","CAR","5","22.12","0.0","6.0","0.0","0.0","0.0","0.0","$1","$1"
"","978","Desmond Ridder","15.0","9.0","QB","GB","11","30.02","0.0","0.0","0.0","0.0","0.0","0.0","$1","$1"
"","979","Joshua Dobbs","15.0","9.0","QB","UNS","18","28.13","0.0","10.0","0.0","0.0","0.0","0.0","$1","$1"
"","980","Tim Boyle","15.0","9.0","QB","UNS","18","48.03","0.0","0.0","0.0","0.0","0.0","0.0","$1","$1"
"","981","Tyler Huntley","15.0","9.0","QB","BAL","13","35.03","0.0","12.0","0.0","0.0","0.0","0.0","$1","$1"
"","982","Davis Mills","15.0","9.0","QB","HOU","8","34.13","0.0","15.0","0.0","0.0","0.0","0.0","$1","$1"
"","983","Kyle Trask","15.0","9.0","QB","UNS","18","53.06","0.0","0.0","0.0","0.0","0.0","0.0","$1","$1"
"","984","Hendon Hooker","15.0","9.0","QB","TEN","9","35.10","0.0","0.0","0.0","0.0","0.0","0.0","$1","$1"
"","985","Malik Cunningham","15.0","9.0","QB","BAL","13","56.11","0.0","0.0","0.0","0.0","0.0","0.0","$1","$1"
"","986","Jaren Hall","15.0","9.0","QB","SEA","11","59.10","0.0","0.0","0.0","0.0","0.0","0.0","$1","$1"
"","987","Clayton Tune","15.0","9.0","QB","GB","11","26.03","0.0","10.0","0.0","0.0","0.0","0.0","$1","$1"
"","988","Tyson Bagent","15.0","9.0","QB","CHI","10","19.08","0.0","7.0","0.0","0.0","0.0","0.0","$1","$1"
"","989","Dorian Thompson-Robinson","15.0","9.0","QB","UNS","18","58.07","0.0","0.0","0.0","0.0","0.0","0.0","$1","$1"
"","990","Jake Haener","15.0","9.0","QB","UNS","18","38.03","0.0","0.0","0.0","0.0","0.0","0.0","$1","$1"
"","991","Mitchell 'Mitch' Trubisky","15.0","9.0","QB","TEN","9","41.14","0.0","12.0","0.0","0.0","0.0","0.0","$1","$1"
"","992","Taylor Heinicke","15.0","9.0","QB","UNS","18","63.06","0.0","0.0","0.0","0.0","0.0","0.0","$1","$1"
"","993","C.J. Beathard","15.0","9.0","QB","UNS","18","74.01","0.0","0.0","0.0","0.0","0.0","0.0","$1","$1"
"","994","Jeff Driskel","15.0","9.0","QB","UNS","18","64.11","0.0","0.0","0.0","0.0","0.0","0.0","$1","$1"
"","995","Carson Wentz","15.0","9.0","QB","MIN","6","65.05","0.0","3.0","0.0","0.0","0.0","0.0","$1","$1"
"","996","Trevor Siemian","15.0","9.0","QB","ATL","11","40.04","0.0","0.0","0.0","0.0","0.0","0.0","$1","$1"
"","997","Marcus Mariota","15.0","9.0","QB","WAS","7","32.14","0.0","13.0","0.0","0.0","0.0","0.0","$1","$1"
"","998","Jameis Winston","15.0","9.0","QB","NYG","8","16.13","0.0","11.0","0.0","0.0","0.0","0.0","$1","$1"
"","999","Jimmy Garoppolo","15.0","9.0","QB","UNS","18","66.03","0.0","11.0","0.0","0.0","0.0","0.0","$1","$1"
"","1000","Drew Lock","15.0","9.0","QB","SEA","11","27.01","0.0","5.0","0.0","0.0","0.0","0.0","$1","$1"
"","1001","Will Grier","15.0","9.0","QB","CAR","5","74.01","0.0","0.0","0.0","0.0","0.0","0.0","$1","$1"
"","1002","Jarrett Stidham","15.0","9.0","QB","DEN","10","25.06","0.0","13.0","0.0","0.0","0.0","0.0","$1","$1"
"","1003","Mike White","15.0","9.0","QB","UNS","18","48.13","0.0","0.0","0.0","0.0","0.0","0.0","$1","$1"
"","1004","Brett Rypien","15.0","9.0","QB","IND","13","59.14","0.0","0.0","0.0","0.0","0.0","0.0","$1","$1"
"","1005","Jake Browning","15.0","9.0","QB","TB","10","48.01","0.0","5.0","0.0","0.0","0.0","0.0","$1","$1"
"","1006","Gardner Minshew","15.0","9.0","QB","ARI","14","23.03","0.0","23.0","0.0","0.0","0.0","0.0","$1","$1"
"","1007","Easton Stick","15.0","9.0","QB","UNS","18","36.09","0.0","0.0","0.0","0.0","0.0","0.0","$1","$1"
"","1008","Joe Flacco","15.0","9.0","QB","CIN","6","17.11","0.0","20.0","0.0","0.0","0.0","0.0","$1","$1"
"","1009","Philip Rivers","15.0","9.0","QB","IND","13","16.01","0.0","0.0","0.0","0.0","0.0","0.0","$1","$1"
"","1010","Derek Carr","15.0","9.0","QB","UNS","18","32.05","0.0","21.0","0.0","0.0","0.0","0.0","$1","$1"
"","1011","Teddy Bridgewater","15.0","9.0","QB","DET","6","41.05","0.0","14.0","0.0","0.0","0.0","0.0","$1","$1"
"","1012","Case Keenum","15.0","9.0","QB","CHI","10","57.08","0.0","0.0","0.0","0.0","0.0","0.0","$1","$1"
"","1013","Russell Wilson","15.0","9.0","QB","UNS","18","23.13","0.0","0.0","0.0","0.0","0.0","0.0","$1","$1"
"","1014","Ryan Tannehill","15.0","9.0","QB","UNS","18","74.01","0.0","0.0","0.0","0.0","0.0","0.0","$1","$1"
"","1015","Tyrod Taylor","15.0","9.0","QB","GB","11","38.05","0.0","12.0","0.0","0.0","0.0","0.0","$1","$1"
"","1016","Andy Dalton","15.0","9.0","QB","PHI","10","37.06","0.0","13.0","0.0","0.0","0.0","0.0","$1","$1"
"","1017","Blaine Gabbert","15.0","9.0","QB","KC","5","74.01","0.0","0.0","0.0","0.0","0.0","0.0","$1","$1"
"","1018","Blake Grupe","15.0","7.0","K","IND","13","71.09","56.1","96.0","56.7","82.2","63.6","0.0","$1","$1"
"","1019","Jason Sanders","15.0","8.0","K","NYG","8","67.11","10.1","98.0","10.1","10.1","10.1","0.0","$1","$1"
"","1020","Matt Prater","15.0","9.0","K","BUF","7","16.06","0.0","106.0","0.0","0.0","0.0","0.0","$1","$1"
"","1021","Dustin Hopkins","15.0","9.0","K","UNS","18","37.01","0.0","0.0","0.0","0.0","0.0","0.0","$1","$1"
"","1022","Justin Tucker","15.0","9.0","K","UNS","18","16.02","0.0","0.0","0.0","0.0","0.0","0.0","$1","$1"
"","1023","Randy Bullock","15.0","9.0","K","NYG","8","74.01","0.0","0.0","0.0","0.0","0.0","0.0","$1","$1"
"","1024","Greg Zuerlein","15.0","9.0","K","UNS","18","19.02","0.0","0.0","0.0","0.0","0.0","0.0","$1","$1"
"","1025","Austin Seibert","15.0","9.0","K","WAS","7","31.07","0.0","0.0","0.0","0.0","0.0","0.0","$1","$1"
"","1026","Matthew Wright","15.0","9.0","K","BUF","7","44.06","0.0","0.0","0.0","0.0","0.0","0.0","$1","$1"
"","1027","Daniel Carlson","15.0","9.0","K","LVR","13","26.14","0.0","79.0","0.0","0.0","0.0","0.0","$1","$1"
"","1028","Brett Maher","15.0","9.0","K","LAR","11","74.01","0.0","0.0","0.0","0.0","0.0","0.0","$1","$1"
"","1029","Greg Joseph","15.0","9.0","K","UNS","18","22.05","0.0","0.0","0.0","0.0","0.0","0.0","$1","$1"
"","1030","Michael 'Mike' Badgley","15.0","9.0","K","BUF","7","30.12","0.0","106.0","0.0","0.0","0.0","0.0","$1","$1"
"","1031","Younghoe Koo","15.0","9.0","K","NYJ","13","17.04","0.0","106.0","0.0","0.0","0.0","0.0","$1","$1"
"","1032","Lucas Havrisik","15.0","9.0","K","GB","11","21.13","0.0","0.0","0.0","0.0","0.0","0.0","$1","$1"
"","1033","Riley Patterson","15.0","9.0","K","MIA","6","63.10","0.0","65.0","0.0","0.0","0.0","0.0","$1","$1"
"","1034","Matt Ammendola","15.0","9.0","K","HOU","8","74.01","0.0","0.0","0.0","0.0","0.0","0.0","$1","$1"
"","1035","Elliott Fry","15.0","9.0","K","DEN","10","74.01","0.0","0.0","0.0","0.0","0.0","0.0","$1","$1"
"","1036","Jake Bailey","15.0","9.0","K","ATL","11","74.01","0.0","0.0","0.0","0.0","0.0","0.0","$1","$1"
"","1037","Tress Way","15.0","9.0","K","WAS","7","74.01","0.0","0.0","0.0","0.0","0.0","0.0","$1","$1"
"","1038","Jordan Stout","15.0","9.0","K","BAL","13","74.01","0.0","0.0","0.0","0.0","0.0","0.0","$1","$1"
"","1039","Daniel Whelan","15.0","9.0","K","GB","11","74.01","0.0","0.0","0.0","0.0","0.0","0.0","$1","$1"
"","1040","John Hoyland","15.0","9.0","K","BAL","13","74.01","0.0","0.0","0.0","0.0","0.0","0.0","$1","$1"
"","1041","Caden Davis","15.0","9.0","K","UNS","18","17.02","0.0","0.0","0.0","0.0","0.0","0.0","$1","$1"
"","1042","Maddux Trujillo","15.0","9.0","K","IND","13","74.01","0.0","0.0","0.0","0.0","0.0","0.0","$1","$1"
"","1043","Lenny Krieg","15.0","9.0","K","ATL","11","74.01","0.0","113.0","0.0","0.0","0.0","0.0","$1","$1"
"","1044","Jamie Gillan","15.0","9.0","K","UNS","18","74.01","0.0","0.0","0.0","0.0","0.0","0.0","$1","$1"
"","1045","Mike Meyer","15.0","9.0","K","UNS","18","74.01","0.0","0.0","0.0","0.0","0.0","0.0","$1","$1"
"","1046","Tucker McCann","15.0","9.0","K","UNS","18","74.01","0.0","0.0","0.0","0.0","0.0","0.0","$1","$1"
"","1047","Tommy Townsend","15.0","9.0","K","HOU","8","74.01","0.0","0.0","0.0","0.0","0.0","0.0","$1","$1"
"","1048","Blake Gillikin","15.0","9.0","K","ARI","14","74.01","0.0","0.0","0.0","0.0","0.0","0.0","$1","$1"
"","1049","Bradley Pinion","15.0","9.0","K","ATL","11","74.01","0.0","0.0","0.0","0.0","0.0","0.0","$1","$1"
"","1050","Matthew Hayball","15.0","9.0","K","NO","8","74.01","0.0","0.0","0.0","0.0","0.0","0.0","$1","$1"
"","1051","Tory Taylor","15.0","9.0","K","CHI","10","74.01","0.0","0.0","0.0","0.0","0.0","0.0","$1","$1"
"","1052","Corey Bojorquez","15.0","9.0","K","CLE","11","74.01","0.0","0.0","0.0","0.0","0.0","0.0","$1","$1"
"","1053","Riley Dixon","15.0","9.0","K","DEN","10","74.01","0.0","0.0","0.0","0.0","0.0","0.0","$1","$1"
"","1054","Logan Cooke","15.0","9.0","K","JAC","7","74.01","0.0","0.0","0.0","0.0","0.0","0.0","$1","$1"
"","1055","Michael Dickson","15.0","9.0","K","SEA","11","74.01","0.0","0.0","0.0","0.0","0.0","0.0","$1","$1"
"","1056","Thomas Morstead","15.0","9.0","K","NYJ","13","74.01","0.0","0.0","0.0","0.0","0.0","0.0","$1","$1"
"","1057","Jack Fox","15.0","9.0","K","DET","6","74.01","0.0","0.0","0.0","0.0","0.0","0.0","$1","$1"
"","1058","Rigoberto Sanchez","15.0","9.0","K","IND","13","74.01","0.0","0.0","0.0","0.0","0.0","0.0","$1","$1"
"","1059","Ryan Rehkow","15.0","9.0","K","CIN","6","74.01","0.0","0.0","0.0","0.0","0.0","0.0","$1","$1"
"","1060","Corliss Waitman","15.0","9.0","K","SF","8","74.01","0.0","0.0","0.0","0.0","0.0","0.0","$1","$1"
"","1061","Dominic Zvada","15.0","9.0","K","NYG","8","74.01","0.0","72.0","0.0","0.0","0.0","0.0","$1","$1"
"","1062","Brayden Narveson","15.0","9.0","K","TEN","9","25.09","0.0","0.0","0.0","0.0","0.0","0.0","$1","$1"
"","1063","John Parker Romo","15.0","9.0","K","ATL","11","22.01","0.0","0.0","0.0","0.0","0.0","0.0","$1","$1"
"","1064","Jude McAtamney","15.0","9.0","K","UNS","18","18.11","0.0","0.0","0.0","0.0","0.0","0.0","$1","$1"
"","1065","Tristan Vizcaino","15.0","9.0","K","UNS","18","74.01","0.0","0.0","0.0","0.0","0.0","0.0","$1","$1"
"","1066","Ramiz Ahmed","15.0","9.0","K","WAS","7","74.01","0.0","0.0","0.0","0.0","0.0","0.0","$1","$1"
"","1067","Anders Carlson","15.0","9.0","K","UNS","18","28.03","0.0","0.0","0.0","0.0","0.0","0.0","$1","$1"