"","Rank","Player","Overall Tier","Pos. Tier","Pos","Team","Bye","ADP","Floor","Consensus","DS Proj","Ceiling","3D Proj","3d Value","Market $","Auction $"
"","1","Jahmyr Gibbs","1.0","1.0","RB","DET","6","1.01","236.6","277.0","285.0","333.5","289.4","100.0","$55","$51"
"","2","Puka Nacua","1.0","1.0","WR","LAR","11","1.03","191.0","201.0","232.9","256.2","231.6","99.3","$50","$51"
"","3","Bijan Robinson","1.0","1.0","RB","ATL","11","1.02","238.4","278.0","280.5","328.2","285.9","96.6","$55","$49"
"","4","Ja'Marr Chase","1.0","1.0","WR","CIN","6","1.04","192.5","208.0","218.8","258.2","224.8","92.2","$47","$47"
"","5","Jaxon Smith-Njigba","1.0","1.0","WR","SEA","11","1.06","194.5","195.0","213.7","254.3","221.3","88.5","$45","$45"
"","6","Jonathan Taylor","1.0","1.0","RB","IND","13","1.08","227.6","265.0","264.6","312.2","270.9","82.1","$55","$42"
"","7","Christian McCaffrey","2.0","2.0","RB","SF","8","1.05","214.9","248.0","258.9","323.6","268.6","79.9","$40","$41"
"","8","James Cook","2.0","2.0","RB","BUF","7","2.04","222.4","236.0","255.6","311.8","264.9","76.3","$50","$39"
"","9","Amon-Ra St. Brown","2.0","2.0","WR","DET","6","1.07","186.2","186.0","206.9","229.7","209.4","76.1","$37","$39"
"","10","CeeDee Lamb","2.0","2.0","WR","DAL","14","2.01","176.1","170.0","200.1","240.1","206.7","73.2","$37","$37"
"","11","Derrick Henry","2.0","2.0","RB","BAL","13","2.08","210.9","243.0","248.1","315.1","259.6","71.2","$55","$36"
"","12","Justin Jefferson","2.0","2.0","WR","MIN","6","2.03","165.9","170.0","192.9","250.8","203.8","70.2","$32","$36"
"","13","Josh Allen","2.0","1.0","QB","BUF","7","3.06","306.7","362.0","378.7","439.3","382.1","67.1","$42","$34"
"","14","Saquon Barkley","2.0","2.0","RB","PHI","10","2.06","211.8","218.0","232.8","321.3","253.1","64.9","$39","$33"
"","15","Nico Collins","2.0","2.0","WR","HOU","8","3.05","170.0","160.0","188.9","228.6","196.3","62.3","$30","$32"
"","16","Ashton Jeanty","3.0","3.0","RB","LVR","13","2.05","209.8","214.0","235.7","301.7","249.0","61.0","$32","$31"
"","17","A.J. Brown","3.0","3.0","WR","NE","11","4.02","157.7","172.0","185.5","230.0","192.6","58.5","$29","$30"
"","18","George Pickens","3.0","3.0","WR","DAL","14","4.03","162.8","166.0","180.9","226.1","189.9","55.6","$29","$28"
"","19","Drake London","3.0","3.0","WR","ATL","11","3.01","167.9","178.0","182.5","219.0","189.8","55.5","$28","$28"
"","20","Brock Bowers","3.0","1.0","TE","LVR","13","3.04","148.6","144.0","159.8","193.4","166.9","52.7","$24","$27"
"","21","Rashee Rice","3.0","3.0","WR","KC","5","3.07","134.1","145.0","186.2","214.1","184.3","49.8","$20","$25"
"","22","Kenneth Walker III","3.0","3.0","RB","KC","5","4.04","194.6","202.0","218.6","299.5","236.3","48.7","$25","$25"
"","23","Omarion Hampton","3.0","3.0","RB","LAC","7","3.02","189.2","208.0","217.5","304.5","236.1","48.5","$28","$25"
"","24","Colston Loveland","3.0","1.0","TE","CHI","10","5.07","129.2","143.0","157.5","185.9","160.1","48.0","$21","$24"
"","25","Trey McBride","3.0","1.0","TE","ARI","14","3.03","140.9","149.0","151.5","181.8","157.8","46.5","$21","$24"
"Injured","26","De'Von Achane","3.0","3.0","RB","MIA","6","2.02","199.7","224.0","219.4","280.8","232.6","45.1","$26","$23"
"","27","Tee Higgins","4.0","4.0","WR","CIN","6","6.06","151.0","159.0","169.7","210.4","177.4","42.5","$19","$22"
"","28","Tyler Warren","4.0","2.0","TE","IND","13","6.03","120.9","121.0","145.7","169.0","147.6","39.5","$17","$20"
"Value","29","Christian Watson","4.0","4.0","WR","GB","11","11.04","141.1","130.0","166.0","210.8","173.7","38.7","$16","$20"
"","30","Jeremiyah Love","4.0","4.0","RB","ARI","14","2.07","182.1","193.0","204.6","290.5","223.9","37.6","$24","$19"
"","31","Chase Brown","4.0","4.0","RB","CIN","6","4.01","177.7","203.0","211.5","277.1","223.3","37.4","$21","$19"
"","32","Lamar Jackson","4.0","1.0","QB","BAL","13","4.08","298.7","329.0","339.4","437.8","358.8","36.8","$19","$19"
"Injured","33","Tucker Kraft","4.0","2.0","TE","GB","11","13.04","114.9","123.0","138.4","175.8","144.3","36.7","$17","$19"
"Value","34","Josh Jacobs","4.0","4.0","RB","GB","11","3.08","158.5","213.0","220.1","266.3","221.5","36.7","$22","$19"
"Value","35","Zay Flowers","4.0","4.0","WR","BAL","13","6.01","147.0","153.0","167.0","193.7","170.7","36.1","$17","$18"
"","36","Kyren Williams","4.0","4.0","RB","LAR","11","5.03","190.3","199.0","206.9","264.8","219.7","35.9","$21","$18"
"Injured","37","Chris Olave","4.0","4.0","WR","NO","8","4.06","142.6","156.0","165.8","197.3","170.2","35.7","$19","$18"
"","38","Javonte Williams","4.0","4.0","RB","DAL","14","5.02","180.4","195.0","209.8","262.3","218.8","35.6","$20","$18"
"","39","Drake Maye","4.0","1.0","QB","NE","11","6.04","296.0","317.0","340.2","428.7","356.3","35.2","$20","$18"
"","40","Joe Burrow","4.0","2.0","QB","CIN","6","7.02","293.8","315.0","341.6","423.6","355.3","34.5","$14","$18"
"Value","41","DeVonta Smith","4.0","4.0","WR","PHI","10","5.01","146.7","149.0","159.5","201.0","168.5","34.3","$14","$17"
"Value","42","Davante Adams","4.0","4.0","WR","LAR","11","6.02","138.9","146.0","159.7","201.2","167.2","33.2","$13","$17"
"","43","Travis Etienne","4.0","4.0","RB","NO","8","5.08","178.5","184.0","196.1","266.7","212.2","32.9","$18","$17"
"","44","Jalen Hurts","4.0","2.0","QB","PHI","10","7.05","292.8","320.0","332.7","432.5","352.7","32.9","$14","$17"
"Injured","45","Malik Nabers","4.0","4.0","WR","NYG","8","4.05","124.9","144.0","154.2","219.0","166.6","32.7","$14","$17"
"","46","Breece Hall","4.0","4.0","RB","NYJ","13","4.07","173.6","197.0","199.5","257.4","210.6","32.3","$18","$16"
"","47","Jayden Daniels","4.0","2.0","QB","WAS","7","6.07","285.9","314.0","332.4","432.1","351.1","31.8","$15","$16"
"","48","D'Andre Swift","5.0","5.0","RB","CHI","10","8.06","168.6","177.0","191.6","251.0","203.6","29.4","$14","$15"
"","49","Jameson Williams","5.0","5.0","WR","DET","6","8.05","136.8","138.0","152.0","200.6","162.5","29.3","$20","$15"
"Value","50","Terry McLaurin","5.0","5.0","WR","WAS","7","6.08","135.7","147.0","152.5","196.7","161.5","28.5","$15","$15"
"","51","Garrett Wilson","5.0","5.0","WR","NYJ","13","5.04","139.0","140.0","154.4","189.9","161.3","28.3","$14","$14"
"","52","Sam LaPorta","5.0","3.0","TE","DET","6","9.03","115.0","122.0","127.8","164.9","135.6","27.9","$13","$14"
"Injured","53","Cameron 'Cam' Skattebo","5.0","5.0","RB","NYG","8","5.06","158.3","185.0","188.4","248.7","199.4","27.8","$14","$14"
"Injured","54","Tetairoa McMillan","5.0","5.0","WR","CAR","5","5.05","135.7","150.0","150.8","196.0","160.4","27.6","$16","$14"
"Value","55","Jaylen Waddle","5.0","5.0","WR","DEN","10","7.08","131.8","135.0","151.5","195.4","159.9","27.2","$11","$14"
"","56","David Montgomery","5.0","5.0","RB","HOU","8","8.07","154.4","166.0","181.6","252.4","196.0","26.4","$12","$13"
"","57","Caleb Williams","5.0","2.0","QB","CHI","10","12.01","282.4","299.0","324.6","418.7","342.6","26.3","$9","$13"
"Injured","58","Quinshon Judkins","5.0","5.0","RB","CLE","11","7.03","161.3","178.0","177.3","255.3","195.7","26.3","$17","$13"
"","59","Emeka Egbuka","5.0","5.0","WR","TB","10","6.05","129.5","137.0","148.8","197.9","158.7","26.2","$14","$13"
"Value","60","Trevor Lawrence","5.0","2.0","QB","JAC","7","14.05","278.3","303.0","327.4","412.5","341.7","25.7","$11","$13"
"","61","Luther Burden III","5.0","5.0","WR","CHI","10","9.02","127.1","133.0","147.8","198.1","157.8","25.5","$10","$13"
"","62","Justin Herbert","5.0","2.0","QB","LAC","7","15.04","279.1","305.0","324.5","415.4","341.0","25.2","$11","$13"
"","63","Ladd McConkey","5.0","5.0","WR","LAC","7","7.04","129.1","141.0","146.7","196.6","157.1","24.9","$12","$13"
"Value","64","Mike Evans","5.0","5.0","WR","SF","8","9.06","126.3","137.0","146.9","196.8","156.8","24.6","$14","$13"
"Injured","65","Bucky Irving","6.0","6.0","RB","TB","10","7.01","152.9","172.0","171.8","247.4","189.0","23.6","$13","$12"
"","66","Brock Purdy","6.0","2.0","QB","SF","8","12.05","278.2","297.0","323.5","407.6","338.2","23.4","$7","$12"
"","67","TreVeyon Henderson","6.0","6.0","RB","NE","11","7.06","148.0","162.0","164.4","263.0","188.3","23.3","$8","$12"
"","68","Rome Odunze","6.0","5.0","WR","CHI","10","9.01","125.2","134.0","142.3","200.6","155.1","23.2","$11","$12"
"","69","Dak Prescott","6.0","2.0","QB","DAL","14","11.06","281.1","307.0","323.1","403.9","337.5","23.0","$11","$12"
"","70","Jaxson Dart","6.0","2.0","QB","NYG","8","8.08","278.2","302.0","316.1","417.3","336.8","22.5","$8","$11"
"","71","Harold Fannin Jr.","6.0","3.0","TE","CLE","11","8.03","111.3","115.0","123.7","155.9","130.2","22.5","$9","$11"
"","72","Jadarian Price","6.0","6.0","RB","SEA","11","8.01","130.7","159.0","155.6","275.4","183.8","21.5","$10","$11"
"","73","Bhayshul Tuten","6.0","6.0","RB","JAC","7","9.04","135.2","163.0","155.4","262.6","181.0","20.3","$8","$10"
"Value","74","D.K. Metcalf","6.0","6.0","WR","PIT","9","10.03","122.4","132.0","145.7","179.2","150.6","19.5","$7","$10"
"Injured","75","Bo Nix","6.0","2.0","QB","DEN","10","15.03","279.2","290.0","310.2","409.5","331.7","19.2","$8","$10"
"Injured","76","Patrick Mahomes","6.0","2.0","QB","KC","5","14.03","276.2","306.0","306.9","417.4","331.5","19.0","$7","$10"
"Value","77","Kyler Murray","6.0","2.0","QB","MIN","6","20.01","271.3","290.0","308.3","416.2","331.0","18.7","$6","$10"
"","78","Tony Pollard","6.0","6.0","RB","TEN","9","10.08","139.2","155.0","158.2","238.9","176.8","18.7","$5","$10"
"","79","J.K. Dobbins","6.0","6.0","RB","DEN","10","13.02","132.7","151.0","156.1","246.6","176.5","18.5","$4","$9"
"Injured","80","Alec Pierce","6.0","6.0","WR","IND","13","10.06","119.9","135.0","139.4","186.8","148.8","18.0","$10","$9"
"","81","Parker Washington","6.0","6.0","WR","JAC","7","12.08","118.9","116.0","141.5","181.1","148.2","17.5","$7","$9"
"","82","D.J. Moore","6.0","6.0","WR","BUF","7","8.02","119.1","125.0","136.9","187.6","147.5","16.9","$6","$9"
"","83","Marvin Harrison Jr.","6.0","6.0","WR","ARI","14","9.05","119.2","129.0","135.4","189.6","147.2","16.7","$6","$9"
"Injured","84","George Kittle","6.0","4.0","TE","SF","8","9.07","70.4","113.0","117.3","174.8","124.5","16.7","$8","$9"
"","85","Chuba Hubbard","7.0","7.0","RB","CAR","5","10.01","128.8","145.0","151.5","240.9","171.8","16.6","$4","$8"
"","86","Rhamondre Stevenson","7.0","7.0","RB","NE","11","14.01","135.1","147.0","155.3","226.7","171.1","16.4","$3","$8"
"","87","Jared Goff","7.0","3.0","QB","DET","6","19.04","278.2","289.0","302.4","402.2","325.2","14.9","$4","$8"
"","88","Brian Thomas Jr.","7.0","6.0","WR","JAC","7","12.04","114.0","117.0","129.6","194.4","144.4","14.4","$8","$7"
"","89","Courtland Sutton","7.0","6.0","WR","DEN","10","10.05","117.7","119.0","136.9","176.6","144.2","14.2","$4","$7"
"","90","Kyle Pitts","7.0","4.0","TE","ATL","11","8.04","105.2","110.0","114.3","148.6","122.0","14.2","$6","$7"
"","91","Quentin Johnston","7.0","6.0","WR","LAC","7","17.04","109.1","113.0","131.4","189.2","143.1","13.3","$4","$7"
"","92","Jaylen Warren","7.0","7.0","RB","PIT","9","11.03","131.7","147.0","154.9","201.4","163.4","13.3","$3","$7"
"Value","93","Jayden Reed","7.0","6.0","WR","GB","11","18.01","114.4","111.0","134.6","179.0","143.0","13.2","$4","$7"
"","94","Jordan Love","7.0","3.0","QB","GB","11","21.05","279.6","276.0","294.3","406.1","322.1","12.9","$3","$7"
"","95","Blake Corum","7.0","7.0","RB","LAR","11","15.08","122.3","128.0","128.7","254.8","161.9","12.7","$4","$6"
"","96","Carnell Tate","7.0","6.0","WR","TEN","9","7.07","110.4","124.0","131.4","185.3","142.3","12.6","$6","$6"
"","97","Rico Dowdle","7.0","7.0","RB","PIT","9","12.02","125.0","145.0","142.0","225.8","161.8","12.6","$3","$6"
"","98","Brandon Aubrey","7.0","1.0","K","DAL","14","9.08","157.4","147.0","176.8","190.9","177.1","12.5","$5","$6"
"","99","Jordan Mason","7.0","7.0","RB","MIN","6","19.03","118.5","119.0","141.1","231.4","161.6","12.5","$3","$6"
"","100","Matthew Stafford","7.0","3.0","QB","LAR","11","11.05","276.1","286.0","296.9","400.8","321.5","12.5","$2","$6"
"","101","Jordyn Tyson","7.0","6.0","WR","NO","8","10.07","108.6","112.0","130.9","184.6","141.5","12.0","$4","$6"
"Sleeper","102","Tyler Shough","7.0","3.0","QB","NO","8","19.08","269.0","269.0","295.6","405.0","320.6","11.9","$3","$6"
"","103","Jordan Addison","7.0","6.0","WR","MIN","6","16.06","113.1","110.0","133.1","177.0","141.4","11.9","$3","$6"
"","104","Kyle Monangai","8.0","8.0","RB","CHI","10","14.06","121.3","130.0","133.3","233.3","158.4","11.2","$3","$6"
"","105","Jacory Croskey-Merritt","8.0","8.0","RB","WAS","7","17.01","106.8","122.0","121.4","254.9","155.2","10.0","$4","$5"
"","106","Baker Mayfield","8.0","3.0","QB","TB","10","20.05","274.8","277.0","289.3","402.1","317.4","9.9","$3","$5"
"","107","Ricky Pearsall","8.0","7.0","WR","SF","8","15.02","105.2","105.0","129.9","179.3","138.9","9.8","$3","$5"
"","108","Xavier Worthy","8.0","7.0","WR","KC","5","16.05","105.0","112.0","126.5","186.0","138.8","9.8","$2","$5"
"Sleeper","109","Jonathon Brooks","8.0","8.0","RB","CAR","5","16.03","104.4","100.0","124.3","244.9","153.6","9.3","$3","$5"
"","110","Mark Andrews","8.0","4.0","TE","BAL","13","17.07","100.2","101.0","108.9","144.8","117.1","9.2","$10","$5"
"","111","Cameron Dicker","8.0","1.0","K","LAC","7","13.06","151.3","139.0","170.0","181.9","169.9","9.0","$4","$5"
"","112","Seattle Seahawks","8.0","1.0","DEF","SEA","11","11.08","119.0","77.0","119.0","119.0","119.0","6.8","$1","$3"
"","113","Travis Kelce","8.0","4.0","TE","KC","5","11.02","95.8","111.0","111.4","133.7","114.7","6.8","$2","$3"
"","114","Denver Broncos","8.0","1.0","DEF","DEN","10","11.01","118.6","82.0","118.6","118.6","118.6","6.6","$1","$3"
"Injured","115","RJ Harvey","9.0","9.0","RB","DEN","10","14.04","106.0","119.0","126.2","209.5","145.3","6.0","$1","$3"
"","116","Houston Texans","9.0","1.0","DEF","HOU","8","10.02","116.9","82.0","116.9","116.9","116.9","5.9","$1","$3"
"","117","Ka'imi Fairbairn","9.0","2.0","K","HOU","8","15.07","148.6","140.0","159.8","177.4","162.6","5.4","$3","$3"
"","118","Malik Willis","9.0","3.0","QB","MIA","6","24.01","266.7","266.0","274.9","409.6","310.2","5.2","$1","$3"
"Value","119","Jakobi Meyers","9.0","7.0","WR","JAC","7","13.01","110.1","106.0","126.5","160.7","132.9","4.9","$1","$2"
"Injured","120","Chris Rodriguez","9.0","9.0","RB","JAC","7","22.04","96.0","102.0","104.4","248.5","142.2","4.7","$2","$2"
"Sleeper","121","Dalton Kincaid","9.0","5.0","TE","BUF","7","19.05","96.7","103.0","104.0","140.4","112.6","4.7","$3","$2"
"","122","New England Patriots","9.0","1.0","DEF","NE","11","16.01","112.7","71.0","112.7","112.7","112.7","4.3","$1","$2"
"","123","Rachaad White","9.0","9.0","RB","WAS","7","13.05","92.3","118.0","123.0","205.4","139.9","3.8","$1","$2"
"","124","Makai Lemon","9.0","7.0","WR","PHI","10","13.07","98.0","101.0","115.3","184.5","131.0","3.3","$1","$2"
"","125","C.J. Stroud","9.0","3.0","QB","HOU","8","23.05","269.9","265.0","278.2","389.5","307.1","3.1","$1","$2"
"Value","126","Michael Pittman Jr.","9.0","7.0","WR","PIT","9","10.04","108.3","114.0","124.5","158.1","130.7","3.1","$1","$2"
"","127","Minnesota Vikings","9.0","1.0","DEF","MIN","6","19.07","109.1","78.0","109.1","109.1","109.1","2.6","$1","$1"
"","128","Tyler Loop","9.0","2.0","K","BAL","13","21.02","143.6","129.0","152.8","178.8","158.2","2.6","$1","$1"
"","129","Romeo Doubs","9.0","7.0","WR","NE","11","18.03","100.8","110.0","120.0","169.2","129.9","2.4","$1","$1"
"","130","Green Bay Packers","9.0","2.0","DEF","GB","11","24.08","108.6","65.0","108.6","108.6","108.6","2.2","$1","$1"
"","131","Baltimore Ravens","9.0","2.0","DEF","BAL","13","17.06","108.6","70.0","108.6","108.6","108.6","2.2","$1","$1"
"","132","Cam Little","9.0","2.0","K","JAC","7","17.03","145.2","125.0","151.3","178.5","157.6","2.0","$1","$1"
"","133","Isiah Pacheco","9.0","9.0","RB","DET","6","18.04","95.1","86.0","106.8","218.9","135.3","1.9","$1","$1"
"Injured","134","Daniel Jones","9.0","3.0","QB","IND","13","23.02","259.1","255.0","275.6","394.1","304.9","1.7","$1","$1"
"","135","Matthew Golden","10.0","8.0","WR","GB","11","14.07","99.3","98.0","109.1","186.6","128.5","1.2","$1","$1"
"","136","Kenneth Gainwell","10.0","10.0","RB","TB","10","13.03","100.9","109.0","116.0","190.2","133.5","1.2","$1","$1"
"","137","Pittsburgh Steelers","10.0","2.0","DEF","PIT","9","15.06","107.1","77.0","107.1","107.1","107.1","1.1","$1","$1"
"","138","KC Concepcion","10.0","8.0","WR","CLE","11","16.02","94.0","95.0","117.5","170.4","127.7","0.6","$1","$1"
"","139","Cairo Santos","10.0","2.0","K","CHI","10","22.06","142.5","128.0","151.6","174.3","156.1","0.4","$1","$1"
"","140","Jake Bates","10.0","2.0","K","DET","6","19.01","146.6","130.0","149.6","175.0","156.0","0.3","$1","$1"
"","141","Eddy Pineiro","10.0","2.0","K","SF","8","18.06","143.7","130.0","151.3","172.5","155.7","0.0","$1","$1"
"","142","Harrison Mevis","10.0","2.0","K","LAR","11","17.05","145.1","133.0","149.6","175.0","155.7","0.0","$1","$1"
"Sleeper","143","Jayden Higgins","10.0","8.0","WR","HOU","8","20.07","98.1","102.0","111.5","177.3","127.0","0.0","$1","$1"
"","144","Los Angeles Rams","10.0","2.0","DEF","LAR","11","12.03","105.7","78.0","105.7","105.7","105.7","0.0","$1","$1"
"","145","Kansas City Chiefs","10.0","2.0","DEF","KC","5","23.01","105.5","66.0","105.5","105.5","105.5","0.0","$1","$1"
"Injured","146","Zach Charbonnet","10.0","10.0","RB","SEA","11","17.08","79.7","128.0","99.6","224.1","129.9","0.0","$1","$1"
"","147","Aaron Jones","10.0","10.0","RB","MIN","6","11.07","91.4","123.0","114.3","184.0","129.2","0.0","$1","$1"
"","148","Trey Smack","10.0","2.0","K","GB","11","28.03","143.3","134.0","149.3","174.7","155.1","0.0","$1","$1"
"","149","Dallas Goedert","10.0","5.0","TE","PHI","10","12.06","91.6","99.0","100.7","130.9","107.3","0.0","$2","$1"
"","150","Michael Wilson","10.0","8.0","WR","ARI","14","15.01","94.4","118.0","115.1","169.2","126.1","0.0","$1","$1"
"","151","Jacksonville Jaguars","10.0","2.0","DEF","JAC","7","20.03","104.5","69.0","104.5","104.5","104.5","0.0","$1","$1"
"","152","Hunter Henry","10.0","5.0","TE","NE","11","21.01","93.2","97.0","100.2","130.3","107.1","0.0","$4","$1"
"","153","Josh Downs","10.0","8.0","WR","IND","13","16.07","96.3","105.0","114.6","165.0","125.0","0.0","$1","$1"
"","154","New York Giants","10.0","2.0","DEF","NYG","8","29.01","103.6","64.0","103.6","103.6","103.6","0.0","$1","$1"
"","155","Wil Lutz","10.0","2.0","K","DEN","10","123.03","144.9","121.0","147.9","171.6","153.8","0.0","$1","$1"
"","156","Chris Godwin","10.0","8.0","WR","TB","10","12.07","95.7","112.0","113.9","165.2","124.6","0.0","$1","$1"
"","157","Harrison Butker","10.0","2.0","K","KC","5","19.06","145.0","124.0","148.0","170.2","153.5","0.0","$1","$1"
"","158","Philadelphia Eagles","10.0","2.0","DEF","PHI","10","16.08","102.7","68.0","102.7","102.7","102.7","0.0","$2","$1"
"","159","Tyrone Tracy Jr.","10.0","10.0","RB","NYG","8","24.05","84.6","90.0","93.0","213.9","124.5","0.0","$1","$1"
"","160","Charlie Smyth","10.0","2.0","K","NO","8","125.07","143.5","119.0","147.9","170.1","153.2","0.0","$1","$1"
"","161","Woody Marks","10.0","10.0","RB","HOU","8","18.02","90.6","92.0","100.7","193.3","124.1","0.0","$1","$1"
"Sleeper","162","Jalen McMillan","10.0","8.0","WR","TB","10","21.07","90.4","80.0","106.3","180.7","123.7","0.0","$2","$1"
"","163","Los Angeles Chargers","10.0","2.0","DEF","LAC","7","21.06","102.2","66.0","102.2","102.2","102.2","0.0","$1","$1"
"","164","Brenton Strange","10.0","5.0","TE","JAC","7","23.04","88.9","93.0","99.9","126.9","105.3","0.0","$2","$1"
"","165","Buffalo Bills","10.0","2.0","DEF","BUF","7","122.05","102.0","71.0","102.0","102.0","102.0","0.0","$1","$1"
"Sleeper","166","Isaiah Likely","10.0","5.0","TE","NYG","8","16.04","90.8","98.0","97.6","128.8","104.9","0.0","$4","$1"
"","167","Stefon Diggs","10.0","8.0","WR","UNS","18","21.08","83.2","102.0","117.2","161.7","123.2","0.0","$1","$1"
"","168","Rashid Shaheed","10.0","8.0","WR","SEA","11","20.08","94.2","93.0","109.5","169.7","123.1","0.0","$2","$1"
"","169","Chicago Bears","10.0","2.0","DEF","CHI","10","27.06","101.5","68.0","101.5","101.5","101.5","0.0","$1","$1"
"","170","Tyjae Spears","11.0","11.0","RB","TEN","9","18.05","89.9","97.0","107.0","172.3","121.7","0.0","$1","$1"
"","171","Kaytron Allen","11.0","11.0","RB","WAS","7","116.01","75.0","32.0","81.5","232.3","121.5","0.0","$1","$1"
"","172","Chris Boswell","11.0","2.0","K","PIT","9","21.04","142.9","122.0","145.8","170.6","152.0","0.0","$1","$1"
"","173","Tampa Bay Buccaneers","11.0","2.0","DEF","TB","10","30.02","100.0","63.0","100.0","100.0","100.0","0.0","$1","$1"
"","174","Andres Borregales","11.0","2.0","K","NE","11","124.03","141.8","120.0","146.2","168.1","151.4","0.0","$1","$1"
"","175","Detroit Lions","11.0","2.0","DEF","DET","6","20.04","99.4","70.0","99.4","99.4","99.4","0.0","$1","$1"
"","176","Deebo Samuel","11.0","8.0","WR","UNS","18","35.08","78.5","85.0","112.1","165.9","120.7","0.0","$3","$1"
"","177","San Francisco 49ers","11.0","2.0","DEF","SF","8","25.07","98.8","63.0","98.8","98.8","98.8","0.0","$1","$1"
"Injured","178","Kenyon Sadiq","11.0","6.0","TE","NYJ","13","18.07","84.2","83.0","93.6","132.9","102.6","0.0","$2","$1"
"","179","Sam Darnold","11.0","4.0","QB","SEA","11","22.03","256.3","260.0","258.9","388.4","293.8","0.0","$1","$1"
"Sleeper","180","Cameron 'Cam' Ward","11.0","4.0","QB","TEN","9","24.06","252.8","239.0","258.0","392.2","293.7","0.0","$1","$1"
"","181","Jason Myers","11.0","3.0","K","SEA","11","15.05","142.1","143.0","145.0","166.8","150.4","0.0","$1","$1"
"","182","Calvin Ridley","11.0","8.0","WR","TEN","9","22.05","91.7","74.0","106.6","166.3","120.2","0.0","$2","$1"
"","183","Aaron Rodgers","11.0","4.0","QB","PIT","9","120.08","254.1","228.0","259.3","386.4","293.0","0.0","$1","$1"
"","184","Chase McLaughlin","11.0","3.0","K","TB","10","24.04","140.2","128.0","144.5","167.6","150.0","0.0","$1","$1"
"","185","Jake Ferguson","11.0","6.0","TE","DAL","14","13.08","92.0","97.0","96.8","117.1","101.5","0.0","$1","$1"
"","186","Brian Robinson Jr.","11.0","11.0","RB","ATL","11","24.02","75.4","86.0","91.9","183.8","114.0","0.0","$1","$1"
"","187","Tyler Allgeier","11.0","11.0","RB","ARI","14","22.07","75.9","76.0","92.5","182.2","114.0","0.0","$1","$1"
"","188","Will Reichard","11.0","3.0","K","MIN","6","22.01","139.9","123.0","142.8","168.5","149.3","0.0","$1","$1"
"","189","Omar Cooper Jr.","11.0","9.0","WR","NYJ","13","21.03","89.6","84.0","98.5","177.3","118.4","0.0","$2","$1"
"","190","Cleveland Browns","11.0","3.0","DEF","CLE","11","20.06","95.6","65.0","95.6","95.6","95.6","0.0","$1","$1"
"","191","Alvin Kamara","12.0","12.0","RB","NO","8","18.08","75.6","77.0","84.0","189.0","111.1","0.0","$1","$1"
"","192","Dylan Sampson","12.0","12.0","RB","CLE","11","127.04","80.4","68.0","92.4","166.3","110.4","0.0","$1","$1"
"","193","Tyler Bass","12.0","3.0","K","BUF","7","124.04","138.5","121.0","142.8","164.2","147.9","0.0","$1","$1"
"","194","Jake Moody","12.0","3.0","K","WAS","7","119.01","138.3","115.0","141.1","167.9","147.9","0.0","$1","$1"
"","195","Juwan Johnson","12.0","6.0","TE","NO","8","22.02","85.8","90.0","94.3","119.8","99.7","0.0","$2","$1"
"","196","Tre Tucker","12.0","9.0","WR","LVR","13","25.04","87.9","86.0","102.2","164.5","116.6","0.0","$2","$1"
"","197","Jake Elliott","12.0","3.0","K","PHI","10","26.08","138.5","116.0","142.8","162.8","147.5","0.0","$1","$1"
"","198","Wan'Dale Robinson","12.0","9.0","WR","TEN","9","14.02","93.4","99.0","104.9","153.2","116.0","0.0","$1","$1"
"","199","Denzel Boston","12.0","9.0","WR","CLE","11","23.06","83.3","84.0","96.9","174.4","115.6","0.0","$2","$1"
"","200","Tennessee Titans","12.0","3.0","DEF","TEN","9","118.02","92.6","62.0","92.6","92.6","92.6","0.0","$1","$1"
"","201","Oronde Gadsden II","12.0","6.0","TE","LAC","7","24.07","81.9","81.0","85.3","134.8","98.2","0.0","$1","$1"
"","202","Keaton Mitchell","12.0","12.0","RB","LAC","7","125.04","75.2","66.0","83.5","167.8","105.0","0.0","$1","$1"
"","203","Arizona Cardinals","12.0","3.0","DEF","ARI","14","30.01","91.7","59.0","91.7","91.7","91.7","0.0","$1","$1"
"","204","Dallas Cowboys","12.0","3.0","DEF","DAL","14","23.07","91.5","65.0","91.5","91.5","91.5","0.0","$1","$1"
"","205","Indianapolis Colts","12.0","3.0","DEF","IND","13","127.07","91.0","61.0","91.0","91.0","91.0","0.0","$1","$1"
"","206","New Orleans Saints","12.0","3.0","DEF","NO","8","126.08","91.0","66.0","91.0","91.0","91.0","0.0","$1","$1"
"","207","New York Jets","12.0","3.0","DEF","NYJ","13","121.05","90.7","58.0","90.7","90.7","90.7","0.0","$1","$1"
"","208","Khalil Shakir","12.0","9.0","WR","BUF","7","17.02","92.0","98.0","104.6","144.3","113.1","0.0","$1","$1"
"","209","Jonah Coleman","12.0","12.0","RB","DEN","10","112.03","59.0","37.0","65.5","203.1","101.9","0.0","$1","$1"
"","210","MarShawn Lloyd","12.0","12.0","RB","GB","11","123.04","51.8","40.0","66.4","205.8","101.8","0.0","$1","$1"
"","211","Bryce Young","12.0","4.0","QB","CAR","5","25.05","242.3","244.0","244.7","391.5","284.3","0.0","$1","$1"
"","212","Ryan Fitzgerald","12.0","3.0","K","CAR","5","124.08","133.9","111.0","139.5","161.8","144.6","0.0","$1","$1"
"","213","Cincinnati Bengals","12.0","3.0","DEF","CIN","6","93.08","90.3","64.0","90.3","90.3","90.3","0.0","$1","$1"
"","214","Las Vegas Raiders","12.0","3.0","DEF","LVR","13","28.02","89.9","61.0","89.9","89.9","89.9","0.0","$1","$1"
"","215","Carolina Panthers","12.0","3.0","DEF","CAR","5","118.06","89.8","58.0","89.8","89.8","89.8","0.0","$1","$1"
"","216","Evan McPherson","12.0","3.0","K","CIN","6","25.01","135.0","124.0","136.4","166.4","144.3","0.0","$2","$1"
"","217","Miami Dolphins","12.0","3.0","DEF","MIA","6","26.07","89.7","60.0","89.7","89.7","89.7","0.0","$1","$1"
"","218","Chigoziem 'Chig' Okonkwo","12.0","6.0","TE","WAS","7","25.03","82.8","80.0","86.3","123.4","95.8","0.0","$1","$1"
"","219","Jalen Coker","12.0","9.0","WR","CAR","5","20.02","86.5","98.0","96.1","160.5","111.9","0.0","$1","$1"
"","220","Adonai Mitchell","12.0","9.0","WR","NYJ","13","123.08","82.6","69.0","89.8","175.1","111.8","0.0","$1","$1"
"","221","Braelon Allen","13.0","13.0","RB","NYJ","13","123.06","61.9","69.0","65.2","192.3","99.3","0.0","$1","$1"
"","222","Ben Sauls","13.0","3.0","K","NYG","8","122.04","130.9","72.0","137.8","162.6","143.3","0.0","$1","$1"
"","223","Mike Washington Jr.","13.0","13.0","RB","LVR","13","124.02","54.3","53.0","64.6","193.8","98.0","0.0","$1","$1"
"Injured","224","Tyreek Hill","13.0","9.0","WR","UNS","18","23.08","52.7","84.0","95.8","180.1","111.0","0.0","$1","$1"
"","225","Sean Tucker","13.0","13.0","RB","TB","10","121.03","59.5","49.0","64.7","184.4","96.4","0.0","$1","$1"
"","226","Jacoby Brissett","13.0","4.0","QB","ARI","14","127.06","234.1","245.0","246.4","381.9","281.1","0.0","$1","$1"
"","227","Jauan Jennings","13.0","9.0","WR","MIN","6","26.01","78.2","87.0","88.9","173.4","110.0","0.0","$1","$1"
"","228","Nick Folk","13.0","3.0","K","ATL","11","122.03","133.1","116.0","135.8","161.6","142.4","0.0","$1","$1"
"","229","Nicholas Singleton","13.0","13.0","RB","TEN","9","29.08","47.3","22.0","55.6","205.7","95.0","0.0","$1","$1"
"","230","Nick Chubb","13.0","13.0","RB","UNS","18","62.01","52.2","19.0","74.5","163.9","94.8","0.0","$1","$1"
"","231","Dalton Schultz","13.0","6.0","TE","HOU","8","25.02","82.8","81.0","89.0","110.4","93.7","0.0","$1","$1"
"","232","Brandon Aiyuk","13.0","9.0","WR","UNS","18","119.07","55.3","70.0","92.2","179.8","109.4","0.0","$1","$1"
"","233","T.J. Hockenson","13.0","6.0","TE","MIN","6","19.02","79.9","79.0","87.8","113.3","93.3","0.0","$1","$1"
"","234","Washington Commanders","13.0","3.0","DEF","WAS","7","27.07","85.7","65.0","85.7","85.7","85.7","0.0","$1","$1"
"","235","Fernando Mendoza","13.0","4.0","QB","LVR","13","22.08","232.7","243.0","237.4","391.7","278.6","0.0","$1","$1"
"","236","Germie Bernard","13.0","10.0","WR","PIT","9","29.06","79.3","69.0","90.1","164.0","108.3","0.0","$1","$1"
"","237","Jaydon Blue","13.0","13.0","RB","DAL","14","119.05","51.1","36.0","60.1","177.3","90.4","0.0","$1","$1"
"","238","Joey Slye","13.0","3.0","K","TEN","9","125.05","130.3","109.0","134.3","158.5","140.2","0.0","$1","$1"
"Injured","239","James Conner","13.0","13.0","RB","ARI","14","26.06","59.8","40.0","72.1","144.2","89.5","0.0","$1","$1"
"","240","Deshaun Watson","13.0","4.0","QB","CLE","11","120.07","207.8","174.0","218.7","437.4","276.4","0.0","$1","$1"
"","241","Jerry Jeudy","13.0","10.0","WR","CLE","11","23.03","76.8","77.0","89.3","160.7","106.5","0.0","$1","$1"
"","242","Emmett Johnson","14.0","14.0","RB","KC","5","28.08","50.3","33.0","59.9","170.7","88.4","0.0","$1","$1"
"","243","Geno Smith","13.0","4.0","QB","NYJ","13","128.05","228.1","240.0","237.6","384.9","276.1","0.0","$1","$1"
"","244","George Holani","14.0","14.0","RB","SEA","11","121.07","51.9","33.0","64.9","152.5","86.4","0.0","$1","$1"
"Injured","245","AJ Barner","14.0","7.0","TE","SEA","11","25.08","77.1","70.0","80.3","119.6","90.4","0.0","$1","$1"
"","246","Jalen Nailor","14.0","10.0","WR","LVR","13","30.04","77.6","81.0","86.2","161.2","105.1","0.0","$1","$1"
"","247","Tank Bigsby","14.0","14.0","RB","PHI","10","24.03","46.9","66.0","49.4","182.8","85.3","0.0","$1","$1"
"","248","Matt Gay","14.0","4.0","K","LVR","13","62.02","129.9","124.0","132.5","155.0","138.2","0.0","$1","$1"
"","249","Jaylen Wright","14.0","14.0","RB","MIA","6","119.02","44.9","43.0","52.8","171.6","83.8","0.0","$1","$1"
"","250","Samaje Perine","14.0","14.0","RB","CIN","6","126.03","60.9","72.0","71.6","121.7","83.3","0.0","$1","$1"
"","251","Cade York","14.0","4.0","K","NYJ","13","35.07","129.4","78.0","132.0","154.4","137.6","0.0","$1","$1"
"","252","Andre Szmyt","14.0","4.0","K","CLE","11","59.01","127.9","104.0","131.9","155.6","137.6","0.0","$1","$1"
"Injured","253","Trey Benson","14.0","14.0","RB","ARI","14","115.07","51.1","11.0","59.4","151.5","83.0","0.0","$1","$1"
"","254","Emanuel Wilson","14.0","14.0","RB","SEA","11","123.05","44.6","43.0","55.8","161.8","82.7","0.0","$1","$1"
"","255","Pat Freiermuth","14.0","7.0","TE","PIT","9","26.04","73.6","80.0","80.0","116.8","88.9","0.0","$1","$1"
"","256","Keenan Allen","14.0","10.0","WR","UNS","18","117.02","66.7","55.0","93.9","145.5","103.0","0.0","$1","$1"
"Injured","257","Najee Harris","14.0","14.0","RB","UNS","18","68.03","41.7","31.0","64.1","141.0","81.0","0.0","$1","$1"
"","258","Terrance Ferguson","14.0","7.0","TE","LAR","11","25.06","62.7","65.0","71.3","139.0","88.2","0.0","$1","$1"
"","259","Justice Hill","14.0","14.0","RB","BAL","13","122.07","57.9","64.0","64.3","128.6","80.7","0.0","$1","$1"
"","260","Darius Slayton","14.0","10.0","WR","NYG","8","118.04","73.6","62.0","81.8","163.6","102.6","0.0","$1","$1"
"","261","Jordan James","14.0","14.0","RB","SF","8","121.04","42.6","57.0","47.3","165.6","78.7","0.0","$1","$1"
"","262","Cade Otton","14.0","7.0","TE","TB","10","127.03","77.3","67.0","80.5","107.1","87.2","0.0","$1","$1"
"","263","Ollie Gordon II","15.0","15.0","RB","MIA","6","119.08","42.4","32.0","44.6","169.5","78.3","0.0","$1","$1"
"","264","Tre Harris","15.0","10.0","WR","LAC","7","127.01","69.8","60.0","77.5","170.5","101.5","0.0","$1","$1"
"","265","Kaelon Black","15.0","15.0","RB","SF","8","30.08","40.8","50.0","45.3","167.6","77.8","0.0","$1","$1"
"","266","Kareem Hunt","15.0","15.0","RB","UNS","18","69.08","42.8","18.0","61.1","131.4","77.0","0.0","$1","$1"
"","267","Antonio Williams","15.0","10.0","WR","WAS","7","125.08","70.8","78.0","77.0","167.9","100.7","0.0","$1","$1"
"","268","Isaiah Davis","15.0","15.0","RB","NYJ","13","120.01","53.2","38.0","56.0","131.6","76.1","0.0","$1","$1"
"","269","Joe Mixon","15.0","15.0","RB","UNS","18","78.03","35.9","16.0","59.9","134.8","76.0","0.0","$1","$1"
"","270","Ty Johnson","15.0","15.0","RB","BUF","7","121.08","53.4","59.0","62.8","116.2","75.7","0.0","$1","$1"
"","271","Kendre Miller","15.0","15.0","RB","NO","8","67.05","36.2","29.0","45.3","158.6","74.6","0.0","$1","$1"
"","272","Kayshon Boutte","15.0","10.0","WR","NE","11","128.06","66.6","52.0","76.5","168.3","99.7","0.0","$1","$1"
"","273","Christopher 'Chris' Brooks","15.0","15.0","RB","GB","11","36.08","41.9","45.0","46.6","151.5","74.4","0.0","$1","$1"
"","274","Zane Gonzalez","15.0","4.0","K","MIA","6","125.06","126.1","103.0","127.4","152.9","134.1","0.0","$1","$1"
"","275","Gunnar Helm","15.0","7.0","TE","TEN","9","31.05","71.5","69.0","76.9","111.5","85.4","0.0","$1","$1"
"","276","Demond Claiborne","15.0","15.0","RB","MIN","6","120.04","36.0","18.0","42.3","160.7","73.5","0.0","$1","$1"
"","277","Rashod Bateman","15.0","10.0","WR","BAL","13","128.07","68.2","77.0","77.5","162.8","99.1","0.0","$1","$1"
"","278","Cooper Kupp","15.0","11.0","WR","SEA","11","26.03","69.2","62.0","78.6","157.2","98.3","0.0","$6","$1"
"","279","David Njoku","15.0","7.0","TE","LAC","7","122.02","68.2","58.0","71.0","120.7","84.1","0.0","$1","$1"
"","280","Malik Davis","15.0","15.0","RB","DAL","14","128.07","37.8","48.0","42.0","147.0","69.9","0.0","$1","$1"
"","281","Brashard Smith","15.0","15.0","RB","KC","5","113.04","44.0","23.0","53.6","117.9","69.4","0.0","$1","$1"
"","282","Devin Singletary","15.0","15.0","RB","NYG","8","87.03","40.4","27.0","44.9","134.7","68.6","0.0","$1","$1"
"","283","Kaleb Johnson","15.0","15.0","RB","PIT","9","118.01","33.0","14.0","37.5","153.8","68.4","0.0","$5","$1"
"","284","Jaylin Noel","15.0","11.0","WR","HOU","8","124.07","73.5","58.0","82.6","140.4","96.7","0.0","$1","$1"
"","285","Antonio Gibson","15.0","15.0","RB","UNS","18","54.01","36.4","6.0","56.0","112.0","67.7","0.0","$1","$1"
"","286","Austin Ekeler","15.0","15.0","RB","UNS","18","71.06","37.1","20.0","49.5","123.8","67.5","0.0","$6","$1"
"","287","Ryan Flournoy","15.0","11.0","WR","DAL","14","126.01","66.2","65.0","75.2","157.9","96.1","0.0","$1","$1"
"","288","Colby Parkinson","15.0","7.0","TE","LAR","11","126.02","61.9","56.0","69.5","123.0","82.7","0.0","$1","$1"
"","289","Tyquan Thornton","15.0","11.0","WR","KC","5","113.03","62.1","64.0","72.2","166.1","96.0","0.0","$1","$1"
"","290","Atlanta Falcons","15.0","4.0","DEF","ATL","11","125.01","71.8","68.0","71.8","71.8","71.8","0.0","$1","$1"
"","291","Darnell Mooney","15.0","11.0","WR","NYG","8","123.07","67.0","59.0","72.8","160.2","95.6","0.0","$1","$1"
"","292","Travis Hunter","15.0","11.0","WR","JAC","7","14.08","57.8","62.0","62.8","185.9","95.5","0.0","$3","$1"
"","293","Alexander Mattison","15.0","15.0","RB","UNS","18","61.04","40.4","4.0","47.5","118.8","65.7","0.0","$1","$1"
"","294","Adam Randall","15.0","15.0","RB","BAL","13","117.03","31.9","36.0","37.5","138.8","64.1","0.0","$1","$1"
"","295","Miles Sanders","15.0","15.0","RB","UNS","18","93.04","40.7","0.0","46.3","114.4","63.9","0.0","$1","$1"
"","296","LeQuint Allen","15.0","15.0","RB","JAC","7","121.01","46.6","24.0","50.7","101.4","63.8","0.0","$1","$1"
"","297","DJ Giddens","15.0","15.0","RB","IND","13","119.04","34.9","33.0","38.8","131.9","63.5","0.0","$1","$1"
"","298","De'Zhaun Stribling","15.0","11.0","WR","SF","8","122.08","61.9","58.0","69.5","163.3","93.7","0.0","$1","$1"
"","299","Pat Bryant","15.0","11.0","WR","DEN","10","126.05","64.0","51.0","71.9","154.6","93.0","0.0","$1","$1"
"","300","Greg Dulcich","15.0","8.0","TE","MIA","6","127.08","62.2","72.0","67.6","116.9","80.1","0.0","$1","$1"
"","301","Kimani Vidal","15.0","15.0","RB","LAC","7","121.02","42.1","43.0","45.8","100.8","60.1","0.0","$1","$1"
"","302","Jack Bech","15.0","11.0","WR","LVR","13","126.07","62.7","52.0","71.3","153.3","92.1","0.0","$1","$1"
"","303","Keon Coleman","15.0","11.0","WR","BUF","7","117.06","57.7","33.0","67.9","163.0","92.0","0.0","$5","$1"
"","304","Isaac TeSlaa","15.0","11.0","WR","DET","6","125.03","60.0","71.0","68.2","160.3","91.8","0.0","$1","$1"
"","305","Dontayvion Wicks","15.0","11.0","WR","PHI","10","121.06","60.2","48.0","68.4","157.3","91.2","0.0","$1","$1"
"","306","Ray Davis","15.0","15.0","RB","BUF","7","126.06","30.8","41.0","41.0","106.6","57.0","0.0","$1","$1"
"","307","Tua Tagovailoa","15.0","5.0","QB","ATL","11","127.05","201.7","238.0","207.9","390.9","256.7","0.0","$1","$1"
"","308","Jerome Ford","15.0","15.0","RB","WAS","7","34.04","29.8","20.0","35.9","114.9","56.3","0.0","$1","$1"
"","309","Seth McGowan","15.0","15.0","RB","IND","13","120.03","26.4","24.0","31.0","124.0","55.5","0.0","$1","$1"
"","310","Jarquez Hunter","15.0","15.0","RB","LAR","11","86.08","23.7","16.0","27.9","131.1","55.3","0.0","$1","$1"
"Injured","311","Michael Penix Jr.","15.0","5.0","QB","ATL","11","117.05","205.7","186.0","209.9","379.9","255.5","0.0","$1","$1"
"","312","Troy Franklin","15.0","11.0","WR","DEN","10","124.01","60.0","63.0","66.7","156.7","90.0","0.0","$1","$1"
"","313","Jeremy McNichols","15.0","15.0","RB","WAS","7","91.08","33.2","18.0","36.9","101.5","53.9","0.0","$1","$1"
"","314","Darnell Washington","15.0","8.0","TE","PIT","9","28.01","56.5","55.0","64.2","117.5","77.3","0.0","$1","$1"
"","315","Mike Gesicki","15.0","8.0","TE","CIN","6","128.04","57.6","64.0","67.8","109.2","77.2","0.0","$5","$1"
"","316","Devaughn Vele","15.0","11.0","WR","NO","8","127.02","64.2","58.0","74.7","134.5","89.1","0.0","$1","$1"
"","317","Ja'Kobi Lane","15.0","12.0","WR","BAL","13","26.05","56.4","54.0","64.1","157.0","88.0","0.0","$1","$1"
"","318","Chris Brazzell II","15.0","12.0","WR","CAR","5","117.01","54.5","48.0","61.9","160.9","87.6","0.0","$1","$1"
"Injured","319","Nathaniel 'Tank' Dell","15.0","12.0","WR","HOU","8","123.02","41.9","59.0","59.9","173.7","87.7","0.0","$1","$1"
"","320","Zachariah Branch","15.0","12.0","WR","ATL","11","27.05","63.9","58.0","74.3","128.5","87.2","0.0","$1","$1"
"","321","Phil Mafah","15.0","15.0","RB","DAL","14","65.04","24.6","27.0","26.7","106.8","48.2","0.0","$1","$1"
"","322","Raheim Sanders","15.0","15.0","RB","CLE","11","105.07","20.3","16.0","23.1","115.5","47.8","0.0","$1","$1"
"","323","Kyle Juszczyk","15.0","15.0","RB","SF","8","36.04","34.2","29.0","38.0","76.0","47.7","0.0","$1","$1"
"","324","Eli Heidenreich","15.0","15.0","WR","PIT","9","46.08","26.4","14.0","31.0","93.0","47.1","0.0","$1","$1"
"","325","Ty Chandler","15.0","15.0","RB","NO","8","114.01","27.1","19.0","33.9","84.8","46.6","0.0","$1","$1"
"","326","Devin Neal","15.0","15.0","RB","NO","8","32.07","28.3","25.0","33.7","84.3","46.5","0.0","$1","$1"
"","327","Emari Demercado","15.0","15.0","RB","KC","5","118.05","27.0","46.0","31.8","89.0","46.5","0.0","$1","$1"
"","328","Jaydn Ott","15.0","15.0","RB","KC","5","128.07","18.8","11.0","23.5","110.5","46.4","0.0","$1","$1"
"","329","Trevor Etienne","15.0","15.0","RB","CAR","5","109.04","30.5","21.0","33.9","81.4","46.2","0.0","$1","$1"
"","330","Elijah Sarratt","15.0","12.0","WR","BAL","13","119.03","54.5","47.0","60.5","157.3","85.8","0.0","$1","$1"
"","331","Brandon McManus","15.0","5.0","K","UNS","18","116.08","123.0","103.0","123.0","123.0","123.0","0.0","$1","$1"
"","332","Kendrick Bourne","15.0","12.0","WR","ARI","14","112.01","56.8","52.0","66.8","140.3","85.0","0.0","$1","$1"
"","333","Audric Estime","15.0","15.0","RB","NO","8","72.07","26.0","25.0","29.6","85.8","44.3","0.0","$1","$1"
"","334","Jamarion 'Jam' Miller","15.0","15.0","RB","NE","11","39.06","21.0","20.0","23.9","99.2","43.9","0.0","$1","$1"
"","335","Tyler Goodson","15.0","15.0","RB","ATL","11","44.05","18.6","13.0","21.1","105.5","43.7","0.0","$1","$1"
"","336","Evan Engram","15.0","8.0","TE","DEN","10","128.03","57.5","49.0","62.5","105.0","73.2","0.0","$7","$1"
"","337","Roschon Johnson","15.0","15.0","RB","CHI","10","41.03","17.2","23.0","19.1","105.1","42.2","0.0","$1","$1"
"","338","Darren Waller","15.0","8.0","TE","UNS","18","115.03","38.0","46.0","63.3","113.9","72.5","0.0","$4","$1"
"","339","Tahj Brooks","15.0","15.0","RB","CIN","6","78.07","17.9","19.0","19.9","99.5","41.3","0.0","$1","$1"
"","340","Shedeur Sanders","15.0","5.0","QB","CLE","11","27.01","185.5","223.0","195.3","390.6","246.8","0.0","$1","$1"
"","341","Kenny McIntosh","15.0","15.0","RB","SEA","11","80.02","20.3","7.0","22.5","90.0","40.5","0.0","$1","$1"
"","342","Robert Henry Jr.","15.0","15.0","RB","WAS","7","128.07","15.3","0.0","21.6","95.0","40.5","0.0","$1","$1"
"","343","Roman Hemby","15.0","15.0","RB","LVR","13","128.07","17.3","0.0","21.6","91.8","40.0","0.0","$1","$1"
"Injured","344","Isaac Guerendo","15.0","15.0","RB","SF","8","53.07","25.8","16.0","29.3","70.3","39.9","0.0","$1","$1"
"","345","Andrei Iosivas","15.0","12.0","WR","CIN","6","51.02","56.3","59.0","62.6","140.9","82.8","0.0","$1","$1"
"","346","Joshua 'Josh' Palmer","15.0","12.0","WR","BUF","7","41.07","55.6","33.0","60.4","145.0","82.6","0.0","$2","$1"
"","347","Carson Beck","15.0","5.0","QB","ARI","14","38.06","185.9","162.0","191.7","393.0","245.6","0.0","$1","$1"
"","348","Jawhar Jordan","15.0","15.0","RB","HOU","8","54.02","22.5","38.0","25.0","75.0","38.2","0.0","$1","$1"
"","349","Michael Carter","15.0","15.0","RB","TEN","9","107.07","24.7","8.0","28.4","62.5","37.0","0.0","$1","$1"
"","350","Michael Mayer","15.0","8.0","TE","LVR","13","115.06","49.7","46.0","56.5","113.0","70.7","0.0","$1","$1"
"","351","Will Shipley","15.0","15.0","RB","PHI","10","65.02","27.6","18.0","29.0","58.0","36.7","0.0","$1","$1"
"","352","Noah Whittington","15.0","15.0","RB","HOU","8","128.07","16.5","4.0","20.6","81.4","36.4","0.0","$1","$1"
"","353","Chris Bell","15.0","12.0","WR","MIA","6","37.01","44.2","68.0","52.0","163.8","81.1","0.0","$1","$1"
"","354","J'Mari Taylor","15.0","15.0","RB","JAC","7","128.07","15.7","16.0","19.6","82.3","36.0","0.0","$1","$1"
"","355","KaVontae Turpin","15.0","12.0","WR","DAL","14","33.06","62.2","45.0","69.9","114.6","80.7","0.0","$1","$1"
"","356","Eli Stowers","15.0","9.0","TE","PHI","10","114.06","41.9","34.0","51.1","126.7","70.1","0.0","$1","$1"
"","357","Jonnu Smith","15.0","9.0","TE","UNS","18","73.03","39.8","36.0","56.9","113.8","69.3","0.0","$6","$1"
"","358","Kalel Mullings","15.0","15.0","RB","TEN","9","108.06","14.6","7.0","17.2","77.4","33.2","0.0","$1","$1"
"","359","Jahan Dotson","15.0","12.0","WR","ATL","11","118.07","53.7","53.0","62.4","131.0","79.5","0.0","$1","$1"
"","360","Tyler Badie","15.0","15.0","RB","DEN","10","116.05","17.6","12.0","19.6","68.6","32.6","0.0","$1","$1"
"","361","CJ Donaldson","15.0","15.0","RB","NO","8","128.07","12.9","0.0","14.3","78.7","31.6","0.0","$1","$1"
"","362","Kirk Cousins","15.0","5.0","QB","LVR","13","118.03","186.2","187.0","190.0","380.0","241.1","0.0","$1","$1"
"","363","Elijah Arroyo","15.0","9.0","TE","SEA","11","116.04","45.2","36.0","49.1","122.8","68.5","0.0","$1","$1"
"","364","Desmond Reid","15.0","15.0","RB","BUF","7","128.07","13.5","15.0","15.0","74.3","30.9","0.0","$1","$1"
"","365","Christian Kirk","15.0","12.0","WR","SF","8","128.02","50.5","53.0","57.4","137.8","78.1","0.0","$3","$1"
"","366","Rasheen Ali","15.0","15.0","RB","BAL","13","67.07","15.5","18.0","17.2","63.6","29.6","0.0","$1","$1"
"","367","Chad Ryland","15.0","5.0","K","ARI","14","126.04","103.4","111.0","106.6","147.1","117.1","0.0","$1","$1"
"","368","Jamal Haynes","15.0","15.0","RB","CIN","6","128.07","11.1","10.0","13.1","72.1","28.8","0.0","$1","$1"
"","369","Caleb Douglas","15.0","13.0","WR","MIA","6","120.06","47.4","42.0","52.7","144.9","76.9","0.0","$1","$1"
"","370","Jaleel McLaughlin","15.0","15.0","RB","DEN","10","68.06","16.8","11.0","17.7","53.1","27.2","0.0","$1","$1"
"","371","Chip Trayanum","15.0","15.0","RB","NYJ","13","128.07","11.7","8.0","13.0","65.0","27.0","0.0","$1","$1"
"","372","Ted Hurst","15.0","13.0","WR","TB","10","120.02","43.8","49.0","51.5","144.2","75.4","0.0","$1","$1"
"","373","Marvin Mims Jr.","15.0","13.0","WR","DEN","10","96.05","54.6","43.0","65.0","109.2","75.2","0.0","$2","$1"
"","374","Marquise 'Hollywood' Brown","15.0","13.0","WR","PHI","10","44.07","44.9","47.0","48.8","146.4","74.7","0.0","$3","$1"
"","375","Taysom Hill","15.0","9.0","TE","UNS","18","74.04","35.2","9.0","44.0","127.6","65.2","0.0","$1","$1"
"","376","Jaret Patterson","15.0","15.0","RB","LAC","7","89.05","10.2","14.0","11.6","52.2","22.4","0.0","$1","$1"
"","377","Tory Horton","15.0","13.0","WR","SEA","11","123.01","47.8","60.0","55.6","127.9","73.9","0.0","$1","$1"
"","378","Ashton Dulin","15.0","13.0","WR","IND","13","57.06","40.6","23.0","50.7","142.0","73.8","0.0","$1","$1"
"","379","Dawson Knox","15.0","9.0","TE","BUF","7","30.05","45.5","48.0","47.9","110.2","64.5","0.0","$1","$1"
"","380","Tutu Atwell","15.0","13.0","WR","MIA","6","31.04","45.2","36.0","50.2","138.1","73.3","0.0","$1","$1"
"","381","Isaiah Bond","15.0","13.0","WR","CLE","11","45.04","42.8","20.0","47.5","144.9","73.2","0.0","$1","$1"
"","382","DeAndre Hopkins","15.0","13.0","WR","UNS","18","32.08","46.2","7.0","57.7","121.2","72.9","0.0","$1","$1"
"","383","Graham Gano","15.0","6.0","K","UNS","18","28.05","112.3","106.0","112.3","112.3","112.3","0.0","$1","$1"
"","384","Malachi Fields","15.0","13.0","WR","NYG","8","41.08","38.2","37.0","44.9","145.9","71.2","0.0","$1","$1"
"","385","Cole Kmet","15.0","9.0","TE","CHI","10","27.02","43.5","46.0","45.8","107.6","62.2","0.0","$1","$1"
"","386","Kyle Williams","15.0","13.0","WR","NE","11","42.01","45.3","24.0","49.8","129.5","70.7","0.0","$1","$1"
"","387","Erick All","15.0","9.0","TE","CIN","6","40.04","39.2","26.0","46.7","107.4","61.9","0.0","$1","$1"
"","388","Curtis Samuel","15.0","13.0","WR","UNS","18","70.08","44.2","8.0","55.3","118.9","70.6","0.0","$1","$1"
"","389","Dyami Brown","15.0","13.0","WR","WAS","7","118.08","40.5","29.0","47.1","136.6","70.3","0.0","$1","$1"
"","390","Malik Washington","15.0","13.0","WR","MIA","6","124.06","55.6","65.0","59.2","97.7","69.1","0.0","$1","$1"
"","391","Brenen Thompson","15.0","13.0","WR","LAC","7","82.03","39.2","18.0","43.5","139.2","68.8","0.0","$1","$1"
"","392","Calvin Austin III","15.0","13.0","WR","NYG","8","40.01","49.4","31.0","52.0","114.4","68.6","0.0","$1","$1"
"","393","Bryce Lance","15.0","13.0","WR","NO","8","35.01","38.0","18.0","42.2","141.4","68.5","0.0","$1","$1"
"","394","Olamide Zaccheaus","15.0","13.0","WR","ATL","11","45.07","44.7","48.0","52.0","112.3","67.1","0.0","$1","$1"
"","395","Treylon Burks","15.0","14.0","WR","WAS","7","45.03","39.5","30.0","42.9","133.0","66.9","0.0","$1","$1"
"","396","Kentrel Bullock","15.0","15.0","RB","CIN","6","128.07","3.8","0.0","4.3","15.1","7.2","0.0","$1","$1"
"","397","Xavier Legette","15.0","14.0","WR","CAR","5","117.08","41.2","38.0","43.4","130.2","66.7","0.0","$2","$1"
"","398","Kejon Owens","15.0","15.0","RB","MIN","6","128.07","3.9","0.0","4.3","13.8","6.8","0.0","$1","$1"
"","399","Jalen Tolbert","15.0","14.0","WR","MIA","6","122.01","39.9","52.0","44.3","128.5","66.5","0.0","$1","$1"
"","400","Jacob Saylors","15.0","15.0","RB","DET","6","41.04","0.0","8.0","4.3","6.0","4.9","0.0","$1","$1"
"","401","Kene Nwangwu","15.0","15.0","RB","NYJ","13","103.01","0.0","5.0","4.3","5.6","4.7","0.0","$1","$1"
"","402","Mason Taylor","15.0","10.0","TE","NYJ","13","34.05","40.6","49.0","42.3","100.3","57.8","0.0","$1","$1"
"","403","Dylan Laube","15.0","15.0","RB","LVR","13","73.02","0.2","6.0","4.3","6.0","4.0","0.0","$1","$1"
"","404","Jalen Royals","15.0","14.0","WR","KC","5","43.01","34.1","30.0","37.9","140.2","65.1","0.0","$1","$1"
"","405","Ja'Tavion Sanders","15.0","10.0","TE","CAR","5","51.07","38.9","34.0","41.4","99.4","56.8","0.0","$4","$1"
"","406","Max Klare","15.0","10.0","TE","LAR","11","52.02","33.9","26.0","38.5","105.9","56.1","0.0","$1","$1"
"","407","Elic Ayomanor","15.0","14.0","WR","TEN","9","106.07","37.8","45.0","39.8","127.4","63.3","0.0","$1","$1"
"","408","Theo Johnson","15.0","10.0","TE","NYG","8","120.05","37.6","45.0","40.0","100.0","55.9","0.0","$4","$1"
"","409","Cordarrelle Patterson","15.0","15.0","RB","UNS","18","115.08","0.0","0.0","0.0","0.0","0.0","0.0","$1","$1"
"","410","Jamaal Williams","15.0","15.0","RB","UNS","18","113.01","0.0","0.0","0.0","0.0","0.0","0.0","$1","$1"
"","411","D'Onta Foreman","15.0","15.0","RB","UNS","18","85.02","0.0","0.0","0.0","0.0","0.0","0.0","$1","$1"
"","412","Ezekiel Elliott","15.0","15.0","RB","UNS","18","53.03","0.0","0.0","0.0","0.0","0.0","0.0","$1","$1"
"","413","Raheem Mostert","15.0","15.0","RB","UNS","18","87.07","0.0","9.0","0.0","0.0","0.0","0.0","$1","$1"
"","414","Ameer Abdullah","15.0","15.0","RB","JAC","7","114.07","0.0","3.0","0.0","0.0","0.0","0.0","$1","$1"
"","415","Myles Gaskin","15.0","15.0","RB","UNS","18","83.04","0.0","0.0","0.0","0.0","0.0","0.0","$1","$1"
"","416","Trayveon Williams","15.0","15.0","RB","CLE","11","97.08","0.0","0.0","0.0","0.0","0.0","0.0","$1","$1"
"","417","Travis Homer","15.0","15.0","RB","PIT","9","75.05","0.0","0.0","0.0","0.0","0.0","0.0","$1","$1"
"","418","La'Mical Perine","15.0","15.0","RB","PIT","9","128.07","0.0","0.0","0.0","0.0","0.0","0.0","$1","$1"
"","419","Zack Moss","15.0","15.0","RB","UNS","18","104.04","0.0","0.0","0.0","0.0","0.0","0.0","$1","$1"
"","420","Deneric Prince","15.0","15.0","RB","UNS","18","88.05","0.0","0.0","0.0","0.0","0.0","0.0","$1","$1"
"","421","Xazavian Valladay","15.0","15.0","RB","PIT","9","59.04","0.0","0.0","0.0","0.0","0.0","0.0","$1","$1"
"","422","Elijah Dotson","15.0","15.0","RB","UNS","18","106.08","0.0","0.0","0.0","0.0","0.0","0.0","$1","$1"
"","423","Jase McClellan","15.0","15.0","RB","UNS","18","49.04","0.0","0.0","0.0","0.0","0.0","0.0","$1","$1"
"","424","Frank Gore Jr.","15.0","15.0","RB","BUF","7","66.06","0.0","22.0","0.0","0.0","0.0","0.0","$1","$1"
"","425","Cody Schrader","15.0","15.0","RB","LAR","11","102.04","0.0","0.0","0.0","0.0","0.0","0.0","$1","$1"
"","426","Keilan Robinson","15.0","15.0","RB","UNS","18","88.06","0.0","0.0","0.0","0.0","0.0","0.0","$1","$1"
"","427","Kendall Milton","15.0","15.0","RB","CIN","6","105.02","0.0","0.0","0.0","0.0","0.0","0.0","$1","$1"
"","428","Blake Watson","15.0","15.0","RB","UNS","18","77.08","0.0","0.0","0.0","0.0","0.0","0.0","$1","$1"
"","429","Louis Rees-Zammit","15.0","15.0","RB","UNS","18","70.07","0.0","0.0","0.0","0.0","0.0","0.0","$1","$1"
"","430","Julius Chestnut","15.0","15.0","RB","TEN","9","115.05","0.0","3.0","0.0","0.0","0.0","0.0","$1","$1"
"","431","Avery Williams","15.0","15.0","RB","UNS","18","107.06","0.0","0.0","0.0","0.0","0.0","0.0","$1","$1"
"","432","Lew Nichols","15.0","15.0","RB","UNS","18","55.01","0.0","0.0","0.0","0.0","0.0","0.0","$1","$1"
"","433","Dillon Johnson","15.0","15.0","RB","UNS","18","128.07","0.0","0.0","0.0","0.0","0.0","0.0","$1","$1"
"","434","Daijun Edwards","15.0","15.0","RB","UNS","18","128.07","0.0","0.0","0.0","0.0","0.0","0.0","$1","$1"
"","435","Marcus Yarns","15.0","15.0","RB","UNS","18","128.07","0.0","0.0","0.0","0.0","0.0","0.0","$1","$1"
"","436","Brittain Brown","15.0","15.0","RB","CHI","10","114.05","0.0","20.0","0.0","0.0","0.0","0.0","$1","$1"
"","437","Damien Martinez","15.0","15.0","RB","GB","11","88.01","0.0","3.0","0.0","0.0","0.0","0.0","$1","$1"
"","438","Jordan Mims","15.0","15.0","RB","UNS","18","81.02","0.0","0.0","0.0","0.0","0.0","0.0","$1","$1"
"","439","Terrell Jennings","15.0","15.0","RB","NE","11","65.05","0.0","0.0","0.0","0.0","0.0","0.0","$1","$1"
"","440","Sincere McCormick","15.0","15.0","RB","SF","8","46.03","0.0","0.0","0.0","0.0","0.0","0.0","$1","$1"
"","441","Tyreik McAllister","15.0","15.0","WR","LVR","13","65.03","0.0","0.0","0.0","0.0","0.0","0.0","$1","$1"
"","442","Hunter Luepke","15.0","15.0","RB","DAL","14","115.04","0.0","0.0","0.0","0.0","0.0","0.0","$1","$1"
"","443","Aaron Shampklin","15.0","15.0","RB","PIT","9","56.02","0.0","0.0","0.0","0.0","0.0","0.0","$1","$1"
"","444","J.J. Taylor","15.0","15.0","RB","UNS","18","101.06","0.0","0.0","0.0","0.0","0.0","0.0","$1","$1"
"","445","Carson Steele","15.0","15.0","RB","UNS","18","66.02","0.0","0.0","0.0","0.0","0.0","0.0","$1","$1"
"","446","Emani Bailey","15.0","15.0","RB","CAR","5","128.07","0.0","0.0","0.0","0.0","0.0","0.0","$1","$1"
"","447","Sione Vaki","15.0","15.0","RB","DET","6","106.03","0.0","2.0","0.0","0.0","0.0","0.0","$1","$1"
"","448","Alec Ingold","15.0","15.0","","LAC","7","116.03","0.0","7.0","0.0","0.0","0.0","0.0","$1","$1"
"","449","Reggie Gilliam","15.0","15.0","RB","NE","11","75.06","0.0","3.0","0.0","0.0","0.0","0.0","$1","$1"
"","450","British Brooks","15.0","15.0","RB","HOU","8","100.05","0.0","0.0","0.0","0.0","0.0","0.0","$1","$1"
"","451","Dante Miller","15.0","15.0","RB","NYG","8","106.02","0.0","0.0","0.0","0.0","0.0","0.0","$1","$1"
"","452","Chris Collier","15.0","15.0","RB","LVR","13","31.02","0.0","0.0","0.0","0.0","0.0","0.0","$1","$1"
"","453","Jabari Small","15.0","15.0","RB","TEN","9","128.07","0.0","0.0","0.0","0.0","0.0","0.0","$1","$1"
"","454","Scottie Phillips","15.0","15.0","RB","UNS","18","128.07","0.0","0.0","0.0","0.0","0.0","0.0","$1","$1"
"","455","Aidan Robbins","15.0","15.0","RB","UNS","18","128.07","0.0","0.0","0.0","0.0","0.0","0.0","$1","$1"
"","456","Zavier Scott","15.0","15.0","RB","MIN","6","32.03","0.0","0.0","0.0","0.0","0.0","0.0","$1","$1"
"","457","Nathan Carter","15.0","15.0","RB","ATL","11","86.03","0.0","0.0","0.0","0.0","0.0","0.0","$1","$1"
"","458","ShunDerrick Powell","15.0","15.0","RB","UNS","18","128.07","0.0","0.0","0.0","0.0","0.0","0.0","$1","$1"
"","459","Patrick Ricard","15.0","15.0","RB","NYG","8","64.04","0.0","3.0","0.0","0.0","0.0","0.0","$1","$1"
"","460","C.J. Ham","15.0","15.0","RB","MIN","6","56.06","0.0","0.0","0.0","0.0","0.0","0.0","$1","$1"
"","461","Ian Wheeler","15.0","15.0","RB","CHI","10","128.07","0.0","0.0","0.0","0.0","0.0","0.0","$1","$1"
"","462","Lan Larison","15.0","15.0","RB","NE","11","69.04","0.0","0.0","0.0","0.0","0.0","0.0","$1","$1"
"","463","Ulysses Bentley IV","15.0","15.0","RB","IND","13","76.04","0.0","0.0","0.0","0.0","0.0","0.0","$1","$1"
"","464","Montrell Johnson Jr.","15.0","15.0","RB","UNS","18","128.07","0.0","0.0","0.0","0.0","0.0","0.0","$1","$1"
"","465","Corey Kiner","15.0","15.0","RB","ARI","14","81.04","0.0","0.0","0.0","0.0","0.0","0.0","$1","$1"
"","466","Ja'Quinden Jackson","15.0","15.0","RB","JAC","7","128.07","0.0","0.0","0.0","0.0","0.0","0.0","$1","$1"
"","467","Donovan Edwards","15.0","15.0","RB","WAS","7","44.04","0.0","10.0","0.0","0.0","0.0","0.0","$1","$1"
"","468","Trey Sermon","15.0","15.0","RB","PIT","9","66.08","0.0","0.0","0.0","0.0","0.0","0.0","$1","$1"
"","469","Salvon Ahmed","15.0","15.0","RB","UNS","18","52.07","0.0","22.0","0.0","0.0","0.0","0.0","$1","$1"
"","470","JaMycal Hasty","15.0","15.0","RB","UNS","18","101.01","0.0","0.0","0.0","0.0","0.0","0.0","$1","$1"
"","471","Jake Funk","15.0","15.0","RB","IND","13","128.07","0.0","0.0","0.0","0.0","0.0","0.0","$1","$1"
"","472","Jonathan Ward","15.0","15.0","RB","PIT","9","73.06","0.0","0.0","0.0","0.0","0.0","0.0","$1","$1"
"","473","Deon Jackson","15.0","15.0","RB","UNS","18","128.07","0.0","0.0","0.0","0.0","0.0","0.0","$1","$1"
"","474","Patrick Taylor","15.0","15.0","RB","SF","8","97.04","0.0","0.0","0.0","0.0","0.0","0.0","$1","$1"
"","475","Tony Jones Jr.","15.0","15.0","RB","ARI","14","85.07","0.0","0.0","0.0","0.0","0.0","0.0","$1","$1"
"","476","Dameon Pierce","15.0","15.0","RB","PHI","10","68.02","0.0","12.0","0.0","0.0","0.0","0.0","$1","$1"
"","477","Zamir White","15.0","15.0","RB","UNS","18","51.05","0.0","4.0","0.0","0.0","0.0","0.0","$1","$1"
"","478","Isaiah Spiller","15.0","15.0","RB","UNS","18","128.07","0.0","0.0","0.0","0.0","0.0","0.0","$1","$1"
"","479","Craig Reynolds","15.0","15.0","RB","DET","6","53.04","0.0","3.0","0.0","0.0","0.0","0.0","$1","$1"
"","480","Gary Brightwell","15.0","15.0","RB","CIN","6","69.03","0.0","0.0","0.0","0.0","0.0","0.0","$1","$1"
"","481","Elijah Mitchell","15.0","15.0","RB","NE","11","90.04","0.0","13.0","0.0","0.0","0.0","0.0","$1","$1"
"","482","Khalil Herbert","15.0","15.0","RB","NYJ","13","61.02","0.0","2.0","0.0","0.0","0.0","0.0","$1","$1"
"","483","DeWayne McBride","15.0","15.0","RB","UNS","18","73.08","0.0","0.0","0.0","0.0","0.0","0.0","$1","$1"
"","484","Zach Evans","15.0","15.0","RB","UNS","18","42.02","0.0","0.0","0.0","0.0","0.0","0.0","$1","$1"
"","485","Israel Abanikanda","15.0","15.0","RB","GB","11","79.01","0.0","22.0","0.0","0.0","0.0","0.0","$1","$1"
"","486","Evan Hull","15.0","15.0","RB","UNS","18","72.03","0.0","0.0","0.0","0.0","0.0","0.0","$1","$1"
"","487","Deuce Vaughn","15.0","15.0","RB","UNS","18","63.04","0.0","0.0","0.0","0.0","0.0","0.0","$1","$1"
"","488","Eric Gray","15.0","15.0","RB","NYG","8","43.03","0.0","0.0","0.0","0.0","0.0","0.0","$1","$1"
"","489","Raheem Blackshear","15.0","15.0","RB","NYJ","13","50.05","0.0","0.0","0.0","0.0","0.0","0.0","$1","$1"
"","490","Ronnie Rivers","15.0","15.0","RB","LAR","11","51.06","0.0","11.0","0.0","0.0","0.0","0.0","$1","$1"
"","491","Zonovan 'Bam' Knight","15.0","15.0","RB","ARI","14","53.05","0.0","0.0","0.0","0.0","0.0","0.0","$1","$1"
"","492","Keaontay Ingram","15.0","15.0","RB","KC","5","65.08","0.0","0.0","0.0","0.0","0.0","0.0","$1","$1"
"","493","Kevin Harris","15.0","15.0","RB","NE","11","128.07","0.0","0.0","0.0","0.0","0.0","0.0","$1","$1"
"","494","Hassan Haskins","15.0","15.0","RB","UNS","18","51.01","0.0","1.0","0.0","0.0","0.0","0.0","$1","$1"
"","495","Tyrion Davis-Price","15.0","15.0","RB","UNS","18","74.02","0.0","0.0","0.0","0.0","0.0","0.0","$1","$1"
"","496","Pierre Strong Jr.","15.0","15.0","RB","GB","11","111.08","0.0","9.0","0.0","0.0","0.0","0.0","$1","$1"
"","497","John Kelly","15.0","15.0","RB","CLE","11","80.07","0.0","0.0","0.0","0.0","0.0","0.0","$1","$1"
"","498","Royce Freeman","15.0","15.0","RB","UNS","18","128.07","0.0","0.0","0.0","0.0","0.0","0.0","$1","$1"
"","499","Jeffery 'Jeff' Wilson Jr.","15.0","15.0","RB","MIA","6","53.01","0.0","0.0","0.0","0.0","0.0","0.0","$1","$1"
"","500","Gus Edwards","15.0","15.0","RB","UNS","18","94.03","0.0","0.0","0.0","0.0","0.0","0.0","$1","$1"
"","501","Mike Boone","15.0","15.0","RB","UNS","18","63.01","0.0","0.0","0.0","0.0","0.0","0.0","$1","$1"
"","502","Dare Ogunbowale","15.0","15.0","RB","UNS","18","109.05","0.0","4.0","0.0","0.0","0.0","0.0","$1","$1"
"","503","Cam Akers","15.0","15.0","RB","SEA","11","74.03","0.0","3.0","0.0","0.0","0.0","0.0","$1","$1"
"","504","Ke'Shawn Vaughn","15.0","15.0","RB","UNS","18","83.08","0.0","0.0","0.0","0.0","0.0","0.0","$1","$1"
"","505","DeeJay Dallas","15.0","15.0","RB","JAC","7","48.07","0.0","0.0","0.0","0.0","0.0","0.0","$1","$1"
"","506","A.J. Dillon","15.0","15.0","RB","CAR","5","57.01","0.0","50.0","0.0","0.0","0.0","0.0","$1","$1"
"","507","Clyde Edwards-Helaire","15.0","15.0","RB","KC","5","75.04","0.0","0.0","0.0","0.0","0.0","0.0","$1","$1"
"","508","Darrynton Evans","15.0","15.0","RB","BUF","7","85.08","0.0","0.0","0.0","0.0","0.0","0.0","$1","$1"
"","509","Joshua Kelley","15.0","15.0","RB","TEN","9","102.01","0.0","0.0","0.0","0.0","0.0","0.0","$1","$1"
"","510","Noah Brown","15.0","14.0","WR","UNS","18","90.05","41.2","11.0","48.5","106.7","63.1","0.0","$1","$1"
"","511","Nick Westbrook-Ikhine","15.0","14.0","WR","IND","13","122.06","36.3","36.0","41.3","123.9","62.9","0.0","$1","$1"
"","512","Mack Hollins","15.0","14.0","WR","NE","11","43.05","39.3","33.0","43.7","115.8","62.6","0.0","$1","$1"
"","513","Kalif Raymond","15.0","14.0","WR","CHI","10","32.04","45.3","35.0","49.2","100.9","62.6","0.0","$1","$1"
"","514","Noah Gray","15.0","10.0","TE","KC","5","35.03","41.6","34.0","41.6","91.5","55.2","0.0","$1","$1"
"","515","Sterling Shepard","15.0","14.0","WR","UNS","18","113.07","39.0","4.0","45.9","110.2","62.2","0.0","$1","$1"
"","516","Noah Fant","15.0","10.0","TE","NO","8","33.01","35.6","34.0","38.7","100.6","55.0","0.0","$1","$1"
"","517","Tyler Lockett","15.0","14.0","WR","UNS","18","59.03","35.5","12.0","44.4","113.2","61.6","0.0","$1","$1"
"","518","Jaylin Lane","15.0","14.0","WR","WAS","7","58.06","41.0","36.0","45.6","104.9","60.9","0.0","$1","$1"
"","519","Jimmy Horn Jr.","15.0","14.0","WR","CAR","5","68.01","36.2","13.0","38.1","121.9","60.6","0.0","$1","$1"
"","520","Luke McCaffrey","15.0","14.0","WR","WAS","7","49.02","42.9","23.0","45.2","100.8","60.0","0.0","$1","$1"
"","521","Zavion Thomas","15.0","14.0","WR","CHI","10","30.06","37.7","32.0","44.4","104.3","59.5","0.0","$1","$1"
"","522","Tyler Higbee","15.0","10.0","TE","LAR","11","31.07","32.5","43.0","36.1","99.3","52.7","0.0","$1","$1"
"","523","Mitchell Evans","15.0","10.0","TE","CAR","5","42.08","32.9","25.0","35.0","98.0","51.8","0.0","$1","$1"
"","524","Oscar Delp","15.0","10.0","TE","NO","8","70.03","28.4","13.0","33.4","103.5","51.6","0.0","$1","$1"
"","525","Tez Johnson","15.0","14.0","WR","TB","10","100.06","31.2","28.0","32.5","126.8","58.0","0.0","$1","$1"
"","526","Skyler Bell","15.0","14.0","WR","BUF","7","29.07","29.6","36.0","32.2","125.6","57.2","0.0","$1","$1"
"","527","Justin Joly","15.0","10.0","TE","DEN","10","114.03","26.3","24.0","30.9","106.6","50.7","0.0","$1","$1"
"","528","Ben Sinnott","15.0","10.0","TE","WAS","7","75.07","27.4","22.0","30.4","106.4","50.6","0.0","$1","$1"
"","529","Austin Hooper","15.0","10.0","TE","ATL","11","39.08","34.2","35.0","37.2","85.6","49.9","0.0","$1","$1"
"","530","Xavier Hutchinson","15.0","15.0","WR","HOU","8","115.02","30.0","35.0","30.6","122.4","55.5","0.0","$1","$1"
"","531","Cedric Tillman","15.0","15.0","WR","CLE","11","109.03","27.2","23.0","29.6","124.3","55.0","0.0","$2","$1"
"","532","Chimere Dike","15.0","15.0","WR","TEN","9","128.01","35.7","51.0","38.8","99.7","54.9","0.0","$1","$1"
"","533","DJ Rogers","15.0","10.0","TE","DAL","14","128.07","28.4","0.0","33.4","93.5","48.9","0.0","$1","$1"
"","534","Savion Williams","15.0","15.0","WR","GB","11","119.06","36.1","33.0","40.1","96.2","54.7","0.0","$1","$1"
"","535","Roman Wilson","15.0","15.0","WR","PIT","9","43.08","30.5","17.0","33.9","108.5","53.6","0.0","$1","$1"
"","536","Hunter Renfrow","15.0","15.0","WR","UNS","18","85.03","29.4","4.0","36.7","102.8","53.4","0.0","$1","$1"
"","537","Nate Boerkircher","15.0","11.0","TE","JAC","7","56.03","25.9","22.0","30.5","96.1","47.6","0.0","$1","$1"
"","538","Demarcus Robinson","15.0","15.0","WR","SF","8","65.07","30.3","28.0","35.6","103.2","53.1","0.0","$1","$1"
"","539","Jordan Whittington","15.0","15.0","WR","LAR","11","31.03","36.7","17.0","38.6","92.6","53.0","0.0","$1","$1"
"","540","Tommy Tremble","15.0","11.0","TE","CAR","5","38.01","26.7","30.0","29.7","95.6","47.1","0.0","$1","$1"
"","541","Eli Raridon","15.0","11.0","TE","NE","11","38.04","26.4","18.0","31.0","93.0","47.1","0.0","$1","$1"
"","542","Dont'e Thornton Jr.","15.0","15.0","WR","LVR","13","41.05","26.2","20.0","29.1","116.4","52.4","0.0","$1","$1"
"","543","Reggie Virgil","15.0","15.0","WR","ARI","14","60.05","25.7","7.0","29.9","113.6","52.0","0.0","$1","$1"
"","544","Will Dissly","15.0","11.0","TE","UNS","18","86.05","28.1","12.0","30.2","90.6","46.3","0.0","$1","$1"
"","545","Charlie Kolar","15.0","11.0","TE","LAC","7","84.02","31.6","29.0","37.2","74.4","46.3","0.0","$1","$1"
"","546","Luke Musgrave","15.0","11.0","TE","GB","11","55.06","24.8","32.0","26.1","100.5","46.2","0.0","$1","$1"
"","547","Jackson Hawes","15.0","11.0","TE","BUF","7","46.07","20.0","24.0","22.2","111.0","46.0","0.0","$1","$1"
"","548","Demario Douglas","15.0","15.0","WR","NE","11","34.03","32.7","36.0","34.4","96.3","51.0","0.0","$1","$1"
"","549","Cade Stover","15.0","11.0","TE","HOU","8","57.04","27.0","15.0","30.0","90.0","45.8","0.0","$1","$1"
"","550","Elijah Higgins","15.0","11.0","TE","ARI","14","60.02","29.0","24.0","30.5","85.4","45.2","0.0","$1","$1"
"","551","Cyrus Allen","15.0","15.0","WR","KC","5","35.02","22.1","16.0","26.0","117.0","50.1","0.0","$1","$1"
"","552","Colbie Young","15.0","15.0","WR","CIN","6","49.01","23.7","10.0","27.9","111.6","50.0","0.0","$1","$1"
"","553","Devontez Walker","15.0","15.0","WR","BAL","13","38.05","23.5","25.0","26.7","112.1","49.4","0.0","$1","$1"
"","554","Van Jefferson","15.0","15.0","WR","WAS","7","67.06","28.6","33.0","31.8","98.6","49.4","0.0","$1","$1"
"","555","Daniel Bellinger","15.0","11.0","TE","TEN","9","108.04","27.1","28.0","29.5","85.6","44.4","0.0","$1","$1"
"","556","Marquez Valdes-Scantling","15.0","15.0","WR","DAL","14","37.06","23.0","14.0","30.6","104.0","49.2","0.0","$1","$1"
"","557","Jordan Watkins","15.0","15.0","WR","SF","8","50.08","21.8","6.0","24.2","116.2","48.9","0.0","$1","$1"
"","558","Tanner Koziol","15.0","11.0","TE","JAC","7","90.07","20.5","13.0","24.1","98.8","43.8","0.0","$1","$1"
"","559","Jake Tonges","15.0","11.0","TE","SF","8","125.02","27.1","39.0","30.8","78.5","43.1","0.0","$1","$1"
"","560","KeAndre Lambert-Smith","15.0","15.0","WR","LAC","7","76.07","23.6","24.0","26.2","104.8","47.2","0.0","$1","$1"
"","561","Eric McAlister","15.0","15.0","WR","RK","18","128.07","20.3","14.0","22.5","112.5","46.7","0.0","$1","$1"
"","562","Mitchell Tinsley","15.0","15.0","WR","CIN","6","45.08","20.1","24.0","22.3","111.5","46.2","0.0","$1","$1"
"","563","Sam Roush","15.0","11.0","TE","CHI","10","36.06","23.7","11.0","26.6","83.8","41.7","0.0","$1","$1"
"","564","Tai Felton","15.0","15.0","WR","MIN","6","46.01","27.9","14.0","29.4","88.2","45.2","0.0","$1","$1"
"","565","JuJu Smith-Schuster","15.0","15.0","WR","NYG","8","38.08","20.2","11.0","26.9","98.2","45.1","0.0","$1","$1"
"","566","Odell Beckham Jr.","15.0","15.0","WR","NYG","8","26.02","19.4","12.0","24.2","104.1","45.1","0.0","$1","$1"
"","567","Arian Smith","15.0","15.0","WR","NYJ","13","50.02","19.4","7.0","21.6","108.0","44.8","0.0","$1","$1"
"","568","Kevin Coleman Jr.","15.0","15.0","WR","MIA","6","62.03","21.6","30.0","24.0","100.8","44.5","0.0","$1","$1"
"","569","Malik Benson","15.0","15.0","WR","LVR","13","64.02","20.6","8.0","24.2","96.8","43.4","0.0","$1","$1"
"","570","John Metchie","15.0","15.0","WR","CAR","5","54.05","25.9","49.0","26.7","88.1","43.3","0.0","$1","$1"
"","571","Theo Wease Jr.","15.0","15.0","WR","MIA","6","100.08","17.5","57.0","20.6","103.0","42.5","0.0","$1","$1"
"","572","Tanner Hudson","15.0","11.0","TE","CIN","6","59.08","22.1","22.0","24.6","78.7","38.9","0.0","$1","$1"
"","573","Konata Mumpfield","15.0","15.0","WR","LAR","11","38.02","19.3","27.0","20.3","101.5","42.3","0.0","$1","$1"
"","574","Josh Oliver","15.0","11.0","TE","MIN","6","110.01","22.7","34.0","23.9","78.9","38.7","0.0","$1","$1"
"","575","Greg Dortch","15.0","15.0","WR","DET","6","56.07","28.9","17.0","31.1","73.1","42.2","0.0","$1","$1"
"","576","Jonathan Mingo","15.0","15.0","WR","DAL","14","47.05","21.1","8.0","24.2","92.0","42.1","0.0","$1","$1"
"","577","Brevyn Spann-Ford","15.0","11.0","TE","DAL","14","41.02","20.1","11.0","21.2","84.8","38.4","0.0","$1","$1"
"","578","Adam Trautman","15.0","12.0","TE","DEN","10","37.04","21.8","25.0","27.3","68.3","37.5","0.0","$1","$1"
"","579","Jalin Hyatt","15.0","15.0","WR","NYG","8","96.02","16.6","4.0","18.4","101.2","40.7","0.0","$1","$1"
"","580","Tyler Conklin","15.0","12.0","TE","DET","6","109.07","22.7","7.0","23.9","74.1","37.4","0.0","$1","$1"
"","581","Ja'Lynn Polk","15.0","15.0","WR","NO","8","58.05","18.2","4.0","22.8","91.2","40.6","0.0","$1","$1"
"","582","Matthew Hibner","15.0","12.0","TE","BAL","13","71.02","17.7","12.0","20.8","83.2","37.3","0.0","$1","$1"
"","583","Davis Allen","15.0","12.0","TE","LAR","11","58.07","19.4","21.0","21.5","80.6","37.2","0.0","$1","$1"
"","584","Will Kacmarek","15.0","12.0","TE","MIA","6","52.08","19.8","28.0","20.8","81.1","37.1","0.0","$1","$1"
"","585","Marlin Klein","15.0","12.0","TE","HOU","8","82.08","21.2","26.0","24.1","72.3","36.7","0.0","$1","$1"
"","586","Brock Wright","15.0","12.0","TE","DET","6","48.02","22.4","33.0","23.6","70.8","36.3","0.0","$1","$1"
"","587","Luke Schoonmaker","15.0","12.0","TE","DAL","14","33.02","18.8","16.0","19.8","79.2","35.8","0.0","$1","$1"
"","588","CJ Daniels","15.0","15.0","WR","LAR","11","31.01","17.5","26.0","19.9","89.6","38.5","0.0","$1","$1"
"","589","Joe Royer","15.0","12.0","TE","CLE","11","47.08","16.8","13.0","19.8","79.2","35.5","0.0","$1","$1"
"","590","Drew Sample","15.0","12.0","TE","CIN","6","40.02","18.3","22.0","19.3","77.2","34.9","0.0","$1","$1"
"","591","K.J. Osborn","15.0","15.0","WR","TEN","9","75.02","21.1","0.0","25.7","72.0","37.5","0.0","$1","$1"
"","592","Malachi Corley","15.0","15.0","WR","CLE","11","48.03","15.6","12.0","17.3","90.0","36.8","0.0","$1","$1"
"","593","Jeff Caldwell","15.0","15.0","WR","KC","5","128.07","14.3","0.0","16.8","90.6","36.5","0.0","$1","$1"
"","594","Xavier Restrepo","15.0","15.0","WR","TEN","9","50.06","14.6","7.0","16.2","89.1","35.8","0.0","$1","$1"
"","595","Josh Cameron","15.0","15.0","WR","JAC","7","98.08","16.0","16.0","18.2","81.9","35.2","0.0","$1","$1"
"","596","Josh Cuevas","15.0","12.0","TE","BAL","13","83.06","14.2","10.0","16.1","78.9","32.9","0.0","$1","$1"
"","597","Riley Nowakowski","15.0","12.0","TE","PIT","9","49.06","14.9","13.0","16.9","76.1","32.7","0.0","$1","$1"
"","598","Deion Burks","15.0","15.0","WR","IND","13","62.06","14.3","30.0","17.4","82.7","34.7","0.0","$1","$1"
"","599","Devin Culp","15.0","12.0","TE","TB","10","102.03","14.7","8.0","16.3","73.4","31.6","0.0","$1","$1"
"","600","Tim Patrick","15.0","15.0","WR","NYJ","13","41.06","19.4","13.0","21.8","65.4","33.3","0.0","$1","$1"
"","601","Bub Means","15.0","15.0","WR","NO","8","89.04","15.5","29.0","16.3","78.2","33.0","0.0","$1","$1"
"","602","Dominic Lovett","15.0","15.0","WR","DET","6","97.03","13.4","0.0","15.8","80.6","33.0","0.0","$1","$1"
"","603","Luke Farrell","15.0","12.0","TE","SF","8","44.08","13.5","9.0","15.0","75.0","31.1","0.0","$1","$1"
"","604","David Sills V","15.0","15.0","WR","TB","10","92.04","15.0","10.0","15.8","79.0","32.9","0.0","$1","$1"
"","605","Derius Davis","15.0","15.0","WR","LAC","7","68.08","21.7","8.0","22.8","59.3","32.6","0.0","$1","$1"
"","606","Casey Washington","15.0","15.0","WR","ATL","11","75.08","14.0","17.0","15.5","76.0","31.7","0.0","$1","$1"
"","607","Emmanuel Henderson Jr.","15.0","15.0","WR","SEA","11","81.03","13.0","5.0","15.3","76.5","31.6","0.0","$1","$1"
"","608","Will Mallory","15.0","12.0","TE","IND","13","93.02","13.1","13.0","14.6","71.5","29.9","0.0","$1","$1"
"","609","Mecole Hardman","15.0","15.0","WR","BUF","7","46.06","12.2","4.0","15.3","76.5","31.4","0.0","$1","$1"
"","610","Jacob Cowing","15.0","15.0","WR","SF","8","72.05","19.4","4.0","20.4","59.2","30.8","0.0","$1","$1"
"","611","Thomas Fidone II","15.0","12.0","TE","NYG","8","97.05","9.7","20.0","10.8","75.6","28.3","0.0","$1","$1"
"","612","Isaiah Williams","15.0","15.0","WR","NYJ","13","71.07","17.5","14.0","18.4","58.9","29.3","0.0","$1","$1"
"","613","John Bates","15.0","12.0","TE","WAS","7","78.02","13.4","22.0","14.9","64.1","28.1","0.0","$1","$1"
"","614","Jack Endries","15.0","12.0","TE","CIN","6","86.02","14.4","15.0","16.9","59.2","28.0","0.0","$1","$1"
"","615","Quez Watkins","15.0","15.0","WR","PHI","10","50.03","12.0","0.0","14.1","70.5","29.1","0.0","$1","$1"
"","616","Barion Brown","15.0","15.0","WR","NO","8","72.01","16.7","15.0","18.6","57.7","28.9","0.0","$1","$1"
"","617","Jared Wiley","15.0","12.0","TE","KC","5","113.06","13.5","11.0","14.2","63.9","27.6","0.0","$1","$1"
"","618","Jake Briningstool","15.0","13.0","TE","KC","5","128.07","9.5","4.0","10.5","73.5","27.5","0.0","$1","$1"
"","619","Johnny Wilson","15.0","15.0","WR","PHI","10","92.07","12.8","4.0","16.0","64.0","28.5","0.0","$1","$1"
"","620","Tip Reiman","15.0","13.0","TE","ARI","14","96.04","11.9","10.0","13.2","66.0","27.4","0.0","$1","$1"
"","621","Tahj Washington","15.0","15.0","WR","MIA","6","40.07","11.5","0.0","12.8","70.4","28.3","0.0","$1","$1"
"","622","Harrison Wallace III","15.0","15.0","WR","ARI","14","128.07","11.5","0.0","12.8","70.4","28.3","0.0","$1","$1"
"","623","Michael Trigg","15.0","13.0","TE","DAL","14","35.05","13.1","15.0","16.4","57.4","27.0","0.0","$1","$1"
"","624","Kevin Austin Jr.","15.0","15.0","WR","NO","8","92.05","14.1","14.0","15.7","61.2","27.8","0.0","$1","$1"
"","625","Jordan Hudson","15.0","15.0","WR","DAL","14","128.07","12.0","0.0","13.3","65.2","27.2","0.0","$1","$1"
"","626","Eric Rivers","15.0","15.0","WR","TB","10","128.07","11.5","10.0","12.8","66.6","27.2","0.0","$1","$1"
"","627","Darius Cooper","15.0","15.0","WR","PHI","10","99.02","14.1","9.0","14.8","59.2","26.8","0.0","$1","$1"
"","628","Anthony Smith","15.0","15.0","WR","DAL","14","108.05","11.5","4.0","13.5","63.5","26.8","0.0","$1","$1"
"","629","Kaden Wetjen","15.0","15.0","WR","PIT","9","69.01","17.8","5.0","20.9","44.1","26.7","0.0","$1","$1"
"","630","Bauer Sharp","15.0","13.0","TE","TB","10","82.04","11.9","4.0","13.4","60.3","25.9","0.0","$1","$1"
"","631","Seydou Traore","15.0","13.0","TE","MIA","6","67.01","10.2","12.0","12.0","60.0","24.8","0.0","$1","$1"
"","632","Payne Durham","15.0","13.0","TE","TB","10","45.06","12.5","10.0","12.9","56.8","24.8","0.0","$1","$1"
"","633","Charlie Jones","15.0","15.0","WR","CIN","6","62.08","11.9","4.0","14.0","55.7","25.0","0.0","$1","$1"
"","634","Lewis Bond","15.0","15.0","WR","HOU","8","79.02","11.1","4.0","12.3","59.0","24.8","0.0","$1","$1"
"","635","Dallen Bentley","15.0","13.0","TE","DEN","10","99.06","11.0","4.0","12.9","55.5","24.2","0.0","$1","$1"
"","636","Mason Tipton","15.0","15.0","WR","NO","8","72.02","13.1","11.0","14.5","52.2","24.5","0.0","$1","$1"
"","637","CJ Williams","15.0","15.0","WR","JAC","7","83.07","10.7","0.0","12.6","56.7","24.3","0.0","$1","$1"
"","638","J. Michael Sturdivant","15.0","15.0","WR","GB","11","128.07","10.9","0.0","12.1","56.9","24.1","0.0","$1","$1"
"","639","Efton Chism","15.0","15.0","WR","NE","11","35.06","12.2","13.0","12.8","52.5","23.5","0.0","$1","$1"
"","640","Charlie Woerner","15.0","13.0","TE","ATL","11","56.04","11.6","12.0","12.9","51.6","23.2","0.0","$1","$1"
"","641","RJ Maryland","15.0","13.0","TE","GB","11","128.07","9.6","0.0","11.3","50.9","21.8","0.0","$1","$1"
"","642","John Michael Gyllenborg","15.0","13.0","TE","KC","5","128.07","9.5","13.0","11.2","50.4","21.6","0.0","$1","$1"
"","643","Jeremy Ruckert","15.0","13.0","TE","NYJ","13","42.03","12.3","12.0","12.9","45.2","21.6","0.0","$1","$1"
"","644","Anthony Gould","15.0","15.0","WR","IND","13","84.04","10.7","7.0","11.9","46.4","21.1","0.0","$1","$1"
"","645","Johnny Mundt","15.0","13.0","TE","PHI","10","112.08","11.4","6.0","13.4","42.9","21.1","0.0","$1","$1"
"","646","Aaron Anderson","15.0","15.0","WR","CLE","11","128.07","8.1","13.0","9.0","50.0","20.0","0.0","$1","$1"
"","647","Hunter Long","15.0","13.0","TE","JAC","7","97.02","8.6","14.0","9.6","49.9","20.4","0.0","$1","$1"
"","648","Grant Calcaterra","15.0","13.0","TE","PHI","10","37.02","12.8","12.0","14.6","36.5","20.3","0.0","$1","$1"
"","649","Carsen Ryan","15.0","13.0","TE","CLE","11","64.05","8.2","4.0","10.3","46.4","19.8","0.0","$1","$1"
"","650","Vinny Anthony II","15.0","15.0","WR","ATL","11","128.07","8.2","0.0","9.1","46.0","19.0","0.0","$1","$1"
"","651","Joshua Karty","15.0","7.0","K","ARI","14","77.05","63.4","0.0","64.0","89.6","70.9","0.0","$1","$1"
"","652","Spencer Shrader","15.0","7.0","K","IND","13","29.05","62.7","59.0","64.0","86.4","69.9","0.0","$1","$1"
"","653","Jaren Kanak","15.0","13.0","TE","TEN","9","47.04","8.6","13.0","10.1","40.4","18.1","0.0","$1","$1"
"","654","Mo Alie-Cox","15.0","13.0","TE","IND","13","91.07","17.6","13.0","17.6","17.6","17.6","0.0","$1","$1"
"","655","Andrew 'Drew' Ogletree","15.0","14.0","TE","IND","13","68.07","13.2","7.0","13.2","13.2","13.2","0.0","$1","$1"
"","656","Blake Grupe","15.0","7.0","K","IND","13","124.05","56.1","96.0","56.7","82.2","63.6","0.0","$1","$1"
"","657","Max Tomczak","15.0","15.0","WR","BUF","7","128.07","3.7","0.0","4.1","20.5","8.5","0.0","$1","$1"
"","658","Tyrell Shavers","15.0","15.0","WR","BUF","7","88.08","3.9","11.0","4.1","20.1","8.4","0.0","$1","$1"
"","659","Tyren Montgomery","15.0","15.0","WR","TEN","9","128.07","3.7","0.0","4.1","19.7","8.3","0.0","$1","$1"
"","660","Noah Thomas","15.0","15.0","WR","CIN","6","128.07","3.7","22.0","4.1","19.5","8.2","0.0","$1","$1"
"","661","Durham Smythe","15.0","14.0","TE","BAL","13","39.04","10.5","13.0","10.5","10.5","10.5","0.0","$1","$1"
"","662","Caullin Lacy","15.0","15.0","WR","NYJ","13","128.07","3.7","0.0","4.1","15.6","7.2","0.0","$1","$1"
"","663","Chris Hilton Jr.","15.0","15.0","WR","WAS","7","128.07","3.7","0.0","4.1","15.6","7.2","0.0","$1","$1"
"","664","Kendrick Law","15.0","15.0","WR","DET","6","80.01","3.6","4.0","4.1","14.6","6.9","0.0","$1","$1"
"","665","Skyy Moore","15.0","15.0","WR","GB","11","40.06","0.0","5.0","4.1","5.7","4.6","0.0","$1","$1"
"","666","Dareke Young","15.0","15.0","WR","LVR","13","98.02","0.0","6.0","4.1","5.3","4.5","0.0","$1","$1"
"","667","Xavier Smith","15.0","15.0","WR","LAR","11","39.05","0.0","14.0","4.1","5.3","4.5","0.0","$1","$1"
"","668","Braxton Berrios","15.0","15.0","WR","NYG","8","44.06","0.0","4.0","4.1","5.0","4.4","0.0","$1","$1"
"","669","Britain Covey","15.0","15.0","WR","PHI","10","70.01","0.0","4.0","4.1","5.0","4.4","0.0","$1","$1"
"","670","Chase Roberts","15.0","15.0","WR","LVR","13","128.07","4.1","6.0","4.1","4.1","4.1","0.0","$1","$1"
"","671","Jalen Walthall","15.0","15.0","WR","HOU","8","128.07","4.1","0.0","4.1","4.1","4.1","0.0","$1","$1"
"","672","Donaven McCulley","15.0","15.0","WR","MIA","6","128.07","4.1","0.0","4.1","4.1","4.1","0.0","$1","$1"
"","673","Gage Larvadain","15.0","15.0","WR","CLE","11","76.02","4.1","5.0","4.1","4.1","4.1","0.0","$1","$1"
"","674","Nikko Remigio","15.0","15.0","WR","KC","5","89.06","1.0","5.0","4.1","5.7","4.0","0.0","$1","$1"
"","675","Kameron Johnson","15.0","15.0","WR","TB","10","53.08","0.4","7.0","4.1","5.7","3.9","0.0","$1","$1"
"","676","LaJohntay Wester","15.0","15.0","WR","BAL","13","54.07","0.4","5.0","4.1","5.7","3.9","0.0","$1","$1"
"","677","Myles Price","15.0","15.0","WR","MIN","6","101.04","1.2","4.0","4.1","5.3","3.9","0.0","$1","$1"
"","678","Devin Duvernay","15.0","15.0","WR","ARI","14","92.01","0.4","5.0","4.1","5.3","3.8","0.0","$1","$1"
"","679","Julian Hill","15.0","14.0","TE","NE","11","32.02","3.3","7.0","3.5","11.9","5.8","0.0","$1","$1"
"","680","Lake McRee","15.0","14.0","TE","PIT","9","128.07","3.0","0.0","3.5","9.5","5.1","0.0","$1","$1"
"","681","Brandin Cooks","15.0","15.0","WR","BUF","7","92.08","0.0","11.0","0.0","0.0","0.0","0.0","$1","$1"
"","682","Robert Woods","15.0","15.0","WR","UNS","18","109.02","0.0","0.0","0.0","0.0","0.0","0.0","$1","$1"
"","683","Adam Thielen","15.0","15.0","WR","UNS","18","111.02","0.0","0.0","0.0","0.0","0.0","0.0","$1","$1"
"","684","Robbie Chosen","15.0","15.0","WR","UNS","18","94.08","0.0","0.0","0.0","0.0","0.0","0.0","$1","$1"
"","685","Zay Jones","15.0","15.0","WR","UNS","18","67.04","0.0","0.0","0.0","0.0","0.0","0.0","$1","$1"
"","686","Josh Reynolds","15.0","15.0","WR","UNS","18","91.05","0.0","2.0","0.0","0.0","0.0","0.0","$1","$1"
"","687","Alex Erickson","15.0","15.0","WR","LAC","7","110.05","0.0","0.0","0.0","0.0","0.0","0.0","$1","$1"
"","688","Tyler Boyd","15.0","15.0","WR","UNS","18","84.01","0.0","0.0","0.0","0.0","0.0","0.0","$1","$1"
"","689","Jamison Crowder","15.0","15.0","WR","WAS","7","93.06","0.0","0.0","0.0","0.0","0.0","0.0","$1","$1"
"","690","Nelson Agholor","15.0","15.0","WR","UNS","18","110.07","0.0","0.0","0.0","0.0","0.0","0.0","$1","$1"
"","691","Allen Robinson","15.0","15.0","WR","DET","6","112.07","0.0","0.0","0.0","0.0","0.0","0.0","$1","$1"
"","692","Diontae Johnson","15.0","15.0","WR","UNS","18","98.04","0.0","0.0","0.0","0.0","0.0","0.0","$1","$1"
"","693","Lil'Jordan Humphrey","15.0","15.0","WR","DEN","10","33.05","0.0","7.0","0.0","0.0","0.0","0.0","$1","$1"
"","694","Stanley Morgan","15.0","15.0","WR","CIN","6","128.07","0.0","0.0","0.0","0.0","0.0","0.0","$1","$1"
"","695","Scott 'Scotty' Miller","15.0","15.0","WR","UNS","18","34.08","0.0","0.0","0.0","0.0","0.0","0.0","$1","$1"
"","696","Justin Watson","15.0","15.0","WR","HOU","8","65.06","0.0","3.0","0.0","0.0","0.0","0.0","$1","$1"
"","697","Ray-Ray McCloud","15.0","15.0","WR","NYG","8","100.03","0.0","0.0","0.0","0.0","0.0","0.0","$1","$1"
"","698","Zach Pascal","15.0","15.0","WR","UNS","18","112.04","0.0","0.0","0.0","0.0","0.0","0.0","$1","$1"
"","699","Trent Sherfield","15.0","15.0","WR","BUF","7","76.01","0.0","2.0","0.0","0.0","0.0","0.0","$1","$1"
"","700","Hakeem Butler","15.0","15.0","WR","CIN","6","128.07","0.0","0.0","0.0","0.0","0.0","0.0","$1","$1"
"","701","Cedrick 'Ced' Wilson","15.0","15.0","WR","MIA","6","52.03","0.0","0.0","0.0","0.0","0.0","0.0","$1","$1"
"","702","Dante Pettis","15.0","15.0","WR","NO","8","67.03","0.0","2.0","0.0","0.0","0.0","0.0","$1","$1"
"","703","Allen Lazard","15.0","15.0","WR","UNS","18","48.06","0.0","2.0","0.0","0.0","0.0","0.0","$1","$1"
"","704","Tre'Quan Smith","15.0","15.0","WR","DET","6","128.07","0.0","0.0","0.0","0.0","0.0","0.0","$1","$1"
"","705","D.J. Chark Jr.","15.0","15.0","WR","UNS","18","71.08","0.0","0.0","0.0","0.0","0.0","0.0","$1","$1"
"","706","Equanimeous St. Brown","15.0","15.0","WR","SF","8","91.06","0.0","0.0","0.0","0.0","0.0","0.0","$1","$1"
"","707","Michael Gallup","15.0","15.0","WR","UNS","18","128.07","0.0","0.0","0.0","0.0","0.0","0.0","$1","$1"
"","708","Anthony Miller","15.0","15.0","WR","BAL","13","59.07","0.0","0.0","0.0","0.0","0.0","0.0","$1","$1"
"","709","David Moore","15.0","15.0","WR","CAR","5","112.02","0.0","2.0","0.0","0.0","0.0","0.0","$1","$1"
"","710","Velus Jones","15.0","15.0","RB","NO","8","104.03","0.0","0.0","0.0","0.0","0.0","0.0","$1","$1"
"","711","Danny Gray","15.0","15.0","WR","UNS","18","80.04","0.0","0.0","0.0","0.0","0.0","0.0","$1","$1"
"","712","Erik Ezukanma","15.0","15.0","WR","UNS","18","86.07","0.0","0.0","0.0","0.0","0.0","0.0","$1","$1"
"","713","Kyle Philips","15.0","15.0","WR","LVR","13","128.07","0.0","0.0","0.0","0.0","0.0","0.0","$1","$1"
"","714","Irvin Charles","15.0","15.0","WR","NYJ","13","79.07","0.0","0.0","0.0","0.0","0.0","0.0","$1","$1"
"","715","Brandon Johnson","15.0","15.0","WR","UNS","18","96.06","0.0","0.0","0.0","0.0","0.0","0.0","$1","$1"
"","716","Chris Moore","15.0","15.0","WR","UNS","18","111.07","0.0","2.0","0.0","0.0","0.0","0.0","$1","$1"
"","717","Samori Toure","15.0","15.0","WR","UNS","18","43.02","0.0","0.0","0.0","0.0","0.0","0.0","$1","$1"
"","718","Bo Melton","15.0","15.0","CB","GB","11","128.07","0.0","11.0","0.0","0.0","0.0","0.0","$1","$1"
"","719","Trey Palmer","15.0","15.0","WR","NO","8","33.07","0.0","0.0","0.0","0.0","0.0","0.0","$1","$1"
"","720","Justin Shorter","15.0","15.0","WR","UNS","18","104.08","0.0","0.0","0.0","0.0","0.0","0.0","$1","$1"
"","721","Ronnie Bell","15.0","15.0","WR","NO","8","79.05","0.0","0.0","0.0","0.0","0.0","0.0","$1","$1"
"","722","Jalen Moreno-Cropper","15.0","15.0","WR","UNS","18","77.03","0.0","0.0","0.0","0.0","0.0","0.0","$1","$1"
"","723","Jake Bobo","15.0","15.0","WR","SEA","11","37.03","0.0","2.0","0.0","0.0","0.0","0.0","$1","$1"
"","724","Tyler Scott","15.0","15.0","WR","LAR","11","76.03","0.0","0.0","0.0","0.0","0.0","0.0","$1","$1"
"","725","Rakim Jarrett","15.0","15.0","WR","UNS","18","104.06","0.0","0.0","0.0","0.0","0.0","0.0","$1","$1"
"","726","A.T. Perry","15.0","15.0","WR","UNS","18","36.07","0.0","0.0","0.0","0.0","0.0","0.0","$1","$1"
"","727","Kadarius Toney","15.0","15.0","WR","UNS","18","105.05","0.0","0.0","0.0","0.0","0.0","0.0","$1","$1"
"","728","Terrace Marshall","15.0","15.0","WR","MIA","6","37.08","0.0","0.0","0.0","0.0","0.0","0.0","$1","$1"
"","729","Elijah Moore","15.0","15.0","WR","PHI","10","86.06","0.0","0.0","0.0","0.0","0.0","0.0","$1","$1"
"","730","Tylan Wallace","15.0","15.0","WR","CLE","11","40.03","0.0","4.0","0.0","0.0","0.0","0.0","$1","$1"
"","731","D'Wayne 'Dee' Eskridge","15.0","15.0","WR","MIA","6","90.01","0.0","2.0","0.0","0.0","0.0","0.0","$1","$1"
"","732","Simi Fehoko","15.0","15.0","WR","ARI","14","73.04","0.0","0.0","0.0","0.0","0.0","0.0","$1","$1"
"","733","Ihmir Smith-Marsette","15.0","15.0","WR","UNS","18","61.01","0.0","0.0","0.0","0.0","0.0","0.0","$1","$1"
"","734","Frank Darby","15.0","15.0","WR","ATL","11","128.07","0.0","0.0","0.0","0.0","0.0","0.0","$1","$1"
"","735","Mike Strachan","15.0","15.0","WR","CAR","5","128.07","0.0","0.0","0.0","0.0","0.0","0.0","$1","$1"
"","736","Justyn Ross","15.0","15.0","WR","UNS","18","87.05","0.0","0.0","0.0","0.0","0.0","0.0","$1","$1"
"","737","DeAndre Carter","15.0","15.0","WR","CLE","11","83.01","0.0","0.0","0.0","0.0","0.0","0.0","$1","$1"
"","738","Brandon Powell","15.0","15.0","WR","MIN","6","90.03","0.0","0.0","0.0","0.0","0.0","0.0","$1","$1"
"","739","Tim Jones","15.0","15.0","WR","MIN","6","82.07","0.0","0.0","0.0","0.0","0.0","0.0","$1","$1"
"","740","Trenton Irwin","15.0","15.0","WR","UNS","18","106.04","0.0","0.0","0.0","0.0","0.0","0.0","$1","$1"
"","741","D.J. Montgomery","15.0","15.0","WR","IND","13","79.04","0.0","0.0","0.0","0.0","0.0","0.0","$1","$1"
"","742","Ben Skowronek","15.0","15.0","WR","PIT","9","60.01","0.0","3.0","0.0","0.0","0.0","0.0","$1","$1"
"","743","Austin Watkins Jr.","15.0","15.0","WR","CLE","11","128.07","0.0","0.0","0.0","0.0","0.0","0.0","$1","$1"
"","744","Austin Trammell","15.0","15.0","WR","JAC","7","42.05","0.0","0.0","0.0","0.0","0.0","0.0","$1","$1"
"","745","Kristian Wilkerson","15.0","15.0","WR","UNS","18","96.03","0.0","0.0","0.0","0.0","0.0","0.0","$1","$1"
"","746","KhaDarel Hodge","15.0","15.0","WR","ATL","11","94.01","0.0","0.0","0.0","0.0","0.0","0.0","$1","$1"
"","747","Deonte Harty","15.0","15.0","WR","BAL","13","85.05","0.0","0.0","0.0","0.0","0.0","0.0","$1","$1"
"","748","Cam Sims","15.0","15.0","WR","LVR","13","128.07","0.0","0.0","0.0","0.0","0.0","0.0","$1","$1"
"","749","Jalen Guyton","15.0","15.0","WR","LVR","13","128.07","0.0","0.0","0.0","0.0","0.0","0.0","$1","$1"
"","750","Malik Taylor","15.0","15.0","WR","UNS","18","128.07","0.0","0.0","0.0","0.0","0.0","0.0","$1","$1"
"","751","Jamal Agnew","15.0","15.0","WR","ATL","11","85.01","0.0","0.0","0.0","0.0","0.0","0.0","$1","$1"
"","752","Tyron Johnson","15.0","15.0","WR","SF","8","128.07","0.0","0.0","0.0","0.0","0.0","0.0","$1","$1"
"","753","Tyler Johnson","15.0","15.0","WR","NYJ","13","111.06","0.0","2.0","0.0","0.0","0.0","0.0","$1","$1"
"","754","Lynn Bowden","15.0","15.0","WR","UNS","18","128.07","0.0","0.0","0.0","0.0","0.0","0.0","$1","$1"
"","755","Laviska Shenault","15.0","15.0","WR","UNS","18","81.06","0.0","0.0","0.0","0.0","0.0","0.0","$1","$1"
"","756","K.J. Hamler","15.0","15.0","WR","UNS","18","128.07","0.0","0.0","0.0","0.0","0.0","0.0","$1","$1"
"","757","James Proche","15.0","15.0","WR","TEN","9","94.02","0.0","1.0","0.0","0.0","0.0","0.0","$1","$1"
"","758","Gabriel 'Gabe' Davis","15.0","15.0","WR","BUF","7","87.02","0.0","0.0","0.0","0.0","0.0","0.0","$1","$1"
"","759","Isaiah Hodgins","15.0","15.0","WR","NYG","8","103.02","0.0","5.0","0.0","0.0","0.0","0.0","$1","$1"
"","760","Marquez Callaway","15.0","15.0","WR","UNS","18","73.07","0.0","0.0","0.0","0.0","0.0","0.0","$1","$1"
"","761","Jalen Reagor","15.0","15.0","WR","UNS","18","55.05","0.0","0.0","0.0","0.0","0.0","0.0","$1","$1"
"","762","Chase Claypool","15.0","15.0","WR","UNS","18","128.07","0.0","0.0","0.0","0.0","0.0","0.0","$1","$1"
"","763","Donovan Peoples-Jones","15.0","15.0","WR","UNS","18","128.07","0.0","0.0","0.0","0.0","0.0","0.0","$1","$1"
"","764","Lideatrick Griffin","15.0","15.0","WR","GB","11","128.07","0.0","0.0","0.0","0.0","0.0","0.0","$1","$1"
"","765","Jared Wayne","15.0","15.0","WR","UNS","18","99.01","0.0","0.0","0.0","0.0","0.0","0.0","$1","$1"
"","766","Nick Nash","15.0","15.0","WR","UNS","18","103.04","0.0","0.0","0.0","0.0","0.0","0.0","$1","$1"
"","767","Ricky White","15.0","15.0","WR","SEA","11","79.08","0.0","1.0","0.0","0.0","0.0","0.0","$1","$1"
"","768","Daniel Jackson","15.0","15.0","WR","HOU","8","128.07","0.0","0.0","0.0","0.0","0.0","0.0","$1","$1"
"","769","Josh Kelly","15.0","15.0","WR","DAL","14","128.07","0.0","0.0","0.0","0.0","0.0","0.0","$1","$1"
"","770","Traeshon Holden","15.0","15.0","WR","DAL","14","128.07","0.0","0.0","0.0","0.0","0.0","0.0","$1","$1"
"","771","Roc Taylor","15.0","15.0","WR","PIT","9","128.07","0.0","0.0","0.0","0.0","0.0","0.0","$1","$1"
"","772","Isaiah Neyor","15.0","15.0","WR","GB","11","91.01","0.0","0.0","0.0","0.0","0.0","0.0","$1","$1"
"","773","Ja'Corey Brooks","15.0","15.0","WR","WAS","7","44.02","0.0","0.0","0.0","0.0","0.0","0.0","$1","$1"
"","774","Samuel Brown","15.0","15.0","WR","RK","18","128.07","0.0","0.0","0.0","0.0","0.0","0.0","$1","$1"
"","775","Elijhah Badger","15.0","15.0","WR","UNS","18","128.07","0.0","0.0","0.0","0.0","0.0","0.0","$1","$1"
"","776","Jacolby George","15.0","15.0","WR","CAR","5","128.07","0.0","0.0","0.0","0.0","0.0","0.0","$1","$1"
"","777","Beaux Collins","15.0","15.0","WR","NYG","8","107.03","0.0","0.0","0.0","0.0","0.0","0.0","$1","$1"
"","778","Andrew Armstrong","15.0","15.0","WR","UNS","18","128.07","0.0","0.0","0.0","0.0","0.0","0.0","$1","$1"
"","779","Junior Bergen","15.0","15.0","WR","SF","8","61.03","0.0","0.0","0.0","0.0","0.0","0.0","$1","$1"
"","780","Cole Burgess","15.0","15.0","WR","CIN","6","128.07","0.0","0.0","0.0","0.0","0.0","0.0","$1","$1"
"","781","Will Sheppard","15.0","15.0","WR","TB","10","128.07","0.0","0.0","0.0","0.0","0.0","0.0","$1","$1"
"","782","Brycen Tremayne","15.0","15.0","WR","CAR","5","97.01","0.0","0.0","0.0","0.0","0.0","0.0","$1","$1"
"","783","Gunner Olszewski","15.0","15.0","WR","NYG","8","40.08","0.0","0.0","0.0","0.0","0.0","0.0","$1","$1"
"","784","Xavier Johnson","15.0","15.0","WR","HOU","8","128.07","0.0","0.0","0.0","0.0","0.0","0.0","$1","$1"
"","785","Tejhaun Palmer","15.0","15.0","WR","ARI","14","80.03","0.0","0.0","0.0","0.0","0.0","0.0","$1","$1"
"","786","Terique Owens","15.0","15.0","WR","SF","8","128.07","0.0","0.0","0.0","0.0","0.0","0.0","$1","$1"
"","787","Dane Key","15.0","15.0","WR","DEN","10","128.07","0.0","2.0","0.0","0.0","0.0","0.0","$1","$1"
"","788","Will Pauling","15.0","15.0","WR","SF","8","128.07","0.0","0.0","0.0","0.0","0.0","0.0","$1","$1"
"","789","Jahdae Walker","15.0","15.0","WR","CHI","10","30.07","0.0","24.0","0.0","0.0","0.0","0.0","$1","$1"
"","790","Dillon Bell","15.0","15.0","WR","MIN","6","128.07","0.0","0.0","0.0","0.0","0.0","0.0","$1","$1"
"","791","Tom Kennedy","15.0","15.0","WR","DET","6","65.01","0.0","0.0","0.0","0.0","0.0","0.0","$1","$1"
"","792","Dylan Drummond","15.0","15.0","WR","ATL","11","42.06","0.0","0.0","0.0","0.0","0.0","0.0","$1","$1"
"","793","Mason Kinsey","15.0","15.0","WR","TEN","9","86.04","0.0","0.0","0.0","0.0","0.0","0.0","$1","$1"
"","794","Andre Baccellia","15.0","15.0","WR","UNS","18","52.05","0.0","0.0","0.0","0.0","0.0","0.0","$1","$1"
"","795","Cody White","15.0","15.0","WR","SEA","11","57.02","0.0","0.0","0.0","0.0","0.0","0.0","$1","$1"
"","796","Bryce Ford-Wheaton","15.0","15.0","WR","NYG","8","66.07","0.0","0.0","0.0","0.0","0.0","0.0","$1","$1"
"","797","Kwamie Lassiter II","15.0","15.0","WR","CIN","6","128.07","0.0","0.0","0.0","0.0","0.0","0.0","$1","$1"
"","798","Dax Milne","15.0","15.0","WR","UNS","18","128.07","0.0","0.0","0.0","0.0","0.0","0.0","$1","$1"
"","799","Steven Sims","15.0","15.0","WR","SEA","11","88.02","0.0","0.0","0.0","0.0","0.0","0.0","$1","$1"
"","800","Jha'Quan Jackson","15.0","15.0","WR","UNS","18","85.06","0.0","0.0","0.0","0.0","0.0","0.0","$1","$1"
"","801","DJ Turner","15.0","15.0","WR","LVR","13","80.08","0.0","0.0","0.0","0.0","0.0","0.0","$1","$1"
"","802","Xavier Weaver","15.0","15.0","WR","ARI","14","60.04","0.0","0.0","0.0","0.0","0.0","0.0","$1","$1"
"","803","Bryce Oliver","15.0","15.0","WR","TEN","9","91.04","0.0","2.0","0.0","0.0","0.0","0.0","$1","$1"
"","804","Jalen Virgil","15.0","15.0","WR","UNS","18","85.04","0.0","0.0","0.0","0.0","0.0","0.0","$1","$1"
"","805","Ramel Keyton","15.0","15.0","WR","LVR","13","74.05","0.0","0.0","0.0","0.0","0.0","0.0","$1","$1"
"","806","Ryan Miller","15.0","15.0","WR","TB","10","104.05","0.0","0.0","0.0","0.0","0.0","0.0","$1","$1"
"","807","Alex Bachman","15.0","15.0","WR","LVR","13","52.01","0.0","0.0","0.0","0.0","0.0","0.0","$1","$1"
"","808","Grant DuBose","15.0","15.0","WR","MIA","6","108.03","0.0","0.0","0.0","0.0","0.0","0.0","$1","$1"
"","809","Makai Polk","15.0","15.0","WR","UNS","18","128.07","0.0","0.0","0.0","0.0","0.0","0.0","$1","$1"
"","810","Cade Johnson","15.0","15.0","WR","UNS","18","128.07","0.0","0.0","0.0","0.0","0.0","0.0","$1","$1"
"","811","Seth Williams","15.0","15.0","WR","JAC","7","128.07","0.0","0.0","0.0","0.0","0.0","0.0","$1","$1"
"","812","Dez Fitzpatrick","15.0","15.0","WR","UNS","18","61.07","0.0","0.0","0.0","0.0","0.0","0.0","$1","$1"
"","813","Michael Woods II","15.0","15.0","WR","CLE","11","53.06","0.0","0.0","0.0","0.0","0.0","0.0","$1","$1"
"","814","Da'Quan Felton","15.0","15.0","WR","NYG","8","128.07","0.0","0.0","0.0","0.0","0.0","0.0","$1","$1"
"","815","Antwane Wells Jr.","15.0","15.0","WR","NYG","8","128.07","0.0","0.0","0.0","0.0","0.0","0.0","$1","$1"
"","816","Kaden Prather","15.0","15.0","WR","BUF","7","44.03","0.0","0.0","0.0","0.0","0.0","0.0","$1","$1"
"","817","Kobe Hudson","15.0","15.0","WR","CAR","5","128.07","0.0","0.0","0.0","0.0","0.0","0.0","$1","$1"
"","818","Jermaine Burton","15.0","15.0","WR","UNS","18","77.02","0.0","7.0","0.0","0.0","0.0","0.0","$1","$1"
"","819","Brenden Rice","15.0","15.0","WR","GB","11","48.04","0.0","0.0","0.0","0.0","0.0","0.0","$1","$1"
"","820","Jamari Thrash","15.0","15.0","WR","UNS","18","100.02","0.0","0.0","0.0","0.0","0.0","0.0","$1","$1"
"","821","Ainias Smith","15.0","15.0","WR","UNS","18","97.07","0.0","0.0","0.0","0.0","0.0","0.0","$1","$1"
"","822","Javon Baker","15.0","15.0","WR","UNS","18","68.04","0.0","0.0","0.0","0.0","0.0","0.0","$1","$1"
"","823","Marcus Rosemy-Jacksaint","15.0","15.0","WR","UNS","18","128.07","0.0","0.0","0.0","0.0","0.0","0.0","$1","$1"
"","824","Cornelius Johnson","15.0","15.0","WR","GB","11","113.02","0.0","0.0","0.0","0.0","0.0","0.0","$1","$1"
"","825","Joshua Cephus","15.0","15.0","WR","UNS","18","48.08","0.0","0.0","0.0","0.0","0.0","0.0","$1","$1"
"","826","Antoine Green","15.0","15.0","WR","DET","6","100.04","0.0","0.0","0.0","0.0","0.0","0.0","$1","$1"
"","827","Kirk Merritt","15.0","15.0","WR","UNS","18","128.07","0.0","0.0","0.0","0.0","0.0","0.0","$1","$1"
"","828","Colton Dowell","15.0","15.0","WR","TEN","9","108.07","0.0","0.0","0.0","0.0","0.0","0.0","$1","$1"
"","829","Xavier Gipson","15.0","15.0","WR","NYG","8","51.03","0.0","0.0","0.0","0.0","0.0","0.0","$1","$1"
"","830","Jalen Brooks","15.0","15.0","WR","ARI","14","58.03","0.0","2.0","0.0","0.0","0.0","0.0","$1","$1"
"","831","Malik Heath","15.0","15.0","WR","UNS","18","79.03","0.0","0.0","0.0","0.0","0.0","0.0","$1","$1"
"","832","Jason Brownlee","15.0","15.0","WR","NYJ","13","89.02","0.0","0.0","0.0","0.0","0.0","0.0","$1","$1"
"","833","Max Bredeson","15.0","14.0","TE","MIN","6","70.04","3.5","5.0","3.5","3.5","3.5","0.0","$1","$1"
"","834","Jordan Matthews","15.0","15.0","TE","UNS","18","112.06","0.0","0.0","0.0","0.0","0.0","0.0","$1","$1"
"","835","Zach Ertz","15.0","15.0","TE","UNS","18","62.07","0.0","11.0","0.0","0.0","0.0","0.0","$1","$1"
"","836","Gerald Everett","15.0","15.0","TE","UNS","18","99.05","0.0","0.0","0.0","0.0","0.0","0.0","$1","$1"
"","837","Geoff Swaim","15.0","15.0","TE","UNS","18","107.01","0.0","0.0","0.0","0.0","0.0","0.0","$1","$1"
"","838","C.J. Uzomah","15.0","15.0","TE","UNS","18","90.02","0.0","0.0","0.0","0.0","0.0","0.0","$1","$1"
"","839","Tyler Kroft","15.0","15.0","TE","MIA","6","128.07","0.0","0.0","0.0","0.0","0.0","0.0","$1","$1"
"","840","Irv Smith","15.0","15.0","TE","HOU","8","71.01","0.0","0.0","0.0","0.0","0.0","0.0","$1","$1"
"","841","Foster Moreau","15.0","15.0","TE","HOU","8","110.03","0.0","16.0","0.0","0.0","0.0","0.0","$1","$1"
"","842","Donald Parham","15.0","15.0","TE","PIT","9","56.01","0.0","0.0","0.0","0.0","0.0","0.0","$1","$1"
"","843","Blake Bell","15.0","15.0","TE","KC","5","128.07","0.0","0.0","0.0","0.0","0.0","0.0","$1","$1"
"","844","Ross Dwelley","15.0","15.0","TE","UNS","18","105.04","0.0","0.0","0.0","0.0","0.0","0.0","$1","$1"
"","845","Robert Tonyan","15.0","15.0","TE","KC","5","110.04","0.0","1.0","0.0","0.0","0.0","0.0","$1","$1"
"","846","Ian Thomas","15.0","15.0","TE","LVR","13","94.07","0.0","5.0","0.0","0.0","0.0","0.0","$1","$1"
"","847","Anthony Firkser","15.0","15.0","TE","DET","6","70.02","0.0","16.0","0.0","0.0","0.0","0.0","$1","$1"
"","848","Jordan Akins","15.0","15.0","TE","UNS","18","104.01","0.0","0.0","0.0","0.0","0.0","0.0","$1","$1"
"","849","Jelani Woods","15.0","15.0","TE","UNS","18","86.01","0.0","0.0","0.0","0.0","0.0","0.0","$1","$1"
"","850","Cole Turner","15.0","15.0","TE","UNS","18","77.01","0.0","4.0","0.0","0.0","0.0","0.0","$1","$1"
"","851","Teagan Quitoriano","15.0","15.0","TE","ARI","14","80.06","0.0","17.0","0.0","0.0","0.0","0.0","$1","$1"
"","852","James Mitchell","15.0","15.0","TE","UNS","18","82.05","0.0","10.0","0.0","0.0","0.0","0.0","$1","$1"
"","853","Connor Heyward","15.0","15.0","TE","LVR","13","116.06","0.0","14.0","0.0","0.0","0.0","0.0","$1","$1"
"","854","Ko Kieft","15.0","15.0","TE","TB","10","69.07","0.0","1.0","0.0","0.0","0.0","0.0","$1","$1"
"","855","Lucas Krull","15.0","15.0","TE","DEN","10","88.04","0.0","5.0","0.0","0.0","0.0","0.0","$1","$1"
"","856","Stone Smartt","15.0","15.0","TE","PHI","10","105.08","0.0","3.0","0.0","0.0","0.0","0.0","$1","$1"
"","857","Peyton Hendershot","15.0","15.0","TE","UNS","18","95.02","0.0","0.0","0.0","0.0","0.0","0.0","$1","$1"
"","858","Josh Whyle","15.0","15.0","TE","GB","11","67.02","0.0","6.0","0.0","0.0","0.0","0.0","$1","$1"
"","859","Kylen Granson","15.0","15.0","TE","TEN","9","72.04","0.0","4.0","0.0","0.0","0.0","0.0","$1","$1"
"","860","Tyler Davis","15.0","15.0","TE","GB","11","128.07","0.0","0.0","0.0","0.0","0.0","0.0","$1","$1"
"","861","Quintin Morris","15.0","15.0","TE","JAC","7","72.08","0.0","1.0","0.0","0.0","0.0","0.0","$1","$1"
"","862","Mitchell Wilcox","15.0","15.0","TE","NE","11","78.05","0.0","0.0","0.0","0.0","0.0","0.0","$1","$1"
"","863","Lawrence Cager","15.0","15.0","TE","UNS","18","87.08","0.0","0.0","0.0","0.0","0.0","0.0","$1","$1"
"","864","Eric Saubert","15.0","15.0","TE","SEA","11","114.08","0.0","4.0","0.0","0.0","0.0","0.0","$1","$1"
"","865","Jack Stoll","15.0","15.0","TE","CLE","11","91.02","0.0","1.0","0.0","0.0","0.0","0.0","$1","$1"
"","866","Stephen Sullivan","15.0","15.0","TE","CAR","5","101.02","0.0","0.0","0.0","0.0","0.0","0.0","$1","$1"
"","867","Pharaoh Brown","15.0","15.0","TE","UNS","18","109.06","0.0","0.0","0.0","0.0","0.0","0.0","$1","$1"
"","868","Brevin Jordan","15.0","15.0","TE","HOU","8","89.08","0.0","1.0","0.0","0.0","0.0","0.0","$1","$1"
"","869","Brycen Hopkins","15.0","15.0","TE","LAR","11","128.07","0.0","0.0","0.0","0.0","0.0","0.0","$1","$1"
"","870","Albert Okwuegbunam","15.0","15.0","TE","LVR","13","95.08","0.0","0.0","0.0","0.0","0.0","0.0","$1","$1"
"","871","Josiah Deguara","15.0","15.0","TE","ARI","14","94.04","0.0","0.0","0.0","0.0","0.0","0.0","$1","$1"
"","872","Harrison Bryant","15.0","15.0","TE","SEA","11","87.01","0.0","2.0","0.0","0.0","0.0","0.0","$1","$1"
"","873","Zach Davidson","15.0","15.0","TE","BUF","7","99.04","0.0","0.0","0.0","0.0","0.0","0.0","$1","$1"
"","874","Luke Lachey","15.0","15.0","TE","HOU","8","55.08","0.0","0.0","0.0","0.0","0.0","0.0","$1","$1"
"","875","Benjamin Yurosek","15.0","15.0","TE","MIN","6","54.04","0.0","0.0","0.0","0.0","0.0","0.0","$1","$1"
"","876","Joshua Simon","15.0","15.0","TE","ATL","11","128.07","0.0","0.0","0.0","0.0","0.0","0.0","$1","$1"
"","877","Bryson Nesbit","15.0","15.0","TE","MIN","6","128.07","0.0","0.0","0.0","0.0","0.0","0.0","$1","$1"
"","878","Robbie Ouzts","15.0","15.0","RB","SEA","11","82.01","0.0","0.0","0.0","0.0","0.0","0.0","$1","$1"
"","879","Jalin Conyers","15.0","15.0","TE","MIA","6","128.07","0.0","0.0","0.0","0.0","0.0","0.0","$1","$1"
"","880","Moliki Matavao","15.0","15.0","TE","NO","8","58.02","0.0","4.0","0.0","0.0","0.0","0.0","$1","$1"
"","881","CJ Dippre","15.0","15.0","TE","NE","11","58.08","0.0","0.0","0.0","0.0","0.0","0.0","$1","$1"
"","882","Gavin Bartholomew","15.0","15.0","TE","MIN","6","81.05","0.0","0.0","0.0","0.0","0.0","0.0","$1","$1"
"","883","Caleb Lohner","15.0","15.0","TE","DEN","10","90.08","0.0","0.0","0.0","0.0","0.0","0.0","$1","$1"
"","884","Tanner Conner","15.0","15.0","TE","UNS","18","95.05","0.0","0.0","0.0","0.0","0.0","0.0","$1","$1"
"","885","Tucker Fisk","15.0","15.0","TE","LAC","7","103.05","0.0","0.0","0.0","0.0","0.0","0.0","$1","$1"
"","886","David Martin-Robinson","15.0","15.0","TE","TEN","9","58.04","0.0","0.0","0.0","0.0","0.0","0.0","$1","$1"
"","887","Tanner Arkin","15.0","15.0","TE","NE","11","128.07","0.0","0.0","0.0","0.0","0.0","0.0","$1","$1"
"","888","Cody Hardy","15.0","15.0","TE","NO","8","128.07","0.0","0.0","0.0","0.0","0.0","0.0","$1","$1"
"","889","Dae'Quan Wright","15.0","15.0","TE","PHI","10","128.07","0.0","0.0","0.0","0.0","0.0","0.0","$1","$1"
"","890","Miles Kitselman","15.0","15.0","TE","DET","6","128.07","0.0","0.0","0.0","0.0","0.0","0.0","$1","$1"
"","891","Khalil Dinkins","15.0","15.0","TE","SF","8","128.07","0.0","0.0","0.0","0.0","0.0","0.0","$1","$1"
"","892","Dan Villari","15.0","15.0","TE","LAR","11","128.07","0.0","0.0","0.0","0.0","0.0","0.0","$1","$1"
"","893","Sal Cannella","15.0","15.0","TE","CLE","11","35.04","0.0","0.0","0.0","0.0","0.0","0.0","$1","$1"
"","894","MyCole Pruitt","15.0","15.0","TE","PIT","9","109.01","0.0","0.0","0.0","0.0","0.0","0.0","$1","$1"
"","895","Chris Manhertz","15.0","15.0","TE","NYG","8","111.01","0.0","2.0","0.0","0.0","0.0","0.0","$1","$1"
"","896","Nate Adkins","15.0","15.0","TE","DEN","10","74.01","0.0","5.0","0.0","0.0","0.0","0.0","$1","$1"
"","897","Shane Zylstra","15.0","15.0","TE","DET","6","55.02","0.0","0.0","0.0","0.0","0.0","0.0","$1","$1"
"","898","Nick Vannett","15.0","15.0","TE","UNS","18","110.08","0.0","0.0","0.0","0.0","0.0","0.0","$1","$1"
"","899","Blake Whiteheart","15.0","15.0","TE","CLE","11","66.04","0.0","0.0","0.0","0.0","0.0","0.0","$1","$1"
"","900","E.J. Jenkins","15.0","15.0","TE","PHI","10","101.07","0.0","0.0","0.0","0.0","0.0","0.0","$1","$1"
"","901","Feleipe Franks","15.0","15.0","TE","CAR","5","92.02","0.0","1.0","0.0","0.0","0.0","0.0","$1","$1"
"","902","John FitzPatrick","15.0","15.0","TE","GB","11","98.01","0.0","0.0","0.0","0.0","0.0","0.0","$1","$1"
"","903","Jack Westover","15.0","15.0","TE","NE","11","102.02","0.0","0.0","0.0","0.0","0.0","0.0","$1","$1"
"","904","Briley Moore","15.0","15.0","TE","TEN","9","128.07","0.0","0.0","0.0","0.0","0.0","0.0","$1","$1"
"","905","Kenny Yeboah","15.0","15.0","TE","UNS","18","78.01","0.0","0.0","0.0","0.0","0.0","0.0","$1","$1"
"","906","Tanner McLachlan","15.0","15.0","TE","CIN","6","63.02","0.0","0.0","0.0","0.0","0.0","0.0","$1","$1"
"","907","Jaheim Bell","15.0","15.0","TE","UNS","18","78.04","0.0","16.0","0.0","0.0","0.0","0.0","$1","$1"
"","908","Cameron Latu","15.0","15.0","TE","UNS","18","64.03","0.0","1.0","0.0","0.0","0.0","0.0","$1","$1"
"","909","Jason Sanders","15.0","8.0","K","NYG","8","117.07","10.1","98.0","10.1","10.1","10.1","0.0","$1","$1"
"","910","J.J. McCarthy","15.0","6.0","QB","MIN","6","28.06","30.8","15.0","31.4","125.6","57.0","0.0","$2","$1"
"","911","Matt Prater","15.0","9.0","K","BUF","7","27.08","0.0","106.0","0.0","0.0","0.0","0.0","$1","$1"
"","912","Dustin Hopkins","15.0","9.0","K","UNS","18","64.01","0.0","0.0","0.0","0.0","0.0","0.0","$1","$1"
"","913","Justin Tucker","15.0","9.0","K","UNS","18","27.04","0.0","0.0","0.0","0.0","0.0","0.0","$1","$1"
"","914","Randy Bullock","15.0","9.0","K","NYG","8","128.07","0.0","0.0","0.0","0.0","0.0","0.0","$1","$1"
"","915","Greg Zuerlein","15.0","9.0","K","UNS","18","32.06","0.0","0.0","0.0","0.0","0.0","0.0","$1","$1"
"","916","Austin Seibert","15.0","9.0","K","WAS","7","54.03","0.0","0.0","0.0","0.0","0.0","0.0","$1","$1"
"","917","Matthew Wright","15.0","9.0","K","BUF","7","76.08","0.0","0.0","0.0","0.0","0.0","0.0","$1","$1"
"","918","Daniel Carlson","15.0","9.0","K","LVR","13","46.04","0.0","79.0","0.0","0.0","0.0","0.0","$1","$1"
"","919","Brett Maher","15.0","9.0","K","LAR","11","128.07","0.0","0.0","0.0","0.0","0.0","0.0","$1","$1"
"","920","Greg Joseph","15.0","9.0","K","UNS","18","38.03","0.0","0.0","0.0","0.0","0.0","0.0","$1","$1"
"","921","Michael 'Mike' Badgley","15.0","9.0","K","BUF","7","53.02","0.0","106.0","0.0","0.0","0.0","0.0","$1","$1"
"","922","Younghoe Koo","15.0","9.0","K","NYJ","13","29.04","0.0","106.0","0.0","0.0","0.0","0.0","$1","$1"
"","923","Lucas Havrisik","15.0","9.0","K","GB","11","37.05","0.0","0.0","0.0","0.0","0.0","0.0","$1","$1"
"","924","Riley Patterson","15.0","9.0","K","MIA","6","110.06","0.0","65.0","0.0","0.0","0.0","0.0","$1","$1"
"","925","Matt Ammendola","15.0","9.0","K","HOU","8","128.07","0.0","0.0","0.0","0.0","0.0","0.0","$1","$1"
"","926","Elliott Fry","15.0","9.0","K","DEN","10","128.07","0.0","0.0","0.0","0.0","0.0","0.0","$1","$1"
"","927","Jake Bailey","15.0","9.0","K","ATL","11","128.07","0.0","0.0","0.0","0.0","0.0","0.0","$1","$1"
"","928","Tress Way","15.0","9.0","K","WAS","7","128.07","0.0","0.0","0.0","0.0","0.0","0.0","$1","$1"
"","929","Jordan Stout","15.0","9.0","K","BAL","13","128.07","0.0","0.0","0.0","0.0","0.0","0.0","$1","$1"
"","930","Daniel Whelan","15.0","9.0","K","GB","11","128.07","0.0","0.0","0.0","0.0","0.0","0.0","$1","$1"
"","931","John Hoyland","15.0","9.0","K","BAL","13","128.07","0.0","0.0","0.0","0.0","0.0","0.0","$1","$1"
"","932","Caden Davis","15.0","9.0","K","UNS","18","29.02","0.0","0.0","0.0","0.0","0.0","0.0","$1","$1"
"","933","Maddux Trujillo","15.0","9.0","K","IND","13","128.07","0.0","0.0","0.0","0.0","0.0","0.0","$1","$1"
"","934","Lenny Krieg","15.0","9.0","K","ATL","11","128.07","0.0","113.0","0.0","0.0","0.0","0.0","$1","$1"
"","935","Jamie Gillan","15.0","9.0","K","UNS","18","128.07","0.0","0.0","0.0","0.0","0.0","0.0","$1","$1"
"","936","Mike Meyer","15.0","9.0","K","UNS","18","128.07","0.0","0.0","0.0","0.0","0.0","0.0","$1","$1"
"","937","Tucker McCann","15.0","9.0","K","UNS","18","128.07","0.0","0.0","0.0","0.0","0.0","0.0","$1","$1"
"","938","Tommy Townsend","15.0","9.0","K","HOU","8","128.07","0.0","0.0","0.0","0.0","0.0","0.0","$1","$1"
"","939","Blake Gillikin","15.0","9.0","K","ARI","14","128.07","0.0","0.0","0.0","0.0","0.0","0.0","$1","$1"
"","940","Bradley Pinion","15.0","9.0","K","ATL","11","128.07","0.0","0.0","0.0","0.0","0.0","0.0","$1","$1"
"","941","Matthew Hayball","15.0","9.0","K","NO","8","128.07","0.0","0.0","0.0","0.0","0.0","0.0","$1","$1"
"","942","Tory Taylor","15.0","9.0","K","CHI","10","128.07","0.0","0.0","0.0","0.0","0.0","0.0","$1","$1"
"","943","Corey Bojorquez","15.0","9.0","K","CLE","11","128.07","0.0","0.0","0.0","0.0","0.0","0.0","$1","$1"
"","944","Riley Dixon","15.0","9.0","K","DEN","10","128.07","0.0","0.0","0.0","0.0","0.0","0.0","$1","$1"
"","945","Logan Cooke","15.0","9.0","K","JAC","7","128.07","0.0","0.0","0.0","0.0","0.0","0.0","$1","$1"
"","946","Michael Dickson","15.0","9.0","K","SEA","11","128.07","0.0","0.0","0.0","0.0","0.0","0.0","$1","$1"
"","947","Thomas Morstead","15.0","9.0","K","NYJ","13","128.07","0.0","0.0","0.0","0.0","0.0","0.0","$1","$1"
"","948","Jack Fox","15.0","9.0","K","DET","6","128.07","0.0","0.0","0.0","0.0","0.0","0.0","$1","$1"
"","949","Rigoberto Sanchez","15.0","9.0","K","IND","13","128.07","0.0","0.0","0.0","0.0","0.0","0.0","$1","$1"
"","950","Ryan Rehkow","15.0","9.0","K","CIN","6","128.07","0.0","0.0","0.0","0.0","0.0","0.0","$1","$1"
"","951","Corliss Waitman","15.0","9.0","K","SF","8","128.07","0.0","0.0","0.0","0.0","0.0","0.0","$1","$1"
"","952","Dominic Zvada","15.0","9.0","K","NYG","8","128.07","0.0","72.0","0.0","0.0","0.0","0.0","$1","$1"
"","953","Brayden Narveson","15.0","9.0","K","TEN","9","44.01","0.0","0.0","0.0","0.0","0.0","0.0","$1","$1"
"","954","John Parker Romo","15.0","9.0","K","ATL","11","37.07","0.0","0.0","0.0","0.0","0.0","0.0","$1","$1"
"","955","Jude McAtamney","15.0","9.0","K","UNS","18","32.01","0.0","0.0","0.0","0.0","0.0","0.0","$1","$1"
"","956","Tristan Vizcaino","15.0","9.0","K","UNS","18","128.07","0.0","0.0","0.0","0.0","0.0","0.0","$1","$1"
"","957","Ramiz Ahmed","15.0","9.0","K","WAS","7","128.07","0.0","0.0","0.0","0.0","0.0","0.0","$1","$1"
"","958","Anders Carlson","15.0","9.0","K","UNS","18","48.05","0.0","0.0","0.0","0.0","0.0","0.0","$1","$1"
"","959","Ty Simpson","15.0","7.0","QB","LAR","11","28.04","25.0","14.0","27.8","91.7","44.7","0.0","$1","$1"
"","960","Cade Klubnik","15.0","7.0","QB","NYJ","13","63.05","23.8","18.0","26.4","79.2","40.3","0.0","$1","$1"
"","961","Taylen Green","15.0","8.0","QB","CLE","11","42.07","11.3","31.0","13.3","46.6","22.0","0.0","$1","$1"
"","962","Drew Allar","15.0","8.0","QB","PIT","9","34.06","12.3","8.0","13.7","42.5","21.3","0.0","$1","$1"
"","963","Dillon Gabriel","15.0","8.0","QB","CLE","11","61.08","11.4","13.0","12.7","40.6","20.1","0.0","$1","$1"
"","964","Blaine Gabbert","15.0","9.0","QB","KC","5","128.07","0.0","0.0","0.0","0.0","0.0","0.0","$1","$1"
"","965","Andy Dalton","15.0","9.0","QB","PHI","10","64.06","0.0","13.0","0.0","0.0","0.0","0.0","$1","$1"
"","966","Tyrod Taylor","15.0","9.0","QB","GB","11","66.03","0.0","12.0","0.0","0.0","0.0","0.0","$1","$1"
"","967","Ryan Tannehill","15.0","9.0","QB","UNS","18","128.07","0.0","0.0","0.0","0.0","0.0","0.0","$1","$1"
"","968","Russell Wilson","15.0","9.0","QB","UNS","18","41.01","0.0","0.0","0.0","0.0","0.0","0.0","$1","$1"
"","969","Case Keenum","15.0","9.0","QB","CHI","10","99.08","0.0","0.0","0.0","0.0","0.0","0.0","$1","$1"
"","970","Teddy Bridgewater","15.0","9.0","QB","DET","6","71.05","0.0","14.0","0.0","0.0","0.0","0.0","$1","$1"
"","971","Derek Carr","15.0","9.0","QB","UNS","18","55.07","0.0","21.0","0.0","0.0","0.0","0.0","$1","$1"
"","972","Philip Rivers","15.0","9.0","QB","IND","13","27.03","0.0","0.0","0.0","0.0","0.0","0.0","$1","$1"
"","973","Joe Flacco","15.0","9.0","QB","CIN","6","30.03","0.0","20.0","0.0","0.0","0.0","0.0","$1","$1"
"","974","Easton Stick","15.0","9.0","QB","UNS","18","63.03","0.0","0.0","0.0","0.0","0.0","0.0","$1","$1"
"","975","Gardner Minshew","15.0","9.0","QB","ARI","14","39.07","0.0","23.0","0.0","0.0","0.0","0.0","$1","$1"
"","976","Jake Browning","15.0","9.0","QB","TB","10","83.03","0.0","5.0","0.0","0.0","0.0","0.0","$1","$1"
"","977","Brett Rypien","15.0","9.0","QB","IND","13","104.02","0.0","0.0","0.0","0.0","0.0","0.0","$1","$1"
"","978","Mike White","15.0","9.0","QB","UNS","18","84.07","0.0","0.0","0.0","0.0","0.0","0.0","$1","$1"
"","979","Jarrett Stidham","15.0","9.0","QB","DEN","10","43.06","0.0","13.0","0.0","0.0","0.0","0.0","$1","$1"
"","980","Will Grier","15.0","9.0","QB","CAR","5","128.07","0.0","0.0","0.0","0.0","0.0","0.0","$1","$1"
"","981","Drew Lock","15.0","9.0","QB","SEA","11","46.05","0.0","5.0","0.0","0.0","0.0","0.0","$1","$1"
"","982","Jimmy Garoppolo","15.0","9.0","QB","UNS","18","115.01","0.0","11.0","0.0","0.0","0.0","0.0","$1","$1"
"","983","Jameis Winston","15.0","9.0","QB","NYG","8","28.07","0.0","11.0","0.0","0.0","0.0","0.0","$1","$1"
"","984","Marcus Mariota","15.0","9.0","QB","WAS","7","56.08","0.0","13.0","0.0","0.0","0.0","0.0","$1","$1"
"","985","Trevor Siemian","15.0","9.0","QB","ATL","11","69.06","0.0","0.0","0.0","0.0","0.0","0.0","$1","$1"
"","986","Carson Wentz","15.0","9.0","QB","MIN","6","113.05","0.0","3.0","0.0","0.0","0.0","0.0","$1","$1"
"","987","Jeff Driskel","15.0","9.0","QB","UNS","18","112.05","0.0","0.0","0.0","0.0","0.0","0.0","$1","$1"
"","988","C.J. Beathard","15.0","9.0","QB","UNS","18","128.07","0.0","0.0","0.0","0.0","0.0","0.0","$1","$1"
"","989","Taylor Heinicke","15.0","9.0","QB","UNS","18","110.02","0.0","0.0","0.0","0.0","0.0","0.0","$1","$1"
"","990","Mitchell 'Mitch' Trubisky","15.0","9.0","QB","TEN","9","72.06","0.0","12.0","0.0","0.0","0.0","0.0","$1","$1"
"","991","Jake Haener","15.0","9.0","QB","UNS","18","66.01","0.0","0.0","0.0","0.0","0.0","0.0","$1","$1"
"","992","Dorian Thompson-Robinson","15.0","9.0","QB","UNS","18","101.05","0.0","0.0","0.0","0.0","0.0","0.0","$1","$1"
"","993","Tyson Bagent","15.0","9.0","QB","CHI","10","33.04","0.0","7.0","0.0","0.0","0.0","0.0","$1","$1"
"","994","Clayton Tune","15.0","9.0","QB","GB","11","45.01","0.0","10.0","0.0","0.0","0.0","0.0","$1","$1"
"","995","Jaren Hall","15.0","9.0","QB","SEA","11","103.06","0.0","0.0","0.0","0.0","0.0","0.0","$1","$1"
"","996","Malik Cunningham","15.0","9.0","QB","BAL","13","98.05","0.0","0.0","0.0","0.0","0.0","0.0","$1","$1"
"","997","Hendon Hooker","15.0","9.0","QB","TEN","9","61.06","0.0","0.0","0.0","0.0","0.0","0.0","$1","$1"
"","998","Kyle Trask","15.0","9.0","QB","UNS","18","92.06","0.0","0.0","0.0","0.0","0.0","0.0","$1","$1"
"","999","Davis Mills","15.0","9.0","QB","HOU","8","60.03","0.0","15.0","0.0","0.0","0.0","0.0","$1","$1"
"","1000","Tyler Huntley","15.0","9.0","QB","BAL","13","60.07","0.0","12.0","0.0","0.0","0.0","0.0","$1","$1"
"","1001","Tim Boyle","15.0","9.0","QB","UNS","18","83.05","0.0","0.0","0.0","0.0","0.0","0.0","$1","$1"
"","1002","Joshua Dobbs","15.0","9.0","QB","UNS","18","49.07","0.0","10.0","0.0","0.0","0.0","0.0","$1","$1"
"","1003","Desmond Ridder","15.0","9.0","QB","GB","11","51.08","0.0","0.0","0.0","0.0","0.0","0.0","$1","$1"
"","1004","Kenny Pickett","15.0","9.0","QB","CAR","5","39.02","0.0","6.0","0.0","0.0","0.0","0.0","$1","$1"
"","1005","Sam Howell","15.0","9.0","QB","DAL","14","76.05","0.0","4.0","0.0","0.0","0.0","0.0","$1","$1"
"","1006","Bailey Zappe","15.0","9.0","QB","UNS","18","47.06","0.0","0.0","0.0","0.0","0.0","0.0","$1","$1"
"","1007","Anthony Richardson","15.0","9.0","QB","IND","13","49.08","0.0","15.0","0.0","0.0","0.0","0.0","$1","$1"
"","1008","Will Levis","15.0","9.0","QB","TEN","9","42.04","0.0","12.0","0.0","0.0","0.0","0.0","$1","$1"
"","1009","Stetson Bennett","15.0","9.0","QB","LAR","11","29.03","0.0","0.0","0.0","0.0","0.0","0.0","$1","$1"
"","1010","Mason Rudolph","15.0","9.0","QB","PIT","9","39.01","0.0","12.0","0.0","0.0","0.0","0.0","$1","$1"
"","1011","Cooper Rush","15.0","9.0","QB","UNS","18","101.03","0.0","0.0","0.0","0.0","0.0","0.0","$1","$1"
"","1012","Nick Mullens","15.0","9.0","QB","JAC","7","70.06","0.0","12.0","0.0","0.0","0.0","0.0","$1","$1"
"","1013","Cole Payton","15.0","9.0","QB","PHI","10","114.02","0.0","0.0","0.0","0.0","0.0","0.0","$1","$1"
"","1014","Behren Morton","15.0","9.0","QB","NE","11","79.06","0.0","0.0","0.0","0.0","0.0","0.0","$1","$1"
"","1015","Jalon Daniels","15.0","9.0","QB","TB","10","128.07","0.0","0.0","0.0","0.0","0.0","0.0","$1","$1"
"","1016","Mark Gronowski","15.0","9.0","QB","MIA","6","128.07","0.0","0.0","0.0","0.0","0.0","0.0","$1","$1"
"","1017","Athan Kaliakmanis","15.0","9.0","QB","WAS","7","98.07","0.0","0.0","0.0","0.0","0.0","0.0","$1","$1"
"","1018","Joey Aguilar","15.0","9.0","QB","JAC","7","128.07","0.0","0.0","0.0","0.0","0.0","0.0","$1","$1"
"","1019","Joe Fagnano","15.0","9.0","QB","BAL","13","128.07","0.0","0.0","0.0","0.0","0.0","0.0","$1","$1"
"","1020","Sawyer Robertson","15.0","9.0","QB","LVR","13","128.07","0.0","0.0","0.0","0.0","0.0","0.0","$1","$1"
"","1021","Diego Pavia","15.0","9.0","QB","BAL","13","128.07","0.0","4.0","0.0","0.0","0.0","0.0","$1","$1"
"","1022","Garrett Nussmeier","15.0","9.0","QB","KC","5","98.06","0.0","3.0","0.0","0.0","0.0","0.0","$1","$1"
"","1023","Dresser Winn","15.0","9.0","QB","LAR","11","128.07","0.0","0.0","0.0","0.0","0.0","0.0","$1","$1"
"","1024","Chris Oladokun","15.0","9.0","QB","KC","5","108.08","0.0","12.0","0.0","0.0","0.0","0.0","$1","$1"
"","1025","Jalen Milroe","15.0","9.0","QB","SEA","11","57.08","0.0","11.0","0.0","0.0","0.0","0.0","$1","$1"
"","1026","Quinn Ewers","15.0","9.0","QB","MIA","6","39.03","0.0","14.0","0.0","0.0","0.0","0.0","$1","$1"
"","1027","Riley Leonard","15.0","9.0","QB","IND","13","36.05","0.0","12.0","0.0","0.0","0.0","0.0","$1","$1"
"","1028","Brandon Allen","15.0","9.0","QB","NYG","8","89.03","0.0","0.0","0.0","0.0","0.0","0.0","$1","$1"
"","1029","Skylar Thompson","15.0","9.0","QB","PIT","9","52.06","0.0","0.0","0.0","0.0","0.0","0.0","$1","$1"
"","1030","Sean Clifford","15.0","9.0","QB","UNS","18","82.06","0.0","0.0","0.0","0.0","0.0","0.0","$1","$1"
"","1031","Max Duggan","15.0","9.0","QB","UNS","18","77.07","0.0","0.0","0.0","0.0","0.0","0.0","$1","$1"
"","1032","Ben DiNucci","15.0","9.0","QB","UNS","18","128.07","0.0","0.0","0.0","0.0","0.0","0.0","$1","$1"
"","1033","Nathan Rourke","15.0","9.0","QB","NE","11","104.07","0.0","0.0","0.0","0.0","0.0","0.0","$1","$1"
"","1034","Josh Johnson","15.0","9.0","QB","CIN","6","60.08","0.0","0.0","0.0","0.0","0.0","0.0","$1","$1"
"","1035","Sam Hartman","15.0","9.0","QB","UNS","18","128.07","0.0","0.0","0.0","0.0","0.0","0.0","$1","$1"
"","1036","Devin Leary","15.0","9.0","QB","BAL","13","36.01","0.0","0.0","0.0","0.0","0.0","0.0","$1","$1"
"","1037","Joe Milton III","15.0","9.0","QB","DAL","14","31.08","0.0","12.0","0.0","0.0","0.0","0.0","$1","$1"
"","1038","Michael Pratt","15.0","9.0","QB","TB","10","34.01","0.0","0.0","0.0","0.0","0.0","0.0","$1","$1"
"","1039","Spencer Rattler","15.0","9.0","QB","NO","8","56.05","0.0","13.0","0.0","0.0","0.0","0.0","$1","$1"
"","1040","Aidan O'Connell","15.0","9.0","QB","LVR","13","47.03","0.0","0.0","0.0","0.0","0.0","0.0","$1","$1"
"","1041","Tommy DeVito","15.0","9.0","QB","NE","11","31.06","0.0","12.0","0.0","0.0","0.0","0.0","$1","$1"
"","1042","Ian Book","15.0","9.0","QB","UNS","18","128.07","0.0","0.0","0.0","0.0","0.0","0.0","$1","$1"
"","1043","Austin Reed","15.0","9.0","QB","CHI","10","128.07","0.0","0.0","0.0","0.0","0.0","0.0","$1","$1"
"","1044","Kedon Slovis","15.0","9.0","QB","UNS","18","97.06","0.0","0.0","0.0","0.0","0.0","0.0","$1","$1"
"","1045","Sam Ehlinger","15.0","9.0","QB","UNS","18","94.06","0.0","0.0","0.0","0.0","0.0","0.0","$1","$1"
"","1046","Tanner McKee","15.0","9.0","QB","PHI","10","62.05","0.0","0.0","0.0","0.0","0.0","0.0","$1","$1"
"","1047","Cam Miller","15.0","9.0","QB","UNS","18","49.05","0.0","0.0","0.0","0.0","0.0","0.0","$1","$1"
"","1048","Tommy Mellott","15.0","9.0","WR","UNS","18","50.01","0.0","0.0","0.0","0.0","0.0","0.0","$1","$1"
"","1049","Hunter Dekkers","15.0","9.0","QB","NO","8","128.07","0.0","0.0","0.0","0.0","0.0","0.0","$1","$1"
"","1050","DJ Uiagalelei","15.0","9.0","QB","LAC","7","128.07","0.0","0.0","0.0","0.0","0.0","0.0","$1","$1"
"","1051","Luke Altmyer","15.0","9.0","QB","DET","6","128.07","0.0","0.0","0.0","0.0","0.0","0.0","$1","$1"
"","1052","Haynes King","15.0","9.0","QB","CAR","5","128.07","0.0","0.0","0.0","0.0","0.0","0.0","$1","$1"
"","1053","Jack Plummer","15.0","9.0","QB","CAR","5","128.07","0.0","0.0","0.0","0.0","0.0","0.0","$1","$1"
"","1054","Vernon Adams Jr.","15.0","9.0","QB","UNS","18","128.07","0.0","0.0","0.0","0.0","0.0","0.0","$1","$1"
"","1055","Kyle Allen","15.0","9.0","QB","BUF","7","55.04","0.0","0.0","0.0","0.0","0.0","0.0","$1","$1"
"","1056","Will Howard","15.0","9.0","QB","PIT","9","45.05","0.0","11.0","0.0","0.0","0.0","0.0","$1","$1"
"","1057","Kyle McCord","15.0","9.0","QB","PHI","10","111.04","0.0","0.0","0.0","0.0","0.0","0.0","$1","$1"
"","1058","Kurtis Rourke","15.0","9.0","QB","SF","8","95.07","0.0","0.0","0.0","0.0","0.0","0.0","$1","$1"
"","1059","Max Brosmer","15.0","9.0","QB","MIN","6","111.05","0.0","0.0","0.0","0.0","0.0","0.0","$1","$1"
"","1060","Seth Henigan","15.0","9.0","QB","JAC","7","128.07","0.0","0.0","0.0","0.0","0.0","0.0","$1","$1"
"","1061","Brady Cook","15.0","9.0","QB","NYJ","13","43.07","0.0","0.0","0.0","0.0","0.0","0.0","$1","$1"
"","1062","Graham Mertz","15.0","9.0","QB","HOU","8","95.06","0.0","0.0","0.0","0.0","0.0","0.0","$1","$1"
"","1063","Jacob Eason","15.0","9.0","QB","NYG","8","128.07","0.0","0.0","0.0","0.0","0.0","0.0","$1","$1"
"","1064","Mac Jones","15.0","9.0","QB","SF","8","33.03","0.0","23.0","0.0","0.0","0.0","0.0","$1","$1"
"","1065","Trey Lance","15.0","9.0","QB","LAC","7","47.01","0.0","14.0","0.0","0.0","0.0","0.0","$1","$1"
"","1066","Justin Fields","15.0","9.0","QB","KC","5","32.05","0.0","16.0","0.0","0.0","0.0","0.0","$1","$1"
"","1067","Zach Wilson","15.0","9.0","QB","NO","8","60.06","0.0","0.0","0.0","0.0","0.0","0.0","$1","$1"