"","Rank","Player","Overall Tier","Pos. Tier","Pos","Team","Bye","ADP","Floor","Consensus","DS Proj","Ceiling","3D Proj","3d Value","Market $","Auction $"
"","1","Puka Nacua","1.0","1.0","WR","LAR","11","1.03","244.9","259.0","298.6","328.5","297.0","100.0","$56","$57"
"","2","Jahmyr Gibbs","1.0","1.0","RB","DET","6","1.01","266.8","312.0","321.4","376.0","326.4","94.0","$58","$54"
"","3","Ja'Marr Chase","1.0","1.0","WR","CIN","6","1.04","248.2","266.0","282.0","332.8","289.7","93.9","$54","$54"
"","4","Bijan Robinson","1.0","1.0","RB","ATL","11","1.02","268.7","315.0","316.1","369.8","322.1","90.7","$59","$52"
"","5","Jaxon Smith-Njigba","1.0","1.0","WR","SEA","11","1.06","243.4","248.0","267.5","318.3","277.0","83.2","$47","$47"
"","6","Christian McCaffrey","1.0","1.0","RB","SF","8","1.05","247.3","286.0","297.9","372.4","309.0","80.6","$45","$46"
"","7","Amon-Ra St. Brown","2.0","2.0","WR","DET","6","1.07","239.2","243.0","265.8","295.0","268.9","76.5","$41","$44"
"","8","CeeDee Lamb","2.0","2.0","WR","DAL","14","2.01","223.4","219.0","253.9","304.7","262.2","70.8","$40","$40"
"","9","Jonathan Taylor","2.0","2.0","RB","IND","13","1.08","247.2","286.0","287.4","339.1","294.2","69.1","$51","$39"
"","10","Justin Jefferson","2.0","2.0","WR","MIN","6","2.03","210.5","220.0","244.8","318.2","258.6","67.8","$35","$39"
"","11","James Cook","2.0","2.0","RB","BUF","7","2.04","239.3","253.0","275.0","335.5","285.0","62.0","$45","$35"
"","12","Ashton Jeanty","2.0","2.0","RB","LVR","13","2.05","237.8","243.0","267.2","342.0","282.3","59.9","$35","$34"
"","13","Josh Allen","2.0","1.0","QB","BUF","7","3.06","306.7","362.0","378.7","439.3","382.1","57.4","$41","$33"
"","14","Nico Collins","3.0","3.0","WR","HOU","8","3.05","211.5","201.0","235.0","284.4","244.2","55.8","$30","$32"
"","15","A.J. Brown","3.0","3.0","WR","NE","11","4.02","199.1","215.0","234.2","290.4","243.2","54.9","$29","$31"
"","16","Saquon Barkley","3.0","2.0","RB","PHI","10","2.06","230.2","238.0","253.0","349.1","275.1","54.3","$36","$31"
"","17","Drake London","3.0","3.0","WR","ATL","11","3.01","214.3","224.0","232.9","279.5","242.2","54.1","$31","$31"
"","18","Rashee Rice","3.0","3.0","WR","KC","5","3.07","173.7","191.0","241.3","277.5","238.9","51.3","$23","$29"
"","19","Derrick Henry","3.0","3.0","RB","BAL","13","2.08","219.4","252.0","258.1","327.8","270.1","50.5","$44","$29"
"","20","Brock Bowers","3.0","1.0","TE","LVR","13","3.04","195.7","192.0","210.4","254.6","219.8","50.3","$26","$29"
"","21","George Pickens","3.0","3.0","WR","DAL","14","4.03","202.1","207.0","224.5","280.6","235.7","48.6","$29","$28"
"","22","Trey McBride","3.0","1.0","TE","ARI","14","3.03","190.9","201.0","205.3","246.4","213.9","47.1","$23","$27"
"Injured","23","De'Von Achane","3.0","3.0","RB","MIA","6","2.02","227.3","257.0","249.8","319.7","264.8","46.4","$30","$26"
"","24","Kenneth Walker III","3.0","3.0","RB","KC","5","4.04","216.0","225.0","242.7","332.5","262.3","44.4","$25","$25"
"","25","Omarion Hampton","3.0","3.0","RB","LAC","7","3.02","209.8","234.0","241.1","337.5","261.7","44.0","$28","$25"
"","26","Colston Loveland","3.0","1.0","TE","CHI","10","5.07","165.6","184.0","202.0","238.4","205.3","42.4","$21","$24"
"","27","Chase Brown","3.0","3.0","RB","CIN","6","4.01","203.3","236.0","242.0","317.0","255.4","39.1","$24","$22"
"","28","Jeremiyah Love","3.0","3.0","RB","ARI","14","2.07","204.7","222.0","230.0","326.6","251.8","36.3","$26","$21"
"","29","Tyler Warren","3.0","2.0","TE","IND","13","6.03","157.9","164.0","190.2","220.6","192.6","35.4","$17","$20"
"","30","Tee Higgins","4.0","4.0","WR","CIN","6","6.06","186.8","198.0","209.9","260.3","219.5","35.1","$17","$20"
"Value","31","Zay Flowers","4.0","4.0","WR","BAL","13","6.01","188.3","194.0","214.0","248.2","218.7","34.4","$19","$20"
"Injured","32","Chris Olave","4.0","4.0","WR","NO","8","4.06","182.2","200.0","211.9","252.2","217.5","33.6","$20","$19"
"","33","Lamar Jackson","4.0","1.0","QB","BAL","13","4.08","298.7","329.0","339.4","437.8","358.8","33.2","$19","$19"
"Value","34","DeVonta Smith","4.0","4.0","WR","PHI","10","5.01","187.6","191.0","203.9","256.9","215.4","32.2","$15","$18"
"Value","35","Josh Jacobs","4.0","4.0","RB","GB","11","3.08","173.2","232.0","240.6","291.1","242.1","32.0","$21","$18"
"","36","Drake Maye","4.0","1.0","QB","NE","11","6.04","296.0","317.0","340.2","428.7","356.3","31.9","$20","$18"
"","37","Joe Burrow","4.0","2.0","QB","CIN","6","7.02","293.8","315.0","341.6","423.6","355.3","31.3","$14","$18"
"","38","Breece Hall","4.0","4.0","RB","NYJ","13","4.07","197.1","220.0","226.5","292.2","239.1","31.1","$20","$18"
"","39","Javonte Williams","4.0","4.0","RB","DAL","14","5.02","197.1","213.0","229.2","286.5","239.0","31.0","$20","$18"
"","40","Kyren Williams","4.0","4.0","RB","LAR","11","5.03","205.9","215.0","223.8","286.5","237.7","30.6","$20","$17"
"Injured","41","Malik Nabers","4.0","4.0","WR","NYG","8","4.05","159.7","184.0","197.1","279.9","212.9","30.5","$14","$17"
"","42","Jalen Hurts","4.0","2.0","QB","PHI","10","7.05","292.8","320.0","332.7","432.5","352.7","30.0","$14","$17"
"","43","Travis Etienne","4.0","4.0","RB","NO","8","5.08","197.7","205.0","217.2","295.4","235.0","29.8","$18","$17"
"","44","Garrett Wilson","4.0","4.0","WR","NYJ","13","5.04","181.9","186.0","202.1","248.6","211.1","29.4","$17","$17"
"","45","Jayden Daniels","4.0","2.0","QB","WAS","7","6.07","285.9","314.0","332.4","432.1","351.1","29.2","$16","$17"
"Injured","46","Tucker Kraft","4.0","2.0","TE","GB","11","13.04","146.1","157.0","176.0","223.5","183.5","28.6","$14","$16"
"Value","47","Christian Watson","4.0","4.0","WR","GB","11","11.04","169.6","160.0","199.5","253.4","208.8","27.8","$13","$16"
"Value","48","Davante Adams","4.0","4.0","WR","LAR","11","6.02","172.4","180.0","198.2","249.7","207.6","27.0","$12","$15"
"Injured","49","Cameron 'Cam' Skattebo","5.0","5.0","RB","NYG","8","5.06","178.2","207.0","212.1","280.0","224.5","26.4","$15","$15"
"","50","D'Andre Swift","5.0","5.0","RB","CHI","10","8.06","184.1","194.0","209.2","274.1","222.3","25.7","$14","$15"
"Value","51","Jaylen Waddle","5.0","5.0","WR","DEN","10","7.08","168.3","174.0","193.4","249.5","204.1","24.7","$11","$14"
"","52","Caleb Williams","5.0","2.0","QB","CHI","10","12.01","282.4","299.0","324.6","418.7","342.6","24.7","$9","$14"
"Value","53","Trevor Lawrence","5.0","2.0","QB","JAC","7","14.05","278.3","303.0","327.4","412.5","341.7","24.3","$12","$14"
"Value","54","Terry McLaurin","5.0","5.0","WR","WAS","7","6.08","170.8","185.0","191.9","247.6","203.3","24.2","$14","$14"
"","55","Justin Herbert","5.0","2.0","QB","LAC","7","15.04","279.1","305.0","324.5","415.4","341.0","23.9","$12","$14"
"Injured","56","Tetairoa McMillan","5.0","5.0","WR","CAR","5","5.05","171.2","188.0","190.2","247.3","202.3","23.5","$15","$13"
"","57","Emeka Egbuka","5.0","5.0","WR","TB","10","6.05","164.4","171.0","189.0","251.4","201.6","23.1","$14","$13"
"","58","David Montgomery","5.0","5.0","RB","HOU","8","8.07","168.0","182.0","197.6","274.7","213.3","22.8","$12","$13"
"","59","Luther Burden III","5.0","5.0","WR","CHI","10","9.02","161.7","171.0","188.0","251.9","200.7","22.5","$10","$13"
"","60","Brock Purdy","5.0","2.0","QB","SF","8","12.05","278.2","297.0","323.5","407.6","338.2","22.4","$8","$13"
"Injured","61","Bucky Irving","5.0","5.0","RB","TB","10","7.01","171.7","192.0","192.9","277.8","212.2","22.4","$14","$13"
"","62","Ladd McConkey","5.0","5.0","WR","LAC","7","7.04","164.5","179.0","186.9","250.4","200.2","22.2","$12","$13"
"Injured","63","Quinshon Judkins","5.0","5.0","RB","CLE","11","7.03","174.3","193.0","191.5","275.8","211.4","22.1","$17","$13"
"","64","Dak Prescott","5.0","2.0","QB","DAL","14","11.05","281.1","307.0","323.1","403.9","337.5","22.1","$12","$13"
"","65","Jaxson Dart","5.0","2.0","QB","NYG","8","8.08","278.2","302.0","316.1","417.3","336.8","21.7","$9","$12"
"","66","Sam LaPorta","5.0","3.0","TE","DET","6","9.03","148.1","159.0","164.6","212.3","174.6","21.4","$11","$12"
"","67","TreVeyon Henderson","6.0","6.0","RB","NE","11","7.06","163.9","181.0","182.1","291.4","208.6","21.2","$8","$12"
"","68","Jameson Williams","6.0","5.0","WR","DET","6","8.04","166.1","170.0","184.6","243.7","197.4","20.3","$16","$12"
"","69","Harold Fannin Jr.","6.0","3.0","TE","CLE","11","8.03","147.3","154.0","163.7","206.3","172.3","19.5","$9","$11"
"Injured","70","Bo Nix","6.0","2.0","QB","DEN","10","15.02","279.2","290.0","310.2","409.5","331.7","19.0","$8","$11"
"Injured","71","Patrick Mahomes","6.0","2.0","QB","KC","5","14.03","276.2","306.0","306.9","417.4","331.5","18.9","$8","$11"
"Value","72","Kyler Murray","6.0","2.0","QB","MIN","6","20.01","271.3","290.0","308.3","416.2","331.0","18.7","$7","$11"
"Value","73","Mike Evans","6.0","5.0","WR","SF","8","9.06","156.1","170.0","181.5","243.2","193.7","17.9","$11","$10"
"","74","Bhayshul Tuten","6.0","6.0","RB","JAC","7","9.04","146.9","178.0","168.9","285.4","196.7","17.4","$8","$10"
"","75","Jadarian Price","6.0","6.0","RB","SEA","11","8.01","138.2","171.0","164.5","291.2","194.3","16.6","$8","$9"
"","76","Rome Odunze","6.0","5.0","WR","CHI","10","9.01","154.7","164.0","175.8","247.9","191.6","16.5","$8","$9"
"","77","Rhamondre Stevenson","7.0","7.0","RB","NE","11","14.01","152.0","165.0","174.7","255.1","192.5","16.1","$4","$9"
"","78","Tony Pollard","7.0","7.0","RB","TEN","9","10.08","151.8","171.0","172.5","260.5","192.7","16.1","$5","$9"
"","79","Jaylen Warren","7.0","7.0","RB","PIT","9","11.03","154.7","170.0","182.0","236.6","191.9","15.9","$4","$9"
"","80","Jared Goff","7.0","3.0","QB","DET","6","19.04","278.2","289.0","302.4","402.2","325.2","15.7","$4","$9"
"","81","Chuba Hubbard","7.0","7.0","RB","CAR","5","10.01","142.4","162.0","167.5","266.3","189.9","15.2","$4","$9"
"","82","J.K. Dobbins","7.0","7.0","RB","DEN","10","13.02","141.3","160.0","166.2","262.6","188.0","14.6","$4","$8"
"Value","83","D.K. Metcalf","7.0","6.0","WR","PIT","9","10.03","153.3","164.0","182.5","224.5","188.7","14.6","$5","$8"
"","84","Jordan Love","7.0","3.0","QB","GB","11","21.05","279.6","276.0","294.3","406.1","322.1","14.0","$3","$8"
"","85","Matthew Stafford","7.0","3.0","QB","LAR","11","11.06","276.1","286.0","296.9","400.8","321.5","13.7","$3","$8"
"Sleeper","86","Tyler Shough","7.0","3.0","QB","NO","8","19.08","269.0","269.0","295.6","405.0","320.6","13.3","$4","$8"
"","87","Parker Washington","7.0","6.0","WR","JAC","7","12.08","149.8","148.0","178.3","228.2","186.7","13.2","$6","$8"
"","88","Brandon Aubrey","7.0","1.0","K","DAL","14","9.08","157.4","147.0","176.8","190.9","177.1","12.5","$5","$7"
"","89","Rico Dowdle","7.0","7.0","RB","PIT","9","12.02","139.8","163.0","158.9","252.7","181.0","12.3","$4","$7"
"","90","D.J. Moore","7.0","6.0","WR","BUF","7","8.02","149.6","158.0","172.0","235.6","185.3","12.3","$5","$7"
"","91","Kyle Pitts","7.0","3.0","TE","ATL","11","8.05","140.6","148.0","152.8","198.6","163.1","12.1","$6","$7"
"Injured","92","George Kittle","7.0","3.0","TE","SF","8","9.07","92.1","148.0","153.5","228.7","162.9","11.9","$6","$7"
"","93","Baker Mayfield","7.0","3.0","QB","TB","10","20.05","274.8","277.0","289.3","402.1","317.4","11.6","$4","$7"
"","94","Marvin Harrison Jr.","7.0","6.0","WR","ARI","14","9.05","148.4","160.0","168.6","236.0","183.3","11.0","$4","$6"
"Injured","95","Alec Pierce","7.0","6.0","WR","IND","13","10.06","147.1","165.0","171.0","229.1","182.5","10.5","$6","$6"
"Sleeper","96","Jonathon Brooks","8.0","8.0","RB","CAR","5","16.03","117.9","112.0","140.3","276.4","173.4","9.9","$3","$6"
"","97","Courtland Sutton","8.0","6.0","WR","DEN","10","10.05","147.9","151.0","172.0","221.9","181.2","9.6","$3","$5"
"Injured","98","RJ Harvey","8.0","8.0","RB","DEN","10","14.04","125.8","141.0","149.8","248.7","172.4","9.6","$2","$5"
"","99","Kyle Monangai","8.0","8.0","RB","CHI","10","14.06","131.2","142.0","144.2","252.4","171.4","9.3","$2","$5"
"","100","Cameron Dicker","8.0","1.0","K","LAC","7","13.07","151.3","139.0","170.0","181.9","169.9","9.0","$4","$5"
"","101","Carnell Tate","8.0","6.0","WR","TEN","9","7.07","139.9","159.0","166.5","234.8","180.3","9.0","$5","$5"
"","102","Blake Corum","8.0","8.0","RB","LAR","11","15.08","128.6","134.0","135.4","268.1","170.4","8.9","$3","$5"
"","103","Jordan Mason","8.0","8.0","RB","MIN","6","19.03","124.8","127.0","148.6","243.7","170.2","8.9","$2","$5"
"","104","Brian Thomas Jr.","8.0","6.0","WR","JAC","7","12.03","141.9","147.0","161.3","242.0","179.8","8.7","$6","$5"
"Value","105","Jayden Reed","8.0","6.0","WR","GB","11","18.01","143.7","143.0","169.0","224.8","179.6","8.5","$3","$5"
"","106","Jordyn Tyson","8.0","6.0","WR","NO","8","10.07","137.8","144.0","166.0","234.1","179.5","8.5","$3","$5"
"","107","Jordan Addison","8.0","6.0","WR","MIN","6","16.06","142.9","140.0","168.1","223.6","178.7","7.9","$3","$5"
"","108","Malik Willis","8.0","3.0","QB","MIA","6","24.05","266.7","266.0","274.9","409.6","310.2","7.8","$2","$4"
"","109","Rachaad White","8.0","8.0","RB","WAS","7","13.05","109.4","138.0","145.8","243.5","165.8","7.4","$2","$4"
"","110","Quentin Johnston","8.0","6.0","WR","LAC","7","17.04","135.4","140.0","163.1","234.9","177.7","7.3","$2","$4"
"","111","Seattle Seahawks","8.0","1.0","DEF","SEA","11","11.08","119.0","77.0","119.0","119.0","119.0","6.8","$1","$4"
"","112","Denver Broncos","8.0","1.0","DEF","DEN","10","11.01","118.6","82.0","118.6","118.6","118.6","6.6","$1","$4"
"","113","Jacory Croskey-Merritt","8.0","8.0","RB","WAS","7","17.01","111.9","129.0","127.2","267.1","162.6","6.4","$3","$4"
"","114","C.J. Stroud","8.0","3.0","QB","HOU","8","23.05","269.9","265.0","278.2","389.5","307.1","6.2","$2","$4"
"","115","Ricky Pearsall","8.0","6.0","WR","SF","8","15.03","133.2","135.0","164.5","227.0","175.9","6.1","$2","$3"
"Value","116","Michael Pittman Jr.","8.0","6.0","WR","PIT","9","10.04","145.5","151.0","167.2","212.3","175.6","5.9","$2","$3"
"","117","Houston Texans","8.0","1.0","DEF","HOU","8","10.02","116.9","82.0","116.9","116.9","116.9","5.9","$1","$3"
"","118","Ka'imi Fairbairn","8.0","2.0","K","HOU","8","15.07","148.6","140.0","159.8","177.4","162.6","5.4","$3","$3"
"","119","Travis Kelce","8.0","4.0","TE","KC","5","11.02","129.3","148.0","150.3","180.4","154.7","5.3","$2","$3"
"Injured","120","Daniel Jones","8.0","3.0","QB","IND","13","23.02","259.1","255.0","275.6","394.1","304.9","5.1","$1","$3"
"Value","121","Jakobi Meyers","8.0","7.0","WR","JAC","7","13.01","144.3","139.0","165.9","210.7","174.2","5.0","$1","$3"
"","122","Xavier Worthy","8.0","7.0","WR","KC","5","16.05","131.3","141.0","158.2","232.6","173.6","4.6","$1","$3"
"","123","Kenneth Gainwell","9.0","9.0","RB","TB","10","13.03","118.5","133.0","136.2","223.4","156.8","4.5","$1","$3"
"","124","New England Patriots","9.0","1.0","DEF","NE","11","16.01","112.7","71.0","112.7","112.7","112.7","4.3","$1","$2"
"","125","Aaron Jones","9.0","9.0","RB","MIN","6","11.07","107.6","144.0","134.5","216.5","152.0","3.0","$1","$2"
"","126","Minnesota Vikings","9.0","1.0","DEF","MIN","6","19.07","109.1","78.0","109.1","109.1","109.1","2.6","$1","$1"
"","127","Tyler Loop","9.0","2.0","K","BAL","13","21.02","143.6","129.0","152.8","178.8","158.2","2.6","$1","$1"
"","128","Green Bay Packers","9.0","2.0","DEF","GB","11","24.08","108.6","65.0","108.6","108.6","108.6","2.2","$1","$1"
"","129","Baltimore Ravens","9.0","2.0","DEF","BAL","13","17.06","108.6","70.0","108.6","108.6","108.6","2.2","$1","$1"
"","130","Cam Little","9.0","2.0","K","JAC","7","17.03","145.2","125.0","151.3","178.5","157.6","2.0","$1","$1"
"","131","Tyjae Spears","9.0","9.0","RB","TEN","9","18.05","109.7","119.0","130.6","210.3","148.5","1.9","$1","$1"
"Injured","132","Chris Rodriguez","9.0","9.0","RB","JAC","7","22.04","99.8","107.0","108.5","258.2","147.8","1.6","$1","$1"
"Injured","133","Zach Charbonnet","9.0","9.0","RB","SEA","11","17.08","90.5","143.0","113.1","254.5","147.6","1.6","$1","$1"
"","134","Isiah Pacheco","9.0","9.0","RB","DET","6","18.04","103.2","95.0","116.0","237.8","146.9","1.4","$1","$1"
"","135","Pittsburgh Steelers","9.0","2.0","DEF","PIT","9","15.06","107.1","77.0","107.1","107.1","107.1","1.1","$1","$1"
"","136","Cairo Santos","9.0","2.0","K","CHI","10","22.06","142.5","128.0","151.6","174.3","156.1","0.4","$1","$1"
"","137","Jake Bates","9.0","2.0","K","DET","6","19.01","146.6","130.0","149.6","175.0","156.0","0.3","$1","$1"
"","138","Makai Lemon","9.0","7.0","WR","PHI","10","13.06","125.0","129.0","147.0","235.2","167.1","0.3","$1","$1"
"","139","Josh Downs","9.0","7.0","WR","IND","13","16.07","128.7","142.0","153.2","220.6","167.1","0.3","$1","$1"
"","140","Mark Andrews","9.0","4.0","TE","BAL","13","17.07","127.1","129.0","138.1","183.7","148.5","0.3","$2","$1"
"","141","Eddy Pineiro","9.0","2.0","K","SF","8","18.06","143.7","130.0","151.3","172.5","155.7","0.0","$1","$1"
"","142","Harrison Mevis","9.0","2.0","K","LAR","11","17.05","145.1","133.0","149.6","175.0","155.7","0.0","$1","$1"
"","143","Woody Marks","10.0","10.0","RB","HOU","8","18.02","104.2","104.0","115.8","222.3","142.7","0.0","$1","$1"
"","144","Chris Godwin","9.0","7.0","WR","TB","10","12.07","128.0","147.0","152.4","221.0","166.7","0.0","$1","$1"
"","145","Los Angeles Rams","10.0","2.0","DEF","LAR","11","12.04","105.7","78.0","105.7","105.7","105.7","0.0","$1","$1"
"","146","Kansas City Chiefs","10.0","2.0","DEF","KC","5","23.01","105.5","66.0","105.5","105.5","105.5","0.0","$1","$1"
"","147","Trey Smack","10.0","2.0","K","GB","11","29.06","143.3","134.0","149.3","174.7","155.1","0.0","$1","$1"
"","148","Sam Darnold","10.0","4.0","QB","SEA","11","22.03","256.3","260.0","258.9","388.4","293.8","0.0","$1","$1"
"Sleeper","149","Cameron 'Cam' Ward","10.0","4.0","QB","TEN","9","24.06","252.8","239.0","258.0","392.2","293.7","0.0","$1","$1"
"","150","Jacksonville Jaguars","10.0","2.0","DEF","JAC","7","20.03","104.5","69.0","104.5","104.5","104.5","0.0","$1","$1"
"","151","Romeo Doubs","10.0","7.0","WR","NE","11","18.03","128.2","139.0","152.6","215.2","165.2","0.0","$1","$1"
"Sleeper","152","Dalton Kincaid","10.0","4.0","TE","BUF","7","19.05","126.2","133.0","135.7","183.2","146.9","0.0","$2","$1"
"","153","Aaron Rodgers","10.0","4.0","QB","PIT","9","121.08","254.1","228.0","259.3","386.4","293.0","0.0","$1","$1"
"","154","Tyrone Tracy Jr.","10.0","10.0","RB","NYG","8","24.04","93.8","101.0","103.1","237.1","138.0","0.0","$1","$1"
"","155","New York Giants","10.0","2.0","DEF","NYG","8","118.07","103.6","64.0","103.6","103.6","103.6","0.0","$1","$1"
"","156","Wil Lutz","10.0","2.0","K","DEN","10","123.05","144.9","121.0","147.9","171.6","153.8","0.0","$1","$1"
"","157","KC Concepcion","10.0","7.0","WR","CLE","11","16.02","120.2","123.0","150.2","217.8","163.2","0.0","$1","$1"
"","158","Harrison Butker","10.0","2.0","K","KC","5","19.06","145.0","124.0","148.0","170.2","153.5","0.0","$1","$1"
"","159","Philadelphia Eagles","10.0","2.0","DEF","PHI","10","16.08","102.7","68.0","102.7","102.7","102.7","0.0","$2","$1"
"","160","Dylan Sampson","10.0","10.0","RB","CLE","11","127.07","98.2","85.0","112.9","203.2","134.9","0.0","$1","$1"
"","161","Charlie Smyth","10.0","2.0","K","NO","8","126.05","143.5","119.0","147.9","170.1","153.2","0.0","$1","$1"
"","162","Los Angeles Chargers","10.0","2.0","DEF","LAC","7","21.06","102.2","66.0","102.2","102.2","102.2","0.0","$1","$1"
"","163","Buffalo Bills","10.0","2.0","DEF","BUF","7","123.06","102.0","71.0","102.0","102.0","102.0","0.0","$1","$1"
"","164","Alvin Kamara","10.0","10.0","RB","NO","8","18.08","90.8","91.0","100.9","227.0","133.5","0.0","$1","$1"
"Sleeper","165","Jayden Higgins","10.0","7.0","WR","HOU","8","20.07","125.3","130.0","142.4","226.4","162.2","0.0","$1","$1"
"","166","Matthew Golden","10.0","8.0","WR","GB","11","14.07","125.2","126.0","137.6","235.3","162.0","0.0","$1","$1"
"","167","Stefon Diggs","10.0","8.0","WR","UNS","18","21.08","109.3","134.0","154.0","212.5","161.8","0.0","$1","$1"
"","168","Chicago Bears","10.0","2.0","DEF","CHI","10","27.02","101.5","68.0","101.5","101.5","101.5","0.0","$1","$1"
"","169","Michael Wilson","10.0","8.0","WR","ARI","14","14.08","121.0","150.0","147.6","217.0","161.7","0.0","$1","$1"
"","170","Chris Boswell","10.0","2.0","K","PIT","9","21.03","142.9","122.0","145.8","170.6","152.0","0.0","$1","$1"
"","171","Kaytron Allen","11.0","11.0","RB","WAS","7","110.01","80.3","34.0","87.3","248.8","130.1","0.0","$1","$1"
"","172","Dallas Goedert","11.0","5.0","TE","PHI","10","12.06","122.0","132.0","134.1","174.3","142.9","0.0","$2","$1"
"","173","Tampa Bay Buccaneers","11.0","2.0","DEF","TB","10","30.08","100.0","63.0","100.0","100.0","100.0","0.0","$1","$1"
"","174","Andres Borregales","11.0","2.0","K","NE","11","124.01","141.8","120.0","146.2","168.1","151.4","0.0","$1","$1"
"","175","Detroit Lions","11.0","2.0","DEF","DET","6","20.04","99.4","70.0","99.4","99.4","99.4","0.0","$1","$1"
"","176","San Francisco 49ers","11.0","2.0","DEF","SF","8","25.06","98.8","63.0","98.8","98.8","98.8","0.0","$1","$1"
"","177","Jason Myers","11.0","3.0","K","SEA","11","15.05","142.1","143.0","145.0","166.8","150.4","0.0","$1","$1"
"","178","Bryce Young","11.0","4.0","QB","CAR","5","25.05","242.3","244.0","244.7","391.5","284.3","0.0","$1","$1"
"","179","Chase McLaughlin","11.0","3.0","K","TB","10","24.01","140.2","128.0","144.5","167.6","150.0","0.0","$1","$1"
"","180","Tyler Allgeier","11.0","11.0","RB","ARI","14","22.07","81.8","84.0","99.8","196.6","122.9","0.0","$1","$1"
"","181","Brian Robinson Jr.","11.0","11.0","RB","ATL","11","23.08","81.2","92.0","99.0","198.0","122.8","0.0","$1","$1"
"","182","Jake Ferguson","11.0","5.0","TE","DAL","14","13.08","126.9","133.0","133.6","161.7","140.1","0.0","$1","$1"
"","183","Wan'Dale Robinson","11.0","8.0","WR","TEN","9","14.02","126.1","136.0","141.7","206.9","156.7","0.0","$1","$1"
"","184","Will Reichard","11.0","3.0","K","MIN","6","22.01","139.9","123.0","142.8","168.5","149.3","0.0","$1","$1"
"","185","Brenton Strange","11.0","5.0","TE","JAC","7","23.03","117.8","124.0","132.4","168.1","139.5","0.0","$2","$1"
"","186","Jacoby Brissett","11.0","4.0","QB","ARI","14","127.05","234.1","245.0","246.4","381.9","281.1","0.0","$1","$1"
"","187","Cleveland Browns","12.0","3.0","DEF","CLE","11","20.06","95.6","65.0","95.6","95.6","95.6","0.0","$1","$1"
"","188","Keaton Mitchell","12.0","12.0","RB","LAC","7","124.06","85.0","73.0","94.4","189.7","118.7","0.0","$1","$1"
"Sleeper","189","Jalen McMillan","12.0","8.0","WR","TB","10","21.07","113.0","103.0","132.9","225.9","154.7","0.0","$2","$1"
"","190","Hunter Henry","12.0","5.0","TE","NE","11","20.08","120.3","125.0","129.4","168.2","138.3","0.0","$4","$1"
"","191","Tyler Bass","12.0","3.0","K","BUF","7","125.02","138.5","121.0","142.8","164.2","147.9","0.0","$1","$1"
"","192","Jake Moody","12.0","3.0","K","WAS","7","122.01","138.3","115.0","141.1","167.9","147.9","0.0","$1","$1"
"","193","Rashid Shaheed","12.0","8.0","WR","SEA","11","21.01","117.8","116.0","137.0","212.4","154.1","0.0","$2","$1"
"","194","Khalil Shakir","12.0","8.0","WR","BUF","7","17.02","125.1","133.0","142.2","196.2","153.8","0.0","$1","$1"
"","195","Jonah Coleman","12.0","12.0","RB","DEN","10","47.05","67.2","43.0","74.7","231.6","116.1","0.0","$1","$1"
"","196","Fernando Mendoza","12.0","4.0","QB","LVR","13","22.08","232.7","243.0","237.4","391.7","278.6","0.0","$1","$1"
"","197","Jake Elliott","12.0","3.0","K","PHI","10","26.08","138.5","116.0","142.8","162.8","147.5","0.0","$1","$1"
"Sleeper","198","Isaiah Likely","12.0","5.0","TE","NYG","8","16.04","118.9","128.0","127.9","168.8","137.4","0.0","$4","$1"
"","199","Calvin Ridley","12.0","8.0","WR","TEN","9","22.05","116.8","94.0","135.8","211.8","153.1","0.0","$2","$1"
"","200","MarShawn Lloyd","12.0","12.0","RB","GB","11","123.07","58.0","45.0","74.3","230.3","113.9","0.0","$1","$1"
"Injured","201","Kenyon Sadiq","12.0","5.0","TE","NYJ","13","18.07","112.1","113.0","124.5","176.8","136.5","0.0","$2","$1"
"","202","Deebo Samuel","12.0","8.0","WR","UNS","18","29.03","98.8","108.0","141.2","209.0","152.0","0.0","$3","$1"
"","203","Deshaun Watson","12.0","4.0","QB","CLE","11","121.07","207.8","174.0","218.7","437.4","276.4","0.0","$1","$1"
"","204","Geno Smith","12.0","4.0","QB","NYJ","13","128.06","228.1","240.0","237.6","384.9","276.1","0.0","$1","$1"
"","205","Tennessee Titans","12.0","3.0","DEF","TEN","9","121.03","92.6","62.0","92.6","92.6","92.6","0.0","$1","$1"
"","206","Omar Cooper Jr.","12.0","8.0","WR","NYJ","13","21.04","114.6","107.0","125.9","226.6","151.3","0.0","$2","$1"
"","207","Arizona Cardinals","12.0","3.0","DEF","ARI","14","28.08","91.7","59.0","91.7","91.7","91.7","0.0","$1","$1"
"","208","Dallas Cowboys","12.0","3.0","DEF","DAL","14","24.03","91.5","65.0","91.5","91.5","91.5","0.0","$1","$1"
"","209","New Orleans Saints","13.0","3.0","DEF","NO","8","127.06","91.0","66.0","91.0","91.0","91.0","0.0","$1","$1"
"","210","Indianapolis Colts","13.0","3.0","DEF","IND","13","127.08","91.0","61.0","91.0","91.0","91.0","0.0","$1","$1"
"","211","Braelon Allen","13.0","13.0","RB","NYJ","13","124.03","67.5","76.0","71.0","209.5","108.1","0.0","$1","$1"
"","212","Nicholas Singleton","13.0","13.0","RB","TEN","9","29.08","53.6","25.0","63.1","233.5","107.9","0.0","$1","$1"
"","213","New York Jets","13.0","3.0","DEF","NYJ","13","121.04","90.7","58.0","90.7","90.7","90.7","0.0","$1","$1"
"","214","Mike Washington Jr.","13.0","13.0","RB","LVR","13","123.02","59.1","60.0","70.4","211.2","106.8","0.0","$1","$1"
"","215","Ryan Fitzgerald","13.0","3.0","K","CAR","5","126.06","133.9","111.0","139.5","161.8","144.6","0.0","$1","$1"
"","216","Cincinnati Bengals","13.0","3.0","DEF","CIN","6","117.07","90.3","64.0","90.3","90.3","90.3","0.0","$1","$1"
"","217","Emmett Johnson","13.0","13.0","RB","KC","5","28.04","60.1","36.0","71.6","204.1","105.7","0.0","$1","$1"
"","218","Las Vegas Raiders","13.0","3.0","DEF","LVR","13","27.08","89.9","61.0","89.9","89.9","89.9","0.0","$1","$1"
"","219","Carolina Panthers","13.0","3.0","DEF","CAR","5","122.05","89.8","58.0","89.8","89.8","89.8","0.0","$1","$1"
"","220","Evan McPherson","13.0","3.0","K","CIN","6","25.01","135.0","124.0","136.4","166.4","144.3","0.0","$2","$1"
"","221","Juwan Johnson","13.0","5.0","TE","NO","8","22.02","114.7","121.0","126.0","160.0","133.2","0.0","$2","$1"
"","222","Miami Dolphins","13.0","3.0","DEF","MIA","6","26.07","89.7","60.0","89.7","89.7","89.7","0.0","$1","$1"
"","223","Denzel Boston","13.0","9.0","WR","CLE","11","23.07","106.8","109.0","124.2","223.6","148.2","0.0","$2","$1"
"","224","Justice Hill","13.0","13.0","RB","BAL","13","122.02","74.6","81.0","82.9","165.8","104.0","0.0","$1","$1"
"","225","Sean Tucker","13.0","13.0","RB","TB","10","119.07","64.0","52.0","69.6","198.4","103.7","0.0","$1","$1"
"","226","Tre Tucker","13.0","9.0","WR","LVR","13","25.04","110.8","109.0","128.8","207.4","147.0","0.0","$2","$1"
"","227","Ben Sauls","13.0","3.0","K","NYG","8","123.03","130.9","72.0","137.8","162.6","143.3","0.0","$1","$1"
"Injured","228","James Conner","13.0","13.0","RB","ARI","14","26.05","68.1","48.0","82.1","164.2","102.0","0.0","$1","$1"
"","229","Jaydon Blue","13.0","13.0","RB","DAL","14","117.04","56.7","40.0","66.7","196.8","100.4","0.0","$1","$1"
"","230","Nick Chubb","13.0","13.0","RB","UNS","18","80.03","55.0","22.0","78.6","172.9","100.0","0.0","$1","$1"
"","231","Nick Folk","13.0","3.0","K","ATL","11","121.06","133.1","116.0","135.8","161.6","142.4","0.0","$1","$1"
"","232","George Holani","14.0","14.0","RB","SEA","11","121.02","58.8","37.0","73.5","172.7","97.9","0.0","$1","$1"
"","233","Jalen Coker","14.0","9.0","WR","CAR","5","20.02","111.2","127.0","123.5","206.2","143.8","0.0","$1","$1"
"","234","Washington Commanders","14.0","3.0","DEF","WAS","7","28.01","85.7","65.0","85.7","85.7","85.7","0.0","$1","$1"
"","235","Samaje Perine","14.0","14.0","RB","CIN","6","125.07","69.4","82.0","81.7","138.9","95.1","0.0","$1","$1"
"Injured","236","Trey Benson","14.0","14.0","RB","ARI","14","64.03","58.2","13.0","67.7","172.6","94.6","0.0","$1","$1"
"","237","Oronde Gadsden II","14.0","6.0","TE","LAC","7","24.07","107.4","107.0","111.9","176.8","128.8","0.0","$1","$1"
"","238","Adonai Mitchell","14.0","9.0","WR","NYJ","13","124.04","105.5","88.0","114.7","223.7","142.8","0.0","$1","$1"
"Injured","239","Tyreek Hill","14.0","9.0","WR","UNS","18","23.06","67.5","108.0","122.8","230.9","142.2","0.0","$1","$1"
"","240","Chigoziem 'Chig' Okonkwo","14.0","6.0","TE","WAS","7","25.02","110.8","108.0","115.4","165.0","128.1","0.0","$1","$1"
"","241","Dalton Schultz","14.0","6.0","TE","HOU","8","25.03","113.1","112.0","121.6","150.8","128.0","0.0","$1","$1"
"","242","Isaiah Davis","14.0","14.0","RB","NYJ","13","119.05","64.3","45.0","67.7","159.1","92.0","0.0","$1","$1"
"","243","Joey Slye","14.0","3.0","K","TEN","9","126.07","130.3","109.0","134.3","158.5","140.2","0.0","$1","$1"
"","244","T.J. Hockenson","14.0","6.0","TE","MIN","6","19.02","109.5","112.0","120.3","155.2","127.9","0.0","$1","$1"
"Injured","245","Najee Harris","14.0","14.0","RB","UNS","18","90.01","47.1","34.0","72.5","159.5","91.6","0.0","$1","$1"
"","246","Emanuel Wilson","14.0","14.0","RB","SEA","11","123.04","49.2","47.0","61.5","178.4","91.2","0.0","$1","$1"
"","247","Tank Bigsby","14.0","14.0","RB","PHI","10","24.02","50.0","69.0","52.6","194.6","90.9","0.0","$1","$1"
"","248","Ty Johnson","14.0","14.0","RB","BUF","7","121.01","64.1","71.0","75.4","139.5","90.8","0.0","$1","$1"
"","249","Christopher 'Chris' Brooks","14.0","14.0","RB","GB","11","40.03","51.1","53.0","56.8","184.6","90.6","0.0","$1","$1"
"","250","Jauan Jennings","14.0","9.0","WR","MIN","6","26.03","100.1","112.0","113.8","221.9","140.8","0.0","$1","$1"
"","251","Jordan James","14.0","14.0","RB","SF","8","120.06","47.8","63.0","53.1","185.9","88.4","0.0","$1","$1"
"","252","Brandon Aiyuk","14.0","9.0","WR","UNS","18","116.04","70.7","89.0","117.9","229.9","139.9","0.0","$1","$1"
"","253","Jaylen Wright","15.0","15.0","RB","MIA","6","117.03","46.9","48.0","55.2","179.4","87.6","0.0","$1","$1"
"","254","Germie Bernard","15.0","9.0","WR","PIT","9","29.01","102.0","91.0","115.9","210.9","139.3","0.0","$1","$1"
"","255","Joe Mixon","15.0","15.0","RB","UNS","18","43.06","40.9","19.0","68.2","153.5","86.5","0.0","$1","$1"
"","256","Kaelon Black","15.0","15.0","RB","SF","8","30.01","45.2","55.0","50.2","185.7","86.3","0.0","$1","$1"
"","257","Jerry Jeudy","15.0","9.0","WR","CLE","11","23.04","100.3","100.0","116.6","209.9","139.1","0.0","$1","$1"
"","258","Matt Gay","15.0","4.0","K","LVR","13","117.05","129.9","124.0","132.5","155.0","138.2","0.0","$1","$1"
"","259","Keenan Allen","15.0","9.0","WR","UNS","18","118.01","89.7","75.0","126.4","195.9","138.7","0.0","$1","$1"
"","260","Brashard Smith","15.0","15.0","RB","KC","5","100.07","53.5","31.0","65.3","143.7","84.5","0.0","$1","$1"
"","261","Kareem Hunt","15.0","15.0","RB","UNS","18","56.04","46.8","20.0","66.9","143.8","84.2","0.0","$1","$1"
"","262","Cade York","15.0","4.0","K","NYJ","13","50.05","129.4","78.0","132.0","154.4","137.6","0.0","$1","$1"
"","263","Andre Szmyt","15.0","4.0","K","CLE","11","119.02","127.9","104.0","131.9","155.6","137.6","0.0","$1","$1"
"","264","Kendre Miller","15.0","15.0","RB","NO","8","70.01","40.2","31.0","50.2","175.7","82.6","0.0","$1","$1"
"","265","Ollie Gordon II","15.0","15.0","RB","MIA","6","120.01","44.7","36.0","47.0","178.6","82.5","0.0","$1","$1"
"","266","Demond Claiborne","15.0","15.0","RB","MIN","6","119.06","40.1","21.0","47.2","179.4","82.0","0.0","$1","$1"
"","267","Austin Ekeler","15.0","15.0","RB","UNS","18","73.03","44.7","24.0","59.6","149.0","81.3","0.0","$6","$1"
"","268","Tua Tagovailoa","15.0","5.0","QB","ATL","11","126.04","201.7","238.0","207.9","390.9","256.7","0.0","$1","$1"
"","269","LeQuint Allen","15.0","15.0","RB","JAC","7","120.07","58.2","34.0","63.3","126.6","79.6","0.0","$1","$1"
"","270","Antonio Gibson","15.0","15.0","RB","UNS","18","40.05","42.4","8.0","65.2","130.4","78.8","0.0","$1","$1"
"Injured","271","Michael Penix Jr.","15.0","5.0","QB","ATL","11","115.06","205.7","186.0","209.9","379.9","255.5","0.0","$1","$1"
"","272","Malik Davis","15.0","15.0","RB","DAL","14","128.07","41.5","52.0","46.1","161.4","76.7","0.0","$1","$1"
"","273","Jalen Nailor","15.0","10.0","WR","LVR","13","33.04","99.3","103.0","110.3","206.3","134.5","0.0","$1","$1"
"","274","Devin Singletary","15.0","15.0","RB","NYG","8","111.06","44.9","30.0","49.9","149.7","76.2","0.0","$1","$1"
"","275","Adam Randall","15.0","15.0","RB","BAL","13","116.08","36.8","41.0","43.3","160.2","74.0","0.0","$1","$1"
"","276","Antonio Williams","15.0","10.0","WR","WAS","7","126.03","93.7","101.0","101.9","222.1","133.2","0.0","$1","$1"
"Injured","277","AJ Barner","15.0","6.0","TE","SEA","11","25.07","102.6","95.0","106.9","159.3","120.4","0.0","$1","$1"
"","278","Kaleb Johnson","15.0","15.0","RB","PIT","9","117.06","35.1","16.0","39.9","163.6","72.8","0.0","$5","$1"
"","279","Alexander Mattison","15.0","15.0","RB","UNS","18","63.07","44.5","5.0","52.4","131.0","72.4","0.0","$1","$1"
"","280","Kimani Vidal","15.0","15.0","RB","LAC","7","120.02","50.6","49.0","55.0","121.0","72.2","0.0","$1","$1"
"","281","Zane Gonzalez","15.0","4.0","K","MIA","6","127.01","126.1","103.0","127.4","152.9","134.1","0.0","$1","$1"
"","282","DJ Giddens","15.0","15.0","RB","IND","13","118.06","39.4","37.0","43.8","148.9","71.7","0.0","$1","$1"
"","283","Cade Otton","15.0","6.0","TE","TB","10","126.08","106.1","94.0","110.5","147.0","119.7","0.0","$1","$1"
"","284","Miles Sanders","15.0","15.0","RB","UNS","18","95.01","45.1","0.0","51.2","126.5","70.6","0.0","$1","$1"
"","285","Tre Harris","15.0","10.0","WR","LAC","7","127.02","89.9","78.0","99.9","219.8","130.8","0.0","$1","$1"
"","286","Darius Slayton","15.0","10.0","WR","NYG","8","118.05","92.9","78.0","103.2","206.4","129.5","0.0","$1","$1"
"","287","Pat Freiermuth","15.0","7.0","TE","PIT","9","26.04","97.3","106.0","105.8","154.5","117.5","0.0","$1","$1"
"","288","Jerome Ford","15.0","15.0","RB","WAS","7","33.02","34.6","24.0","41.7","133.4","65.4","0.0","$1","$1"
"","289","Shedeur Sanders","15.0","5.0","QB","CLE","11","27.01","185.5","223.0","195.3","390.6","246.8","0.0","$1","$1"
"","290","Cooper Kupp","15.0","10.0","WR","SEA","11","25.08","90.3","82.0","102.6","205.2","128.4","0.0","$6","$1"
"","291","Ray Davis","15.0","15.0","RB","BUF","7","125.03","34.5","45.0","46.0","119.6","64.0","0.0","$1","$1"
"","292","Gunnar Helm","15.0","7.0","TE","TEN","9","60.05","97.8","96.0","105.2","152.5","116.8","0.0","$1","$1"
"","293","Jeremy McNichols","15.0","15.0","RB","WAS","7","93.05","39.2","21.0","43.6","119.9","63.6","0.0","$1","$1"
"","294","Atlanta Falcons","15.0","4.0","DEF","ATL","11","125.08","71.8","68.0","71.8","71.8","71.8","0.0","$1","$1"
"","295","Seth McGowan","15.0","15.0","RB","IND","13","119.04","29.8","27.0","35.1","140.4","62.9","0.0","$1","$1"
"","296","Carson Beck","15.0","5.0","QB","ARI","14","31.08","185.9","162.0","191.7","393.0","245.6","0.0","$1","$1"
"","297","Kyle Juszczyk","15.0","15.0","RB","SF","8","44.08","44.7","40.0","49.7","99.4","62.4","0.0","$1","$1"
"","298","Jarquez Hunter","15.0","15.0","RB","LAR","11","70.02","26.5","17.0","31.2","146.6","61.8","0.0","$1","$1"
"","299","Ryan Flournoy","15.0","10.0","WR","DAL","14","126.01","86.6","85.0","98.4","206.6","125.8","0.0","$1","$1"
"","300","Phil Mafah","15.0","15.0","RB","DAL","14","68.01","29.2","30.0","31.7","126.8","57.2","0.0","$1","$1"
"","301","Jaylin Noel","15.0","10.0","WR","HOU","8","123.08","95.0","75.0","106.7","181.4","125.0","0.0","$1","$1"
"","302","Eli Heidenreich","15.0","15.0","WR","PIT","9","48.01","31.6","15.0","37.2","111.6","56.5","0.0","$1","$1"
"","303","Rashod Bateman","15.0","11.0","WR","BAL","13","128.05","85.6","95.0","97.3","204.3","124.4","0.0","$1","$1"
"","304","Travis Hunter","15.0","11.0","WR","JAC","7","15.01","75.2","82.0","81.7","241.8","124.2","0.0","$3","$1"
"","305","Kirk Cousins","15.0","5.0","QB","LVR","13","116.05","186.2","187.0","190.0","380.0","241.1","0.0","$1","$1"
"","306","Emari Demercado","15.0","15.0","RB","KC","5","118.02","32.0","53.0","37.6","105.3","55.1","0.0","$1","$1"
"","307","Trevor Etienne","15.0","15.0","RB","CAR","5","110.04","35.7","24.0","39.7","95.3","54.1","0.0","$1","$1"
"","308","Terrance Ferguson","15.0","7.0","TE","LAR","11","26.02","80.2","83.0","91.1","177.6","112.7","0.0","$1","$1"
"","309","Devin Neal","15.0","15.0","RB","NO","8","31.03","32.5","28.0","38.7","96.8","53.4","0.0","$1","$1"
"","310","Ty Chandler","15.0","15.0","RB","NO","8","114.06","31.0","25.0","38.8","97.0","53.3","0.0","$1","$1"
"","311","Jaydn Ott","15.0","15.0","RB","KC","5","128.07","21.4","13.0","26.8","126.0","52.9","0.0","$1","$1"
"","312","Raheim Sanders","15.0","15.0","RB","CLE","11","78.08","22.4","19.0","25.5","127.5","52.8","0.0","$1","$1"
"","313","Darnell Mooney","15.0","11.0","WR","NYG","8","124.07","85.9","75.0","93.4","205.5","122.6","0.0","$1","$1"
"","314","Kayshon Boutte","15.0","11.0","WR","NE","11","128.07","81.6","65.0","93.8","206.4","122.3","0.0","$1","$1"
"","315","Kenny McIntosh","15.0","15.0","RB","SEA","11","81.06","25.0","8.0","27.8","111.2","50.0","0.0","$1","$1"
"","316","Jamarion 'Jam' Miller","15.0","15.0","RB","NE","11","37.03","23.8","22.0","27.1","112.5","49.8","0.0","$1","$1"
"","317","Audric Estime","15.0","15.0","RB","NO","8","58.02","29.0","27.0","32.9","95.4","49.2","0.0","$1","$1"
"","318","Roschon Johnson","15.0","15.0","RB","CHI","10","49.02","20.1","25.0","22.3","122.7","49.3","0.0","$1","$1"
"","319","Jack Bech","15.0","11.0","WR","LVR","13","125.06","82.4","70.0","93.6","201.2","120.9","0.0","$1","$1"
"","320","Tyler Goodson","15.0","15.0","RB","ATL","11","45.07","20.7","15.0","23.5","117.5","48.6","0.0","$1","$1"
"","321","Tahj Brooks","15.0","15.0","RB","CIN","6","51.06","20.9","20.0","23.2","116.0","48.1","0.0","$1","$1"
"","322","David Njoku","15.0","7.0","TE","LAC","7","121.05","89.6","77.0","93.3","158.6","110.4","0.0","$1","$1"
"","323","De'Zhaun Stribling","15.0","11.0","WR","SF","8","122.07","79.4","74.0","89.2","209.6","120.3","0.0","$1","$1"
"","324","Pat Bryant","15.0","11.0","WR","DEN","10","124.08","82.4","67.0","92.6","199.1","119.8","0.0","$1","$1"
"Injured","325","Isaac Guerendo","15.0","15.0","RB","SF","8","54.06","29.4","18.0","33.4","80.2","45.4","0.0","$1","$1"
"","326","Robert Henry Jr.","15.0","15.0","RB","WAS","7","128.07","17.0","0.0","24.0","105.6","45.0","0.0","$1","$1"
"","327","Tyquan Thornton","15.0","11.0","WR","KC","5","59.08","77.0","79.0","89.5","205.9","119.0","0.0","$1","$1"
"","328","Roman Hemby","15.0","15.0","RB","LVR","13","128.07","19.2","0.0","24.0","102.0","44.4","0.0","$1","$1"
"","329","Will Shipley","15.0","15.0","RB","PHI","10","53.02","33.1","24.0","34.8","69.6","44.0","0.0","$1","$1"
"","330","Michael Carter","15.0","15.0","RB","TEN","9","108.07","29.1","9.0","33.4","73.5","43.6","0.0","$1","$1"
"","331","J'Mari Taylor","15.0","15.0","RB","JAC","7","128.07","19.0","19.0","23.7","99.5","43.5","0.0","$1","$1"
"","332","Jawhar Jordan","15.0","15.0","RB","HOU","8","46.07","24.7","43.0","27.4","82.2","41.9","0.0","$1","$1"
"","333","Noah Whittington","15.0","15.0","RB","HOU","8","128.07","18.4","5.0","23.0","90.9","40.7","0.0","$1","$1"
"","334","Colby Parkinson","15.0","8.0","TE","LAR","11","125.04","80.2","75.0","90.1","159.5","107.2","0.0","$1","$1"
"","335","Dontayvion Wicks","15.0","11.0","WR","PHI","10","120.03","76.8","62.0","87.3","200.8","116.4","0.0","$1","$1"
"","336","Tyler Badie","15.0","15.0","RB","DEN","10","113.05","21.3","16.0","23.7","83.0","39.4","0.0","$1","$1"
"","337","Devaughn Vele","15.0","11.0","WR","NO","8","125.05","83.4","76.0","97.0","174.6","115.7","0.0","$1","$1"
"","338","Kalel Mullings","15.0","15.0","RB","TEN","9","109.05","16.7","8.0","19.6","88.2","37.8","0.0","$1","$1"
"","339","Keon Coleman","15.0","11.0","WR","BUF","7","118.03","72.3","42.0","85.1","204.2","115.3","0.0","$5","$1"
"","340","Desmond Reid","15.0","15.0","RB","BUF","7","128.07","15.7","18.0","17.4","86.1","35.8","0.0","$1","$1"
"","341","Troy Franklin","15.0","11.0","WR","DEN","10","123.01","76.3","80.0","84.8","199.3","114.5","0.0","$1","$1"
"","342","Greg Dulcich","15.0","8.0","TE","MIA","6","128.02","82.0","98.0","89.1","154.1","105.5","0.0","$1","$1"
"","343","Brandon McManus","15.0","5.0","K","UNS","18","117.01","123.0","103.0","123.0","123.0","123.0","0.0","$1","$1"
"","344","CJ Donaldson","15.0","15.0","RB","NO","8","128.07","14.3","0.0","15.9","87.5","35.1","0.0","$1","$1"
"","345","Rasheen Ali","15.0","15.0","RB","BAL","13","54.07","17.6","21.0","19.6","72.5","33.7","0.0","$1","$1"
"","346","Zachariah Branch","15.0","12.0","WR","ATL","11","28.02","83.2","75.0","96.7","167.3","113.5","0.0","$1","$1"
"","347","Jamal Haynes","15.0","15.0","RB","CIN","6","128.07","12.5","11.0","14.7","80.9","32.4","0.0","$1","$1"
"","348","Isaac TeSlaa","15.0","12.0","WR","DET","6","126.02","73.7","87.0","83.7","196.7","112.7","0.0","$1","$1"
"","349","Mike Gesicki","15.0","8.0","TE","CIN","6","128.03","77.4","86.0","91.0","146.5","103.7","0.0","$5","$1"
"","350","Jaleel McLaughlin","15.0","15.0","RB","DEN","10","70.08","19.1","14.0","20.1","60.3","30.9","0.0","$1","$1"
"","351","Chip Trayanum","15.0","15.0","RB","NYJ","13","128.07","13.1","9.0","14.5","72.5","30.1","0.0","$1","$1"
"","352","Ja'Kobi Lane","15.0","12.0","WR","BAL","13","26.06","71.6","68.0","81.4","199.4","111.8","0.0","$1","$1"
"Injured","353","Nathaniel 'Tank' Dell","15.0","12.0","WR","HOU","8","122.08","53.4","76.0","76.3","221.3","111.7","0.0","$1","$1"
"","354","Chris Brazzell II","15.0","12.0","WR","CAR","5","117.08","68.9","60.0","78.3","203.6","110.8","0.0","$1","$1"
"","355","Evan Engram","15.0","8.0","TE","DEN","10","128.04","80.4","72.0","87.4","146.8","102.3","0.0","$7","$1"
"","356","Darnell Washington","15.0","8.0","TE","PIT","9","27.05","74.6","74.0","84.8","155.2","102.2","0.0","$1","$1"
"","357","Kendrick Bourne","15.0","12.0","WR","ARI","14","55.06","73.6","67.0","86.6","181.9","110.2","0.0","$1","$1"
"","358","Jaret Patterson","15.0","15.0","RB","LAC","7","71.01","11.6","17.0","13.2","59.4","25.5","0.0","$1","$1"
"","359","Elijah Sarratt","15.0","12.0","WR","BAL","13","118.04","69.2","59.0","76.9","199.9","109.1","0.0","$1","$1"
"","360","Joshua 'Josh' Palmer","15.0","12.0","WR","BUF","7","36.02","71.4","42.0","77.6","186.2","106.1","0.0","$2","$1"
"","361","Chad Ryland","15.0","5.0","K","ARI","14","127.03","103.4","111.0","106.6","147.1","117.1","0.0","$1","$1"
"","362","Michael Mayer","15.0","9.0","TE","LVR","13","63.05","67.9","65.0","77.2","154.4","96.6","0.0","$1","$1"
"","363","Chris Bell","15.0","13.0","WR","MIA","6","32.04","56.4","88.0","66.4","209.2","103.5","0.0","$1","$1"
"","364","Andrei Iosivas","15.0","13.0","WR","CIN","6","52.05","70.3","77.0","78.1","175.7","103.3","0.0","$1","$1"
"","365","Jahan Dotson","15.0","13.0","WR","ATL","11","118.08","69.2","67.0","80.5","169.1","102.6","0.0","$1","$1"
"","366","Darren Waller","15.0","9.0","TE","UNS","18","113.08","49.9","60.0","83.1","149.6","95.2","0.0","$4","$1"
"","367","Christian Kirk","15.0","13.0","WR","SF","8","128.01","65.6","69.0","74.5","178.8","101.3","0.0","$3","$1"
"","368","Kentrel Bullock","15.0","15.0","RB","CIN","6","128.07","4.4","0.0","5.0","17.5","8.3","0.0","$1","$1"
"","369","Kejon Owens","15.0","15.0","RB","MIN","6","128.07","4.5","0.0","5.0","16.0","7.9","0.0","$1","$1"
"","370","Jacob Saylors","15.0","15.0","RB","DET","6","42.02","0.0","9.0","5.0","7.0","5.7","0.0","$1","$1"
"","371","Kene Nwangwu","15.0","15.0","RB","NYJ","13","104.03","0.0","6.0","5.0","6.5","5.5","0.0","$1","$1"
"","372","Dylan Laube","15.0","15.0","RB","LVR","13","58.04","0.3","7.0","5.0","7.0","4.7","0.0","$1","$1"
"","373","KaVontae Turpin","15.0","13.0","WR","DAL","14","31.07","76.0","56.0","85.4","140.1","98.6","0.0","$1","$1"
"","374","Graham Gano","15.0","6.0","K","UNS","18","28.03","112.3","106.0","112.3","112.3","112.3","0.0","$1","$1"
"","375","Eli Stowers","15.0","9.0","TE","PHI","10","116.06","54.7","47.0","66.7","165.4","91.4","0.0","$1","$1"
"","376","Marquise 'Hollywood' Brown","15.0","13.0","WR","PHI","10","46.03","58.4","61.0","63.5","190.5","97.2","0.0","$3","$1"
"","377","Caleb Douglas","15.0","13.0","WR","MIA","6","120.08","59.9","55.0","66.6","183.2","97.2","0.0","$1","$1"
"","378","Cordarrelle Patterson","15.0","15.0","RB","UNS","18","115.03","0.0","0.0","0.0","0.0","0.0","0.0","$1","$1"
"","379","Jamaal Williams","15.0","15.0","RB","UNS","18","114.01","0.0","0.0","0.0","0.0","0.0","0.0","$1","$1"
"","380","D'Onta Foreman","15.0","15.0","RB","UNS","18","86.07","0.0","0.0","0.0","0.0","0.0","0.0","$1","$1"
"","381","Ezekiel Elliott","15.0","15.0","RB","UNS","18","68.08","0.0","0.0","0.0","0.0","0.0","0.0","$1","$1"
"","382","Raheem Mostert","15.0","15.0","RB","UNS","18","89.01","0.0","11.0","0.0","0.0","0.0","0.0","$1","$1"
"","383","Ameer Abdullah","15.0","15.0","RB","JAC","7","115.05","0.0","3.0","0.0","0.0","0.0","0.0","$1","$1"
"","384","Myles Gaskin","15.0","15.0","RB","UNS","18","84.08","0.0","0.0","0.0","0.0","0.0","0.0","$1","$1"
"","385","Trayveon Williams","15.0","15.0","RB","CLE","11","99.01","0.0","0.0","0.0","0.0","0.0","0.0","$1","$1"
"","386","Travis Homer","15.0","15.0","RB","PIT","9","77.02","0.0","0.0","0.0","0.0","0.0","0.0","$1","$1"
"","387","La'Mical Perine","15.0","15.0","RB","PIT","9","128.07","0.0","0.0","0.0","0.0","0.0","0.0","$1","$1"
"","388","Zack Moss","15.0","15.0","RB","UNS","18","62.06","0.0","0.0","0.0","0.0","0.0","0.0","$1","$1"
"","389","Joshua Kelley","15.0","15.0","RB","TEN","9","77.04","0.0","0.0","0.0","0.0","0.0","0.0","$1","$1"
"","390","Darrynton Evans","15.0","15.0","RB","BUF","7","69.02","0.0","0.0","0.0","0.0","0.0","0.0","$1","$1"
"","391","Clyde Edwards-Helaire","15.0","15.0","RB","KC","5","76.07","0.0","0.0","0.0","0.0","0.0","0.0","$1","$1"
"","392","A.J. Dillon","15.0","15.0","RB","CAR","5","48.07","0.0","56.0","0.0","0.0","0.0","0.0","$1","$1"
"","393","DeeJay Dallas","15.0","15.0","RB","JAC","7","50.03","0.0","0.0","0.0","0.0","0.0","0.0","$1","$1"
"","394","Ke'Shawn Vaughn","15.0","15.0","RB","UNS","18","45.06","0.0","0.0","0.0","0.0","0.0","0.0","$1","$1"
"","395","Cam Akers","15.0","15.0","RB","SEA","11","41.08","0.0","3.0","0.0","0.0","0.0","0.0","$1","$1"
"","396","Dare Ogunbowale","15.0","15.0","RB","UNS","18","110.05","0.0","6.0","0.0","0.0","0.0","0.0","$1","$1"
"","397","Mike Boone","15.0","15.0","RB","UNS","18","65.03","0.0","0.0","0.0","0.0","0.0","0.0","$1","$1"
"","398","Gus Edwards","15.0","15.0","RB","UNS","18","95.07","0.0","0.0","0.0","0.0","0.0","0.0","$1","$1"
"","399","Jeffery 'Jeff' Wilson Jr.","15.0","15.0","RB","MIA","6","53.05","0.0","0.0","0.0","0.0","0.0","0.0","$1","$1"
"","400","Royce Freeman","15.0","15.0","RB","UNS","18","128.07","0.0","0.0","0.0","0.0","0.0","0.0","$1","$1"
"","401","John Kelly","15.0","15.0","RB","CLE","11","82.03","0.0","0.0","0.0","0.0","0.0","0.0","$1","$1"
"","402","Pierre Strong Jr.","15.0","15.0","RB","GB","11","71.04","0.0","9.0","0.0","0.0","0.0","0.0","$1","$1"
"","403","Tyrion Davis-Price","15.0","15.0","RB","UNS","18","75.02","0.0","0.0","0.0","0.0","0.0","0.0","$1","$1"
"","404","Hassan Haskins","15.0","15.0","RB","UNS","18","52.03","0.0","1.0","0.0","0.0","0.0","0.0","$1","$1"
"","405","Kevin Harris","15.0","15.0","RB","NE","11","128.07","0.0","0.0","0.0","0.0","0.0","0.0","$1","$1"
"","406","Keaontay Ingram","15.0","15.0","RB","KC","5","68.04","0.0","0.0","0.0","0.0","0.0","0.0","$1","$1"
"","407","Zonovan 'Bam' Knight","15.0","15.0","RB","ARI","14","46.02","0.0","0.0","0.0","0.0","0.0","0.0","$1","$1"
"","408","Ronnie Rivers","15.0","15.0","RB","LAR","11","52.06","0.0","12.0","0.0","0.0","0.0","0.0","$1","$1"
"","409","Raheem Blackshear","15.0","15.0","RB","NYJ","13","51.05","0.0","0.0","0.0","0.0","0.0","0.0","$1","$1"
"","410","Eric Gray","15.0","15.0","RB","NYG","8","44.02","0.0","0.0","0.0","0.0","0.0","0.0","$1","$1"
"","411","Deuce Vaughn","15.0","15.0","RB","UNS","18","81.01","0.0","0.0","0.0","0.0","0.0","0.0","$1","$1"
"","412","Evan Hull","15.0","15.0","RB","UNS","18","96.02","0.0","0.0","0.0","0.0","0.0","0.0","$1","$1"
"","413","Israel Abanikanda","15.0","15.0","RB","GB","11","80.05","0.0","23.0","0.0","0.0","0.0","0.0","$1","$1"
"","414","Zach Evans","15.0","15.0","RB","UNS","18","62.07","0.0","0.0","0.0","0.0","0.0","0.0","$1","$1"
"","415","DeWayne McBride","15.0","15.0","RB","UNS","18","58.07","0.0","0.0","0.0","0.0","0.0","0.0","$1","$1"
"","416","Khalil Herbert","15.0","15.0","RB","NYJ","13","79.03","0.0","2.0","0.0","0.0","0.0","0.0","$1","$1"
"","417","Elijah Mitchell","15.0","15.0","RB","NE","11","91.06","0.0","13.0","0.0","0.0","0.0","0.0","$1","$1"
"","418","Gary Brightwell","15.0","15.0","RB","CIN","6","55.08","0.0","0.0","0.0","0.0","0.0","0.0","$1","$1"
"","419","Craig Reynolds","15.0","15.0","RB","DET","6","53.08","0.0","3.0","0.0","0.0","0.0","0.0","$1","$1"
"","420","Isaiah Spiller","15.0","15.0","RB","UNS","18","128.07","0.0","0.0","0.0","0.0","0.0","0.0","$1","$1"
"","421","Zamir White","15.0","15.0","RB","UNS","18","82.06","0.0","5.0","0.0","0.0","0.0","0.0","$1","$1"
"","422","Dameon Pierce","15.0","15.0","RB","PHI","10","70.05","0.0","12.0","0.0","0.0","0.0","0.0","$1","$1"
"","423","Tony Jones Jr.","15.0","15.0","RB","ARI","14","87.04","0.0","0.0","0.0","0.0","0.0","0.0","$1","$1"
"","424","Patrick Taylor","15.0","15.0","RB","SF","8","59.02","0.0","0.0","0.0","0.0","0.0","0.0","$1","$1"
"","425","Deon Jackson","15.0","15.0","RB","UNS","18","128.07","0.0","0.0","0.0","0.0","0.0","0.0","$1","$1"
"","426","Jonathan Ward","15.0","15.0","RB","PIT","9","58.06","0.0","0.0","0.0","0.0","0.0","0.0","$1","$1"
"","427","Jake Funk","15.0","15.0","RB","IND","13","128.07","0.0","0.0","0.0","0.0","0.0","0.0","$1","$1"
"","428","JaMycal Hasty","15.0","15.0","RB","UNS","18","61.02","0.0","0.0","0.0","0.0","0.0","0.0","$1","$1"
"","429","Salvon Ahmed","15.0","15.0","RB","UNS","18","53.04","0.0","23.0","0.0","0.0","0.0","0.0","$1","$1"
"","430","Trey Sermon","15.0","15.0","RB","PIT","9","54.02","0.0","0.0","0.0","0.0","0.0","0.0","$1","$1"
"","431","Donovan Edwards","15.0","15.0","RB","WAS","7","67.07","0.0","10.0","0.0","0.0","0.0","0.0","$1","$1"
"","432","Ja'Quinden Jackson","15.0","15.0","RB","JAC","7","128.07","0.0","0.0","0.0","0.0","0.0","0.0","$1","$1"
"","433","Corey Kiner","15.0","15.0","RB","ARI","14","82.08","0.0","0.0","0.0","0.0","0.0","0.0","$1","$1"
"","434","Montrell Johnson Jr.","15.0","15.0","RB","UNS","18","128.07","0.0","0.0","0.0","0.0","0.0","0.0","$1","$1"
"","435","Ulysses Bentley IV","15.0","15.0","RB","IND","13","104.01","0.0","0.0","0.0","0.0","0.0","0.0","$1","$1"
"","436","Lan Larison","15.0","15.0","RB","NE","11","91.05","0.0","0.0","0.0","0.0","0.0","0.0","$1","$1"
"","437","Ian Wheeler","15.0","15.0","RB","CHI","10","128.07","0.0","0.0","0.0","0.0","0.0","0.0","$1","$1"
"","438","C.J. Ham","15.0","15.0","RB","MIN","6","74.02","0.0","0.0","0.0","0.0","0.0","0.0","$1","$1"
"","439","Patrick Ricard","15.0","15.0","RB","NYG","8","34.08","0.0","5.0","0.0","0.0","0.0","0.0","$1","$1"
"","440","ShunDerrick Powell","15.0","15.0","RB","UNS","18","128.07","0.0","0.0","0.0","0.0","0.0","0.0","$1","$1"
"","441","Nathan Carter","15.0","15.0","RB","ATL","11","87.07","0.0","0.0","0.0","0.0","0.0","0.0","$1","$1"
"","442","Zavier Scott","15.0","15.0","RB","MIN","6","30.05","0.0","0.0","0.0","0.0","0.0","0.0","$1","$1"
"","443","Aidan Robbins","15.0","15.0","RB","UNS","18","128.07","0.0","0.0","0.0","0.0","0.0","0.0","$1","$1"
"","444","Scottie Phillips","15.0","15.0","RB","UNS","18","128.07","0.0","0.0","0.0","0.0","0.0","0.0","$1","$1"
"","445","Jabari Small","15.0","15.0","RB","TEN","9","128.07","0.0","0.0","0.0","0.0","0.0","0.0","$1","$1"
"","446","Chris Collier","15.0","15.0","RB","LVR","13","30.02","0.0","0.0","0.0","0.0","0.0","0.0","$1","$1"
"","447","Dante Miller","15.0","15.0","RB","NYG","8","107.03","0.0","0.0","0.0","0.0","0.0","0.0","$1","$1"
"","448","British Brooks","15.0","15.0","RB","HOU","8","60.07","0.0","0.0","0.0","0.0","0.0","0.0","$1","$1"
"","449","Reggie Gilliam","15.0","15.0","RB","NE","11","77.03","0.0","5.0","0.0","0.0","0.0","0.0","$1","$1"
"","450","Alec Ingold","15.0","15.0","","LAC","7","111.02","0.0","10.0","0.0","0.0","0.0","0.0","$1","$1"
"","451","Sione Vaki","15.0","15.0","RB","DET","6","107.04","0.0","3.0","0.0","0.0","0.0","0.0","$1","$1"
"","452","Emani Bailey","15.0","15.0","RB","CAR","5","128.07","0.0","0.0","0.0","0.0","0.0","0.0","$1","$1"
"","453","Carson Steele","15.0","15.0","RB","UNS","18","68.06","0.0","0.0","0.0","0.0","0.0","0.0","$1","$1"
"","454","J.J. Taylor","15.0","15.0","RB","UNS","18","102.03","0.0","0.0","0.0","0.0","0.0","0.0","$1","$1"
"","455","Aaron Shampklin","15.0","15.0","RB","PIT","9","57.08","0.0","0.0","0.0","0.0","0.0","0.0","$1","$1"
"","456","Hunter Luepke","15.0","15.0","RB","DAL","14","114.02","0.0","0.0","0.0","0.0","0.0","0.0","$1","$1"
"","457","Tyreik McAllister","15.0","15.0","WR","LVR","13","67.08","0.0","0.0","0.0","0.0","0.0","0.0","$1","$1"
"","458","Sincere McCormick","15.0","15.0","RB","SF","8","47.07","0.0","0.0","0.0","0.0","0.0","0.0","$1","$1"
"","459","Terrell Jennings","15.0","15.0","RB","NE","11","68.02","0.0","0.0","0.0","0.0","0.0","0.0","$1","$1"
"","460","Jordan Mims","15.0","15.0","RB","UNS","18","66.08","0.0","0.0","0.0","0.0","0.0","0.0","$1","$1"
"","461","Damien Martinez","15.0","15.0","RB","GB","11","89.03","0.0","4.0","0.0","0.0","0.0","0.0","$1","$1"
"","462","Brittain Brown","15.0","15.0","RB","CHI","10","115.02","0.0","20.0","0.0","0.0","0.0","0.0","$1","$1"
"","463","Marcus Yarns","15.0","15.0","RB","UNS","18","128.07","0.0","0.0","0.0","0.0","0.0","0.0","$1","$1"
"","464","Daijun Edwards","15.0","15.0","RB","UNS","18","128.07","0.0","0.0","0.0","0.0","0.0","0.0","$1","$1"
"","465","Dillon Johnson","15.0","15.0","RB","UNS","18","128.07","0.0","0.0","0.0","0.0","0.0","0.0","$1","$1"
"","466","Lew Nichols","15.0","15.0","RB","UNS","18","56.05","0.0","0.0","0.0","0.0","0.0","0.0","$1","$1"
"","467","Avery Williams","15.0","15.0","RB","UNS","18","108.06","0.0","0.0","0.0","0.0","0.0","0.0","$1","$1"
"","468","Julius Chestnut","15.0","15.0","RB","TEN","9","106.03","0.0","3.0","0.0","0.0","0.0","0.0","$1","$1"
"","469","Louis Rees-Zammit","15.0","15.0","RB","UNS","18","72.06","0.0","0.0","0.0","0.0","0.0","0.0","$1","$1"
"","470","Blake Watson","15.0","15.0","RB","UNS","18","79.05","0.0","0.0","0.0","0.0","0.0","0.0","$1","$1"
"","471","Kendall Milton","15.0","15.0","RB","CIN","6","106.05","0.0","0.0","0.0","0.0","0.0","0.0","$1","$1"
"","472","Keilan Robinson","15.0","15.0","RB","UNS","18","90.02","0.0","0.0","0.0","0.0","0.0","0.0","$1","$1"
"","473","Cody Schrader","15.0","15.0","RB","LAR","11","77.07","0.0","0.0","0.0","0.0","0.0","0.0","$1","$1"
"","474","Frank Gore Jr.","15.0","15.0","RB","BUF","7","46.04","0.0","23.0","0.0","0.0","0.0","0.0","$1","$1"
"","475","Jase McClellan","15.0","15.0","RB","UNS","18","50.07","0.0","0.0","0.0","0.0","0.0","0.0","$1","$1"
"","476","Elijah Dotson","15.0","15.0","RB","UNS","18","108.01","0.0","0.0","0.0","0.0","0.0","0.0","$1","$1"
"","477","Xazavian Valladay","15.0","15.0","RB","PIT","9","102.05","0.0","0.0","0.0","0.0","0.0","0.0","$1","$1"
"","478","Deneric Prince","15.0","15.0","RB","UNS","18","89.08","0.0","0.0","0.0","0.0","0.0","0.0","$1","$1"
"","479","Marvin Mims Jr.","15.0","13.0","WR","DEN","10","41.06","69.8","57.0","83.1","139.6","96.1","0.0","$2","$1"
"","480","Ted Hurst","15.0","13.0","WR","TB","10","119.08","55.6","62.0","65.4","183.1","95.7","0.0","$1","$1"
"","481","Jonnu Smith","15.0","9.0","TE","UNS","18","74.04","51.3","49.0","73.3","146.6","89.3","0.0","$6","$1"
"","482","Malik Washington","15.0","13.0","WR","MIA","6","125.01","75.9","87.0","80.7","133.2","94.2","0.0","$1","$1"
"","483","Elijah Arroyo","15.0","9.0","TE","SEA","11","93.02","58.7","48.0","63.8","159.5","89.0","0.0","$1","$1"
"","484","Ashton Dulin","15.0","14.0","WR","IND","13","59.06","51.0","30.0","63.7","178.4","92.7","0.0","$1","$1"
"","485","DeAndre Hopkins","15.0","14.0","WR","UNS","18","34.05","58.6","8.0","73.2","153.7","92.5","0.0","$1","$1"
"","486","Tory Horton","15.0","14.0","WR","SEA","11","122.06","59.8","76.0","69.5","159.9","92.4","0.0","$1","$1"
"","487","Tutu Atwell","15.0","14.0","WR","MIA","6","32.07","56.7","46.0","63.0","173.3","91.9","0.0","$1","$1"
"","488","Isaiah Bond","15.0","14.0","WR","CLE","11","70.04","53.6","27.0","59.6","181.8","91.8","0.0","$1","$1"
"","489","Curtis Samuel","15.0","14.0","WR","UNS","18","72.07","57.4","10.0","71.7","154.2","91.6","0.0","$1","$1"
"","490","Dyami Brown","15.0","14.0","WR","WAS","7","119.01","52.5","37.0","61.0","176.9","91.1","0.0","$1","$1"
"","491","Malachi Fields","15.0","14.0","WR","NYG","8","42.05","48.1","49.0","56.6","184.0","89.8","0.0","$1","$1"
"","492","Kyle Williams","15.0","14.0","WR","NE","11","42.06","57.1","29.0","62.8","163.3","89.2","0.0","$1","$1"
"","493","Erick All","15.0","10.0","TE","CIN","6","46.08","53.7","36.0","63.9","147.0","84.7","0.0","$1","$1"
"","494","Xavier Legette","15.0","14.0","WR","CAR","5","117.02","54.3","51.0","57.2","171.6","87.9","0.0","$2","$1"
"","495","Olamide Zaccheaus","15.0","14.0","WR","ATL","11","55.04","58.1","64.0","67.6","146.0","87.3","0.0","$1","$1"
"","496","Calvin Austin III","15.0","14.0","WR","NYG","8","46.05","62.6","40.0","65.9","145.0","86.9","0.0","$1","$1"
"","497","Bryce Lance","15.0","14.0","WR","NO","8","36.03","48.2","25.0","53.5","179.2","86.8","0.0","$1","$1"
"","498","Jalen Tolbert","15.0","14.0","WR","MIA","6","122.04","51.6","68.0","57.3","166.2","86.0","0.0","$1","$1"
"","499","Cole Kmet","15.0","10.0","TE","CHI","10","27.04","57.5","61.0","60.5","142.2","82.2","0.0","$1","$1"
"","500","Dawson Knox","15.0","10.0","TE","BUF","7","29.02","57.9","63.0","60.9","140.1","82.0","0.0","$1","$1"
"","501","Treylon Burks","15.0","14.0","WR","WAS","7","54.08","50.6","38.0","55.0","170.5","85.7","0.0","$1","$1"
"","502","Brenen Thompson","15.0","14.0","WR","LAC","7","67.02","48.6","24.0","54.0","172.8","85.4","0.0","$1","$1"
"","503","Jalen Royals","15.0","14.0","WR","KC","5","37.02","44.3","40.0","49.2","182.0","84.5","0.0","$1","$1"
"","504","Sterling Shepard","15.0","14.0","WR","UNS","18","114.04","52.3","5.0","61.5","147.6","83.3","0.0","$1","$1"
"","505","Mason Taylor","15.0","10.0","TE","NYJ","13","38.02","55.5","73.0","57.8","137.0","79.0","0.0","$1","$1"
"","506","Tyler Lockett","15.0","15.0","WR","UNS","18","61.04","47.3","17.0","59.1","150.7","81.9","0.0","$1","$1"
"","507","Ja'Tavion Sanders","15.0","10.0","TE","CAR","5","52.07","53.6","49.0","57.0","136.8","78.2","0.0","$4","$1"
"","508","Noah Brown","15.0","15.0","WR","UNS","18","91.07","53.0","14.0","62.3","137.1","81.0","0.0","$1","$1"
"","509","Nick Westbrook-Ikhine","15.0","15.0","WR","IND","13","122.03","46.3","48.0","52.6","157.8","80.2","0.0","$1","$1"
"","510","Kalif Raymond","15.0","15.0","WR","CHI","10","37.04","58.0","46.0","63.0","129.2","80.2","0.0","$1","$1"
"","511","Mack Hollins","15.0","15.0","WR","NE","11","44.03","50.3","43.0","55.9","148.1","80.0","0.0","$1","$1"
"","512","Elic Ayomanor","15.0","15.0","WR","TEN","9","107.08","47.8","56.0","50.3","161.0","80.0","0.0","$1","$1"
"","513","Taysom Hill","15.0","10.0","TE","UNS","18","75.05","40.8","12.0","51.0","147.9","75.6","0.0","$1","$1"
"","514","Jimmy Horn Jr.","15.0","15.0","WR","CAR","5","55.01","46.2","17.0","48.6","155.5","77.3","0.0","$1","$1"
"","515","Luke McCaffrey","15.0","15.0","WR","WAS","7","42.08","54.5","28.0","57.4","128.0","76.1","0.0","$1","$1"
"","516","Jaylin Lane","15.0","15.0","WR","WAS","7","61.01","51.2","47.0","56.9","130.9","76.1","0.0","$1","$1"
"","517","Zavion Thomas","15.0","15.0","WR","CHI","10","30.06","48.0","42.0","56.5","132.8","75.8","0.0","$1","$1"
"","518","Max Klare","15.0","11.0","TE","LAR","11","45.01","44.6","34.0","50.7","139.4","73.8","0.0","$1","$1"
"","519","Noah Gray","15.0","11.0","TE","KC","5","36.05","55.4","48.0","55.4","121.9","73.5","0.0","$1","$1"
"","520","Noah Fant","15.0","11.0","TE","NO","8","32.03","47.6","48.0","51.7","134.4","73.5","0.0","$1","$1"
"","521","Theo Johnson","15.0","11.0","TE","NYG","8","119.03","49.3","59.0","52.4","131.0","73.3","0.0","$4","$1"
"","522","Skyler Bell","15.0","15.0","WR","BUF","7","29.04","38.5","47.0","41.8","163.0","74.3","0.0","$1","$1"
"","523","Tez Johnson","15.0","15.0","WR","TB","10","101.06","39.6","36.0","41.2","160.7","73.5","0.0","$1","$1"
"","524","Xavier Hutchinson","15.0","15.0","WR","HOU","8","113.07","39.4","45.0","40.2","160.8","73.0","0.0","$1","$1"
"","525","Savion Williams","15.0","15.0","WR","GB","11","120.05","47.8","44.0","53.1","127.4","72.4","0.0","$1","$1"
"","526","Hunter Renfrow","15.0","15.0","WR","UNS","18","86.08","39.8","5.0","49.7","139.2","72.3","0.0","$1","$1"
"","527","Chimere Dike","15.0","15.0","WR","TEN","9","127.04","46.8","66.0","50.9","130.8","72.0","0.0","$1","$1"
"","528","Tyler Higbee","15.0","11.0","TE","LAR","11","32.08","43.5","54.0","48.3","132.8","70.5","0.0","$1","$1"
"","529","Cedric Tillman","15.0","15.0","WR","CLE","11","110.03","35.2","29.0","38.3","160.9","71.2","0.0","$2","$1"
"","530","Mitchell Evans","15.0","11.0","TE","CAR","5","43.08","44.3","34.0","47.1","131.9","69.7","0.0","$1","$1"
"","531","Roman Wilson","15.0","15.0","WR","PIT","9","44.05","39.9","23.0","44.3","141.8","70.1","0.0","$1","$1"
"","532","Oscar Delp","15.0","11.0","TE","NO","8","92.04","38.0","18.0","44.7","138.6","69.1","0.0","$1","$1"
"","533","Jordan Whittington","15.0","15.0","WR","LAR","11","30.04","48.3","24.0","50.8","121.9","69.7","0.0","$1","$1"
"","534","Ben Sinnott","15.0","11.0","TE","WAS","7","61.06","36.7","29.0","40.8","142.8","67.9","0.0","$1","$1"
"","535","Justin Joly","15.0","11.0","TE","DEN","10","114.07","35.1","32.0","41.3","142.5","67.8","0.0","$1","$1"
"","536","Austin Hooper","15.0","11.0","TE","ATL","11","35.02","46.2","47.0","50.2","115.5","67.3","0.0","$1","$1"
"","537","Demarcus Robinson","15.0","15.0","WR","SF","8","68.03","38.4","36.0","45.2","131.1","67.4","0.0","$1","$1"
"","538","Reggie Virgil","15.0","15.0","WR","ARI","14","49.08","32.5","9.0","37.8","143.6","65.7","0.0","$1","$1"
"","539","DJ Rogers","15.0","11.0","TE","DAL","14","128.07","38.1","0.0","44.8","125.4","65.6","0.0","$1","$1"
"","540","Demario Douglas","15.0","15.0","WR","NE","11","33.01","41.8","46.0","44.0","123.2","65.2","0.0","$1","$1"
"","541","Dont'e Thornton Jr.","15.0","15.0","WR","LVR","13","42.04","32.5","27.0","36.1","144.4","65.0","0.0","$1","$1"
"","542","Van Jefferson","15.0","15.0","WR","WAS","7","54.05","37.3","43.0","41.4","128.3","64.4","0.0","$1","$1"
"","543","Colbie Young","15.0","15.0","WR","CIN","6","50.06","30.4","13.0","35.8","143.2","64.1","0.0","$1","$1"
"","544","Cyrus Allen","15.0","15.0","WR","KC","5","36.04","28.1","22.0","33.1","149.0","63.8","0.0","$1","$1"
"","545","Nate Boerkircher","15.0","11.0","TE","JAC","7","48.02","34.9","28.0","41.0","129.2","64.0","0.0","$1","$1"
"","546","Tommy Tremble","15.0","12.0","TE","CAR","5","35.05","36.1","42.0","40.1","129.1","63.7","0.0","$1","$1"
"","547","Cade Stover","15.0","12.0","TE","HOU","8","49.01","37.2","22.0","41.3","123.9","63.1","0.0","$1","$1"
"","548","Eli Raridon","15.0","12.0","TE","NE","11","34.01","35.3","26.0","41.5","124.5","63.0","0.0","$1","$1"
"","549","Jordan Watkins","15.0","15.0","WR","SF","8","52.01","27.5","8.0","30.5","146.4","61.6","0.0","$1","$1"
"","550","Will Dissly","15.0","12.0","TE","UNS","18","88.01","37.8","18.0","40.6","121.8","62.2","0.0","$1","$1"
"","551","Luke Musgrave","15.0","12.0","TE","GB","11","47.08","33.3","44.0","35.1","135.1","62.1","0.0","$1","$1"
"","552","Eric McAlister","15.0","15.0","WR","RK","18","128.07","26.6","19.0","29.5","147.5","61.2","0.0","$1","$1"
"","553","Elijah Higgins","15.0","12.0","TE","ARI","14","39.02","39.7","35.0","41.8","117.0","61.9","0.0","$1","$1"
"","554","Marquez Valdes-Scantling","15.0","15.0","WR","DAL","14","56.02","28.3","18.0","37.7","128.2","60.7","0.0","$1","$1"
"","555","JuJu Smith-Schuster","15.0","15.0","WR","NYG","8","39.05","26.7","15.0","35.6","129.9","59.7","0.0","$1","$1"
"","556","Devontez Walker","15.0","15.0","WR","BAL","13","39.01","28.2","31.0","32.1","134.8","59.4","0.0","$1","$1"
"","557","Charlie Kolar","15.0","12.0","TE","LAC","7","68.05","41.2","38.0","48.5","97.0","60.4","0.0","$1","$1"
"","558","Kevin Coleman Jr.","15.0","15.0","WR","MIA","6","64.06","28.7","40.0","31.9","134.0","59.2","0.0","$1","$1"
"","559","Daniel Bellinger","15.0","12.0","TE","TEN","9","79.07","36.8","37.0","40.0","116.0","60.2","0.0","$1","$1"
"","560","John Metchie","15.0","15.0","WR","CAR","5","55.03","35.2","67.0","36.3","119.8","58.9","0.0","$1","$1"
"","561","Tai Felton","15.0","15.0","WR","MIN","6","47.03","36.3","19.0","38.2","114.6","58.7","0.0","$1","$1"
"","562","KeAndre Lambert-Smith","15.0","15.0","WR","LAC","7","62.05","29.2","30.0","32.4","129.6","58.3","0.0","$1","$1"
"","563","Odell Beckham Jr.","15.0","15.0","WR","NYG","8","26.01","25.0","16.0","31.2","134.2","58.2","0.0","$1","$1"
"","564","Arian Smith","15.0","15.0","WR","NYJ","13","51.02","25.0","8.0","27.8","139.0","57.6","0.0","$1","$1"
"","565","Jackson Hawes","15.0","12.0","TE","BUF","7","41.03","25.6","31.0","28.4","142.0","58.9","0.0","$1","$1"
"","566","Greg Dortch","15.0","15.0","WR","DET","6","48.06","39.4","23.0","42.4","99.6","57.5","0.0","$1","$1"
"","567","Mitchell Tinsley","15.0","15.0","WR","CIN","6","40.08","24.8","31.0","27.6","138.0","57.2","0.0","$1","$1"
"","568","Jake Tonges","15.0","12.0","TE","SF","8","124.02","36.7","51.0","41.7","106.3","58.4","0.0","$1","$1"
"","569","Tanner Koziol","15.0","12.0","TE","JAC","7","71.08","27.2","19.0","32.0","131.2","58.2","0.0","$1","$1"
"","570","Jonathan Mingo","15.0","15.0","WR","DAL","14","75.03","27.9","11.0","32.1","122.0","55.9","0.0","$1","$1"
"","571","Konata Mumpfield","15.0","15.0","WR","LAR","11","41.05","25.2","35.0","26.5","132.5","55.2","0.0","$1","$1"
"","572","Malik Benson","15.0","15.0","WR","LVR","13","66.05","25.8","11.0","30.4","121.6","54.4","0.0","$1","$1"
"","573","Theo Wease Jr.","15.0","15.0","WR","MIA","6","101.08","22.0","73.0","25.9","129.5","53.5","0.0","$1","$1"
"","574","Sam Roush","15.0","12.0","TE","CHI","10","40.02","31.5","16.0","35.4","111.5","55.5","0.0","$1","$1"
"","575","Ja'Lynn Polk","15.0","15.0","WR","NO","8","60.08","23.9","5.0","29.9","119.6","53.3","0.0","$1","$1"
"","576","Jalin Hyatt","15.0","15.0","WR","NYG","8","73.08","21.3","5.0","23.7","130.4","52.4","0.0","$1","$1"
"","577","Tanner Hudson","15.0","12.0","TE","CIN","6","49.05","30.8","29.0","34.2","109.4","54.1","0.0","$1","$1"
"","578","K.J. Osborn","15.0","15.0","WR","TEN","9","76.05","27.6","0.0","33.6","94.1","49.0","0.0","$1","$1"
"","579","CJ Daniels","15.0","15.0","WR","LAR","11","30.07","22.3","32.0","25.3","113.9","48.9","0.0","$1","$1"
"","580","Josh Oliver","15.0","13.0","TE","MIN","6","86.03","30.2","44.0","31.8","104.9","51.5","0.0","$1","$1"
"","581","Brevyn Spann-Ford","15.0","13.0","TE","DAL","14","38.08","26.8","15.0","28.2","112.8","51.0","0.0","$1","$1"
"","582","Matthew Hibner","15.0","13.0","TE","BAL","13","57.01","23.7","17.0","27.9","111.6","50.0","0.0","$1","$1"
"","583","Malachi Corley","15.0","15.0","WR","CLE","11","61.05","19.6","13.0","21.8","113.4","46.4","0.0","$1","$1"
"","584","Will Kacmarek","15.0","13.0","TE","MIA","6","45.08","26.5","39.0","27.9","108.8","49.7","0.0","$1","$1"
"","585","Tyler Conklin","15.0","13.0","TE","DET","6","84.06","30.2","10.0","31.8","98.6","49.7","0.0","$1","$1"
"","586","Jeff Caldwell","15.0","15.0","WR","KC","5","128.07","18.1","0.0","21.3","114.8","46.2","0.0","$1","$1"
"","587","Adam Trautman","15.0","13.0","TE","DEN","10","33.06","28.9","34.0","36.1","90.3","49.6","0.0","$1","$1"
"","588","Davis Allen","15.0","13.0","TE","LAR","11","61.03","25.7","27.0","28.6","107.3","49.5","0.0","$1","$1"
"","589","Xavier Restrepo","15.0","15.0","WR","TEN","9","64.05","18.6","9.0","20.7","113.9","45.7","0.0","$1","$1"
"","590","Drew Sample","15.0","13.0","TE","CIN","6","37.08","25.8","30.0","27.2","108.8","49.2","0.0","$1","$1"
"","591","Josh Cameron","15.0","15.0","WR","JAC","7","76.02","20.8","21.0","23.6","106.2","45.6","0.0","$1","$1"
"","592","Deion Burks","15.0","15.0","WR","IND","13","65.01","18.6","40.0","22.7","107.8","45.2","0.0","$1","$1"
"","593","Marlin Klein","15.0","13.0","TE","HOU","8","84.03","28.2","35.0","32.0","96.0","48.8","0.0","$1","$1"
"","594","Luke Schoonmaker","15.0","13.0","TE","DAL","14","34.07","25.6","24.0","26.9","107.6","48.7","0.0","$1","$1"
"","595","Dominic Lovett","15.0","15.0","WR","DET","6","98.04","18.0","0.0","21.2","108.1","44.3","0.0","$1","$1"
"","596","David Sills V","15.0","15.0","WR","TB","10","94.03","20.1","13.0","21.2","106.0","44.1","0.0","$1","$1"
"","597","Joe Royer","15.0","13.0","TE","CLE","11","42.03","22.4","19.0","26.3","105.2","47.1","0.0","$1","$1"
"","598","Brock Wright","15.0","13.0","TE","DET","6","36.01","29.1","44.0","30.6","91.8","47.0","0.0","$1","$1"
"","599","Derius Davis","15.0","15.0","WR","LAC","7","71.03","28.4","10.0","29.9","77.7","42.7","0.0","$1","$1"
"","600","Tim Patrick","15.0","15.0","WR","NYJ","13","103.01","24.9","17.0","28.0","84.0","42.7","0.0","$1","$1"
"","601","Bub Means","15.0","15.0","WR","NO","8","90.07","19.8","37.0","20.8","99.8","42.2","0.0","$1","$1"
"","602","Casey Washington","15.0","15.0","WR","ATL","11","103.02","18.0","20.0","20.0","98.0","40.9","0.0","$1","$1"
"","603","Mecole Hardman","15.0","15.0","WR","BUF","7","95.04","15.8","5.0","19.8","99.0","40.7","0.0","$1","$1"
"","604","Isaiah Williams","15.0","15.0","WR","NYJ","13","73.04","24.1","19.0","25.4","81.3","40.4","0.0","$1","$1"
"","605","Emmanuel Henderson Jr.","15.0","15.0","WR","SEA","11","82.07","16.2","6.0","19.0","95.0","39.2","0.0","$1","$1"
"","606","Jacob Cowing","15.0","15.0","WR","SF","8","73.07","24.5","5.0","25.8","74.8","38.9","0.0","$1","$1"
"","607","Josh Cuevas","15.0","13.0","TE","BAL","13","85.03","18.8","14.0","21.4","104.9","43.7","0.0","$1","$1"
"","608","Quez Watkins","15.0","15.0","WR","PHI","10","51.03","15.8","0.0","18.6","93.0","38.4","0.0","$1","$1"
"","609","Riley Nowakowski","15.0","13.0","TE","PIT","9","51.01","19.6","19.0","22.3","100.4","43.1","0.0","$1","$1"
"","610","Luke Farrell","15.0","13.0","TE","SF","8","40.04","18.6","13.0","20.7","103.5","42.9","0.0","$1","$1"
"","611","Barion Brown","15.0","15.0","WR","NO","8","57.06","21.5","21.0","23.9","74.1","37.2","0.0","$1","$1"
"","612","Devin Culp","15.0","13.0","TE","TB","10","103.05","19.4","11.0","21.6","97.2","41.8","0.0","$1","$1"
"","613","Johnny Wilson","15.0","15.0","WR","PHI","10","94.05","16.4","5.0","20.5","82.0","36.5","0.0","$1","$1"
"","614","Tahj Washington","15.0","15.0","WR","MIA","6","41.01","14.8","0.0","16.4","90.2","36.2","0.0","$1","$1"
"","615","Harrison Wallace III","15.0","15.0","WR","ARI","14","128.07","14.8","0.0","16.4","90.2","36.2","0.0","$1","$1"
"","616","Kevin Austin Jr.","15.0","15.0","WR","NO","8","73.02","18.2","19.0","20.2","78.8","35.8","0.0","$1","$1"
"","617","Darius Cooper","15.0","15.0","WR","PHI","10","76.04","18.3","12.0","19.3","77.2","34.9","0.0","$1","$1"
"","618","Eric Rivers","15.0","15.0","WR","TB","10","128.07","14.8","14.0","16.4","85.3","34.9","0.0","$1","$1"
"","619","Jordan Hudson","15.0","15.0","WR","DAL","14","128.07","15.2","0.0","16.9","82.8","34.6","0.0","$1","$1"
"","620","Anthony Smith","15.0","15.0","WR","DAL","14","109.04","14.5","5.0","17.1","80.4","33.9","0.0","$1","$1"
"","621","Will Mallory","15.0","14.0","TE","IND","13","94.07","17.2","17.0","19.1","93.6","39.1","0.0","$1","$1"
"","622","Charlie Jones","15.0","15.0","WR","CIN","6","51.07","15.7","5.0","18.5","73.6","33.0","0.0","$1","$1"
"","623","Tip Reiman","15.0","14.0","TE","ARI","14","74.01","16.7","15.0","18.5","92.5","38.4","0.0","$1","$1"
"","624","Kaden Wetjen","15.0","15.0","WR","PIT","9","91.01","21.6","7.0","25.4","53.6","32.4","0.0","$1","$1"
"","625","Mason Tipton","15.0","15.0","WR","NO","8","57.07","17.1","15.0","19.0","68.4","32.1","0.0","$1","$1"
"","626","Lewis Bond","15.0","15.0","WR","HOU","8","80.06","14.3","5.0","15.9","76.3","32.1","0.0","$1","$1"
"","627","Jared Wiley","15.0","14.0","TE","KC","5","101.03","18.6","15.0","19.6","88.2","38.1","0.0","$1","$1"
"","628","Thomas Fidone II","15.0","14.0","TE","NYG","8","98.05","13.1","26.0","14.5","101.5","38.0","0.0","$1","$1"
"","629","John Bates","15.0","14.0","TE","WAS","7","43.04","18.2","30.0","20.2","86.9","38.0","0.0","$1","$1"
"","630","J. Michael Sturdivant","15.0","15.0","WR","GB","11","128.07","14.2","0.0","15.8","74.3","31.5","0.0","$1","$1"
"","631","CJ Williams","15.0","15.0","WR","JAC","7","85.04","13.9","0.0","16.3","73.4","31.4","0.0","$1","$1"
"","632","Joshua Karty","15.0","7.0","K","ARI","14","63.01","63.4","0.0","64.0","89.6","70.9","0.0","$1","$1"
"","633","Jake Briningstool","15.0","14.0","TE","KC","5","128.07","12.7","5.0","14.1","98.7","36.9","0.0","$1","$1"
"","634","Jack Endries","15.0","14.0","TE","CIN","6","54.03","19.0","22.0","22.3","78.1","36.9","0.0","$1","$1"
"","635","Efton Chism","15.0","15.0","WR","NE","11","39.04","15.6","17.0","16.4","67.2","30.1","0.0","$1","$1"
"","636","Spencer Shrader","15.0","7.0","K","IND","13","31.06","62.7","59.0","64.0","86.4","69.9","0.0","$1","$1"
"","637","Michael Trigg","15.0","14.0","TE","DAL","14","34.04","17.4","22.0","21.7","76.0","35.7","0.0","$1","$1"
"","638","Bauer Sharp","15.0","14.0","TE","TB","10","83.07","15.9","5.0","17.9","80.6","34.6","0.0","$1","$1"
"","639","Anthony Gould","15.0","15.0","WR","IND","13","85.07","14.0","10.0","15.6","60.8","27.6","0.0","$1","$1"
"","640","Aaron Anderson","15.0","15.0","WR","CLE","11","128.07","10.6","18.0","11.8","65.5","26.2","0.0","$1","$1"
"","641","Charlie Woerner","15.0","14.0","TE","ATL","11","58.01","16.4","18.0","18.2","72.8","32.8","0.0","$1","$1"
"","642","Seydou Traore","15.0","14.0","TE","MIA","6","69.05","13.3","17.0","15.7","78.5","32.4","0.0","$1","$1"
"","643","Vinny Anthony II","15.0","15.0","WR","ATL","11","128.07","10.7","0.0","11.9","60.1","24.8","0.0","$1","$1"
"","644","Payne Durham","15.0","14.0","TE","TB","10","38.01","16.0","13.0","16.5","72.6","31.7","0.0","$1","$1"
"","645","Dallen Bentley","15.0","14.0","TE","DEN","10","100.06","14.0","5.0","16.5","71.0","30.9","0.0","$1","$1"
"","646","Jeremy Ruckert","15.0","15.0","TE","NYJ","13","50.04","16.5","18.0","17.4","60.9","29.1","0.0","$1","$1"
"","647","RJ Maryland","15.0","15.0","TE","GB","11","128.07","12.8","0.0","15.0","67.5","28.9","0.0","$1","$1"
"","648","John Michael Gyllenborg","15.0","15.0","TE","KC","5","128.07","12.6","18.0","14.8","66.6","28.5","0.0","$1","$1"
"","649","Hunter Long","15.0","15.0","TE","JAC","7","98.03","12.0","17.0","13.3","69.2","28.3","0.0","$1","$1"
"","650","Johnny Mundt","15.0","15.0","TE","PHI","10","97.04","15.2","8.0","17.9","57.3","28.2","0.0","$1","$1"
"","651","Blake Grupe","15.0","7.0","K","IND","13","124.05","56.1","96.0","56.7","82.2","63.6","0.0","$1","$1"
"","652","Carsen Ryan","15.0","15.0","TE","CLE","11","67.01","11.1","5.0","13.9","62.6","26.7","0.0","$1","$1"
"","653","Grant Calcaterra","15.0","15.0","TE","PHI","10","37.07","16.8","18.0","19.1","47.8","26.5","0.0","$1","$1"
"","654","Jaren Kanak","15.0","15.0","TE","TEN","9","75.01","11.7","18.0","13.8","55.2","24.7","0.0","$1","$1"
"","655","Mo Alie-Cox","15.0","15.0","TE","IND","13","56.08","23.0","19.0","23.0","23.0","23.0","0.0","$1","$1"
"","656","Max Tomczak","15.0","15.0","WR","BUF","7","128.07","4.7","0.0","5.2","26.0","10.8","0.0","$1","$1"
"","657","Tyrell Shavers","15.0","15.0","WR","BUF","7","90.04","4.9","15.0","5.2","25.5","10.7","0.0","$1","$1"
"","658","Tyren Montgomery","15.0","15.0","WR","TEN","9","128.07","4.7","0.0","5.2","25.0","10.5","0.0","$1","$1"
"","659","Noah Thomas","15.0","15.0","WR","CIN","6","128.07","4.7","29.0","5.2","24.7","10.4","0.0","$1","$1"
"","660","Caullin Lacy","15.0","15.0","WR","NYJ","13","128.07","4.7","0.0","5.2","19.8","9.1","0.0","$1","$1"
"","661","Chris Hilton Jr.","15.0","15.0","WR","WAS","7","128.07","4.7","0.0","5.2","19.8","9.1","0.0","$1","$1"
"","662","Kendrick Law","15.0","15.0","WR","DET","6","81.05","4.6","5.0","5.2","18.5","8.7","0.0","$1","$1"
"","663","Andrew 'Drew' Ogletree","15.0","15.0","TE","IND","13","71.02","17.7","9.0","17.7","17.7","17.7","0.0","$1","$1"
"","664","Skyy Moore","15.0","15.0","WR","GB","11","47.06","0.0","6.0","5.2","7.3","5.9","0.0","$1","$1"
"","665","Dareke Young","15.0","15.0","WR","LVR","13","99.03","0.0","8.0","5.2","6.8","5.7","0.0","$1","$1"
"","666","Xavier Smith","15.0","15.0","WR","LAR","11","40.01","0.0","18.0","5.2","6.8","5.7","0.0","$1","$1"
"","667","Braxton Berrios","15.0","15.0","WR","NYG","8","37.05","0.0","5.0","5.2","6.4","5.6","0.0","$1","$1"
"","668","Britain Covey","15.0","15.0","WR","PHI","10","72.02","0.0","5.0","5.2","6.4","5.6","0.0","$1","$1"
"","669","Chase Roberts","15.0","15.0","WR","LVR","13","128.07","5.2","8.0","5.2","5.2","5.2","0.0","$1","$1"
"","670","Jalen Walthall","15.0","15.0","WR","HOU","8","128.07","5.2","0.0","5.2","5.2","5.2","0.0","$1","$1"
"","671","Donaven McCulley","15.0","15.0","WR","MIA","6","128.07","5.2","0.0","5.2","5.2","5.2","0.0","$1","$1"
"","672","Gage Larvadain","15.0","15.0","WR","CLE","11","103.03","5.2","6.0","5.2","5.2","5.2","0.0","$1","$1"
"","673","Nikko Remigio","15.0","15.0","WR","KC","5","71.05","1.3","7.0","5.2","7.3","5.1","0.0","$1","$1"
"","674","Myles Price","15.0","15.0","WR","MIN","6","76.08","1.6","5.0","5.2","6.8","5.0","0.0","$1","$1"
"","675","Kameron Johnson","15.0","15.0","WR","TB","10","46.06","0.5","9.0","5.2","7.3","4.9","0.0","$1","$1"
"","676","LaJohntay Wester","15.0","15.0","WR","BAL","13","55.05","0.5","6.0","5.2","7.3","4.9","0.0","$1","$1"
"","677","Devin Duvernay","15.0","15.0","WR","ARI","14","57.03","0.5","7.0","5.2","6.8","4.8","0.0","$1","$1"
"","678","Durham Smythe","15.0","15.0","TE","BAL","13","37.01","14.1","18.0","14.1","14.1","14.1","0.0","$1","$1"
"","679","Brandin Cooks","15.0","15.0","WR","BUF","7","112.08","0.0","15.0","0.0","0.0","0.0","0.0","$1","$1"
"","680","Robert Woods","15.0","15.0","WR","UNS","18","110.02","0.0","0.0","0.0","0.0","0.0","0.0","$1","$1"
"","681","Adam Thielen","15.0","15.0","WR","UNS","18","112.01","0.0","0.0","0.0","0.0","0.0","0.0","$1","$1"
"","682","Robbie Chosen","15.0","15.0","WR","UNS","18","113.06","0.0","0.0","0.0","0.0","0.0","0.0","$1","$1"
"","683","Zay Jones","15.0","15.0","WR","UNS","18","69.08","0.0","0.0","0.0","0.0","0.0","0.0","$1","$1"
"","684","Josh Reynolds","15.0","15.0","WR","UNS","18","93.03","0.0","3.0","0.0","0.0","0.0","0.0","$1","$1"
"","685","Alex Erickson","15.0","15.0","WR","LAC","7","111.03","0.0","0.0","0.0","0.0","0.0","0.0","$1","$1"
"","686","Tyler Boyd","15.0","15.0","WR","UNS","18","85.05","0.0","0.0","0.0","0.0","0.0","0.0","$1","$1"
"","687","Jamison Crowder","15.0","15.0","WR","WAS","7","113.02","0.0","0.0","0.0","0.0","0.0","0.0","$1","$1"
"","688","Nelson Agholor","15.0","15.0","WR","UNS","18","111.05","0.0","0.0","0.0","0.0","0.0","0.0","$1","$1"
"","689","Allen Robinson","15.0","15.0","WR","DET","6","113.04","0.0","0.0","0.0","0.0","0.0","0.0","$1","$1"
"","690","Diontae Johnson","15.0","15.0","WR","UNS","18","99.05","0.0","0.0","0.0","0.0","0.0","0.0","$1","$1"
"","691","Lil'Jordan Humphrey","15.0","15.0","WR","DEN","10","38.05","0.0","9.0","0.0","0.0","0.0","0.0","$1","$1"
"","692","Stanley Morgan","15.0","15.0","WR","CIN","6","128.07","0.0","0.0","0.0","0.0","0.0","0.0","$1","$1"
"","693","Scott 'Scotty' Miller","15.0","15.0","WR","UNS","18","59.04","0.0","0.0","0.0","0.0","0.0","0.0","$1","$1"
"","694","Justin Watson","15.0","15.0","WR","HOU","8","85.02","0.0","4.0","0.0","0.0","0.0","0.0","$1","$1"
"","695","Ray-Ray McCloud","15.0","15.0","WR","NYG","8","101.04","0.0","0.0","0.0","0.0","0.0","0.0","$1","$1"
"","696","Zach Pascal","15.0","15.0","WR","UNS","18","92.07","0.0","0.0","0.0","0.0","0.0","0.0","$1","$1"
"","697","Trent Sherfield","15.0","15.0","WR","BUF","7","77.05","0.0","2.0","0.0","0.0","0.0","0.0","$1","$1"
"","698","Hakeem Butler","15.0","15.0","WR","CIN","6","128.07","0.0","0.0","0.0","0.0","0.0","0.0","$1","$1"
"","699","Cedrick 'Ced' Wilson","15.0","15.0","WR","MIA","6","53.01","0.0","0.0","0.0","0.0","0.0","0.0","$1","$1"
"","700","Dante Pettis","15.0","15.0","WR","NO","8","69.07","0.0","3.0","0.0","0.0","0.0","0.0","$1","$1"
"","701","Allen Lazard","15.0","15.0","WR","UNS","18","78.01","0.0","2.0","0.0","0.0","0.0","0.0","$1","$1"
"","702","Tre'Quan Smith","15.0","15.0","WR","DET","6","128.07","0.0","0.0","0.0","0.0","0.0","0.0","$1","$1"
"","703","D.J. Chark Jr.","15.0","15.0","WR","UNS","18","113.01","0.0","0.0","0.0","0.0","0.0","0.0","$1","$1"
"","704","Equanimeous St. Brown","15.0","15.0","WR","SF","8","93.04","0.0","0.0","0.0","0.0","0.0","0.0","$1","$1"
"","705","Michael Gallup","15.0","15.0","WR","UNS","18","128.07","0.0","0.0","0.0","0.0","0.0","0.0","$1","$1"
"","706","Anthony Miller","15.0","15.0","WR","BAL","13","61.08","0.0","0.0","0.0","0.0","0.0","0.0","$1","$1"
"","707","David Moore","15.0","15.0","WR","CAR","5","92.01","0.0","2.0","0.0","0.0","0.0","0.0","$1","$1"
"","708","Velus Jones","15.0","15.0","RB","NO","8","105.06","0.0","0.0","0.0","0.0","0.0","0.0","$1","$1"
"","709","Danny Gray","15.0","15.0","WR","UNS","18","81.07","0.0","0.0","0.0","0.0","0.0","0.0","$1","$1"
"","710","Erik Ezukanma","15.0","15.0","WR","UNS","18","88.03","0.0","0.0","0.0","0.0","0.0","0.0","$1","$1"
"","711","Kyle Philips","15.0","15.0","WR","LVR","13","128.07","0.0","0.0","0.0","0.0","0.0","0.0","$1","$1"
"","712","Irvin Charles","15.0","15.0","WR","NYJ","13","81.03","0.0","0.0","0.0","0.0","0.0","0.0","$1","$1"
"","713","Brandon Johnson","15.0","15.0","WR","UNS","18","74.03","0.0","0.0","0.0","0.0","0.0","0.0","$1","$1"
"","714","Chris Moore","15.0","15.0","WR","UNS","18","112.07","0.0","3.0","0.0","0.0","0.0","0.0","$1","$1"
"","715","Samori Toure","15.0","15.0","WR","UNS","18","44.01","0.0","0.0","0.0","0.0","0.0","0.0","$1","$1"
"","716","Bo Melton","15.0","15.0","CB","GB","11","128.07","0.0","15.0","0.0","0.0","0.0","0.0","$1","$1"
"","717","Trey Palmer","15.0","15.0","WR","NO","8","35.07","0.0","0.0","0.0","0.0","0.0","0.0","$1","$1"
"","718","Justin Shorter","15.0","15.0","WR","UNS","18","106.02","0.0","0.0","0.0","0.0","0.0","0.0","$1","$1"
"","719","Ronnie Bell","15.0","15.0","WR","NO","8","81.02","0.0","0.0","0.0","0.0","0.0","0.0","$1","$1"
"","720","Jalen Moreno-Cropper","15.0","15.0","WR","UNS","18","78.07","0.0","0.0","0.0","0.0","0.0","0.0","$1","$1"
"","721","Jake Bobo","15.0","15.0","WR","SEA","11","35.03","0.0","2.0","0.0","0.0","0.0","0.0","$1","$1"
"","722","Tyler Scott","15.0","15.0","WR","LAR","11","77.06","0.0","0.0","0.0","0.0","0.0","0.0","$1","$1"
"","723","Rakim Jarrett","15.0","15.0","WR","UNS","18","105.08","0.0","0.0","0.0","0.0","0.0","0.0","$1","$1"
"","724","A.T. Perry","15.0","15.0","WR","UNS","18","37.06","0.0","0.0","0.0","0.0","0.0","0.0","$1","$1"
"","725","Kadarius Toney","15.0","15.0","WR","UNS","18","106.07","0.0","0.0","0.0","0.0","0.0","0.0","$1","$1"
"","726","Terrace Marshall","15.0","15.0","WR","MIA","6","38.04","0.0","0.0","0.0","0.0","0.0","0.0","$1","$1"
"","727","Elijah Moore","15.0","15.0","WR","PHI","10","88.02","0.0","0.0","0.0","0.0","0.0","0.0","$1","$1"
"","728","Tylan Wallace","15.0","15.0","WR","CLE","11","40.07","0.0","5.0","0.0","0.0","0.0","0.0","$1","$1"
"","729","D'Wayne 'Dee' Eskridge","15.0","15.0","WR","MIA","6","91.03","0.0","3.0","0.0","0.0","0.0","0.0","$1","$1"
"","730","Simi Fehoko","15.0","15.0","WR","ARI","14","74.06","0.0","0.0","0.0","0.0","0.0","0.0","$1","$1"
"","731","Ihmir Smith-Marsette","15.0","15.0","WR","UNS","18","63.02","0.0","0.0","0.0","0.0","0.0","0.0","$1","$1"
"","732","Frank Darby","15.0","15.0","WR","ATL","11","128.07","0.0","0.0","0.0","0.0","0.0","0.0","$1","$1"
"","733","Mike Strachan","15.0","15.0","WR","CAR","5","128.07","0.0","0.0","0.0","0.0","0.0","0.0","$1","$1"
"","734","Justyn Ross","15.0","15.0","WR","UNS","18","88.07","0.0","0.0","0.0","0.0","0.0","0.0","$1","$1"
"","735","DeAndre Carter","15.0","15.0","WR","CLE","11","110.07","0.0","0.0","0.0","0.0","0.0","0.0","$1","$1"
"","736","Brandon Powell","15.0","15.0","WR","MIN","6","91.04","0.0","0.0","0.0","0.0","0.0","0.0","$1","$1"
"","737","Tim Jones","15.0","15.0","WR","MIN","6","84.02","0.0","0.0","0.0","0.0","0.0","0.0","$1","$1"
"","738","Trenton Irwin","15.0","15.0","WR","UNS","18","107.05","0.0","0.0","0.0","0.0","0.0","0.0","$1","$1"
"","739","D.J. Montgomery","15.0","15.0","WR","IND","13","80.08","0.0","0.0","0.0","0.0","0.0","0.0","$1","$1"
"","740","Ben Skowronek","15.0","15.0","WR","PIT","9","49.06","0.0","5.0","0.0","0.0","0.0","0.0","$1","$1"
"","741","Austin Watkins Jr.","15.0","15.0","WR","CLE","11","128.07","0.0","0.0","0.0","0.0","0.0","0.0","$1","$1"
"","742","Austin Trammell","15.0","15.0","WR","JAC","7","39.06","0.0","0.0","0.0","0.0","0.0","0.0","$1","$1"
"","743","Kristian Wilkerson","15.0","15.0","WR","UNS","18","97.08","0.0","0.0","0.0","0.0","0.0","0.0","$1","$1"
"","744","KhaDarel Hodge","15.0","15.0","WR","ATL","11","95.05","0.0","0.0","0.0","0.0","0.0","0.0","$1","$1"
"","745","Deonte Harty","15.0","15.0","WR","BAL","13","87.02","0.0","0.0","0.0","0.0","0.0","0.0","$1","$1"
"","746","Cam Sims","15.0","15.0","WR","LVR","13","128.07","0.0","0.0","0.0","0.0","0.0","0.0","$1","$1"
"","747","Jalen Guyton","15.0","15.0","WR","LVR","13","128.07","0.0","0.0","0.0","0.0","0.0","0.0","$1","$1"
"","748","Malik Taylor","15.0","15.0","WR","UNS","18","128.07","0.0","0.0","0.0","0.0","0.0","0.0","$1","$1"
"","749","Jamal Agnew","15.0","15.0","WR","ATL","11","86.06","0.0","0.0","0.0","0.0","0.0","0.0","$1","$1"
"","750","Tyron Johnson","15.0","15.0","WR","SF","8","128.07","0.0","0.0","0.0","0.0","0.0","0.0","$1","$1"
"","751","Tyler Johnson","15.0","15.0","WR","NYJ","13","112.06","0.0","2.0","0.0","0.0","0.0","0.0","$1","$1"
"","752","Lynn Bowden","15.0","15.0","WR","UNS","18","128.07","0.0","0.0","0.0","0.0","0.0","0.0","$1","$1"
"","753","Laviska Shenault","15.0","15.0","WR","UNS","18","83.02","0.0","0.0","0.0","0.0","0.0","0.0","$1","$1"
"","754","K.J. Hamler","15.0","15.0","WR","UNS","18","128.07","0.0","0.0","0.0","0.0","0.0","0.0","$1","$1"
"","755","James Proche","15.0","15.0","WR","TEN","9","95.06","0.0","1.0","0.0","0.0","0.0","0.0","$1","$1"
"","756","Gabriel 'Gabe' Davis","15.0","15.0","WR","BUF","7","88.05","0.0","0.0","0.0","0.0","0.0","0.0","$1","$1"
"","757","Isaiah Hodgins","15.0","15.0","WR","NYG","8","104.04","0.0","6.0","0.0","0.0","0.0","0.0","$1","$1"
"","758","Marquez Callaway","15.0","15.0","WR","UNS","18","98.02","0.0","0.0","0.0","0.0","0.0","0.0","$1","$1"
"","759","Jalen Reagor","15.0","15.0","WR","UNS","18","73.01","0.0","0.0","0.0","0.0","0.0","0.0","$1","$1"
"","760","Chase Claypool","15.0","15.0","WR","UNS","18","128.07","0.0","0.0","0.0","0.0","0.0","0.0","$1","$1"
"","761","Donovan Peoples-Jones","15.0","15.0","WR","UNS","18","128.07","0.0","0.0","0.0","0.0","0.0","0.0","$1","$1"
"","762","Lideatrick Griffin","15.0","15.0","WR","GB","11","128.07","0.0","0.0","0.0","0.0","0.0","0.0","$1","$1"
"","763","Jared Wayne","15.0","15.0","WR","UNS","18","76.03","0.0","0.0","0.0","0.0","0.0","0.0","$1","$1"
"","764","Nick Nash","15.0","15.0","WR","UNS","18","104.06","0.0","0.0","0.0","0.0","0.0","0.0","$1","$1"
"","765","Ricky White","15.0","15.0","WR","SEA","11","81.04","0.0","1.0","0.0","0.0","0.0","0.0","$1","$1"
"","766","Daniel Jackson","15.0","15.0","WR","HOU","8","128.07","0.0","0.0","0.0","0.0","0.0","0.0","$1","$1"
"","767","Josh Kelly","15.0","15.0","WR","DAL","14","128.07","0.0","0.0","0.0","0.0","0.0","0.0","$1","$1"
"","768","Traeshon Holden","15.0","15.0","WR","DAL","14","128.07","0.0","0.0","0.0","0.0","0.0","0.0","$1","$1"
"","769","Roc Taylor","15.0","15.0","WR","PIT","9","128.07","0.0","0.0","0.0","0.0","0.0","0.0","$1","$1"
"","770","Isaiah Neyor","15.0","15.0","WR","GB","11","92.03","0.0","0.0","0.0","0.0","0.0","0.0","$1","$1"
"","771","Ja'Corey Brooks","15.0","15.0","WR","WAS","7","52.08","0.0","0.0","0.0","0.0","0.0","0.0","$1","$1"
"","772","Samuel Brown","15.0","15.0","WR","RK","18","128.07","0.0","0.0","0.0","0.0","0.0","0.0","$1","$1"
"","773","Elijhah Badger","15.0","15.0","WR","UNS","18","128.07","0.0","0.0","0.0","0.0","0.0","0.0","$1","$1"
"","774","Jacolby George","15.0","15.0","WR","CAR","5","128.07","0.0","0.0","0.0","0.0","0.0","0.0","$1","$1"
"","775","Beaux Collins","15.0","15.0","WR","NYG","8","108.04","0.0","0.0","0.0","0.0","0.0","0.0","$1","$1"
"","776","Andrew Armstrong","15.0","15.0","WR","UNS","18","128.07","0.0","0.0","0.0","0.0","0.0","0.0","$1","$1"
"","777","Junior Bergen","15.0","15.0","WR","SF","8","63.04","0.0","0.0","0.0","0.0","0.0","0.0","$1","$1"
"","778","Cole Burgess","15.0","15.0","WR","CIN","6","128.07","0.0","0.0","0.0","0.0","0.0","0.0","$1","$1"
"","779","Will Sheppard","15.0","15.0","WR","TB","10","128.07","0.0","0.0","0.0","0.0","0.0","0.0","$1","$1"
"","780","Brycen Tremayne","15.0","15.0","WR","CAR","5","74.08","0.0","0.0","0.0","0.0","0.0","0.0","$1","$1"
"","781","Gunner Olszewski","15.0","15.0","WR","NYG","8","41.04","0.0","0.0","0.0","0.0","0.0","0.0","$1","$1"
"","782","Xavier Johnson","15.0","15.0","WR","HOU","8","128.07","0.0","0.0","0.0","0.0","0.0","0.0","$1","$1"
"","783","Tejhaun Palmer","15.0","15.0","WR","ARI","14","66.04","0.0","0.0","0.0","0.0","0.0","0.0","$1","$1"
"","784","Terique Owens","15.0","15.0","WR","SF","8","128.07","0.0","0.0","0.0","0.0","0.0","0.0","$1","$1"
"","785","Dane Key","15.0","15.0","WR","DEN","10","128.07","0.0","3.0","0.0","0.0","0.0","0.0","$1","$1"
"","786","Will Pauling","15.0","15.0","WR","SF","8","128.07","0.0","0.0","0.0","0.0","0.0","0.0","$1","$1"
"","787","Jahdae Walker","15.0","15.0","WR","CHI","10","31.04","0.0","31.0","0.0","0.0","0.0","0.0","$1","$1"
"","788","Dillon Bell","15.0","15.0","WR","MIN","6","128.07","0.0","0.0","0.0","0.0","0.0","0.0","$1","$1"
"","789","Tom Kennedy","15.0","15.0","WR","DET","6","45.04","0.0","0.0","0.0","0.0","0.0","0.0","$1","$1"
"","790","Dylan Drummond","15.0","15.0","WR","ATL","11","43.02","0.0","0.0","0.0","0.0","0.0","0.0","$1","$1"
"","791","Mason Kinsey","15.0","15.0","WR","TEN","9","87.08","0.0","0.0","0.0","0.0","0.0","0.0","$1","$1"
"","792","Andre Baccellia","15.0","15.0","WR","UNS","18","45.05","0.0","0.0","0.0","0.0","0.0","0.0","$1","$1"
"","793","Cody White","15.0","15.0","WR","SEA","11","48.08","0.0","0.0","0.0","0.0","0.0","0.0","$1","$1"
"","794","Bryce Ford-Wheaton","15.0","15.0","WR","NYG","8","69.04","0.0","0.0","0.0","0.0","0.0","0.0","$1","$1"
"","795","Kwamie Lassiter II","15.0","15.0","WR","CIN","6","128.07","0.0","0.0","0.0","0.0","0.0","0.0","$1","$1"
"","796","Dax Milne","15.0","15.0","WR","UNS","18","128.07","0.0","0.0","0.0","0.0","0.0","0.0","$1","$1"
"","797","Steven Sims","15.0","15.0","WR","SEA","11","89.04","0.0","0.0","0.0","0.0","0.0","0.0","$1","$1"
"","798","Jha'Quan Jackson","15.0","15.0","WR","UNS","18","87.03","0.0","0.0","0.0","0.0","0.0","0.0","$1","$1"
"","799","DJ Turner","15.0","15.0","WR","LVR","13","82.05","0.0","0.0","0.0","0.0","0.0","0.0","$1","$1"
"","800","Xavier Weaver","15.0","15.0","WR","ARI","14","105.03","0.0","0.0","0.0","0.0","0.0","0.0","$1","$1"
"","801","Bryce Oliver","15.0","15.0","WR","TEN","9","93.01","0.0","2.0","0.0","0.0","0.0","0.0","$1","$1"
"","802","Jalen Virgil","15.0","15.0","WR","UNS","18","87.01","0.0","0.0","0.0","0.0","0.0","0.0","$1","$1"
"","803","Ramel Keyton","15.0","15.0","WR","LVR","13","75.06","0.0","0.0","0.0","0.0","0.0","0.0","$1","$1"
"","804","Ryan Miller","15.0","15.0","WR","TB","10","105.07","0.0","0.0","0.0","0.0","0.0","0.0","$1","$1"
"","805","Alex Bachman","15.0","15.0","WR","LVR","13","67.04","0.0","0.0","0.0","0.0","0.0","0.0","$1","$1"
"","806","Grant DuBose","15.0","15.0","WR","MIA","6","109.03","0.0","0.0","0.0","0.0","0.0","0.0","$1","$1"
"","807","Makai Polk","15.0","15.0","WR","UNS","18","128.07","0.0","0.0","0.0","0.0","0.0","0.0","$1","$1"
"","808","Cade Johnson","15.0","15.0","WR","UNS","18","128.07","0.0","0.0","0.0","0.0","0.0","0.0","$1","$1"
"","809","Seth Williams","15.0","15.0","WR","JAC","7","128.07","0.0","0.0","0.0","0.0","0.0","0.0","$1","$1"
"","810","Dez Fitzpatrick","15.0","15.0","WR","UNS","18","64.02","0.0","0.0","0.0","0.0","0.0","0.0","$1","$1"
"","811","Michael Woods II","15.0","15.0","WR","CLE","11","54.01","0.0","0.0","0.0","0.0","0.0","0.0","$1","$1"
"","812","Da'Quan Felton","15.0","15.0","WR","NYG","8","128.07","0.0","0.0","0.0","0.0","0.0","0.0","$1","$1"
"","813","Antwane Wells Jr.","15.0","15.0","WR","NYG","8","128.07","0.0","0.0","0.0","0.0","0.0","0.0","$1","$1"
"","814","Kaden Prather","15.0","15.0","WR","BUF","7","45.02","0.0","0.0","0.0","0.0","0.0","0.0","$1","$1"
"","815","Kobe Hudson","15.0","15.0","WR","CAR","5","128.07","0.0","0.0","0.0","0.0","0.0","0.0","$1","$1"
"","816","Jermaine Burton","15.0","15.0","WR","UNS","18","78.06","0.0","9.0","0.0","0.0","0.0","0.0","$1","$1"
"","817","Brenden Rice","15.0","15.0","WR","GB","11","62.02","0.0","0.0","0.0","0.0","0.0","0.0","$1","$1"
"","818","Jamari Thrash","15.0","15.0","WR","UNS","18","101.02","0.0","0.0","0.0","0.0","0.0","0.0","$1","$1"
"","819","Ainias Smith","15.0","15.0","WR","UNS","18","98.08","0.0","0.0","0.0","0.0","0.0","0.0","$1","$1"
"","820","Javon Baker","15.0","15.0","WR","UNS","18","70.07","0.0","0.0","0.0","0.0","0.0","0.0","$1","$1"
"","821","Marcus Rosemy-Jacksaint","15.0","15.0","WR","UNS","18","128.07","0.0","0.0","0.0","0.0","0.0","0.0","$1","$1"
"","822","Cornelius Johnson","15.0","15.0","WR","GB","11","98.07","0.0","0.0","0.0","0.0","0.0","0.0","$1","$1"
"","823","Joshua Cephus","15.0","15.0","WR","UNS","18","62.08","0.0","0.0","0.0","0.0","0.0","0.0","$1","$1"
"","824","Antoine Green","15.0","15.0","WR","DET","6","101.05","0.0","0.0","0.0","0.0","0.0","0.0","$1","$1"
"","825","Kirk Merritt","15.0","15.0","WR","UNS","18","128.07","0.0","0.0","0.0","0.0","0.0","0.0","$1","$1"
"","826","Colton Dowell","15.0","15.0","WR","TEN","9","109.06","0.0","0.0","0.0","0.0","0.0","0.0","$1","$1"
"","827","Xavier Gipson","15.0","15.0","WR","NYG","8","81.08","0.0","0.0","0.0","0.0","0.0","0.0","$1","$1"
"","828","Jalen Brooks","15.0","15.0","WR","ARI","14","100.05","0.0","2.0","0.0","0.0","0.0","0.0","$1","$1"
"","829","Malik Heath","15.0","15.0","WR","UNS","18","80.07","0.0","0.0","0.0","0.0","0.0","0.0","$1","$1"
"","830","Jason Brownlee","15.0","15.0","WR","NYJ","13","90.05","0.0","0.0","0.0","0.0","0.0","0.0","$1","$1"
"","831","Julian Hill","15.0","15.0","TE","NE","11","32.01","4.4","10.0","4.6","15.6","7.6","0.0","$1","$1"
"","832","Lake McRee","15.0","15.0","TE","PIT","9","128.07","3.9","0.0","4.6","12.4","6.6","0.0","$1","$1"
"","833","Max Bredeson","15.0","15.0","TE","MIN","6","56.06","6.3","7.0","6.3","6.3","6.3","0.0","$1","$1"
"","834","Jordan Matthews","15.0","15.0","TE","UNS","18","113.03","0.0","0.0","0.0","0.0","0.0","0.0","$1","$1"
"","835","Zach Ertz","15.0","15.0","TE","UNS","18","65.02","0.0","17.0","0.0","0.0","0.0","0.0","$1","$1"
"","836","Gerald Everett","15.0","15.0","TE","UNS","18","100.04","0.0","0.0","0.0","0.0","0.0","0.0","$1","$1"
"","837","Geoff Swaim","15.0","15.0","TE","UNS","18","108.02","0.0","0.0","0.0","0.0","0.0","0.0","$1","$1"
"","838","C.J. Uzomah","15.0","15.0","TE","UNS","18","115.07","0.0","0.0","0.0","0.0","0.0","0.0","$1","$1"
"","839","Tyler Kroft","15.0","15.0","TE","MIA","6","128.07","0.0","0.0","0.0","0.0","0.0","0.0","$1","$1"
"","840","Irv Smith","15.0","15.0","TE","HOU","8","72.08","0.0","0.0","0.0","0.0","0.0","0.0","$1","$1"
"","841","Foster Moreau","15.0","15.0","TE","HOU","8","53.07","0.0","21.0","0.0","0.0","0.0","0.0","$1","$1"
"","842","Donald Parham","15.0","15.0","TE","PIT","9","41.02","0.0","0.0","0.0","0.0","0.0","0.0","$1","$1"
"","843","Blake Bell","15.0","15.0","TE","KC","5","128.07","0.0","0.0","0.0","0.0","0.0","0.0","$1","$1"
"","844","Ross Dwelley","15.0","15.0","TE","UNS","18","78.04","0.0","0.0","0.0","0.0","0.0","0.0","$1","$1"
"","845","Robert Tonyan","15.0","15.0","TE","KC","5","87.05","0.0","1.0","0.0","0.0","0.0","0.0","$1","$1"
"","846","Ian Thomas","15.0","15.0","TE","LVR","13","96.04","0.0","8.0","0.0","0.0","0.0","0.0","$1","$1"
"","847","Anthony Firkser","15.0","15.0","TE","DET","6","72.03","0.0","22.0","0.0","0.0","0.0","0.0","$1","$1"
"","848","Jordan Akins","15.0","15.0","TE","UNS","18","105.04","0.0","0.0","0.0","0.0","0.0","0.0","$1","$1"
"","849","Jelani Woods","15.0","15.0","TE","UNS","18","87.06","0.0","0.0","0.0","0.0","0.0","0.0","$1","$1"
"","850","Cole Turner","15.0","15.0","TE","UNS","18","78.05","0.0","6.0","0.0","0.0","0.0","0.0","$1","$1"
"","851","Teagan Quitoriano","15.0","15.0","TE","ARI","14","82.02","0.0","23.0","0.0","0.0","0.0","0.0","$1","$1"
"","852","James Mitchell","15.0","15.0","TE","UNS","18","83.08","0.0","15.0","0.0","0.0","0.0","0.0","$1","$1"
"","853","Connor Heyward","15.0","15.0","TE","LVR","13","116.02","0.0","18.0","0.0","0.0","0.0","0.0","$1","$1"
"","854","Ko Kieft","15.0","15.0","TE","TB","10","56.03","0.0","1.0","0.0","0.0","0.0","0.0","$1","$1"
"","855","Lucas Krull","15.0","15.0","TE","DEN","10","89.06","0.0","8.0","0.0","0.0","0.0","0.0","$1","$1"
"","856","Stone Smartt","15.0","15.0","TE","PHI","10","107.01","0.0","4.0","0.0","0.0","0.0","0.0","$1","$1"
"","857","Peyton Hendershot","15.0","15.0","TE","UNS","18","96.06","0.0","0.0","0.0","0.0","0.0","0.0","$1","$1"
"","858","Josh Whyle","15.0","15.0","TE","GB","11","69.06","0.0","9.0","0.0","0.0","0.0","0.0","$1","$1"
"","859","Kylen Granson","15.0","15.0","TE","TEN","9","73.06","0.0","6.0","0.0","0.0","0.0","0.0","$1","$1"
"","860","Tyler Davis","15.0","15.0","TE","GB","11","128.07","0.0","0.0","0.0","0.0","0.0","0.0","$1","$1"
"","861","Quintin Morris","15.0","15.0","TE","JAC","7","58.03","0.0","2.0","0.0","0.0","0.0","0.0","$1","$1"
"","862","Mitchell Wilcox","15.0","15.0","TE","NE","11","80.01","0.0","0.0","0.0","0.0","0.0","0.0","$1","$1"
"","863","Lawrence Cager","15.0","15.0","TE","UNS","18","89.02","0.0","0.0","0.0","0.0","0.0","0.0","$1","$1"
"","864","Eric Saubert","15.0","15.0","TE","SEA","11","112.02","0.0","6.0","0.0","0.0","0.0","0.0","$1","$1"
"","865","Jack Stoll","15.0","15.0","TE","CLE","11","92.06","0.0","2.0","0.0","0.0","0.0","0.0","$1","$1"
"","866","Stephen Sullivan","15.0","15.0","TE","CAR","5","102.01","0.0","0.0","0.0","0.0","0.0","0.0","$1","$1"
"","867","Pharaoh Brown","15.0","15.0","TE","UNS","18","110.06","0.0","0.0","0.0","0.0","0.0","0.0","$1","$1"
"","868","Brevin Jordan","15.0","15.0","TE","HOU","8","71.06","0.0","2.0","0.0","0.0","0.0","0.0","$1","$1"
"","869","Brycen Hopkins","15.0","15.0","TE","LAR","11","128.07","0.0","0.0","0.0","0.0","0.0","0.0","$1","$1"
"","870","Albert Okwuegbunam","15.0","15.0","TE","LVR","13","97.05","0.0","0.0","0.0","0.0","0.0","0.0","$1","$1"
"","871","Josiah Deguara","15.0","15.0","TE","ARI","14","95.08","0.0","0.0","0.0","0.0","0.0","0.0","$1","$1"
"","872","Harrison Bryant","15.0","15.0","TE","SEA","11","88.04","0.0","2.0","0.0","0.0","0.0","0.0","$1","$1"
"","873","Zach Davidson","15.0","15.0","TE","BUF","7","100.02","0.0","0.0","0.0","0.0","0.0","0.0","$1","$1"
"","874","Luke Lachey","15.0","15.0","TE","HOU","8","57.05","0.0","0.0","0.0","0.0","0.0","0.0","$1","$1"
"","875","Benjamin Yurosek","15.0","15.0","TE","MIN","6","89.07","0.0","0.0","0.0","0.0","0.0","0.0","$1","$1"
"","876","Joshua Simon","15.0","15.0","TE","ATL","11","128.07","0.0","0.0","0.0","0.0","0.0","0.0","$1","$1"
"","877","Bryson Nesbit","15.0","15.0","TE","MIN","6","128.07","0.0","0.0","0.0","0.0","0.0","0.0","$1","$1"
"","878","Robbie Ouzts","15.0","15.0","RB","SEA","11","83.05","0.0","0.0","0.0","0.0","0.0","0.0","$1","$1"
"","879","Jalin Conyers","15.0","15.0","TE","MIA","6","128.07","0.0","0.0","0.0","0.0","0.0","0.0","$1","$1"
"","880","Moliki Matavao","15.0","15.0","TE","NO","8","60.03","0.0","6.0","0.0","0.0","0.0","0.0","$1","$1"
"","881","CJ Dippre","15.0","15.0","TE","NE","11","49.04","0.0","0.0","0.0","0.0","0.0","0.0","$1","$1"
"","882","Gavin Bartholomew","15.0","15.0","TE","MIN","6","83.01","0.0","0.0","0.0","0.0","0.0","0.0","$1","$1"
"","883","Caleb Lohner","15.0","15.0","TE","DEN","10","92.02","0.0","0.0","0.0","0.0","0.0","0.0","$1","$1"
"","884","Tanner Conner","15.0","15.0","TE","UNS","18","97.01","0.0","0.0","0.0","0.0","0.0","0.0","$1","$1"
"","885","Tucker Fisk","15.0","15.0","TE","LAC","7","104.07","0.0","0.0","0.0","0.0","0.0","0.0","$1","$1"
"","886","David Martin-Robinson","15.0","15.0","TE","TEN","9","60.06","0.0","0.0","0.0","0.0","0.0","0.0","$1","$1"
"","887","Tanner Arkin","15.0","15.0","TE","NE","11","128.07","0.0","0.0","0.0","0.0","0.0","0.0","$1","$1"
"","888","Cody Hardy","15.0","15.0","TE","NO","8","128.07","0.0","0.0","0.0","0.0","0.0","0.0","$1","$1"
"","889","Dae'Quan Wright","15.0","15.0","TE","PHI","10","128.07","0.0","0.0","0.0","0.0","0.0","0.0","$1","$1"
"","890","Miles Kitselman","15.0","15.0","TE","DET","6","128.07","0.0","0.0","0.0","0.0","0.0","0.0","$1","$1"
"","891","Khalil Dinkins","15.0","15.0","TE","SF","8","128.07","0.0","0.0","0.0","0.0","0.0","0.0","$1","$1"
"","892","Dan Villari","15.0","15.0","TE","LAR","11","128.07","0.0","0.0","0.0","0.0","0.0","0.0","$1","$1"
"","893","Sal Cannella","15.0","15.0","TE","CLE","11","49.07","0.0","0.0","0.0","0.0","0.0","0.0","$1","$1"
"","894","MyCole Pruitt","15.0","15.0","TE","PIT","9","109.08","0.0","0.0","0.0","0.0","0.0","0.0","$1","$1"
"","895","Chris Manhertz","15.0","15.0","TE","NYG","8","111.08","0.0","2.0","0.0","0.0","0.0","0.0","$1","$1"
"","896","Nate Adkins","15.0","15.0","TE","DEN","10","59.01","0.0","9.0","0.0","0.0","0.0","0.0","$1","$1"
"","897","Shane Zylstra","15.0","15.0","TE","DET","6","92.05","0.0","0.0","0.0","0.0","0.0","0.0","$1","$1"
"","898","Nick Vannett","15.0","15.0","TE","UNS","18","111.07","0.0","0.0","0.0","0.0","0.0","0.0","$1","$1"
"","899","Blake Whiteheart","15.0","15.0","TE","CLE","11","53.06","0.0","0.0","0.0","0.0","0.0","0.0","$1","$1"
"","900","E.J. Jenkins","15.0","15.0","TE","PHI","10","102.07","0.0","0.0","0.0","0.0","0.0","0.0","$1","$1"
"","901","Feleipe Franks","15.0","15.0","TE","CAR","5","93.07","0.0","1.0","0.0","0.0","0.0","0.0","$1","$1"
"","902","John FitzPatrick","15.0","15.0","TE","GB","11","99.02","0.0","0.0","0.0","0.0","0.0","0.0","$1","$1"
"","903","Jack Westover","15.0","15.0","TE","NE","11","103.04","0.0","0.0","0.0","0.0","0.0","0.0","$1","$1"
"","904","Briley Moore","15.0","15.0","TE","TEN","9","128.07","0.0","0.0","0.0","0.0","0.0","0.0","$1","$1"
"","905","Kenny Yeboah","15.0","15.0","TE","UNS","18","79.06","0.0","0.0","0.0","0.0","0.0","0.0","$1","$1"
"","906","Tanner McLachlan","15.0","15.0","TE","CIN","6","65.04","0.0","0.0","0.0","0.0","0.0","0.0","$1","$1"
"","907","Jaheim Bell","15.0","15.0","TE","UNS","18","79.08","0.0","21.0","0.0","0.0","0.0","0.0","$1","$1"
"","908","Cameron Latu","15.0","15.0","TE","UNS","18","66.07","0.0","2.0","0.0","0.0","0.0","0.0","$1","$1"
"","909","J.J. McCarthy","15.0","6.0","QB","MIN","6","28.05","30.8","15.0","31.4","125.6","57.0","0.0","$2","$1"
"","910","Ty Simpson","15.0","7.0","QB","LAR","11","28.06","25.0","14.0","27.8","91.7","44.7","0.0","$1","$1"
"","911","Cade Klubnik","15.0","7.0","QB","NYJ","13","65.07","23.8","18.0","26.4","79.2","40.3","0.0","$1","$1"
"","912","Taylen Green","15.0","8.0","QB","CLE","11","43.07","11.3","31.0","13.3","46.6","22.0","0.0","$1","$1"
"","913","Drew Allar","15.0","8.0","QB","PIT","9","32.06","12.3","8.0","13.7","42.5","21.3","0.0","$1","$1"
"","914","Dillon Gabriel","15.0","8.0","QB","CLE","11","64.04","11.4","13.0","12.7","40.6","20.1","0.0","$1","$1"
"","915","Zach Wilson","15.0","9.0","QB","NO","8","42.07","0.0","0.0","0.0","0.0","0.0","0.0","$1","$1"
"","916","Justin Fields","15.0","9.0","QB","KC","5","31.02","0.0","16.0","0.0","0.0","0.0","0.0","$1","$1"
"","917","Trey Lance","15.0","9.0","QB","LAC","7","48.05","0.0","14.0","0.0","0.0","0.0","0.0","$1","$1"
"","918","Mac Jones","15.0","9.0","QB","SF","8","31.05","0.0","23.0","0.0","0.0","0.0","0.0","$1","$1"
"","919","Jacob Eason","15.0","9.0","QB","NYG","8","128.07","0.0","0.0","0.0","0.0","0.0","0.0","$1","$1"
"","920","Graham Mertz","15.0","9.0","QB","HOU","8","97.02","0.0","0.0","0.0","0.0","0.0","0.0","$1","$1"
"","921","Brady Cook","15.0","9.0","QB","NYJ","13","52.04","0.0","0.0","0.0","0.0","0.0","0.0","$1","$1"
"","922","Seth Henigan","15.0","9.0","QB","JAC","7","128.07","0.0","0.0","0.0","0.0","0.0","0.0","$1","$1"
"","923","Max Brosmer","15.0","9.0","QB","MIN","6","90.08","0.0","0.0","0.0","0.0","0.0","0.0","$1","$1"
"","924","Kurtis Rourke","15.0","9.0","QB","SF","8","97.03","0.0","0.0","0.0","0.0","0.0","0.0","$1","$1"
"","925","Kyle McCord","15.0","9.0","QB","PHI","10","70.06","0.0","0.0","0.0","0.0","0.0","0.0","$1","$1"
"","926","Will Howard","15.0","9.0","QB","PIT","9","40.06","0.0","11.0","0.0","0.0","0.0","0.0","$1","$1"
"","927","Kyle Allen","15.0","9.0","QB","BUF","7","57.02","0.0","0.0","0.0","0.0","0.0","0.0","$1","$1"
"","928","Vernon Adams Jr.","15.0","9.0","QB","UNS","18","128.07","0.0","0.0","0.0","0.0","0.0","0.0","$1","$1"
"","929","Jack Plummer","15.0","9.0","QB","CAR","5","128.07","0.0","0.0","0.0","0.0","0.0","0.0","$1","$1"
"","930","Haynes King","15.0","9.0","QB","CAR","5","128.07","0.0","0.0","0.0","0.0","0.0","0.0","$1","$1"
"","931","Luke Altmyer","15.0","9.0","QB","DET","6","128.07","0.0","0.0","0.0","0.0","0.0","0.0","$1","$1"
"","932","DJ Uiagalelei","15.0","9.0","QB","LAC","7","128.07","0.0","0.0","0.0","0.0","0.0","0.0","$1","$1"
"","933","Hunter Dekkers","15.0","9.0","QB","NO","8","128.07","0.0","0.0","0.0","0.0","0.0","0.0","$1","$1"
"","934","Tommy Mellott","15.0","9.0","WR","UNS","18","43.03","0.0","0.0","0.0","0.0","0.0","0.0","$1","$1"
"","935","Cam Miller","15.0","9.0","QB","UNS","18","50.08","0.0","0.0","0.0","0.0","0.0","0.0","$1","$1"
"","936","Tanner McKee","15.0","9.0","QB","PHI","10","64.08","0.0","0.0","0.0","0.0","0.0","0.0","$1","$1"
"","937","Sam Ehlinger","15.0","9.0","QB","UNS","18","96.03","0.0","0.0","0.0","0.0","0.0","0.0","$1","$1"
"","938","Kedon Slovis","15.0","9.0","QB","UNS","18","98.06","0.0","0.0","0.0","0.0","0.0","0.0","$1","$1"
"","939","Austin Reed","15.0","9.0","QB","CHI","10","128.07","0.0","0.0","0.0","0.0","0.0","0.0","$1","$1"
"","940","Ian Book","15.0","9.0","QB","UNS","18","128.07","0.0","0.0","0.0","0.0","0.0","0.0","$1","$1"
"","941","Tommy DeVito","15.0","9.0","QB","NE","11","30.03","0.0","12.0","0.0","0.0","0.0","0.0","$1","$1"
"","942","Aidan O'Connell","15.0","9.0","QB","LVR","13","41.07","0.0","0.0","0.0","0.0","0.0","0.0","$1","$1"
"","943","Spencer Rattler","15.0","9.0","QB","NO","8","48.04","0.0","13.0","0.0","0.0","0.0","0.0","$1","$1"
"","944","Michael Pratt","15.0","9.0","QB","TB","10","32.02","0.0","0.0","0.0","0.0","0.0","0.0","$1","$1"
"","945","Joe Milton III","15.0","9.0","QB","DAL","14","31.01","0.0","12.0","0.0","0.0","0.0","0.0","$1","$1"
"","946","Devin Leary","15.0","9.0","QB","BAL","13","34.06","0.0","0.0","0.0","0.0","0.0","0.0","$1","$1"
"","947","Sam Hartman","15.0","9.0","QB","UNS","18","128.07","0.0","0.0","0.0","0.0","0.0","0.0","$1","$1"
"","948","Josh Johnson","15.0","9.0","QB","CIN","6","50.02","0.0","0.0","0.0","0.0","0.0","0.0","$1","$1"
"","949","Nathan Rourke","15.0","9.0","QB","NE","11","106.01","0.0","0.0","0.0","0.0","0.0","0.0","$1","$1"
"","950","Ben DiNucci","15.0","9.0","QB","UNS","18","128.07","0.0","0.0","0.0","0.0","0.0","0.0","$1","$1"
"","951","Max Duggan","15.0","9.0","QB","UNS","18","79.02","0.0","0.0","0.0","0.0","0.0","0.0","$1","$1"
"","952","Sean Clifford","15.0","9.0","QB","UNS","18","84.01","0.0","0.0","0.0","0.0","0.0","0.0","$1","$1"
"","953","Skylar Thompson","15.0","9.0","QB","PIT","9","53.03","0.0","0.0","0.0","0.0","0.0","0.0","$1","$1"
"","954","Brandon Allen","15.0","9.0","QB","NYG","8","112.05","0.0","0.0","0.0","0.0","0.0","0.0","$1","$1"
"","955","Riley Leonard","15.0","9.0","QB","IND","13","33.05","0.0","12.0","0.0","0.0","0.0","0.0","$1","$1"
"","956","Quinn Ewers","15.0","9.0","QB","MIA","6","43.05","0.0","14.0","0.0","0.0","0.0","0.0","$1","$1"
"","957","Jalen Milroe","15.0","9.0","QB","SEA","11","60.01","0.0","11.0","0.0","0.0","0.0","0.0","$1","$1"
"","958","Chris Oladokun","15.0","9.0","QB","KC","5","109.07","0.0","12.0","0.0","0.0","0.0","0.0","$1","$1"
"","959","Dresser Winn","15.0","9.0","QB","LAR","11","128.07","0.0","0.0","0.0","0.0","0.0","0.0","$1","$1"
"","960","Garrett Nussmeier","15.0","9.0","QB","KC","5","76.01","0.0","3.0","0.0","0.0","0.0","0.0","$1","$1"
"","961","Diego Pavia","15.0","9.0","QB","BAL","13","128.07","0.0","4.0","0.0","0.0","0.0","0.0","$1","$1"
"","962","Sawyer Robertson","15.0","9.0","QB","LVR","13","128.07","0.0","0.0","0.0","0.0","0.0","0.0","$1","$1"
"","963","Joe Fagnano","15.0","9.0","QB","BAL","13","128.07","0.0","0.0","0.0","0.0","0.0","0.0","$1","$1"
"","964","Joey Aguilar","15.0","9.0","QB","JAC","7","128.07","0.0","0.0","0.0","0.0","0.0","0.0","$1","$1"
"","965","Athan Kaliakmanis","15.0","9.0","QB","WAS","7","99.07","0.0","0.0","0.0","0.0","0.0","0.0","$1","$1"
"","966","Mark Gronowski","15.0","9.0","QB","MIA","6","128.07","0.0","0.0","0.0","0.0","0.0","0.0","$1","$1"
"","967","Jalon Daniels","15.0","9.0","QB","TB","10","128.07","0.0","0.0","0.0","0.0","0.0","0.0","$1","$1"
"","968","Behren Morton","15.0","9.0","QB","NE","11","52.02","0.0","0.0","0.0","0.0","0.0","0.0","$1","$1"
"","969","Cole Payton","15.0","9.0","QB","PHI","10","62.01","0.0","0.0","0.0","0.0","0.0","0.0","$1","$1"
"","970","Nick Mullens","15.0","9.0","QB","JAC","7","56.07","0.0","12.0","0.0","0.0","0.0","0.0","$1","$1"
"","971","Cooper Rush","15.0","9.0","QB","UNS","18","114.05","0.0","0.0","0.0","0.0","0.0","0.0","$1","$1"
"","972","Mason Rudolph","15.0","9.0","QB","PIT","9","36.08","0.0","12.0","0.0","0.0","0.0","0.0","$1","$1"
"","973","Stetson Bennett","15.0","9.0","QB","LAR","11","29.05","0.0","0.0","0.0","0.0","0.0","0.0","$1","$1"
"","974","Will Levis","15.0","9.0","QB","TEN","9","36.07","0.0","12.0","0.0","0.0","0.0","0.0","$1","$1"
"","975","Anthony Richardson","15.0","9.0","QB","IND","13","63.06","0.0","15.0","0.0","0.0","0.0","0.0","$1","$1"
"","976","Bailey Zappe","15.0","9.0","QB","UNS","18","75.04","0.0","0.0","0.0","0.0","0.0","0.0","$1","$1"
"","977","Sam Howell","15.0","9.0","QB","DAL","14","62.04","0.0","4.0","0.0","0.0","0.0","0.0","$1","$1"
"","978","Kenny Pickett","15.0","9.0","QB","CAR","5","39.07","0.0","6.0","0.0","0.0","0.0","0.0","$1","$1"
"","979","Desmond Ridder","15.0","9.0","QB","GB","11","67.03","0.0","0.0","0.0","0.0","0.0","0.0","$1","$1"
"","980","Joshua Dobbs","15.0","9.0","QB","UNS","18","43.01","0.0","10.0","0.0","0.0","0.0","0.0","$1","$1"
"","981","Tim Boyle","15.0","9.0","QB","UNS","18","85.01","0.0","0.0","0.0","0.0","0.0","0.0","$1","$1"
"","982","Tyler Huntley","15.0","9.0","QB","BAL","13","50.01","0.0","12.0","0.0","0.0","0.0","0.0","$1","$1"
"","983","Davis Mills","15.0","9.0","QB","HOU","8","62.03","0.0","15.0","0.0","0.0","0.0","0.0","$1","$1"
"","984","Kyle Trask","15.0","9.0","QB","UNS","18","94.04","0.0","0.0","0.0","0.0","0.0","0.0","$1","$1"
"","985","Hendon Hooker","15.0","9.0","QB","TEN","9","64.01","0.0","0.0","0.0","0.0","0.0","0.0","$1","$1"
"","986","Malik Cunningham","15.0","9.0","QB","BAL","13","99.06","0.0","0.0","0.0","0.0","0.0","0.0","$1","$1"
"","987","Jaren Hall","15.0","9.0","QB","SEA","11","104.08","0.0","0.0","0.0","0.0","0.0","0.0","$1","$1"
"","988","Clayton Tune","15.0","9.0","QB","GB","11","69.03","0.0","10.0","0.0","0.0","0.0","0.0","$1","$1"
"","989","Tyson Bagent","15.0","9.0","QB","CHI","10","32.05","0.0","7.0","0.0","0.0","0.0","0.0","$1","$1"
"","990","Dorian Thompson-Robinson","15.0","9.0","QB","UNS","18","102.02","0.0","0.0","0.0","0.0","0.0","0.0","$1","$1"
"","991","Jake Haener","15.0","9.0","QB","UNS","18","86.02","0.0","0.0","0.0","0.0","0.0","0.0","$1","$1"
"","992","Mitchell 'Mitch' Trubisky","15.0","9.0","QB","TEN","9","48.03","0.0","12.0","0.0","0.0","0.0","0.0","$1","$1"
"","993","Taylor Heinicke","15.0","9.0","QB","UNS","18","111.01","0.0","0.0","0.0","0.0","0.0","0.0","$1","$1"
"","994","C.J. Beathard","15.0","9.0","QB","UNS","18","128.07","0.0","0.0","0.0","0.0","0.0","0.0","$1","$1"
"","995","Jeff Driskel","15.0","9.0","QB","UNS","18","93.06","0.0","0.0","0.0","0.0","0.0","0.0","$1","$1"
"","996","Carson Wentz","15.0","9.0","QB","MIN","6","100.08","0.0","3.0","0.0","0.0","0.0","0.0","$1","$1"
"","997","Trevor Siemian","15.0","9.0","QB","ATL","11","71.07","0.0","0.0","0.0","0.0","0.0","0.0","$1","$1"
"","998","Marcus Mariota","15.0","9.0","QB","WAS","7","58.08","0.0","13.0","0.0","0.0","0.0","0.0","$1","$1"
"","999","Jameis Winston","15.0","9.0","QB","NYG","8","28.07","0.0","11.0","0.0","0.0","0.0","0.0","$1","$1"
"","1000","Jimmy Garoppolo","15.0","9.0","QB","UNS","18","116.01","0.0","11.0","0.0","0.0","0.0","0.0","$1","$1"
"","1001","Drew Lock","15.0","9.0","QB","SEA","11","35.06","0.0","5.0","0.0","0.0","0.0","0.0","$1","$1"
"","1002","Will Grier","15.0","9.0","QB","CAR","5","128.07","0.0","0.0","0.0","0.0","0.0","0.0","$1","$1"
"","1003","Jarrett Stidham","15.0","9.0","QB","DEN","10","44.04","0.0","13.0","0.0","0.0","0.0","0.0","$1","$1"
"","1004","Mike White","15.0","9.0","QB","UNS","18","86.04","0.0","0.0","0.0","0.0","0.0","0.0","$1","$1"
"","1005","Brett Rypien","15.0","9.0","QB","IND","13","105.05","0.0","0.0","0.0","0.0","0.0","0.0","$1","$1"
"","1006","Jake Browning","15.0","9.0","QB","TB","10","84.07","0.0","5.0","0.0","0.0","0.0","0.0","$1","$1"
"","1007","Gardner Minshew","15.0","9.0","QB","ARI","14","35.01","0.0","23.0","0.0","0.0","0.0","0.0","$1","$1"
"","1008","Easton Stick","15.0","9.0","QB","UNS","18","65.05","0.0","0.0","0.0","0.0","0.0","0.0","$1","$1"
"","1009","Joe Flacco","15.0","9.0","QB","CIN","6","29.07","0.0","20.0","0.0","0.0","0.0","0.0","$1","$1"
"","1010","Philip Rivers","15.0","9.0","QB","IND","13","27.03","0.0","0.0","0.0","0.0","0.0","0.0","$1","$1"
"","1011","Derek Carr","15.0","9.0","QB","UNS","18","73.05","0.0","21.0","0.0","0.0","0.0","0.0","$1","$1"
"","1012","Teddy Bridgewater","15.0","9.0","QB","DET","6","57.04","0.0","14.0","0.0","0.0","0.0","0.0","$1","$1"
"","1013","Case Keenum","15.0","9.0","QB","CHI","10","114.03","0.0","0.0","0.0","0.0","0.0","0.0","$1","$1"
"","1014","Russell Wilson","15.0","9.0","QB","UNS","18","38.06","0.0","0.0","0.0","0.0","0.0","0.0","$1","$1"
"","1015","Ryan Tannehill","15.0","9.0","QB","UNS","18","128.07","0.0","0.0","0.0","0.0","0.0","0.0","$1","$1"
"","1016","Tyrod Taylor","15.0","9.0","QB","GB","11","68.07","0.0","12.0","0.0","0.0","0.0","0.0","$1","$1"
"","1017","Andy Dalton","15.0","9.0","QB","PHI","10","67.05","0.0","13.0","0.0","0.0","0.0","0.0","$1","$1"
"","1018","Blaine Gabbert","15.0","9.0","QB","KC","5","128.07","0.0","0.0","0.0","0.0","0.0","0.0","$1","$1"
"","1019","Jason Sanders","15.0","8.0","K","NYG","8","120.04","10.1","98.0","10.1","10.1","10.1","0.0","$1","$1"
"","1020","Matt Prater","15.0","9.0","K","BUF","7","27.07","0.0","106.0","0.0","0.0","0.0","0.0","$1","$1"
"","1021","Dustin Hopkins","15.0","9.0","K","UNS","18","82.04","0.0","0.0","0.0","0.0","0.0","0.0","$1","$1"
"","1022","Justin Tucker","15.0","9.0","K","UNS","18","27.06","0.0","0.0","0.0","0.0","0.0","0.0","$1","$1"
"","1023","Randy Bullock","15.0","9.0","K","NYG","8","128.07","0.0","0.0","0.0","0.0","0.0","0.0","$1","$1"
"","1024","Greg Zuerlein","15.0","9.0","K","UNS","18","34.02","0.0","0.0","0.0","0.0","0.0","0.0","$1","$1"
"","1025","Austin Seibert","15.0","9.0","K","WAS","7","55.02","0.0","0.0","0.0","0.0","0.0","0.0","$1","$1"
"","1026","Matthew Wright","15.0","9.0","K","BUF","7","78.03","0.0","0.0","0.0","0.0","0.0","0.0","$1","$1"
"","1027","Daniel Carlson","15.0","9.0","K","LVR","13","115.08","0.0","79.0","0.0","0.0","0.0","0.0","$1","$1"
"","1028","Brett Maher","15.0","9.0","K","LAR","11","128.07","0.0","0.0","0.0","0.0","0.0","0.0","$1","$1"
"","1029","Greg Joseph","15.0","9.0","K","UNS","18","38.07","0.0","0.0","0.0","0.0","0.0","0.0","$1","$1"
"","1030","Michael 'Mike' Badgley","15.0","9.0","K","BUF","7","46.01","0.0","106.0","0.0","0.0","0.0","0.0","$1","$1"
"","1031","Younghoe Koo","15.0","9.0","K","NYJ","13","33.07","0.0","106.0","0.0","0.0","0.0","0.0","$1","$1"
"","1032","Lucas Havrisik","15.0","9.0","K","GB","11","38.03","0.0","0.0","0.0","0.0","0.0","0.0","$1","$1"
"","1033","Riley Patterson","15.0","9.0","K","MIA","6","111.04","0.0","65.0","0.0","0.0","0.0","0.0","$1","$1"
"","1034","Matt Ammendola","15.0","9.0","K","HOU","8","128.07","0.0","0.0","0.0","0.0","0.0","0.0","$1","$1"
"","1035","Elliott Fry","15.0","9.0","K","DEN","10","128.07","0.0","0.0","0.0","0.0","0.0","0.0","$1","$1"
"","1036","Jake Bailey","15.0","9.0","K","ATL","11","128.07","0.0","0.0","0.0","0.0","0.0","0.0","$1","$1"
"","1037","Tress Way","15.0","9.0","K","WAS","7","128.07","0.0","0.0","0.0","0.0","0.0","0.0","$1","$1"
"","1038","Jordan Stout","15.0","9.0","K","BAL","13","128.07","0.0","0.0","0.0","0.0","0.0","0.0","$1","$1"
"","1039","Daniel Whelan","15.0","9.0","K","GB","11","128.07","0.0","0.0","0.0","0.0","0.0","0.0","$1","$1"
"","1040","John Hoyland","15.0","9.0","K","BAL","13","128.07","0.0","0.0","0.0","0.0","0.0","0.0","$1","$1"
"","1041","Caden Davis","15.0","9.0","K","UNS","18","33.03","0.0","0.0","0.0","0.0","0.0","0.0","$1","$1"
"","1042","Maddux Trujillo","15.0","9.0","K","IND","13","128.07","0.0","0.0","0.0","0.0","0.0","0.0","$1","$1"
"","1043","Lenny Krieg","15.0","9.0","K","ATL","11","128.07","0.0","113.0","0.0","0.0","0.0","0.0","$1","$1"
"","1044","Jamie Gillan","15.0","9.0","K","UNS","18","128.07","0.0","0.0","0.0","0.0","0.0","0.0","$1","$1"
"","1045","Mike Meyer","15.0","9.0","K","UNS","18","128.07","0.0","0.0","0.0","0.0","0.0","0.0","$1","$1"
"","1046","Tucker McCann","15.0","9.0","K","UNS","18","128.07","0.0","0.0","0.0","0.0","0.0","0.0","$1","$1"
"","1047","Tommy Townsend","15.0","9.0","K","HOU","8","128.07","0.0","0.0","0.0","0.0","0.0","0.0","$1","$1"
"","1048","Blake Gillikin","15.0","9.0","K","ARI","14","128.07","0.0","0.0","0.0","0.0","0.0","0.0","$1","$1"
"","1049","Bradley Pinion","15.0","9.0","K","ATL","11","128.07","0.0","0.0","0.0","0.0","0.0","0.0","$1","$1"
"","1050","Matthew Hayball","15.0","9.0","K","NO","8","128.07","0.0","0.0","0.0","0.0","0.0","0.0","$1","$1"
"","1051","Tory Taylor","15.0","9.0","K","CHI","10","128.07","0.0","0.0","0.0","0.0","0.0","0.0","$1","$1"
"","1052","Corey Bojorquez","15.0","9.0","K","CLE","11","128.07","0.0","0.0","0.0","0.0","0.0","0.0","$1","$1"
"","1053","Riley Dixon","15.0","9.0","K","DEN","10","128.07","0.0","0.0","0.0","0.0","0.0","0.0","$1","$1"
"","1054","Logan Cooke","15.0","9.0","K","JAC","7","128.07","0.0","0.0","0.0","0.0","0.0","0.0","$1","$1"
"","1055","Michael Dickson","15.0","9.0","K","SEA","11","128.07","0.0","0.0","0.0","0.0","0.0","0.0","$1","$1"
"","1056","Thomas Morstead","15.0","9.0","K","NYJ","13","128.07","0.0","0.0","0.0","0.0","0.0","0.0","$1","$1"
"","1057","Jack Fox","15.0","9.0","K","DET","6","128.07","0.0","0.0","0.0","0.0","0.0","0.0","$1","$1"
"","1058","Rigoberto Sanchez","15.0","9.0","K","IND","13","128.07","0.0","0.0","0.0","0.0","0.0","0.0","$1","$1"
"","1059","Ryan Rehkow","15.0","9.0","K","CIN","6","128.07","0.0","0.0","0.0","0.0","0.0","0.0","$1","$1"
"","1060","Corliss Waitman","15.0","9.0","K","SF","8","128.07","0.0","0.0","0.0","0.0","0.0","0.0","$1","$1"
"","1061","Dominic Zvada","15.0","9.0","K","NYG","8","128.07","0.0","72.0","0.0","0.0","0.0","0.0","$1","$1"
"","1062","Brayden Narveson","15.0","9.0","K","TEN","9","44.07","0.0","0.0","0.0","0.0","0.0","0.0","$1","$1"
"","1063","John Parker Romo","15.0","9.0","K","ATL","11","35.04","0.0","0.0","0.0","0.0","0.0","0.0","$1","$1"
"","1064","Jude McAtamney","15.0","9.0","K","UNS","18","34.03","0.0","0.0","0.0","0.0","0.0","0.0","$1","$1"
"","1065","Tristan Vizcaino","15.0","9.0","K","UNS","18","128.07","0.0","0.0","0.0","0.0","0.0","0.0","$1","$1"
"","1066","Ramiz Ahmed","15.0","9.0","K","WAS","7","128.07","0.0","0.0","0.0","0.0","0.0","0.0","$1","$1"
"","1067","Anders Carlson","15.0","9.0","K","UNS","18","77.08","0.0","0.0","0.0","0.0","0.0","0.0","$1","$1"