"","Rank","Player","Overall Tier","Pos. Tier","Pos","Team","Bye","ADP","Floor","Consensus","DS Proj","Ceiling","3D Proj","3d Value","Market $","Auction $"
"","1","Puka Nacua","1.0","1.0","WR","LAR","11","1.03","298.7","316.0","364.3","400.7","362.3","100.0","$63","$63"
"","2","Ja'Marr Chase","1.0","1.0","WR","CIN","6","1.04","303.7","324.0","345.1","407.2","354.5","95.5","$61","$60"
"","3","Jahmyr Gibbs","1.0","1.0","RB","DET","6","1.01","296.9","346.0","357.7","418.5","363.2","95.0","$65","$60"
"","4","Bijan Robinson","1.0","1.0","RB","ATL","11","1.02","298.8","352.0","351.5","411.3","358.2","92.3","$67","$58"
"","5","Christian McCaffrey","1.0","1.0","RB","SF","8","1.05","279.6","325.0","336.9","421.1","349.5","87.6","$55","$55"
"","6","Jaxon Smith-Njigba","2.0","2.0","WR","SEA","11","1.06","292.4","300.0","321.3","382.3","332.7","82.7","$53","$52"
"","7","Amon-Ra St. Brown","2.0","2.0","WR","DET","6","1.07","292.2","300.0","324.7","360.4","328.5","80.3","$48","$51"
"","8","CeeDee Lamb","2.0","2.0","WR","DAL","14","1.09","270.7","267.0","307.6","369.1","317.7","74.0","$47","$47"
"","9","Justin Jefferson","2.0","2.0","WR","MIN","6","1.11","255.2","270.0","296.7","385.7","313.4","71.5","$41","$45"
"","10","Jonathan Taylor","2.0","2.0","RB","IND","13","1.08","266.7","308.0","310.1","365.9","317.4","70.3","$59","$44"
"","11","Ashton Jeanty","2.0","2.0","RB","LVR","13","2.01","265.8","272.0","298.6","382.2","315.4","69.2","$45","$44"
"","12","James Cook","2.0","2.0","RB","BUF","7","1.12","256.0","269.0","294.3","359.0","305.0","63.6","$53","$40"
"","13","Drake London","3.0","3.0","WR","ATL","11","2.05","260.6","271.0","283.3","340.0","294.6","60.5","$39","$38"
"","14","A.J. Brown","3.0","3.0","WR","NE","11","3.02","240.5","258.0","282.9","350.8","293.7","60.0","$36","$38"
"","15","Rashee Rice","3.0","3.0","WR","KC","5","2.11","213.3","237.0","296.3","340.7","293.3","59.7","$31","$38"
"Injured","16","De'Von Achane","3.0","2.0","RB","MIA","6","1.10","255.0","289.0","280.2","358.7","297.0","59.3","$43","$37"
"","17","Saquon Barkley","3.0","2.0","RB","PHI","10","2.02","248.6","257.0","273.2","377.0","297.0","59.3","$44","$37"
"","18","Nico Collins","3.0","3.0","WR","HOU","8","2.09","253.1","241.0","281.2","340.3","292.2","59.1","$36","$37"
"","19","Kenneth Walker III","3.0","3.0","RB","KC","5","3.04","237.4","248.0","266.7","365.4","288.3","54.6","$35","$34"
"","20","Chase Brown","3.0","3.0","RB","CIN","6","3.01","228.7","268.0","272.3","356.7","287.4","54.1","$38","$34"
"","21","Omarion Hampton","3.0","3.0","RB","LAC","7","2.06","230.3","261.0","264.7","370.6","287.3","54.1","$40","$34"
"","22","George Pickens","3.0","3.0","WR","DAL","14","3.03","241.2","248.0","268.0","335.0","281.4","52.8","$35","$33"
"","23","Josh Allen","3.0","1.0","QB","BUF","7","2.10","306.7","362.0","378.7","439.3","382.1","52.2","$41","$33"
"","24","Brock Bowers","3.0","1.0","TE","LVR","13","2.08","242.6","240.0","260.9","315.7","272.5","51.5","$30","$32"
"","25","Trey McBride","3.0","1.0","TE","ARI","14","2.07","240.9","254.0","259.0","310.8","269.8","50.5","$28","$32"
"","26","Derrick Henry","3.0","3.0","RB","BAL","13","2.04","227.9","261.0","268.1","340.5","280.5","50.4","$49","$32"
"","27","Jeremiyah Love","3.0","3.0","RB","ARI","14","2.03","227.1","250.0","255.2","362.4","279.3","49.8","$40","$31"
"Value","28","Zay Flowers","4.0","4.0","WR","BAL","13","4.05","229.7","235.0","261.0","302.8","266.7","44.2","$27","$28"
"","29","Breece Hall","4.0","4.0","RB","NYJ","13","3.07","220.5","244.0","253.5","327.0","267.6","43.5","$31","$27"
"Injured","30","Chris Olave","4.0","4.0","WR","NO","8","3.06","222.0","244.0","258.1","307.1","264.9","43.1","$29","$27"
"","31","Colston Loveland","4.0","2.0","TE","CHI","10","4.03","202.0","226.0","246.3","290.6","250.3","43.0","$25","$27"
"Value","32","DeVonta Smith","4.0","4.0","WR","PHI","10","3.09","228.5","233.0","248.4","313.0","262.4","41.7","$23","$26"
"","33","Tee Higgins","4.0","4.0","WR","CIN","6","4.10","222.6","237.0","250.1","310.1","261.5","41.2","$22","$26"
"Value","34","Josh Jacobs","4.0","4.0","RB","GB","11","2.12","188.1","251.0","261.2","316.1","262.9","40.9","$30","$26"
"","35","Garrett Wilson","4.0","4.0","WR","NYJ","13","3.12","224.9","233.0","249.9","307.4","261.0","40.9","$26","$26"
"Injured","36","Malik Nabers","4.0","4.0","WR","NYG","8","3.05","194.5","223.0","240.1","340.9","259.3","39.9","$22","$25"
"","37","Javonte Williams","4.0","4.0","RB","DAL","14","3.10","213.7","231.0","248.5","310.6","259.1","38.9","$27","$25"
"","38","Travis Etienne","4.0","4.0","RB","NO","8","4.04","216.8","225.0","238.2","324.0","257.7","38.1","$25","$24"
"","39","Tyler Warren","4.0","2.0","TE","IND","13","4.07","194.6","207.0","234.5","272.0","237.5","38.1","$21","$24"
"","40","Kyren Williams","4.0","4.0","RB","LAR","11","3.11","221.3","232.0","240.5","307.8","255.4","36.9","$29","$23"
"","41","Lamar Jackson","4.0","1.0","QB","BAL","13","3.08","298.7","329.0","339.4","437.8","358.8","34.4","$22","$22"
"Injured","42","Cameron 'Cam' Skattebo","4.0","4.0","RB","NYG","8","4.02","197.9","230.0","235.6","311.0","249.3","33.6","$22","$21"
"Value","43","Jaylen Waddle","4.0","4.0","WR","DEN","10","5.08","204.7","213.0","235.3","303.5","248.3","33.4","$16","$21"
"Value","44","Davante Adams","5.0","5.0","WR","LAR","11","4.06","205.9","214.0","236.7","298.2","247.9","33.2","$16","$21"
"Injured","45","Tucker Kraft","5.0","3.0","TE","GB","11","9.04","177.2","191.0","213.5","271.1","222.6","32.5","$19","$20"
"","46","Drake Maye","5.0","1.0","QB","NE","11","4.08","296.0","317.0","340.2","428.7","356.3","32.5","$23","$20"
"","47","Joe Burrow","5.0","2.0","QB","CIN","6","5.02","293.8","315.0","341.6","423.6","355.3","31.7","$16","$20"
"Value","48","Terry McLaurin","5.0","5.0","WR","WAS","7","4.12","205.8","222.0","231.2","298.2","244.9","31.5","$20","$20"
"","49","Emeka Egbuka","5.0","5.0","WR","TB","10","4.09","199.4","205.0","229.2","304.8","244.4","31.2","$22","$20"
"Injured","50","Tetairoa McMillan","5.0","5.0","WR","CAR","5","4.01","206.6","226.0","229.5","298.4","244.1","31.1","$23","$20"
"Value","51","Christian Watson","5.0","5.0","WR","GB","11","7.12","198.1","189.0","233.0","295.9","243.8","31.0","$16","$20"
"","52","Luther Burden III","5.0","5.0","WR","CHI","10","6.06","196.3","209.0","228.2","305.8","243.6","30.9","$16","$19"
"","53","Jalen Hurts","5.0","2.0","QB","PHI","10","5.05","292.8","320.0","332.7","432.5","352.7","30.7","$16","$19"
"","54","Ladd McConkey","5.0","5.0","WR","LAC","7","5.04","199.8","218.0","227.1","304.3","243.2","30.7","$18","$19"
"","55","D'Andre Swift","5.0","5.0","RB","CHI","10","6.02","199.6","212.0","226.8","297.1","241.0","30.5","$19","$19"
"","56","Jayden Daniels","5.0","2.0","QB","WAS","7","4.11","285.9","314.0","332.4","432.1","351.1","30.1","$18","$19"
"Injured","57","Bucky Irving","5.0","5.0","RB","TB","10","5.01","190.4","213.0","213.9","308.0","235.3","29.2","$20","$18"
"","58","Harold Fannin Jr.","5.0","3.0","TE","CLE","11","5.11","183.2","193.0","203.6","256.5","214.3","28.2","$15","$18"
"","59","David Montgomery","5.0","5.0","RB","HOU","8","6.03","181.5","199.0","213.5","296.8","230.4","28.1","$17","$18"
"","60","Sam LaPorta","5.0","3.0","TE","DET","6","6.07","181.2","195.0","201.3","259.7","213.6","27.8","$17","$18"
"","61","TreVeyon Henderson","5.0","5.0","RB","NE","11","5.06","179.7","199.0","199.7","319.5","228.7","27.8","$11","$18"
"Injured","62","Quinshon Judkins","5.0","5.0","RB","CLE","11","5.03","187.2","209.0","205.7","296.2","227.0","27.4","$23","$17"
"","63","Caleb Williams","5.0","2.0","QB","CHI","10","8.05","282.4","299.0","324.6","418.7","342.6","27.0","$11","$17"
"Value","64","Trevor Lawrence","5.0","2.0","QB","JAC","7","10.01","278.3","303.0","327.4","412.5","341.7","26.7","$15","$17"
"","65","Justin Herbert","5.0","2.0","QB","LAC","7","10.08","279.1","305.0","324.5","415.4","341.0","26.4","$15","$17"
"","66","Jaylen Warren","6.0","6.0","RB","PIT","9","7.11","177.6","192.0","208.9","271.6","220.3","25.9","$7","$16"
"","67","Jameson Williams","6.0","5.0","WR","DET","6","6.01","195.4","202.0","217.1","286.6","232.1","25.6","$22","$16"
"","68","Brock Purdy","6.0","2.0","QB","SF","8","8.09","278.2","297.0","323.5","407.6","338.2","25.4","$10","$16"
"","69","Dak Prescott","6.0","2.0","QB","DAL","14","8.02","281.1","307.0","323.1","403.9","337.5","25.1","$15","$16"
"Value","70","Mike Evans","6.0","5.0","WR","SF","8","6.10","185.9","203.0","216.2","289.7","230.7","24.9","$17","$16"
"","71","Jaxson Dart","6.0","2.0","QB","NYG","8","6.04","278.2","302.0","316.1","417.3","336.8","24.9","$11","$16"
"","72","Rhamondre Stevenson","6.0","6.0","RB","NE","11","9.09","168.8","183.0","194.0","283.2","213.8","24.4","$7","$15"
"","73","Bhayshul Tuten","6.0","6.0","RB","JAC","7","6.08","158.5","194.0","182.2","307.9","212.2","24.1","$12","$15"
"","74","Rome Odunze","6.0","6.0","WR","CHI","10","6.05","184.1","195.0","209.2","295.0","228.0","23.7","$14","$15"
"","75","Tony Pollard","6.0","6.0","RB","TEN","9","7.08","164.3","186.0","186.7","281.9","208.6","23.2","$8","$15"
"","76","Chuba Hubbard","6.0","6.0","RB","CAR","5","7.01","155.9","179.0","183.4","291.6","207.9","23.1","$7","$15"
"Value","77","D.K. Metcalf","6.0","6.0","WR","PIT","9","7.03","184.2","196.0","219.3","269.7","226.7","23.1","$10","$15"
"Injured","78","Bo Nix","6.0","2.0","QB","DEN","10","10.07","279.2","290.0","310.2","409.5","331.7","23.0","$12","$14"
"Injured","79","Patrick Mahomes","6.0","2.0","QB","KC","5","9.11","276.2","306.0","306.9","417.4","331.5","23.0","$10","$14"
"Value","80","Kyler Murray","6.0","2.0","QB","MIN","6","13.09","271.3","290.0","308.3","416.2","331.0","22.8","$9","$14"
"","81","Kyle Pitts","6.0","4.0","TE","ATL","11","5.12","175.9","186.0","191.2","248.6","204.1","22.5","$12","$14"
"","82","Parker Washington","6.0","6.0","WR","JAC","7","8.12","180.7","181.0","215.1","275.3","225.3","22.4","$11","$14"
"","83","Jadarian Price","7.0","7.0","RB","SEA","11","5.09","145.6","183.0","173.3","306.7","204.7","22.4","$13","$14"
"","84","D.J. Moore","7.0","6.0","WR","BUF","7","5.10","180.2","191.0","207.1","283.7","223.1","21.4","$10","$13"
"","85","Rico Dowdle","7.0","7.0","RB","PIT","9","8.06","154.5","181.0","175.6","279.2","200.0","21.3","$7","$13"
"Injured","86","RJ Harvey","7.0","7.0","RB","DEN","10","9.12","145.7","164.0","173.4","287.8","199.6","21.2","$6","$13"
"","87","J.K. Dobbins","7.0","7.0","RB","DEN","10","9.02","149.7","170.0","176.1","278.2","199.2","21.1","$6","$13"
"Injured","88","George Kittle","7.0","4.0","TE","SF","8","6.11","113.9","183.0","189.8","282.8","201.4","21.0","$12","$13"
"","89","Jared Goff","7.0","3.0","QB","DET","6","13.04","278.2","289.0","302.4","402.2","325.2","20.7","$6","$13"
"Value","90","Michael Pittman Jr.","7.0","6.0","WR","PIT","9","7.04","182.7","189.0","210.0","266.7","220.5","20.2","$8","$13"
"Sleeper","91","Jonathon Brooks","7.0","7.0","RB","CAR","5","11.03","131.2","123.0","156.2","307.7","193.0","19.7","$7","$12"
"","92","Marvin Harrison Jr.","7.0","6.0","WR","ARI","14","6.09","177.6","191.0","201.8","282.5","219.4","19.7","$9","$12"
"","93","Jordan Love","7.0","3.0","QB","GB","11","14.09","279.6","276.0","294.3","406.1","322.1","19.5","$4","$12"
"","94","Rachaad White","7.0","7.0","RB","WAS","7","9.05","126.4","159.0","168.5","281.4","191.6","19.4","$5","$12"
"","95","Matthew Stafford","7.0","3.0","QB","LAR","11","8.01","276.1","286.0","296.9","400.8","321.5","19.3","$4","$12"
"","96","Carnell Tate","7.0","6.0","WR","TEN","9","5.07","169.3","193.0","201.6","284.3","218.3","19.2","$11","$12"
"","97","Courtland Sutton","7.0","6.0","WR","DEN","10","7.05","178.1","183.0","207.1","267.2","218.2","19.2","$7","$12"
"Sleeper","98","Tyler Shough","7.0","3.0","QB","NO","8","13.08","269.0","269.0","295.6","405.0","320.6","19.0","$7","$12"
"","99","Jordyn Tyson","7.0","6.0","WR","NO","8","7.07","166.9","176.0","201.1","283.6","217.4","18.8","$8","$12"
"Value","100","Jayden Reed","7.0","6.0","WR","GB","11","12.05","173.0","175.0","203.5","270.7","216.3","18.3","$6","$12"
"Injured","101","Alec Pierce","7.0","6.0","WR","IND","13","7.06","174.2","195.0","202.6","271.5","216.2","18.3","$13","$12"
"","102","Jordan Addison","7.0","6.0","WR","MIN","6","11.06","172.6","170.0","203.1","270.1","215.8","18.1","$6","$11"
"Value","103","Jakobi Meyers","7.0","6.0","WR","JAC","7","9.01","178.5","172.0","205.2","260.6","215.5","17.9","$4","$11"
"","104","Baker Mayfield","7.0","3.0","QB","TB","10","14.01","274.8","277.0","289.3","402.1","317.4","17.8","$7","$11"
"","105","Kyle Monangai","8.0","8.0","RB","CHI","10","10.02","141.1","153.0","155.0","271.3","184.2","17.8","$5","$11"
"","106","Brian Thomas Jr.","8.0","6.0","WR","JAC","7","8.08","169.8","176.0","193.0","289.5","215.1","17.7","$13","$11"
"","107","Travis Kelce","8.0","4.0","TE","KC","5","7.10","162.7","186.0","189.2","227.0","194.7","17.2","$9","$11"
"","108","Kenneth Gainwell","8.0","8.0","RB","TB","10","9.03","136.1","158.0","156.4","256.5","180.0","16.8","$5","$11"
"","109","Ricky Pearsall","8.0","6.0","WR","SF","8","10.06","161.4","165.0","199.2","274.9","213.0","16.8","$6","$11"
"","110","Jordan Mason","8.0","8.0","RB","MIN","6","13.03","131.0","136.0","156.0","255.8","178.7","16.5","$5","$10"
"","111","Blake Corum","8.0","8.0","RB","LAR","11","10.12","134.8","141.0","141.9","281.0","178.6","16.5","$7","$10"
"","112","Quentin Johnston","8.0","6.0","WR","LAC","7","11.12","161.7","168.0","194.8","280.5","212.2","16.4","$5","$10"
"","113","Tyjae Spears","8.0","8.0","RB","TEN","9","12.09","129.5","141.0","154.2","248.3","175.4","15.8","$3","$10"
"","114","Aaron Jones","8.0","8.0","RB","MIN","6","8.03","123.6","165.0","154.5","248.7","174.6","15.6","$5","$10"
"","115","Malik Willis","8.0","3.0","QB","MIA","6","16.05","266.7","266.0","274.9","409.6","310.2","15.2","$4","$10"
"","116","Josh Downs","8.0","7.0","WR","IND","13","11.07","161.0","179.0","191.7","276.0","209.1","15.0","$4","$9"
"","117","Chris Godwin","8.0","7.0","WR","TB","10","8.11","160.4","182.0","190.9","276.8","208.8","14.8","$3","$9"
"","118","Xavier Worthy","8.0","7.0","WR","KC","5","11.05","157.6","169.0","189.9","279.2","208.4","14.7","$4","$9"
"","119","Jacory Croskey-Merritt","9.0","9.0","RB","WAS","7","11.09","117.0","136.0","132.9","279.1","169.9","14.6","$8","$9"
"","120","Brandon Aubrey","9.0","1.0","K","DAL","14","6.12","157.4","147.0","176.8","190.9","177.1","14.4","$7","$9"
"","121","C.J. Stroud","9.0","3.0","QB","HOU","8","16.01","269.9","265.0","278.2","389.5","307.1","14.1","$5","$9"
"Injured","122","Zach Charbonnet","9.0","9.0","RB","SEA","11","12.04","101.3","159.0","126.6","284.9","165.2","13.5","$4","$9"
"Injured","123","Daniel Jones","9.0","3.0","QB","IND","13","15.10","259.1","255.0","275.6","394.1","304.9","13.3","$4","$8"
"","124","Woody Marks","9.0","9.0","RB","HOU","8","12.06","117.8","116.0","130.9","251.3","161.4","12.6","$4","$8"
"","125","Makai Lemon","9.0","7.0","WR","PHI","10","9.07","151.9","158.0","178.7","285.9","203.1","12.2","$4","$8"
"","126","Dylan Sampson","9.0","9.0","RB","CLE","11","85.04","116.0","102.0","133.3","239.9","159.2","12.2","$3","$8"
"","127","Isiah Pacheco","9.0","9.0","RB","DET","6","12.08","111.3","103.0","125.1","256.5","158.4","12.0","$5","$8"
"","128","Alvin Kamara","10.0","10.0","RB","NO","8","12.12","105.8","105.0","117.6","264.6","155.6","11.3","$3","$7"
"","129","Stefon Diggs","10.0","7.0","WR","UNS","18","14.12","135.5","167.0","190.8","263.3","200.5","11.0","$3","$7"
"","130","Romeo Doubs","10.0","7.0","WR","NE","11","12.07","155.5","169.0","185.1","261.0","200.4","11.0","$4","$7"
"Injured","131","Chris Rodriguez","10.0","10.0","RB","JAC","7","15.04","103.5","112.0","112.5","267.8","153.2","10.8","$6","$7"
"","132","Cameron Dicker","10.0","1.0","K","LAC","7","9.06","151.3","139.0","170.0","181.9","169.9","10.7","$6","$7"
"","133","Tyrone Tracy Jr.","10.0","10.0","RB","NYG","8","16.09","103.0","113.0","113.2","260.4","151.5","10.4","$4","$7"
"","134","KC Concepcion","10.0","7.0","WR","CLE","11","11.02","146.4","151.0","183.0","265.4","198.8","10.2","$5","$6"
"","135","Michael Wilson","10.0","7.0","WR","ARI","14","10.05","147.8","182.0","180.2","264.9","197.4","9.6","$3","$6"
"Sleeper","136","Dalton Kincaid","10.0","5.0","TE","BUF","7","13.05","155.6","162.0","167.3","225.9","181.2","9.6","$9","$6"
"Sleeper","137","Jayden Higgins","10.0","7.0","WR","HOU","8","14.03","152.4","157.0","173.2","275.4","197.3","9.5","$3","$6"
"","138","Wan'Dale Robinson","10.0","7.0","WR","TEN","9","9.10","158.9","173.0","178.5","260.6","197.3","9.5","$3","$6"
"","139","Sam Darnold","10.0","4.0","QB","SEA","11","15.03","256.3","260.0","258.9","388.4","293.8","9.3","$1","$6"
"Sleeper","140","Cameron 'Cam' Ward","10.0","4.0","QB","TEN","9","16.10","252.8","239.0","258.0","392.2","293.7","9.2","$2","$6"
"","141","Aaron Rodgers","10.0","4.0","QB","PIT","9","80.12","254.1","228.0","259.3","386.4","293.0","9.0","$2","$6"
"","142","Seattle Seahawks","10.0","1.0","DEF","SEA","11","8.04","119.0","77.0","119.0","119.0","119.0","8.9","$2","$6"
"","143","Matthew Golden","10.0","7.0","WR","GB","11","10.03","151.2","155.0","166.1","284.0","195.6","8.8","$5","$6"
"","144","Denver Broncos","10.0","1.0","DEF","DEN","10","7.09","118.6","82.0","118.6","118.6","118.6","8.8","$1","$6"
"","145","Mark Andrews","10.0","5.0","TE","BAL","13","12.03","153.7","158.0","167.1","222.2","179.7","8.7","$12","$5"
"","146","Khalil Shakir","10.0","7.0","WR","BUF","7","11.10","158.3","169.0","179.9","248.3","194.6","8.3","$2","$5"
"","147","Jake Ferguson","10.0","5.0","TE","DAL","14","9.08","161.8","170.0","170.3","206.1","178.5","8.1","$3","$5"
"","148","Dallas Goedert","10.0","5.0","TE","PHI","10","8.10","152.3","166.0","167.4","217.6","178.4","8.0","$8","$5"
"","149","Houston Texans","10.0","1.0","DEF","HOU","8","7.02","116.9","82.0","116.9","116.9","116.9","8.0","$1","$5"
"","150","Kaytron Allen","11.0","11.0","RB","WAS","7","77.09","85.6","37.0","93.0","265.1","138.6","7.5","$5","$5"
"","151","Ka'imi Fairbairn","11.0","2.0","K","HOU","8","10.11","148.6","140.0","159.8","177.4","162.6","6.9","$4","$4"
"","152","New England Patriots","11.0","1.0","DEF","NE","11","11.01","112.7","71.0","112.7","112.7","112.7","6.2","$2","$4"
"","153","Keaton Mitchell","11.0","11.0","RB","LAC","7","83.12","94.7","80.0","105.2","211.5","132.3","6.1","$2","$4"
"","154","Tyler Allgeier","11.0","11.0","RB","ARI","14","15.07","87.7","92.0","107.0","210.8","131.8","6.0","$4","$4"
"","155","Brian Robinson Jr.","11.0","11.0","RB","ATL","11","16.06","86.8","97.0","105.9","211.8","131.3","5.9","$4","$4"
"","156","Bryce Young","11.0","4.0","QB","CAR","5","17.05","242.3","244.0","244.7","391.5","284.3","5.8","$1","$4"
"","157","Jonah Coleman","11.0","11.0","RB","DEN","10","75.03","75.4","50.0","83.8","259.8","130.3","5.7","$2","$4"
"","158","Brenton Strange","11.0","5.0","TE","JAC","7","15.12","146.8","155.0","164.9","209.4","173.8","5.4","$6","$3"
"","159","Justice Hill","12.0","12.0","RB","BAL","13","82.03","91.2","98.0","101.3","202.6","127.1","4.9","$3","$3"
"","160","MarShawn Lloyd","12.0","12.0","RB","GB","11","82.08","64.1","50.0","82.2","254.8","126.0","4.7","$3","$3"
"","161","Jacoby Brissett","12.0","4.0","QB","ARI","14","85.06","234.1","245.0","246.4","381.9","281.1","4.6","$2","$3"
"","162","Minnesota Vikings","12.0","1.0","DEF","MIN","6","13.07","109.1","78.0","109.1","109.1","109.1","4.6","$1","$3"
"","163","Tyler Loop","12.0","2.0","K","BAL","13","14.06","143.6","129.0","152.8","178.8","158.2","4.6","$2","$3"
"","164","Green Bay Packers","12.0","2.0","DEF","GB","11","16.12","108.6","65.0","108.6","108.6","108.6","4.4","$1","$3"
"","165","Baltimore Ravens","12.0","2.0","DEF","BAL","13","12.02","108.6","70.0","108.6","108.6","108.6","4.4","$1","$3"
"","166","Calvin Ridley","12.0","8.0","WR","TEN","9","15.05","141.8","113.0","164.9","257.2","185.9","4.3","$5","$3"
"","167","Cam Little","12.0","2.0","K","JAC","7","11.11","145.2","125.0","151.3","178.5","157.6","4.3","$2","$3"
"Sleeper","168","Jalen McMillan","12.0","8.0","WR","TB","10","14.11","135.6","126.0","159.5","271.2","185.6","4.2","$6","$3"
"","169","Emmett Johnson","12.0","12.0","RB","KC","5","19.08","70.0","40.0","83.3","237.4","122.9","4.0","$3","$3"
"","170","Rashid Shaheed","12.0","8.0","WR","SEA","11","14.04","141.4","139.0","164.4","254.8","184.9","3.8","$3","$2"
"","171","Fernando Mendoza","12.0","4.0","QB","LVR","13","15.08","232.7","243.0","237.4","391.7","278.6","3.7","$1","$2"
"","172","Pittsburgh Steelers","12.0","2.0","DEF","PIT","9","10.10","107.1","77.0","107.1","107.1","107.1","3.7","$1","$2"
"","173","Omar Cooper Jr.","12.0","8.0","WR","NYJ","13","14.07","139.6","131.0","153.4","276.1","184.4","3.6","$4","$2"
"","174","Nicholas Singleton","12.0","12.0","RB","TEN","9","20.04","59.9","29.0","70.5","260.9","120.5","3.5","$2","$2"
"Injured","175","Kenyon Sadiq","12.0","5.0","TE","NYJ","13","12.11","139.7","143.0","155.2","220.4","170.2","3.4","$4","$2"
"Sleeper","176","Isaiah Likely","12.0","5.0","TE","NYG","8","11.04","147.1","158.0","158.2","208.8","170.0","3.3","$8","$2"
"","177","Cairo Santos","12.0","2.0","K","CHI","10","15.06","142.5","128.0","151.6","174.3","156.1","3.3","$2","$2"
"","178","Jake Bates","12.0","2.0","K","DET","6","13.01","146.6","130.0","149.6","175.0","156.0","3.2","$2","$2"
"","179","Deebo Samuel","12.0","8.0","WR","UNS","18","24.04","119.3","131.0","170.4","252.2","183.4","3.1","$5","$2"
"","180","Deshaun Watson","12.0","4.0","QB","CLE","11","80.11","207.8","174.0","218.7","437.4","276.4","2.9","$2","$2"
"","181","Hunter Henry","12.0","5.0","TE","NE","11","14.05","147.3","154.0","158.4","205.9","169.3","2.9","$8","$2"
"","182","Geno Smith","12.0","4.0","QB","NYJ","13","86.01","228.1","240.0","237.6","384.9","276.1","2.8","$2","$2"
"","183","Eddy Pineiro","12.0","2.0","K","SF","8","12.10","143.7","130.0","151.3","172.5","155.7","2.8","$1","$2"
"","184","Harrison Mevis","12.0","2.0","K","LAR","11","12.01","145.1","133.0","149.6","175.0","155.7","2.8","$1","$2"
"","185","Los Angeles Rams","13.0","2.0","DEF","LAR","11","8.07","105.7","78.0","105.7","105.7","105.7","2.6","$1","$2"
"","186","Braelon Allen","13.0","13.0","RB","NYJ","13","82.10","72.9","83.0","76.7","226.3","116.8","2.6","$2","$2"
"","187","Kansas City Chiefs","13.0","2.0","DEF","KC","5","15.09","105.5","66.0","105.5","105.5","105.5","2.4","$1","$2"
"","188","Mike Washington Jr.","13.0","13.0","RB","LVR","13","83.02","63.9","68.0","76.1","228.3","115.4","2.3","$1","$1"
"","189","Trey Smack","13.0","2.0","K","GB","11","19.03","143.3","134.0","149.3","174.7","155.1","2.1","$1","$1"
"Injured","190","James Conner","13.0","13.0","RB","ARI","14","18.02","76.4","56.0","92.1","184.2","114.4","2.1","$1","$1"
"","191","Denzel Boston","13.0","8.0","WR","CLE","11","16.02","130.3","133.0","151.5","272.7","180.7","1.9","$2","$1"
"","192","Jacksonville Jaguars","13.0","2.0","DEF","JAC","7","13.11","104.5","69.0","104.5","104.5","104.5","1.5","$1","$1"
"","193","Juwan Johnson","13.0","6.0","TE","NO","8","15.02","143.4","152.0","157.6","200.2","166.6","1.3","$2","$1"
"","194","Sean Tucker","13.0","13.0","RB","TB","10","81.03","68.5","55.0","74.5","212.3","111.0","1.3","$1","$1"
"","195","Jaydon Blue","13.0","13.0","RB","DAL","14","80.01","62.3","44.0","73.3","216.2","110.3","1.2","$1","$1"
"","196","George Holani","13.0","13.0","RB","SEA","11","81.07","65.7","42.0","82.1","192.9","109.3","0.9","$1","$1"
"","197","New York Giants","13.0","2.0","DEF","NYG","8","19.09","103.6","64.0","103.6","103.6","103.6","0.8","$1","$1"
"","198","Wil Lutz","13.0","2.0","K","DEN","10","82.07","144.9","121.0","147.9","171.6","153.8","0.7","$1","$1"
"","199","Isaiah Davis","13.0","13.0","RB","NYJ","13","80.05","75.4","51.0","79.4","186.6","107.9","0.6","$1","$1"
"","200","Christopher 'Chris' Brooks","13.0","13.0","RB","GB","11","24.12","60.3","61.0","67.0","217.8","106.9","0.4","$1","$1"
"","201","Harrison Butker","13.0","2.0","K","KC","5","13.06","145.0","124.0","148.0","170.2","153.5","0.3","$1","$1"
"","202","Samaje Perine","14.0","14.0","RB","CIN","6","84.07","77.9","92.0","91.6","155.7","106.6","0.3","$1","$1"
"","203","Tre Tucker","13.0","8.0","WR","LVR","13","17.04","133.6","133.0","155.4","250.2","177.3","0.3","$2","$1"
"Injured","204","Trey Benson","14.0","14.0","RB","ARI","14","77.07","65.4","14.0","76.0","193.8","106.2","0.3","$1","$1"
"","205","Ty Johnson","14.0","14.0","RB","BUF","7","81.08","74.7","83.0","87.9","162.6","105.9","0.2","$1","$1"
"","206","Charlie Smyth","14.0","2.0","K","NO","8","84.03","143.5","119.0","147.9","170.1","153.2","0.0","$1","$1"
"","207","Philadelphia Eagles","14.0","2.0","DEF","PHI","10","11.08","102.7","68.0","102.7","102.7","102.7","0.0","$2","$1"
"","208","Nick Chubb","14.0","14.0","RB","UNS","18","41.09","57.8","24.0","82.6","181.7","105.1","0.0","$1","$1"
"","209","Jalen Coker","14.0","8.0","WR","CAR","5","13.10","135.9","156.0","151.0","252.2","175.9","0.0","$1","$1"
"","210","Los Angeles Chargers","14.0","2.0","DEF","LAC","7","14.10","102.2","66.0","102.2","102.2","102.2","0.0","$1","$1"
"","211","Buffalo Bills","14.0","2.0","DEF","BUF","7","82.01","102.0","71.0","102.0","102.0","102.0","0.0","$1","$1"
"Injured","212","Najee Harris","14.0","14.0","RB","UNS","18","45.11","52.5","37.0","80.7","177.5","102.0","0.0","$1","$1"
"","213","Keenan Allen","14.0","8.0","WR","UNS","18","78.06","112.9","95.0","159.0","246.5","174.5","0.0","$1","$1"
"","214","T.J. Hockenson","14.0","6.0","TE","MIN","6","13.02","139.0","145.0","152.8","197.1","162.4","0.0","$1","$1"
"","215","Chicago Bears","14.0","2.0","DEF","CHI","10","18.10","101.5","68.0","101.5","101.5","101.5","0.0","$1","$1"
"","216","Dalton Schultz","14.0","6.0","TE","HOU","8","17.02","143.2","144.0","154.0","191.0","162.1","0.0","$1","$1"
"","217","Brashard Smith","14.0","14.0","RB","KC","5","75.12","63.1","39.0","77.0","169.4","99.7","0.0","$1","$1"
"","218","Emanuel Wilson","14.0","14.0","RB","SEA","11","82.09","53.8","52.0","67.2","194.9","99.6","0.0","$1","$1"
"","219","Chris Boswell","14.0","2.0","K","PIT","9","14.08","142.9","122.0","145.8","170.6","152.0","0.0","$1","$1"
"","220","Adonai Mitchell","14.0","8.0","WR","NYJ","13","82.12","128.4","107.0","139.6","272.2","173.7","0.0","$1","$1"
"Injured","221","Tyreek Hill","14.0","8.0","WR","UNS","18","16.04","82.4","132.0","149.8","281.6","173.5","0.0","$1","$1"
"","222","Jordan James","14.0","14.0","RB","SF","8","81.04","52.9","69.0","58.8","205.8","97.8","0.0","$1","$1"
"","223","Joe Mixon","14.0","14.0","RB","UNS","18","52.07","45.9","21.0","76.5","172.1","97.0","0.0","$1","$1"
"","224","Tank Bigsby","15.0","15.0","RB","PHI","10","16.07","53.0","71.0","55.8","206.5","96.4","0.0","$1","$1"
"","225","Andres Borregales","15.0","2.0","K","NE","11","83.03","141.8","120.0","146.2","168.1","151.4","0.0","$1","$1"
"","226","Chigoziem 'Chig' Okonkwo","15.0","6.0","TE","WAS","7","17.03","138.7","137.0","144.5","206.6","160.4","0.0","$1","$1"
"","227","LeQuint Allen","15.0","15.0","RB","JAC","7","81.01","69.7","44.0","75.8","151.6","95.4","0.0","$1","$1"
"","228","Jerry Jeudy","15.0","9.0","WR","CLE","11","15.11","123.8","122.0","143.9","259.0","171.6","0.0","$1","$1"
"","229","Jauan Jennings","15.0","9.0","WR","MIN","6","17.09","122.1","136.0","138.7","270.5","171.6","0.0","$1","$1"
"","230","Tampa Bay Buccaneers","15.0","2.0","DEF","TB","10","20.06","100.0","63.0","100.0","100.0","100.0","0.0","$1","$1"
"","231","Austin Ekeler","15.0","15.0","RB","UNS","18","48.02","52.1","29.0","69.5","173.8","94.8","0.0","$6","$1"
"","232","Kaelon Black","15.0","15.0","RB","SF","8","20.12","49.6","59.0","55.1","203.9","94.7","0.0","$1","$1"
"","233","Oronde Gadsden II","15.0","6.0","TE","LAC","7","16.11","132.9","132.0","138.4","218.7","159.3","0.0","$1","$1"
"","234","Brandon Aiyuk","15.0","9.0","WR","UNS","18","80.03","86.2","109.0","143.7","280.2","170.5","0.0","$1","$1"
"","235","Detroit Lions","15.0","2.0","DEF","DET","6","13.12","99.4","70.0","99.4","99.4","99.4","0.0","$1","$1"
"","236","Germie Bernard","15.0","9.0","WR","PIT","9","20.02","124.6","113.0","141.6","257.7","170.2","0.0","$1","$1"
"","237","Jason Myers","15.0","3.0","K","SEA","11","10.09","142.1","143.0","145.0","166.8","150.4","0.0","$1","$1"
"","238","Kareem Hunt","15.0","15.0","RB","UNS","18","46.12","50.8","22.0","72.6","156.1","91.4","0.0","$1","$1"
"","239","Jaylen Wright","15.0","15.0","RB","MIA","6","79.10","48.9","53.0","57.5","186.9","91.2","0.0","$1","$1"
"","240","Kendre Miller","15.0","15.0","RB","NO","8","45.05","44.1","33.0","55.1","192.9","90.7","0.0","$1","$1"
"","241","San Francisco 49ers","15.0","2.0","DEF","SF","8","17.07","98.8","63.0","98.8","98.8","98.8","0.0","$1","$1"
"","242","Demond Claiborne","15.0","15.0","RB","MIN","6","80.08","44.3","24.0","52.1","198.0","90.5","0.0","$1","$1"
"","243","Antonio Gibson","15.0","15.0","RB","UNS","18","36.05","48.3","9.0","74.3","148.6","89.8","0.0","$1","$1"
"","244","Chase McLaughlin","15.0","3.0","K","TB","10","16.08","140.2","128.0","144.5","167.6","150.0","0.0","$1","$1"
"","245","Ollie Gordon II","15.0","15.0","RB","MIA","6","80.04","46.8","39.0","49.3","187.3","86.5","0.0","$1","$1"
"","246","Tua Tagovailoa","15.0","5.0","QB","ATL","11","85.05","201.7","238.0","207.9","390.9","256.7","0.0","$1","$1"
"","247","Will Reichard","15.0","3.0","K","MIN","6","15.01","139.9","123.0","142.8","168.5","149.3","0.0","$1","$1"
"Injured","248","Michael Penix Jr.","15.0","5.0","QB","ATL","11","78.09","205.7","186.0","209.9","379.9","255.5","0.0","$1","$1"
"","249","Kimani Vidal","15.0","15.0","RB","LAC","7","81.02","59.0","56.0","64.1","141.0","84.2","0.0","$1","$1"
"","250","Adam Randall","15.0","15.0","RB","BAL","13","78.07","41.7","46.0","49.0","181.3","83.8","0.0","$1","$1"
"","251","Devin Singletary","15.0","15.0","RB","NYG","8","58.07","49.2","33.0","54.7","164.1","83.5","0.0","$1","$1"
"","252","Malik Davis","15.0","15.0","RB","DAL","14","86.03","45.1","56.0","50.1","175.4","83.4","0.0","$1","$1"
"","253","Antonio Williams","15.0","9.0","WR","WAS","7","84.04","116.7","123.0","126.8","276.4","165.8","0.0","$1","$1"
"","254","DJ Giddens","15.0","15.0","RB","IND","13","79.12","43.7","42.0","48.6","165.2","79.5","0.0","$1","$1"
"","255","Alexander Mattison","15.0","15.0","RB","UNS","18","41.04","48.7","6.0","57.3","143.3","79.2","0.0","$1","$1"
"","256","Tyler Bass","15.0","3.0","K","BUF","7","83.04","138.5","121.0","142.8","164.2","147.9","0.0","$1","$1"
"","257","Jake Moody","15.0","3.0","K","WAS","7","79.09","138.3","115.0","141.1","167.9","147.9","0.0","$1","$1"
"","258","Jalen Nailor","15.0","9.0","WR","LVR","13","20.08","120.9","126.0","134.3","251.1","163.7","0.0","$1","$1"
"","259","Cleveland Browns","15.0","3.0","DEF","CLE","11","14.02","95.6","65.0","95.6","95.6","95.6","0.0","$1","$1"
"","260","Miles Sanders","15.0","15.0","RB","UNS","18","62.08","49.4","0.0","56.1","138.6","77.4","0.0","$1","$1"
"","261","Kaleb Johnson","15.0","15.0","RB","PIT","9","79.01","37.1","18.0","42.2","173.0","77.0","0.0","$5","$1"
"","262","Kyle Juszczyk","15.0","15.0","RB","SF","8","24.08","55.3","51.0","61.4","122.8","77.0","0.0","$1","$1"
"","263","Jake Elliott","15.0","3.0","K","PHI","10","18.04","138.5","116.0","142.8","162.8","147.5","0.0","$1","$1"
"","264","Cade Otton","15.0","7.0","TE","TB","10","85.03","134.8","121.0","140.4","186.7","152.0","0.0","$1","$1"
"","265","Jerome Ford","15.0","15.0","RB","WAS","7","23.04","39.3","29.0","47.4","151.7","74.4","0.0","$1","$1"
"","266","Jeremy McNichols","15.0","15.0","RB","WAS","7","61.08","45.1","25.0","50.1","137.8","73.1","0.0","$1","$1"
"","267","Tre Harris","15.0","9.0","WR","LAC","7","85.01","110.0","97.0","122.2","268.8","160.0","0.0","$1","$1"
"","268","Ray Davis","15.0","15.0","RB","BUF","7","84.10","38.1","50.0","50.8","132.1","70.7","0.0","$1","$1"
"","269","Shedeur Sanders","15.0","5.0","QB","CLE","11","18.05","185.5","223.0","195.3","390.6","246.8","0.0","$1","$1"
"Injured","270","AJ Barner","15.0","7.0","TE","SEA","11","17.08","128.1","121.0","133.4","198.8","150.3","0.0","$1","$1"
"","271","Seth McGowan","15.0","15.0","RB","IND","13","80.07","33.2","30.0","39.1","156.4","70.0","0.0","$1","$1"
"","272","Carson Beck","15.0","5.0","QB","ARI","14","26.02","185.9","162.0","191.7","393.0","245.6","0.0","$1","$1"
"","273","Jarquez Hunter","15.0","15.0","RB","LAR","11","58.04","29.2","18.0","34.3","161.2","68.0","0.0","$1","$1"
"","274","Cooper Kupp","15.0","10.0","WR","SEA","11","17.11","111.5","102.0","126.7","253.4","158.5","0.0","$6","$1"
"","275","Tennessee Titans","15.0","3.0","DEF","TEN","9","79.02","92.6","62.0","92.6","92.6","92.6","0.0","$1","$1"
"","276","Eli Heidenreich","15.0","15.0","WR","PIT","9","31.08","36.9","16.0","43.4","130.2","65.9","0.0","$1","$1"
"","277","Phil Mafah","15.0","15.0","RB","DAL","14","43.12","33.6","33.0","36.5","146.0","65.8","0.0","$1","$1"
"","278","Gunnar Helm","15.0","7.0","TE","TEN","9","21.05","124.1","123.0","133.4","193.4","148.1","0.0","$1","$1"
"","279","Darius Slayton","15.0","10.0","WR","NYG","8","79.04","112.1","95.0","124.6","249.2","156.3","0.0","$1","$1"
"","280","Arizona Cardinals","15.0","3.0","DEF","ARI","14","20.05","91.7","59.0","91.7","91.7","91.7","0.0","$1","$1"
"","281","Emari Demercado","15.0","15.0","RB","KC","5","79.05","36.8","59.0","43.3","121.2","63.4","0.0","$1","$1"
"","282","Dallas Cowboys","15.0","3.0","DEF","DAL","14","16.03","91.5","65.0","91.5","91.5","91.5","0.0","$1","$1"
"","283","Ryan Fitzgerald","15.0","3.0","K","CAR","5","83.08","133.9","111.0","139.5","161.8","144.6","0.0","$1","$1"
"","284","Trevor Etienne","15.0","15.0","RB","CAR","5","73.04","40.9","28.0","45.4","109.0","61.9","0.0","$1","$1"
"","285","Ryan Flournoy","15.0","10.0","WR","DAL","14","84.05","107.0","106.0","121.6","255.4","155.4","0.0","$1","$1"
"","286","Kirk Cousins","15.0","5.0","QB","LVR","13","79.03","186.2","187.0","190.0","380.0","241.1","0.0","$1","$1"
"","287","New Orleans Saints","15.0","3.0","DEF","NO","8","84.12","91.0","66.0","91.0","91.0","91.0","0.0","$1","$1"
"","288","Indianapolis Colts","15.0","3.0","DEF","IND","13","85.07","91.0","61.0","91.0","91.0","91.0","0.0","$1","$1"
"","289","Evan McPherson","15.0","3.0","K","CIN","6","17.01","135.0","124.0","136.4","166.4","144.3","0.0","$2","$1"
"","290","Devin Neal","15.0","15.0","RB","NO","8","22.03","36.5","31.0","43.5","108.8","60.0","0.0","$1","$1"
"","291","Ty Chandler","15.0","15.0","RB","NO","8","76.05","34.9","30.0","43.6","109.0","59.9","0.0","$1","$1"
"","292","New York Jets","15.0","3.0","DEF","NYJ","13","81.05","90.7","58.0","90.7","90.7","90.7","0.0","$1","$1"
"","293","Pat Freiermuth","15.0","7.0","TE","PIT","9","17.12","120.9","132.0","131.4","191.8","146.0","0.0","$1","$1"
"","294","Kenny McIntosh","15.0","15.0","RB","SEA","11","53.10","29.6","9.0","32.9","131.6","59.2","0.0","$1","$1"
"","295","Jaydn Ott","15.0","15.0","RB","KC","5","86.03","23.9","14.0","29.9","140.5","59.0","0.0","$1","$1"
"","296","Cincinnati Bengals","15.0","3.0","DEF","CIN","6","62.12","90.3","64.0","90.3","90.3","90.3","0.0","$1","$1"
"","297","Raheim Sanders","15.0","15.0","RB","CLE","11","70.11","24.5","22.0","27.8","139.0","57.5","0.0","$1","$1"
"","298","Travis Hunter","15.0","10.0","WR","JAC","7","10.04","92.6","102.0","100.7","298.1","153.1","0.0","$3","$1"
"","299","Jaylin Noel","15.0","10.0","WR","HOU","8","83.07","116.3","93.0","130.7","222.2","153.0","0.0","$1","$1"
"","300","Las Vegas Raiders","15.0","3.0","DEF","LVR","13","19.02","89.9","61.0","89.9","89.9","89.9","0.0","$1","$1"
"","301","Roschon Johnson","15.0","15.0","RB","CHI","10","27.11","23.0","28.0","25.5","140.3","56.4","0.0","$1","$1"
"","302","Carolina Panthers","15.0","3.0","DEF","CAR","5","79.06","89.8","58.0","89.8","89.8","89.8","0.0","$1","$1"
"","303","Miami Dolphins","15.0","3.0","DEF","MIA","6","18.03","89.7","60.0","89.7","89.7","89.7","0.0","$1","$1"
"","304","Ben Sauls","15.0","3.0","K","NYG","8","81.12","130.9","72.0","137.8","162.6","143.3","0.0","$1","$1"
"","305","Jamarion 'Jam' Miller","15.0","15.0","RB","NE","11","26.10","26.7","24.0","30.3","125.7","55.7","0.0","$1","$1"
"","306","Tahj Brooks","15.0","15.0","RB","CIN","6","52.11","23.7","22.0","26.3","131.5","54.5","0.0","$1","$1"
"","307","Audric Estime","15.0","15.0","RB","NO","8","48.11","31.7","29.0","36.0","104.4","53.9","0.0","$1","$1"
"","308","Tyler Goodson","15.0","15.0","RB","ATL","11","30.01","22.7","18.0","25.8","129.0","53.4","0.0","$1","$1"
"","309","Nick Folk","15.0","3.0","K","ATL","11","81.11","133.1","116.0","135.8","161.6","142.4","0.0","$1","$1"
"","310","Will Shipley","15.0","15.0","RB","PHI","10","43.10","38.5","30.0","40.5","81.0","51.2","0.0","$1","$1"
"","311","J'Mari Taylor","15.0","15.0","RB","JAC","7","86.03","22.2","22.0","27.7","116.3","50.9","0.0","$1","$1"
"Injured","312","Isaac Guerendo","15.0","15.0","RB","SF","8","36.03","32.9","20.0","37.4","89.8","50.9","0.0","$1","$1"
"","313","Jack Bech","15.0","10.0","WR","LVR","13","84.11","102.1","89.0","116.0","249.4","149.9","0.0","$1","$1"
"","314","Darnell Mooney","15.0","10.0","WR","NYG","8","82.11","105.0","92.0","114.1","251.0","149.8","0.0","$1","$1"
"","315","Rashod Bateman","15.0","10.0","WR","BAL","13","86.03","103.0","112.0","117.1","245.9","149.7","0.0","$1","$1"
"","316","Michael Carter","15.0","15.0","RB","TEN","9","72.03","33.2","10.0","38.2","84.0","49.8","0.0","$1","$1"
"","317","Robert Henry Jr.","15.0","15.0","RB","WAS","7","86.03","18.7","0.0","26.3","115.7","49.3","0.0","$1","$1"
"","318","Roman Hemby","15.0","15.0","RB","LVR","13","86.03","21.0","0.0","26.3","111.8","48.7","0.0","$1","$1"
"","319","Tyler Badie","15.0","15.0","RB","DEN","10","78.01","24.9","20.0","27.7","97.0","46.1","0.0","$1","$1"
"","320","Jawhar Jordan","15.0","15.0","RB","HOU","8","36.06","26.7","48.0","29.7","89.1","45.4","0.0","$1","$1"
"","321","Noah Whittington","15.0","15.0","RB","HOU","8","86.03","20.2","6.0","25.3","99.9","44.7","0.0","$1","$1"
"","322","De'Zhaun Stribling","15.0","11.0","WR","SF","8","82.04","96.8","90.0","108.8","255.7","146.7","0.0","$1","$1"
"","323","Pat Bryant","15.0","11.0","WR","DEN","10","84.09","100.7","84.0","113.2","243.4","146.4","0.0","$1","$1"
"","324","Kalel Mullings","15.0","15.0","RB","TEN","9","72.10","18.6","10.0","21.9","98.6","42.2","0.0","$1","$1"
"","325","Washington Commanders","15.0","3.0","DEF","WAS","7","18.11","85.7","65.0","85.7","85.7","85.7","0.0","$1","$1"
"","326","Desmond Reid","15.0","15.0","RB","BUF","7","86.03","17.7","20.0","19.7","97.5","40.6","0.0","$1","$1"
"","327","Joey Slye","15.0","3.0","K","TEN","9","84.01","130.3","109.0","134.3","158.5","140.2","0.0","$1","$1"
"","328","Kayshon Boutte","15.0","11.0","WR","NE","11","86.02","96.6","78.0","111.0","244.2","144.7","0.0","$1","$1"
"","329","CJ Donaldson","15.0","15.0","RB","NO","8","86.03","15.6","0.0","17.3","95.2","38.2","0.0","$1","$1"
"","330","Rasheen Ali","15.0","15.0","RB","BAL","13","45.07","19.7","24.0","21.9","81.0","37.6","0.0","$1","$1"
"","331","Terrance Ferguson","15.0","8.0","TE","LAR","11","17.06","97.5","101.0","110.8","216.1","137.1","0.0","$1","$1"
"","332","David Njoku","15.0","8.0","TE","LAC","7","81.10","111.0","95.0","115.6","196.5","136.8","0.0","$1","$1"
"","333","Jamal Haynes","15.0","15.0","RB","CIN","6","86.03","13.7","12.0","16.1","88.6","35.4","0.0","$1","$1"
"","334","Devaughn Vele","15.0","11.0","WR","NO","8","85.02","102.6","95.0","119.3","214.7","142.3","0.0","$1","$1"
"","335","Jaleel McLaughlin","15.0","15.0","RB","DEN","10","46.02","21.3","17.0","22.4","67.2","34.4","0.0","$1","$1"
"","336","Tyquan Thornton","15.0","11.0","WR","KC","5","75.11","91.8","94.0","106.7","245.4","141.8","0.0","$1","$1"
"","337","Dontayvion Wicks","15.0","11.0","WR","PHI","10","81.06","93.5","76.0","106.3","244.5","141.7","0.0","$1","$1"
"","338","Chip Trayanum","15.0","15.0","RB","NYJ","13","86.03","14.4","10.0","16.0","80.0","33.2","0.0","$1","$1"
"","339","Matt Gay","15.0","4.0","K","LVR","13","41.10","129.9","124.0","132.5","155.0","138.2","0.0","$1","$1"
"","340","Zachariah Branch","15.0","11.0","WR","ATL","11","18.09","102.3","93.0","119.0","205.9","139.7","0.0","$1","$1"
"","341","Jaret Patterson","15.0","15.0","RB","LAC","7","60.01","12.8","19.0","14.6","65.7","28.2","0.0","$1","$1"
"","342","Troy Franklin","15.0","11.0","WR","DEN","10","83.01","92.6","97.0","102.9","241.8","138.9","0.0","$1","$1"
"","343","Cade York","15.0","4.0","K","NYJ","13","24.03","129.4","78.0","132.0","154.4","137.6","0.0","$1","$1"
"","344","Andre Szmyt","15.0","4.0","K","CLE","11","39.09","127.9","104.0","131.9","155.6","137.6","0.0","$1","$1"
"","345","Keon Coleman","15.0","11.0","WR","BUF","7","78.10","87.0","51.0","102.4","245.8","138.7","0.0","$5","$1"
"","346","Colby Parkinson","15.0","8.0","TE","LAR","11","84.06","98.5","94.0","110.7","195.9","131.7","0.0","$1","$1"
"","347","Evan Engram","15.0","8.0","TE","DEN","10","85.11","103.2","95.0","112.2","188.5","131.4","0.0","$7","$1"
"","348","Greg Dulcich","15.0","8.0","TE","MIA","6","85.08","101.7","125.0","110.5","191.2","130.9","0.0","$1","$1"
"Injured","349","Nathaniel 'Tank' Dell","15.0","12.0","WR","HOU","8","82.06","64.9","93.0","92.7","268.8","135.7","0.0","$1","$1"
"","350","Ja'Kobi Lane","15.0","12.0","WR","BAL","13","18.01","86.8","81.0","98.6","241.6","135.5","0.0","$1","$1"
"","351","Kendrick Bourne","15.0","12.0","WR","ARI","14","75.01","90.4","83.0","106.4","223.4","135.4","0.0","$1","$1"
"","352","Mike Gesicki","15.0","8.0","TE","CIN","6","85.12","97.0","107.0","114.1","183.7","130.0","0.0","$5","$1"
"","353","Chris Brazzell II","15.0","12.0","WR","CAR","5","78.05","83.3","73.0","94.7","246.2","134.0","0.0","$1","$1"
"","354","Isaac TeSlaa","15.0","12.0","WR","DET","6","83.11","87.4","103.0","99.3","233.4","133.7","0.0","$1","$1"
"","355","Elijah Sarratt","15.0","12.0","WR","BAL","13","79.11","84.0","71.0","93.3","242.6","132.3","0.0","$1","$1"
"","356","Darnell Washington","15.0","9.0","TE","PIT","9","19.01","92.8","92.0","105.4","192.9","127.0","0.0","$1","$1"
"","357","Zane Gonzalez","15.0","4.0","K","MIA","6","84.02","126.1","103.0","127.4","152.9","134.1","0.0","$1","$1"
"","358","Kentrel Bullock","15.0","15.0","RB","CIN","6","86.03","4.9","0.0","5.6","19.6","9.3","0.0","$1","$1"
"","359","Joshua 'Josh' Palmer","15.0","12.0","WR","BUF","7","28.03","87.3","51.0","94.9","227.8","129.8","0.0","$2","$1"
"","360","Kejon Owens","15.0","15.0","RB","MIN","6","86.03","5.0","0.0","5.6","17.9","8.9","0.0","$1","$1"
"","361","Jacob Saylors","15.0","15.0","RB","DET","6","27.12","0.0","11.0","5.6","7.8","6.3","0.0","$1","$1"
"","362","Kene Nwangwu","15.0","15.0","RB","NYJ","13","69.01","0.0","7.0","5.6","7.3","6.2","0.0","$1","$1"
"","363","Dylan Laube","15.0","15.0","RB","LVR","13","49.02","0.3","9.0","5.6","7.8","5.2","0.0","$1","$1"
"","364","Chris Bell","15.0","12.0","WR","MIA","6","25.01","68.9","109.0","81.0","255.2","126.3","0.0","$1","$1"
"","365","Jahan Dotson","15.0","12.0","WR","ATL","11","79.07","84.8","82.0","98.6","207.1","125.7","0.0","$1","$1"
"","366","Cordarrelle Patterson","15.0","15.0","RB","UNS","18","77.08","0.0","0.0","0.0","0.0","0.0","0.0","$1","$1"
"","367","Jamaal Williams","15.0","15.0","RB","UNS","18","75.09","0.0","0.0","0.0","0.0","0.0","0.0","$1","$1"
"","368","D'Onta Foreman","15.0","15.0","RB","UNS","18","57.02","0.0","0.0","0.0","0.0","0.0","0.0","$1","$1"
"","369","Ezekiel Elliott","15.0","15.0","RB","UNS","18","35.11","0.0","0.0","0.0","0.0","0.0","0.0","$1","$1"
"","370","Raheem Mostert","15.0","15.0","RB","UNS","18","58.11","0.0","13.0","0.0","0.0","0.0","0.0","$1","$1"
"","371","Ameer Abdullah","15.0","15.0","RB","JAC","7","76.11","0.0","4.0","0.0","0.0","0.0","0.0","$1","$1"
"","372","Myles Gaskin","15.0","15.0","RB","UNS","18","55.12","0.0","0.0","0.0","0.0","0.0","0.0","$1","$1"
"","373","Trayveon Williams","15.0","15.0","RB","CLE","11","65.08","0.0","0.0","0.0","0.0","0.0","0.0","$1","$1"
"","374","Travis Homer","15.0","15.0","RB","PIT","9","50.09","0.0","0.0","0.0","0.0","0.0","0.0","$1","$1"
"","375","La'Mical Perine","15.0","15.0","RB","PIT","9","86.03","0.0","0.0","0.0","0.0","0.0","0.0","$1","$1"
"","376","Zack Moss","15.0","15.0","RB","UNS","18","69.12","0.0","0.0","0.0","0.0","0.0","0.0","$1","$1"
"","377","Joshua Kelley","15.0","15.0","RB","TEN","9","68.05","0.0","0.0","0.0","0.0","0.0","0.0","$1","$1"
"","378","Darrynton Evans","15.0","15.0","RB","BUF","7","57.08","0.0","0.0","0.0","0.0","0.0","0.0","$1","$1"
"","379","Clyde Edwards-Helaire","15.0","15.0","RB","KC","5","50.08","0.0","0.0","0.0","0.0","0.0","0.0","$1","$1"
"","380","A.J. Dillon","15.0","15.0","RB","CAR","5","38.05","0.0","62.0","0.0","0.0","0.0","0.0","$1","$1"
"","381","DeeJay Dallas","15.0","15.0","RB","JAC","7","32.11","0.0","0.0","0.0","0.0","0.0","0.0","$1","$1"
"","382","Ke'Shawn Vaughn","15.0","15.0","RB","UNS","18","56.04","0.0","0.0","0.0","0.0","0.0","0.0","$1","$1"
"","383","Cam Akers","15.0","15.0","RB","SEA","11","49.11","0.0","4.0","0.0","0.0","0.0","0.0","$1","$1"
"","384","Dare Ogunbowale","15.0","15.0","RB","UNS","18","73.05","0.0","7.0","0.0","0.0","0.0","0.0","$1","$1"
"","385","Mike Boone","15.0","15.0","RB","UNS","18","42.05","0.0","0.0","0.0","0.0","0.0","0.0","$1","$1"
"","386","Gus Edwards","15.0","15.0","RB","UNS","18","63.03","0.0","0.0","0.0","0.0","0.0","0.0","$1","$1"
"","387","Jeffery 'Jeff' Wilson Jr.","15.0","15.0","RB","MIA","6","35.09","0.0","0.0","0.0","0.0","0.0","0.0","$1","$1"
"","388","Royce Freeman","15.0","15.0","RB","UNS","18","86.03","0.0","0.0","0.0","0.0","0.0","0.0","$1","$1"
"","389","John Kelly","15.0","15.0","RB","CLE","11","54.03","0.0","0.0","0.0","0.0","0.0","0.0","$1","$1"
"","390","Pierre Strong Jr.","15.0","15.0","RB","GB","11","74.12","0.0","10.0","0.0","0.0","0.0","0.0","$1","$1"
"","391","Tyrion Davis-Price","15.0","15.0","RB","UNS","18","49.10","0.0","0.0","0.0","0.0","0.0","0.0","$1","$1"
"","392","Hassan Haskins","15.0","15.0","RB","UNS","18","34.05","0.0","1.0","0.0","0.0","0.0","0.0","$1","$1"
"","393","Kevin Harris","15.0","15.0","RB","NE","11","86.03","0.0","0.0","0.0","0.0","0.0","0.0","$1","$1"
"","394","Keaontay Ingram","15.0","15.0","RB","KC","5","44.04","0.0","0.0","0.0","0.0","0.0","0.0","$1","$1"
"","395","Zonovan 'Bam' Knight","15.0","15.0","RB","ARI","14","36.01","0.0","0.0","0.0","0.0","0.0","0.0","$1","$1"
"","396","Ronnie Rivers","15.0","15.0","RB","LAR","11","34.10","0.0","14.0","0.0","0.0","0.0","0.0","$1","$1"
"","397","Raheem Blackshear","15.0","15.0","RB","NYJ","13","34.01","0.0","0.0","0.0","0.0","0.0","0.0","$1","$1"
"","398","Eric Gray","15.0","15.0","RB","NYG","8","29.03","0.0","0.0","0.0","0.0","0.0","0.0","$1","$1"
"","399","Deuce Vaughn","15.0","15.0","RB","UNS","18","42.08","0.0","0.0","0.0","0.0","0.0","0.0","$1","$1"
"","400","Evan Hull","15.0","15.0","RB","UNS","18","48.07","0.0","0.0","0.0","0.0","0.0","0.0","$1","$1"
"","401","Israel Abanikanda","15.0","15.0","RB","GB","11","53.01","0.0","23.0","0.0","0.0","0.0","0.0","$1","$1"
"","402","Zach Evans","15.0","15.0","RB","UNS","18","28.06","0.0","0.0","0.0","0.0","0.0","0.0","$1","$1"
"","403","DeWayne McBride","15.0","15.0","RB","UNS","18","49.08","0.0","0.0","0.0","0.0","0.0","0.0","$1","$1"
"","404","Khalil Herbert","15.0","15.0","RB","NYJ","13","41.02","0.0","2.0","0.0","0.0","0.0","0.0","$1","$1"
"","405","Elijah Mitchell","15.0","15.0","RB","NE","11","60.08","0.0","14.0","0.0","0.0","0.0","0.0","$1","$1"
"","406","Gary Brightwell","15.0","15.0","RB","CIN","6","46.07","0.0","0.0","0.0","0.0","0.0","0.0","$1","$1"
"","407","Craig Reynolds","15.0","15.0","RB","DET","6","35.12","0.0","4.0","0.0","0.0","0.0","0.0","$1","$1"
"","408","Isaiah Spiller","15.0","15.0","RB","UNS","18","86.03","0.0","0.0","0.0","0.0","0.0","0.0","$1","$1"
"","409","Zamir White","15.0","15.0","RB","UNS","18","34.09","0.0","5.0","0.0","0.0","0.0","0.0","$1","$1"
"","410","Dameon Pierce","15.0","15.0","RB","PHI","10","45.10","0.0","12.0","0.0","0.0","0.0","0.0","$1","$1"
"","411","Tony Jones Jr.","15.0","15.0","RB","ARI","14","57.07","0.0","0.0","0.0","0.0","0.0","0.0","$1","$1"
"","412","Patrick Taylor","15.0","15.0","RB","SF","8","65.04","0.0","0.0","0.0","0.0","0.0","0.0","$1","$1"
"","413","Deon Jackson","15.0","15.0","RB","UNS","18","86.03","0.0","0.0","0.0","0.0","0.0","0.0","$1","$1"
"","414","Jonathan Ward","15.0","15.0","RB","PIT","9","49.06","0.0","0.0","0.0","0.0","0.0","0.0","$1","$1"
"","415","Jake Funk","15.0","15.0","RB","IND","13","86.03","0.0","0.0","0.0","0.0","0.0","0.0","$1","$1"
"","416","JaMycal Hasty","15.0","15.0","RB","UNS","18","67.09","0.0","0.0","0.0","0.0","0.0","0.0","$1","$1"
"","417","Salvon Ahmed","15.0","15.0","RB","UNS","18","35.07","0.0","23.0","0.0","0.0","0.0","0.0","$1","$1"
"","418","Trey Sermon","15.0","15.0","RB","PIT","9","44.12","0.0","0.0","0.0","0.0","0.0","0.0","$1","$1"
"","419","Donovan Edwards","15.0","15.0","RB","WAS","7","29.12","0.0","11.0","0.0","0.0","0.0","0.0","$1","$1"
"","420","Ja'Quinden Jackson","15.0","15.0","RB","JAC","7","86.03","0.0","0.0","0.0","0.0","0.0","0.0","$1","$1"
"","421","Corey Kiner","15.0","15.0","RB","ARI","14","54.08","0.0","0.0","0.0","0.0","0.0","0.0","$1","$1"
"","422","Montrell Johnson Jr.","15.0","15.0","RB","UNS","18","86.03","0.0","0.0","0.0","0.0","0.0","0.0","$1","$1"
"","423","Ulysses Bentley IV","15.0","15.0","RB","IND","13","51.04","0.0","0.0","0.0","0.0","0.0","0.0","$1","$1"
"","424","Lan Larison","15.0","15.0","RB","NE","11","46.08","0.0","0.0","0.0","0.0","0.0","0.0","$1","$1"
"","425","Ian Wheeler","15.0","15.0","RB","CHI","10","86.03","0.0","0.0","0.0","0.0","0.0","0.0","$1","$1"
"","426","C.J. Ham","15.0","15.0","RB","MIN","6","38.02","0.0","0.0","0.0","0.0","0.0","0.0","$1","$1"
"","427","Patrick Ricard","15.0","15.0","RB","NYG","8","43.04","0.0","7.0","0.0","0.0","0.0","0.0","$1","$1"
"","428","ShunDerrick Powell","15.0","15.0","RB","UNS","18","86.03","0.0","0.0","0.0","0.0","0.0","0.0","$1","$1"
"","429","Nathan Carter","15.0","15.0","RB","ATL","11","57.11","0.0","0.0","0.0","0.0","0.0","0.0","$1","$1"
"","430","Zavier Scott","15.0","15.0","RB","MIN","6","21.11","0.0","0.0","0.0","0.0","0.0","0.0","$1","$1"
"","431","Aidan Robbins","15.0","15.0","RB","UNS","18","86.03","0.0","0.0","0.0","0.0","0.0","0.0","$1","$1"
"","432","Scottie Phillips","15.0","15.0","RB","UNS","18","86.03","0.0","0.0","0.0","0.0","0.0","0.0","$1","$1"
"","433","Jabari Small","15.0","15.0","RB","TEN","9","86.03","0.0","0.0","0.0","0.0","0.0","0.0","$1","$1"
"","434","Chris Collier","15.0","15.0","RB","LVR","13","21.02","0.0","0.0","0.0","0.0","0.0","0.0","$1","$1"
"","435","Dante Miller","15.0","15.0","RB","NYG","8","71.02","0.0","0.0","0.0","0.0","0.0","0.0","$1","$1"
"","436","British Brooks","15.0","15.0","RB","HOU","8","67.05","0.0","0.0","0.0","0.0","0.0","0.0","$1","$1"
"","437","Reggie Gilliam","15.0","15.0","RB","NE","11","50.10","0.0","7.0","0.0","0.0","0.0","0.0","$1","$1"
"","438","Alec Ingold","15.0","15.0","","LAC","7","77.11","0.0","14.0","0.0","0.0","0.0","0.0","$1","$1"
"","439","Sione Vaki","15.0","15.0","RB","DET","6","71.03","0.0","3.0","0.0","0.0","0.0","0.0","$1","$1"
"","440","Emani Bailey","15.0","15.0","RB","CAR","5","86.03","0.0","0.0","0.0","0.0","0.0","0.0","$1","$1"
"","441","Carson Steele","15.0","15.0","RB","UNS","18","44.06","0.0","0.0","0.0","0.0","0.0","0.0","$1","$1"
"","442","J.J. Taylor","15.0","15.0","RB","UNS","18","68.02","0.0","0.0","0.0","0.0","0.0","0.0","$1","$1"
"","443","Aaron Shampklin","15.0","15.0","RB","PIT","9","37.10","0.0","0.0","0.0","0.0","0.0","0.0","$1","$1"
"","444","Hunter Luepke","15.0","15.0","RB","DAL","14","77.04","0.0","0.0","0.0","0.0","0.0","0.0","$1","$1"
"","445","Tyreik McAllister","15.0","15.0","WR","LVR","13","43.11","0.0","0.0","0.0","0.0","0.0","0.0","$1","$1"
"","446","Sincere McCormick","15.0","15.0","RB","SF","8","31.03","0.0","0.0","0.0","0.0","0.0","0.0","$1","$1"
"","447","Terrell Jennings","15.0","15.0","RB","NE","11","44.01","0.0","0.0","0.0","0.0","0.0","0.0","$1","$1"
"","448","Jordan Mims","15.0","15.0","RB","UNS","18","54.06","0.0","0.0","0.0","0.0","0.0","0.0","$1","$1"
"","449","Damien Martinez","15.0","15.0","RB","GB","11","59.01","0.0","4.0","0.0","0.0","0.0","0.0","$1","$1"
"","450","Brittain Brown","15.0","15.0","RB","CHI","10","76.09","0.0","20.0","0.0","0.0","0.0","0.0","$1","$1"
"","451","Marcus Yarns","15.0","15.0","RB","UNS","18","86.03","0.0","0.0","0.0","0.0","0.0","0.0","$1","$1"
"","452","Daijun Edwards","15.0","15.0","RB","UNS","18","86.03","0.0","0.0","0.0","0.0","0.0","0.0","$1","$1"
"","453","Dillon Johnson","15.0","15.0","RB","UNS","18","86.03","0.0","0.0","0.0","0.0","0.0","0.0","$1","$1"
"","454","Lew Nichols","15.0","15.0","RB","UNS","18","37.01","0.0","0.0","0.0","0.0","0.0","0.0","$1","$1"
"","455","Avery Williams","15.0","15.0","RB","UNS","18","72.02","0.0","0.0","0.0","0.0","0.0","0.0","$1","$1"
"","456","Julius Chestnut","15.0","15.0","RB","TEN","9","77.05","0.0","4.0","0.0","0.0","0.0","0.0","$1","$1"
"","457","Louis Rees-Zammit","15.0","15.0","RB","UNS","18","47.07","0.0","0.0","0.0","0.0","0.0","0.0","$1","$1"
"","458","Blake Watson","15.0","15.0","RB","UNS","18","52.04","0.0","0.0","0.0","0.0","0.0","0.0","$1","$1"
"","459","Kendall Milton","15.0","15.0","RB","CIN","6","70.06","0.0","0.0","0.0","0.0","0.0","0.0","$1","$1"
"","460","Keilan Robinson","15.0","15.0","RB","UNS","18","59.06","0.0","0.0","0.0","0.0","0.0","0.0","$1","$1"
"","461","Cody Schrader","15.0","15.0","RB","LAR","11","68.08","0.0","0.0","0.0","0.0","0.0","0.0","$1","$1"
"","462","Frank Gore Jr.","15.0","15.0","RB","BUF","7","44.10","0.0","24.0","0.0","0.0","0.0","0.0","$1","$1"
"","463","Jase McClellan","15.0","15.0","RB","UNS","18","33.04","0.0","0.0","0.0","0.0","0.0","0.0","$1","$1"
"","464","Elijah Dotson","15.0","15.0","RB","UNS","18","71.08","0.0","0.0","0.0","0.0","0.0","0.0","$1","$1"
"","465","Xazavian Valladay","15.0","15.0","RB","PIT","9","39.12","0.0","0.0","0.0","0.0","0.0","0.0","$1","$1"
"","466","Deneric Prince","15.0","15.0","RB","UNS","18","59.05","0.0","0.0","0.0","0.0","0.0","0.0","$1","$1"
"","467","Michael Mayer","15.0","9.0","TE","LVR","13","77.06","86.0","85.0","97.7","195.4","122.2","0.0","$1","$1"
"","468","Christian Kirk","15.0","13.0","WR","SF","8","85.10","80.5","85.0","91.5","219.6","124.4","0.0","$3","$1"
"","469","Andrei Iosivas","15.0","13.0","WR","CIN","6","34.06","84.3","95.0","93.7","210.8","123.9","0.0","$1","$1"
"","470","Darren Waller","15.0","9.0","TE","UNS","18","77.03","61.7","74.0","102.8","185.0","117.8","0.0","$4","$1"
"","471","Marquise 'Hollywood' Brown","15.0","13.0","WR","PHI","10","30.03","71.9","74.0","78.2","234.6","119.7","0.0","$3","$1"
"","472","Atlanta Falcons","15.0","4.0","DEF","ATL","11","83.09","71.8","68.0","71.8","71.8","71.8","0.0","$1","$1"
"","473","Malik Washington","15.0","13.0","WR","MIA","6","83.06","96.1","110.0","102.2","168.6","119.2","0.0","$1","$1"
"","474","Caleb Douglas","15.0","13.0","WR","MIA","6","80.10","72.4","69.0","80.4","221.1","117.3","0.0","$1","$1"
"","475","Marvin Mims Jr.","15.0","13.0","WR","DEN","10","64.09","85.0","71.0","101.2","170.0","117.0","0.0","$2","$1"
"","476","KaVontae Turpin","15.0","13.0","WR","DAL","14","22.10","89.9","66.0","101.0","165.6","116.6","0.0","$1","$1"
"","477","Ted Hurst","15.0","13.0","WR","TB","10","80.06","67.3","75.0","79.2","221.8","115.9","0.0","$1","$1"
"","478","Eli Stowers","15.0","10.0","TE","PHI","10","76.10","67.3","60.0","82.1","203.6","112.6","0.0","$1","$1"
"","479","Curtis Samuel","15.0","14.0","WR","UNS","18","47.08","70.5","12.0","88.1","189.4","112.5","0.0","$1","$1"
"","480","DeAndre Hopkins","15.0","14.0","WR","UNS","18","22.04","71.0","10.0","88.8","186.5","112.2","0.0","$1","$1"
"","481","Dyami Brown","15.0","14.0","WR","WAS","7","79.08","64.3","45.0","74.8","216.9","111.7","0.0","$1","$1"
"","482","Ashton Dulin","15.0","14.0","WR","IND","13","38.10","61.4","37.0","76.7","214.8","111.6","0.0","$1","$1"
"","483","Tory Horton","15.0","14.0","WR","SEA","11","82.05","71.6","91.0","83.3","191.6","110.7","0.0","$1","$1"
"","484","Tutu Atwell","15.0","14.0","WR","MIA","6","21.04","68.1","56.0","75.7","208.2","110.5","0.0","$1","$1"
"","485","Isaiah Bond","15.0","14.0","WR","CLE","11","30.08","64.5","33.0","71.7","218.7","110.5","0.0","$1","$1"
"","486","Elijah Arroyo","15.0","10.0","TE","SEA","11","77.12","72.1","61.0","78.4","196.0","109.3","0.0","$1","$1"
"","487","Jonnu Smith","15.0","10.0","TE","UNS","18","49.03","62.7","62.0","89.6","179.2","109.2","0.0","$6","$1"
"","488","Xavier Legette","15.0","14.0","WR","CAR","5","78.12","67.5","64.0","71.1","213.3","109.2","0.0","$2","$1"
"","489","Malachi Fields","15.0","14.0","WR","NYG","8","28.04","58.1","60.0","68.3","222.0","108.4","0.0","$1","$1"
"","490","Kyle Williams","15.0","14.0","WR","NE","11","28.05","69.0","35.0","75.8","197.1","107.7","0.0","$1","$1"
"","491","Olamide Zaccheaus","15.0","14.0","WR","ATL","11","30.11","71.5","79.0","83.1","179.5","107.3","0.0","$1","$1"
"","492","Erick All","15.0","10.0","TE","CIN","6","27.04","68.1","46.0","81.1","186.5","107.5","0.0","$1","$1"
"","493","Jalen Tolbert","15.0","14.0","WR","MIA","6","81.09","63.4","84.0","70.4","204.2","105.6","0.0","$1","$1"
"","494","Bryce Lance","15.0","14.0","WR","NO","8","23.09","58.3","33.0","64.8","217.1","105.2","0.0","$1","$1"
"","495","Calvin Austin III","15.0","14.0","WR","NYG","8","27.01","75.7","49.0","79.7","175.3","105.1","0.0","$1","$1"
"","496","Treylon Burks","15.0","14.0","WR","WAS","7","30.07","61.8","47.0","67.2","208.3","104.7","0.0","$1","$1"
"","497","Sterling Shepard","15.0","14.0","WR","UNS","18","76.03","65.5","6.0","77.0","184.8","104.3","0.0","$1","$1"
"","498","Jalen Royals","15.0","14.0","WR","KC","5","29.01","54.5","49.0","60.5","223.9","104.0","0.0","$1","$1"
"","499","Brandon McManus","15.0","5.0","K","UNS","18","78.04","123.0","103.0","123.0","123.0","123.0","0.0","$1","$1"
"","500","Tyler Lockett","15.0","15.0","WR","UNS","18","39.11","59.0","21.0","73.8","188.2","102.3","0.0","$1","$1"
"","501","Brenen Thompson","15.0","15.0","WR","LAC","7","55.03","58.0","31.0","64.4","206.1","101.9","0.0","$1","$1"
"","502","Cole Kmet","15.0","11.0","TE","CHI","10","18.06","71.3","76.0","75.0","176.3","102.0","0.0","$1","$1"
"","503","Noah Brown","15.0","15.0","WR","UNS","18","60.09","64.8","18.0","76.2","167.6","99.1","0.0","$1","$1"
"","504","Mason Taylor","15.0","11.0","TE","NYJ","13","23.05","70.4","97.0","73.3","173.7","100.2","0.0","$1","$1"
"","505","Kalif Raymond","15.0","15.0","WR","CHI","10","21.12","70.7","58.0","76.9","157.6","97.8","0.0","$1","$1"
"","506","Nick Westbrook-Ikhine","15.0","15.0","WR","IND","13","82.02","56.2","60.0","63.9","191.7","97.4","0.0","$1","$1"
"","507","Mack Hollins","15.0","15.0","WR","NE","11","29.05","61.2","53.0","68.0","180.2","97.4","0.0","$1","$1"
"","508","Dawson Knox","15.0","11.0","TE","BUF","7","20.09","70.1","78.0","73.8","169.7","99.3","0.0","$1","$1"
"","509","Ja'Tavion Sanders","15.0","11.0","TE","CAR","5","34.11","68.1","65.0","72.4","173.8","99.3","0.0","$4","$1"
"","510","Elic Ayomanor","15.0","15.0","WR","TEN","9","71.07","57.7","67.0","60.7","194.2","96.6","0.0","$1","$1"
"","511","Jimmy Horn Jr.","15.0","15.0","WR","CAR","5","45.09","56.1","22.0","59.0","188.8","93.9","0.0","$1","$1"
"","512","Luke McCaffrey","15.0","15.0","WR","WAS","7","33.02","66.0","34.0","69.5","155.0","92.2","0.0","$1","$1"
"","513","Zavion Thomas","15.0","15.0","WR","CHI","10","20.10","58.4","52.0","68.7","161.4","92.1","0.0","$1","$1"
"","514","Skyler Bell","15.0","15.0","WR","BUF","7","20.03","47.3","58.0","51.4","200.5","91.3","0.0","$1","$1"
"","515","Hunter Renfrow","15.0","15.0","WR","UNS","18","57.03","50.2","6.0","62.7","175.6","91.2","0.0","$1","$1"
"","516","Jaylin Lane","15.0","15.0","WR","WAS","7","39.06","61.4","58.0","68.2","156.9","91.2","0.0","$1","$1"
"","517","Xavier Hutchinson","15.0","15.0","WR","HOU","8","77.02","48.8","55.0","49.8","199.2","90.4","0.0","$1","$1"
"","518","Savion Williams","15.0","15.0","WR","GB","11","80.02","59.5","54.0","66.1","158.6","90.1","0.0","$1","$1"
"","519","Tez Johnson","15.0","15.0","WR","TB","10","67.06","48.0","43.0","50.0","195.0","89.2","0.0","$1","$1"
"","520","Chimere Dike","15.0","15.0","WR","TEN","9","85.09","58.1","82.0","63.1","162.2","89.2","0.0","$1","$1"
"","521","Chad Ryland","15.0","5.0","K","ARI","14","84.08","103.4","111.0","106.6","147.1","117.1","0.0","$1","$1"
"","522","Noah Fant","15.0","12.0","TE","NO","8","22.05","59.4","63.0","64.6","168.0","91.9","0.0","$1","$1"
"","523","Noah Gray","15.0","12.0","TE","KC","5","23.11","69.2","61.0","69.2","152.2","91.8","0.0","$1","$1"
"","524","Max Klare","15.0","12.0","TE","LAR","11","35.02","55.2","43.0","62.7","172.4","91.3","0.0","$1","$1"
"","525","Cedric Tillman","15.0","15.0","WR","CLE","11","73.03","43.2","36.0","47.0","197.4","87.3","0.0","$2","$1"
"","526","Roman Wilson","15.0","15.0","WR","PIT","9","29.08","49.3","29.0","54.8","175.4","86.7","0.0","$1","$1"
"","527","Theo Johnson","15.0","12.0","TE","NYG","8","80.09","60.9","73.0","64.8","162.0","90.6","0.0","$4","$1"
"","528","Jordan Whittington","15.0","15.0","WR","LAR","11","21.03","59.8","30.0","62.9","151.0","86.4","0.0","$1","$1"
"","529","Tyler Higbee","15.0","12.0","TE","LAR","11","21.07","54.3","66.0","60.3","165.8","88.0","0.0","$1","$1"
"","530","Mitchell Evans","15.0","12.0","TE","CAR","5","28.12","55.6","43.0","59.2","165.8","87.6","0.0","$1","$1"
"","531","Demarcus Robinson","15.0","15.0","WR","SF","8","44.03","46.6","43.0","54.8","158.9","81.7","0.0","$1","$1"
"","532","Oscar Delp","15.0","12.0","TE","NO","8","47.03","47.5","24.0","55.9","173.3","86.4","0.0","$1","$1"
"","533","Taysom Hill","15.0","12.0","TE","UNS","18","49.12","46.4","14.0","58.0","168.2","86.0","0.0","$1","$1"
"","534","Ben Sinnott","15.0","12.0","TE","WAS","7","50.11","46.1","36.0","51.2","179.2","85.2","0.0","$1","$1"
"","535","Reggie Virgil","15.0","15.0","WR","ARI","14","40.09","39.3","12.0","45.7","173.7","79.5","0.0","$1","$1"
"","536","Justin Joly","15.0","12.0","TE","DEN","10","76.07","43.9","41.0","51.7","178.4","84.8","0.0","$1","$1"
"","537","Demario Douglas","15.0","15.0","WR","NE","11","23.03","50.9","56.0","53.6","150.1","79.4","0.0","$1","$1"
"","538","Van Jefferson","15.0","15.0","WR","WAS","7","45.06","45.9","53.0","51.0","158.1","79.3","0.0","$1","$1"
"","539","Austin Hooper","15.0","12.0","TE","ATL","11","26.12","58.1","58.0","63.1","145.1","84.6","0.0","$1","$1"
"","540","Colbie Young","15.0","15.0","WR","CIN","6","33.01","37.1","17.0","43.7","174.8","78.3","0.0","$1","$1"
"","541","Dont'e Thornton Jr.","15.0","15.0","WR","LVR","13","28.01","38.9","34.0","43.2","172.8","77.8","0.0","$1","$1"
"","542","Cyrus Allen","15.0","15.0","WR","KC","5","23.10","34.1","27.0","40.1","180.5","77.3","0.0","$1","$1"
"","543","Graham Gano","15.0","6.0","K","UNS","18","19.05","112.3","106.0","112.3","112.3","112.3","0.0","$1","$1"
"","544","DJ Rogers","15.0","12.0","TE","DAL","14","86.03","47.9","0.0","56.3","157.6","82.4","0.0","$1","$1"
"","545","Eric McAlister","15.0","15.0","WR","RK","18","86.03","32.9","24.0","36.6","183.0","75.9","0.0","$1","$1"
"","546","JuJu Smith-Schuster","15.0","15.0","WR","NYG","8","26.04","33.3","19.0","44.4","162.1","74.5","0.0","$1","$1"
"","547","John Metchie","15.0","15.0","WR","CAR","5","36.09","44.5","85.0","45.9","151.5","74.5","0.0","$1","$1"
"","548","Jordan Watkins","15.0","15.0","WR","SF","8","34.04","33.1","9.0","36.8","176.6","74.3","0.0","$1","$1"
"","549","Cade Stover","15.0","13.0","TE","HOU","8","38.08","47.3","30.0","52.5","157.5","80.2","0.0","$1","$1"
"","550","Tommy Tremble","15.0","13.0","TE","CAR","5","25.09","45.5","54.0","50.5","162.6","80.2","0.0","$1","$1"
"","551","Kevin Coleman Jr.","15.0","15.0","WR","MIA","6","41.11","35.8","50.0","39.8","167.2","73.8","0.0","$1","$1"
"","552","Nate Boerkircher","15.0","13.0","TE","JAC","7","37.11","43.6","35.0","51.3","161.6","80.0","0.0","$1","$1"
"","553","Greg Dortch","15.0","15.0","WR","DET","6","38.03","49.9","30.0","53.7","126.2","72.8","0.0","$1","$1"
"","554","Tai Felton","15.0","15.0","WR","MIN","6","31.01","44.6","25.0","46.9","140.7","72.1","0.0","$1","$1"
"","555","Marquez Valdes-Scantling","15.0","15.0","WR","DAL","14","25.06","33.5","22.0","44.7","152.0","71.9","0.0","$1","$1"
"","556","Elijah Higgins","15.0","13.0","TE","ARI","14","40.06","50.4","47.0","53.0","148.4","78.6","0.0","$1","$1"
"","557","Eli Raridon","15.0","13.0","TE","NE","11","25.12","44.0","35.0","51.8","155.4","78.6","0.0","$1","$1"
"","558","Odell Beckham Jr.","15.0","15.0","WR","NYG","8","17.10","30.6","20.0","38.3","164.7","71.4","0.0","$1","$1"
"","559","Will Dissly","15.0","13.0","TE","UNS","18","58.01","47.4","23.0","51.0","153.0","78.2","0.0","$1","$1"
"","560","Luke Musgrave","15.0","13.0","TE","GB","11","37.06","41.7","56.0","43.9","169.0","77.6","0.0","$1","$1"
"","561","Arian Smith","15.0","15.0","WR","NYJ","13","33.10","30.6","10.0","34.0","170.0","70.5","0.0","$1","$1"
"","562","Jonathan Mingo","15.0","15.0","WR","DAL","14","32.01","34.8","13.0","40.0","152.0","69.6","0.0","$1","$1"
"","563","KeAndre Lambert-Smith","15.0","15.0","WR","LAC","7","51.07","34.7","37.0","38.6","154.4","69.5","0.0","$1","$1"
"","564","Devontez Walker","15.0","15.0","WR","BAL","13","26.01","32.9","37.0","37.4","157.1","69.2","0.0","$1","$1"
"","565","Mitchell Tinsley","15.0","15.0","WR","CIN","6","30.12","29.7","37.0","33.0","165.0","68.4","0.0","$1","$1"
"","566","Daniel Bellinger","15.0","13.0","TE","TEN","9","72.08","46.3","46.0","50.3","145.9","75.7","0.0","$1","$1"
"","567","Konata Mumpfield","15.0","15.0","WR","LAR","11","25.10","31.1","43.0","32.7","163.5","68.1","0.0","$1","$1"
"","568","Charlie Kolar","15.0","13.0","TE","LAC","7","56.06","50.7","48.0","59.7","119.4","74.4","0.0","$1","$1"
"","569","Ja'Lynn Polk","15.0","15.0","WR","NO","8","39.05","29.5","6.0","36.9","147.6","65.8","0.0","$1","$1"
"","570","Malik Benson","15.0","15.0","WR","LVR","13","43.02","31.1","13.0","36.6","146.4","65.6","0.0","$1","$1"
"","571","Jake Tonges","15.0","13.0","TE","SF","8","83.10","46.1","64.0","52.4","133.6","73.4","0.0","$1","$1"
"","572","Theo Wease Jr.","15.0","15.0","WR","MIA","6","67.08","26.6","89.0","31.3","156.5","64.6","0.0","$1","$1"
"","573","Jalin Hyatt","15.0","15.0","WR","NYG","8","64.06","26.2","6.0","29.1","160.1","64.3","0.0","$1","$1"
"","574","Tanner Koziol","15.0","13.0","TE","JAC","7","60.11","33.8","26.0","39.8","163.2","72.4","0.0","$1","$1"
"","575","Jackson Hawes","15.0","13.0","TE","BUF","7","31.07","31.1","39.0","34.5","172.5","71.5","0.0","$1","$1"
"","576","K.J. Osborn","15.0","15.0","WR","TEN","9","50.06","34.0","0.0","41.5","116.2","60.5","0.0","$1","$1"
"","577","Tanner Hudson","15.0","14.0","TE","CIN","6","40.04","39.3","37.0","43.7","139.8","69.1","0.0","$1","$1"
"","578","Sam Roush","15.0","14.0","TE","CHI","10","24.10","39.2","20.0","44.0","138.6","68.9","0.0","$1","$1"
"","579","CJ Daniels","15.0","15.0","WR","LAR","11","21.01","26.9","39.0","30.6","137.7","59.1","0.0","$1","$1"
"","580","Malachi Corley","15.0","15.0","WR","CLE","11","32.07","23.7","15.0","26.3","136.8","56.0","0.0","$1","$1"
"","581","Jeff Caldwell","15.0","15.0","WR","KC","5","86.03","21.9","0.0","25.8","139.1","56.0","0.0","$1","$1"
"","582","Deion Burks","15.0","15.0","WR","IND","13","42.02","23.0","50.0","28.1","133.5","55.9","0.0","$1","$1"
"","583","Josh Cameron","15.0","15.0","WR","JAC","7","66.04","25.4","27.0","28.9","130.1","55.9","0.0","$1","$1"
"","584","Xavier Restrepo","15.0","15.0","WR","TEN","9","34.02","22.7","11.0","25.2","138.6","55.7","0.0","$1","$1"
"","585","Dominic Lovett","15.0","15.0","WR","DET","6","65.03","22.5","0.0","26.5","135.2","55.4","0.0","$1","$1"
"","586","David Sills V","15.0","15.0","WR","TB","10","61.12","25.2","17.0","26.5","132.5","55.2","0.0","$1","$1"
"","587","Josh Oliver","15.0","14.0","TE","MIN","6","73.09","37.6","54.0","39.6","130.7","64.1","0.0","$1","$1"
"","588","Brevyn Spann-Ford","15.0","14.0","TE","DAL","14","27.10","33.4","20.0","35.2","140.8","63.7","0.0","$1","$1"
"","589","Drew Sample","15.0","14.0","TE","CIN","6","27.02","33.3","38.0","35.0","140.0","63.3","0.0","$1","$1"
"","590","Derius Davis","15.0","15.0","WR","LAC","7","46.04","35.1","12.0","36.9","95.9","52.7","0.0","$1","$1"
"","591","Tim Patrick","15.0","15.0","WR","NYJ","13","28.02","30.4","22.0","34.2","102.6","52.2","0.0","$1","$1"
"","592","Matthew Hibner","15.0","14.0","TE","BAL","13","47.10","29.6","22.0","34.8","139.2","62.3","0.0","$1","$1"
"","593","Isaiah Williams","15.0","15.0","WR","NYJ","13","48.03","30.9","24.0","32.5","104.0","51.7","0.0","$1","$1"
"","594","Will Kacmarek","15.0","14.0","TE","MIA","6","35.08","33.1","50.0","34.8","135.7","62.0","0.0","$1","$1"
"","595","Tyler Conklin","15.0","14.0","TE","DET","6","73.07","37.6","12.0","39.6","122.8","61.9","0.0","$1","$1"
"","596","Bub Means","15.0","15.0","WR","NO","8","59.12","24.0","46.0","25.3","121.4","51.3","0.0","$1","$1"
"","597","Davis Allen","15.0","14.0","TE","LAR","11","39.07","32.0","33.0","35.5","133.1","61.5","0.0","$1","$1"
"","598","Adam Trautman","15.0","14.0","TE","DEN","10","25.04","35.8","43.0","44.7","111.8","61.4","0.0","$1","$1"
"","599","Luke Schoonmaker","15.0","14.0","TE","DAL","14","22.06","32.1","32.0","33.8","135.2","61.2","0.0","$1","$1"
"","600","Casey Washington","15.0","15.0","WR","ATL","11","50.12","22.1","24.0","24.5","120.1","50.1","0.0","$1","$1"
"","601","Marlin Klein","15.0","14.0","TE","HOU","8","55.08","35.0","44.0","39.8","119.4","60.6","0.0","$1","$1"
"","602","Mecole Hardman","15.0","15.0","WR","BUF","7","31.06","19.4","6.0","24.3","121.5","49.9","0.0","$1","$1"
"","603","Quez Watkins","15.0","15.0","WR","PHI","10","33.11","19.6","0.0","23.1","115.5","47.7","0.0","$1","$1"
"","604","Joe Royer","15.0","15.0","TE","CLE","11","32.04","27.9","25.0","32.8","131.2","58.8","0.0","$1","$1"
"","605","Jacob Cowing","15.0","15.0","WR","SF","8","48.09","29.5","7.0","31.1","90.2","46.9","0.0","$1","$1"
"","606","Emmanuel Henderson Jr.","15.0","15.0","WR","SEA","11","54.07","19.2","7.0","22.6","113.0","46.6","0.0","$1","$1"
"","607","Brock Wright","15.0","15.0","TE","DET","6","32.06","35.7","55.0","37.6","112.8","57.8","0.0","$1","$1"
"","608","Barion Brown","15.0","15.0","WR","NO","8","48.05","26.4","26.0","29.3","90.8","45.6","0.0","$1","$1"
"","609","Johnny Wilson","15.0","15.0","WR","PHI","10","62.03","20.0","6.0","25.0","100.0","44.6","0.0","$1","$1"
"","610","Tahj Washington","15.0","15.0","WR","MIA","6","27.07","18.1","0.0","20.1","110.6","44.4","0.0","$1","$1"
"","611","Harrison Wallace III","15.0","15.0","WR","ARI","14","86.03","18.1","0.0","20.1","110.6","44.4","0.0","$1","$1"
"","612","Kevin Austin Jr.","15.0","15.0","WR","NO","8","62.01","22.2","24.0","24.7","96.3","43.8","0.0","$1","$1"
"","613","Darius Cooper","15.0","15.0","WR","PHI","10","66.06","22.6","15.0","23.8","95.2","43.1","0.0","$1","$1"
"","614","Eric Rivers","15.0","15.0","WR","TB","10","86.03","18.1","17.0","20.1","104.5","42.8","0.0","$1","$1"
"","615","Luke Farrell","15.0","15.0","TE","SF","8","30.04","23.8","18.0","26.4","132.0","54.7","0.0","$1","$1"
"","616","Josh Cuevas","15.0","15.0","TE","BAL","13","56.02","23.5","18.0","26.7","130.8","54.5","0.0","$1","$1"
"","617","Jordan Hudson","15.0","15.0","WR","DAL","14","86.03","18.5","0.0","20.6","100.9","42.1","0.0","$1","$1"
"","618","Anthony Smith","15.0","15.0","WR","DAL","14","72.09","17.7","6.0","20.8","97.8","41.2","0.0","$1","$1"
"","619","Charlie Jones","15.0","15.0","WR","CIN","6","42.04","19.6","6.0","23.0","91.5","41.1","0.0","$1","$1"
"","620","Riley Nowakowski","15.0","15.0","TE","PIT","9","33.06","24.2","25.0","27.5","123.8","53.2","0.0","$1","$1"
"","621","Mason Tipton","15.0","15.0","WR","NO","8","48.06","21.2","19.0","23.5","84.6","39.8","0.0","$1","$1"
"","622","Lewis Bond","15.0","15.0","WR","HOU","8","53.02","17.6","6.0","19.6","94.1","39.6","0.0","$1","$1"
"","623","Devin Culp","15.0","15.0","TE","TB","10","68.07","24.2","14.0","26.9","121.1","52.1","0.0","$1","$1"
"","624","J. Michael Sturdivant","15.0","15.0","WR","GB","11","86.03","17.5","0.0","19.4","91.2","38.6","0.0","$1","$1"
"","625","CJ Williams","15.0","15.0","WR","JAC","7","56.03","16.9","0.0","19.9","89.6","38.4","0.0","$1","$1"
"","626","Kaden Wetjen","15.0","15.0","WR","PIT","9","46.05","25.4","9.0","29.9","63.1","38.1","0.0","$1","$1"
"","627","Efton Chism","15.0","15.0","WR","NE","11","24.02","19.1","22.0","20.1","82.4","36.9","0.0","$1","$1"
"","628","Tip Reiman","15.0","15.0","TE","ARI","14","64.08","21.4","19.0","23.8","119.0","49.3","0.0","$1","$1"
"","629","Jared Wiley","15.0","15.0","TE","KC","5","76.02","23.6","20.0","24.8","111.6","48.3","0.0","$1","$1"
"","630","Will Mallory","15.0","15.0","TE","IND","13","62.06","21.2","22.0","23.5","115.2","48.1","0.0","$1","$1"
"","631","John Bates","15.0","15.0","TE","WAS","7","52.06","23.0","37.0","25.5","109.7","48.0","0.0","$1","$1"
"","632","Anthony Gould","15.0","15.0","WR","IND","13","56.08","17.3","13.0","19.2","74.9","34.1","0.0","$1","$1"
"","633","Thomas Fidone II","15.0","15.0","TE","NYG","8","65.05","16.2","32.0","18.0","126.0","47.1","0.0","$1","$1"
"","634","Jake Briningstool","15.0","15.0","TE","KC","5","86.03","15.9","6.0","17.7","123.9","46.3","0.0","$1","$1"
"","635","Aaron Anderson","15.0","15.0","WR","CLE","11","86.03","13.1","23.0","14.6","81.0","32.4","0.0","$1","$1"
"","636","Jack Endries","15.0","15.0","TE","CIN","6","57.10","23.4","29.0","27.5","96.3","45.5","0.0","$1","$1"
"","637","Vinny Anthony II","15.0","15.0","WR","ATL","11","86.03","13.2","0.0","14.7","74.2","30.7","0.0","$1","$1"
"","638","Michael Trigg","15.0","15.0","TE","DAL","14","24.01","21.4","28.0","26.8","93.8","44.1","0.0","$1","$1"
"","639","Bauer Sharp","15.0","15.0","TE","TB","10","55.04","19.8","6.0","22.3","100.4","43.2","0.0","$1","$1"
"","640","Charlie Woerner","15.0","15.0","TE","ATL","11","37.12","21.2","23.0","23.5","94.0","42.3","0.0","$1","$1"
"","641","Seydou Traore","15.0","15.0","TE","MIA","6","45.01","16.3","22.0","19.2","96.0","39.6","0.0","$1","$1"
"","642","Payne Durham","15.0","15.0","TE","TB","10","30.10","19.5","17.0","20.1","88.4","38.6","0.0","$1","$1"
"","643","Dallen Bentley","15.0","15.0","TE","DEN","10","66.10","17.1","6.0","20.1","86.4","37.6","0.0","$1","$1"
"","644","Jeremy Ruckert","15.0","15.0","TE","NYJ","13","28.07","20.7","24.0","21.8","76.3","36.5","0.0","$1","$1"
"","645","Hunter Long","15.0","15.0","TE","JAC","7","65.02","15.1","21.0","16.8","87.4","35.8","0.0","$1","$1"
"","646","RJ Maryland","15.0","15.0","TE","GB","11","86.03","15.7","0.0","18.5","83.3","35.7","0.0","$1","$1"
"","647","John Michael Gyllenborg","15.0","15.0","TE","KC","5","86.03","15.6","23.0","18.4","82.8","35.5","0.0","$1","$1"
"","648","Johnny Mundt","15.0","15.0","TE","PHI","10","75.08","19.0","10.0","22.3","71.4","35.1","0.0","$1","$1"
"","649","Carsen Ryan","15.0","15.0","TE","CLE","11","43.05","14.0","6.0","17.5","78.8","33.6","0.0","$1","$1"
"","650","Grant Calcaterra","15.0","15.0","TE","PHI","10","25.02","20.7","24.0","23.5","58.8","32.6","0.0","$1","$1"
"","651","Jaren Kanak","15.0","15.0","TE","TEN","9","31.12","14.7","24.0","17.3","69.2","31.0","0.0","$1","$1"
"","652","Max Tomczak","15.0","15.0","WR","BUF","7","86.03","5.7","0.0","6.3","31.5","13.1","0.0","$1","$1"
"","653","Tyrell Shavers","15.0","15.0","WR","BUF","7","59.08","6.0","19.0","6.3","30.9","13.0","0.0","$1","$1"
"","654","Tyren Montgomery","15.0","15.0","WR","TEN","9","86.03","5.7","0.0","6.3","30.2","12.7","0.0","$1","$1"
"","655","Noah Thomas","15.0","15.0","WR","CIN","6","86.03","5.7","35.0","6.3","29.9","12.6","0.0","$1","$1"
"","656","Caullin Lacy","15.0","15.0","WR","NYJ","13","86.03","5.7","0.0","6.3","23.9","11.0","0.0","$1","$1"
"","657","Chris Hilton Jr.","15.0","15.0","WR","WAS","7","86.03","5.7","0.0","6.3","23.9","11.0","0.0","$1","$1"
"","658","Kendrick Law","15.0","15.0","WR","DET","6","53.09","5.5","6.0","6.3","22.4","10.6","0.0","$1","$1"
"","659","Mo Alie-Cox","15.0","15.0","TE","IND","13","61.07","28.2","25.0","28.2","28.2","28.2","0.0","$1","$1"
"","660","J.J. McCarthy","15.0","6.0","QB","MIN","6","19.06","30.8","15.0","31.4","125.6","57.0","0.0","$2","$1"
"","661","Skyy Moore","15.0","15.0","WR","GB","11","27.06","0.0","8.0","6.3","8.8","7.1","0.0","$1","$1"
"","662","Dareke Young","15.0","15.0","WR","LVR","13","65.10","0.0","9.0","6.3","8.2","6.9","0.0","$1","$1"
"","663","Xavier Smith","15.0","15.0","WR","LAR","11","26.09","0.0","22.0","6.3","8.2","6.9","0.0","$1","$1"
"","664","Braxton Berrios","15.0","15.0","WR","NYG","8","30.02","0.0","6.0","6.3","7.7","6.8","0.0","$1","$1"
"","665","Britain Covey","15.0","15.0","WR","PHI","10","47.01","0.0","7.0","6.3","7.7","6.8","0.0","$1","$1"
"","666","Chase Roberts","15.0","15.0","WR","LVR","13","86.03","6.3","9.0","6.3","6.3","6.3","0.0","$1","$1"
"","667","Jalen Walthall","15.0","15.0","WR","HOU","8","86.03","6.3","0.0","6.3","6.3","6.3","0.0","$1","$1"
"","668","Donaven McCulley","15.0","15.0","WR","MIA","6","86.03","6.3","0.0","6.3","6.3","6.3","0.0","$1","$1"
"","669","Gage Larvadain","15.0","15.0","WR","CLE","11","51.02","6.3","7.0","6.3","6.3","6.3","0.0","$1","$1"
"","670","Nikko Remigio","15.0","15.0","WR","KC","5","60.02","1.6","9.0","6.3","8.8","6.1","0.0","$1","$1"
"","671","Kameron Johnson","15.0","15.0","WR","TB","10","36.04","0.6","11.0","6.3","8.8","6.0","0.0","$1","$1"
"","672","LaJohntay Wester","15.0","15.0","WR","BAL","13","36.11","0.6","8.0","6.3","8.8","6.0","0.0","$1","$1"
"","673","Myles Price","15.0","15.0","WR","MIN","6","67.12","1.9","7.0","6.3","8.2","6.0","0.0","$1","$1"
"","674","Devin Duvernay","15.0","15.0","WR","ARI","14","61.09","0.6","9.0","6.3","8.2","5.8","0.0","$1","$1"
"","675","Andrew 'Drew' Ogletree","15.0","15.0","TE","IND","13","46.03","22.1","12.0","22.1","22.1","22.1","0.0","$1","$1"
"","676","Ty Simpson","15.0","7.0","QB","LAR","11","19.04","25.0","14.0","27.8","91.7","44.7","0.0","$1","$1"
"","677","Brandin Cooks","15.0","15.0","WR","BUF","7","62.04","0.0","19.0","0.0","0.0","0.0","0.0","$1","$1"
"","678","Robert Woods","15.0","15.0","WR","UNS","18","73.02","0.0","0.0","0.0","0.0","0.0","0.0","$1","$1"
"","679","Adam Thielen","15.0","15.0","WR","UNS","18","74.06","0.0","0.0","0.0","0.0","0.0","0.0","$1","$1"
"","680","Robbie Chosen","15.0","15.0","WR","UNS","18","63.08","0.0","0.0","0.0","0.0","0.0","0.0","$1","$1"
"","681","Zay Jones","15.0","15.0","WR","UNS","18","45.04","0.0","0.0","0.0","0.0","0.0","0.0","$1","$1"
"","682","Josh Reynolds","15.0","15.0","WR","UNS","18","61.05","0.0","3.0","0.0","0.0","0.0","0.0","$1","$1"
"","683","Alex Erickson","15.0","15.0","WR","LAC","7","74.01","0.0","0.0","0.0","0.0","0.0","0.0","$1","$1"
"","684","Tyler Boyd","15.0","15.0","WR","UNS","18","56.05","0.0","0.0","0.0","0.0","0.0","0.0","$1","$1"
"","685","Jamison Crowder","15.0","15.0","WR","WAS","7","62.10","0.0","0.0","0.0","0.0","0.0","0.0","$1","$1"
"","686","Nelson Agholor","15.0","15.0","WR","UNS","18","74.03","0.0","0.0","0.0","0.0","0.0","0.0","$1","$1"
"","687","Allen Robinson","15.0","15.0","WR","DET","6","75.07","0.0","0.0","0.0","0.0","0.0","0.0","$1","$1"
"","688","Diontae Johnson","15.0","15.0","WR","UNS","18","65.12","0.0","0.0","0.0","0.0","0.0","0.0","$1","$1"
"","689","Lil'Jordan Humphrey","15.0","15.0","WR","DEN","10","22.09","0.0","12.0","0.0","0.0","0.0","0.0","$1","$1"
"","690","Stanley Morgan","15.0","15.0","WR","CIN","6","86.03","0.0","0.0","0.0","0.0","0.0","0.0","$1","$1"
"","691","Scott 'Scotty' Miller","15.0","15.0","WR","UNS","18","23.08","0.0","0.0","0.0","0.0","0.0","0.0","$1","$1"
"","692","Justin Watson","15.0","15.0","WR","HOU","8","44.02","0.0","5.0","0.0","0.0","0.0","0.0","$1","$1"
"","693","Ray-Ray McCloud","15.0","15.0","WR","NYG","8","67.03","0.0","0.0","0.0","0.0","0.0","0.0","$1","$1"
"","694","Zach Pascal","15.0","15.0","WR","UNS","18","75.04","0.0","0.0","0.0","0.0","0.0","0.0","$1","$1"
"","695","Trent Sherfield","15.0","15.0","WR","BUF","7","51.01","0.0","3.0","0.0","0.0","0.0","0.0","$1","$1"
"","696","Hakeem Butler","15.0","15.0","WR","CIN","6","86.03","0.0","0.0","0.0","0.0","0.0","0.0","$1","$1"
"","697","Cedrick 'Ced' Wilson","15.0","15.0","WR","MIA","6","35.03","0.0","0.0","0.0","0.0","0.0","0.0","$1","$1"
"","698","Dante Pettis","15.0","15.0","WR","NO","8","45.03","0.0","3.0","0.0","0.0","0.0","0.0","$1","$1"
"","699","Allen Lazard","15.0","15.0","WR","UNS","18","32.10","0.0","3.0","0.0","0.0","0.0","0.0","$1","$1"
"","700","Tre'Quan Smith","15.0","15.0","WR","DET","6","86.03","0.0","0.0","0.0","0.0","0.0","0.0","$1","$1"
"","701","D.J. Chark Jr.","15.0","15.0","WR","UNS","18","48.04","0.0","0.0","0.0","0.0","0.0","0.0","$1","$1"
"","702","Equanimeous St. Brown","15.0","15.0","WR","SF","8","61.06","0.0","0.0","0.0","0.0","0.0","0.0","$1","$1"
"","703","Michael Gallup","15.0","15.0","WR","UNS","18","86.03","0.0","0.0","0.0","0.0","0.0","0.0","$1","$1"
"","704","Anthony Miller","15.0","15.0","WR","BAL","13","40.03","0.0","0.0","0.0","0.0","0.0","0.0","$1","$1"
"","705","David Moore","15.0","15.0","WR","CAR","5","75.02","0.0","3.0","0.0","0.0","0.0","0.0","$1","$1"
"","706","Velus Jones","15.0","15.0","RB","NO","8","69.11","0.0","0.0","0.0","0.0","0.0","0.0","$1","$1"
"","707","Danny Gray","15.0","15.0","WR","UNS","18","53.12","0.0","0.0","0.0","0.0","0.0","0.0","$1","$1"
"","708","Erik Ezukanma","15.0","15.0","WR","UNS","18","58.03","0.0","0.0","0.0","0.0","0.0","0.0","$1","$1"
"","709","Kyle Philips","15.0","15.0","WR","LVR","13","86.03","0.0","0.0","0.0","0.0","0.0","0.0","$1","$1"
"","710","Irvin Charles","15.0","15.0","WR","NYJ","13","53.07","0.0","0.0","0.0","0.0","0.0","0.0","$1","$1"
"","711","Brandon Johnson","15.0","15.0","WR","UNS","18","64.10","0.0","0.0","0.0","0.0","0.0","0.0","$1","$1"
"","712","Chris Moore","15.0","15.0","WR","UNS","18","74.11","0.0","3.0","0.0","0.0","0.0","0.0","$1","$1"
"","713","Samori Toure","15.0","15.0","WR","UNS","18","29.02","0.0","0.0","0.0","0.0","0.0","0.0","$1","$1"
"","714","Bo Melton","15.0","15.0","CB","GB","11","86.03","0.0","19.0","0.0","0.0","0.0","0.0","$1","$1"
"","715","Trey Palmer","15.0","15.0","WR","NO","8","22.11","0.0","0.0","0.0","0.0","0.0","0.0","$1","$1"
"","716","Justin Shorter","15.0","15.0","WR","UNS","18","70.04","0.0","0.0","0.0","0.0","0.0","0.0","$1","$1"
"","717","Ronnie Bell","15.0","15.0","WR","NO","8","53.05","0.0","0.0","0.0","0.0","0.0","0.0","$1","$1"
"","718","Jalen Moreno-Cropper","15.0","15.0","WR","UNS","18","51.11","0.0","0.0","0.0","0.0","0.0","0.0","$1","$1"
"","719","Jake Bobo","15.0","15.0","WR","SEA","11","25.03","0.0","3.0","0.0","0.0","0.0","0.0","$1","$1"
"","720","Tyler Scott","15.0","15.0","WR","LAR","11","51.03","0.0","0.0","0.0","0.0","0.0","0.0","$1","$1"
"","721","Rakim Jarrett","15.0","15.0","WR","UNS","18","70.02","0.0","0.0","0.0","0.0","0.0","0.0","$1","$1"
"","722","A.T. Perry","15.0","15.0","WR","UNS","18","24.11","0.0","0.0","0.0","0.0","0.0","0.0","$1","$1"
"","723","Kadarius Toney","15.0","15.0","WR","UNS","18","70.09","0.0","0.0","0.0","0.0","0.0","0.0","$1","$1"
"","724","Terrace Marshall","15.0","15.0","WR","MIA","6","25.08","0.0","0.0","0.0","0.0","0.0","0.0","$1","$1"
"","725","Elijah Moore","15.0","15.0","WR","PHI","10","58.02","0.0","0.0","0.0","0.0","0.0","0.0","$1","$1"
"","726","Tylan Wallace","15.0","15.0","WR","CLE","11","27.03","0.0","7.0","0.0","0.0","0.0","0.0","$1","$1"
"","727","D'Wayne 'Dee' Eskridge","15.0","15.0","WR","MIA","6","60.05","0.0","3.0","0.0","0.0","0.0","0.0","$1","$1"
"","728","Simi Fehoko","15.0","15.0","WR","ARI","14","49.04","0.0","0.0","0.0","0.0","0.0","0.0","$1","$1"
"","729","Ihmir Smith-Marsette","15.0","15.0","WR","UNS","18","41.01","0.0","0.0","0.0","0.0","0.0","0.0","$1","$1"
"","730","Frank Darby","15.0","15.0","WR","ATL","11","86.03","0.0","0.0","0.0","0.0","0.0","0.0","$1","$1"
"","731","Mike Strachan","15.0","15.0","WR","CAR","5","86.03","0.0","0.0","0.0","0.0","0.0","0.0","$1","$1"
"","732","Justyn Ross","15.0","15.0","WR","UNS","18","58.09","0.0","0.0","0.0","0.0","0.0","0.0","$1","$1"
"","733","DeAndre Carter","15.0","15.0","WR","CLE","11","55.09","0.0","0.0","0.0","0.0","0.0","0.0","$1","$1"
"","734","Brandon Powell","15.0","15.0","WR","MIN","6","60.07","0.0","0.0","0.0","0.0","0.0","0.0","$1","$1"
"","735","Tim Jones","15.0","15.0","WR","MIN","6","55.07","0.0","0.0","0.0","0.0","0.0","0.0","$1","$1"
"","736","Trenton Irwin","15.0","15.0","WR","UNS","18","71.04","0.0","0.0","0.0","0.0","0.0","0.0","$1","$1"
"","737","D.J. Montgomery","15.0","15.0","WR","IND","13","53.04","0.0","0.0","0.0","0.0","0.0","0.0","$1","$1"
"","738","Ben Skowronek","15.0","15.0","WR","PIT","9","40.05","0.0","7.0","0.0","0.0","0.0","0.0","$1","$1"
"","739","Austin Watkins Jr.","15.0","15.0","WR","CLE","11","86.03","0.0","0.0","0.0","0.0","0.0","0.0","$1","$1"
"","740","Austin Trammell","15.0","15.0","WR","JAC","7","28.09","0.0","0.0","0.0","0.0","0.0","0.0","$1","$1"
"","741","Kristian Wilkerson","15.0","15.0","WR","UNS","18","64.07","0.0","0.0","0.0","0.0","0.0","0.0","$1","$1"
"","742","KhaDarel Hodge","15.0","15.0","WR","ATL","11","63.01","0.0","0.0","0.0","0.0","0.0","0.0","$1","$1"
"","743","Deonte Harty","15.0","15.0","WR","BAL","13","57.05","0.0","0.0","0.0","0.0","0.0","0.0","$1","$1"
"","744","Cam Sims","15.0","15.0","WR","LVR","13","86.03","0.0","0.0","0.0","0.0","0.0","0.0","$1","$1"
"","745","Jalen Guyton","15.0","15.0","WR","LVR","13","86.03","0.0","0.0","0.0","0.0","0.0","0.0","$1","$1"
"","746","Malik Taylor","15.0","15.0","WR","UNS","18","86.03","0.0","0.0","0.0","0.0","0.0","0.0","$1","$1"
"","747","Jamal Agnew","15.0","15.0","WR","ATL","11","57.01","0.0","0.0","0.0","0.0","0.0","0.0","$1","$1"
"","748","Tyron Johnson","15.0","15.0","WR","SF","8","86.03","0.0","0.0","0.0","0.0","0.0","0.0","$1","$1"
"","749","Tyler Johnson","15.0","15.0","WR","NYJ","13","74.10","0.0","3.0","0.0","0.0","0.0","0.0","$1","$1"
"","750","Lynn Bowden","15.0","15.0","WR","UNS","18","86.03","0.0","0.0","0.0","0.0","0.0","0.0","$1","$1"
"","751","Laviska Shenault","15.0","15.0","WR","UNS","18","54.10","0.0","0.0","0.0","0.0","0.0","0.0","$1","$1"
"","752","K.J. Hamler","15.0","15.0","WR","UNS","18","86.03","0.0","0.0","0.0","0.0","0.0","0.0","$1","$1"
"","753","James Proche","15.0","15.0","WR","TEN","9","63.02","0.0","1.0","0.0","0.0","0.0","0.0","$1","$1"
"","754","Gabriel 'Gabe' Davis","15.0","15.0","WR","BUF","7","58.06","0.0","0.0","0.0","0.0","0.0","0.0","$1","$1"
"","755","Isaiah Hodgins","15.0","15.0","WR","NYG","8","69.02","0.0","8.0","0.0","0.0","0.0","0.0","$1","$1"
"","756","Marquez Callaway","15.0","15.0","WR","UNS","18","49.07","0.0","0.0","0.0","0.0","0.0","0.0","$1","$1"
"","757","Jalen Reagor","15.0","15.0","WR","UNS","18","37.05","0.0","0.0","0.0","0.0","0.0","0.0","$1","$1"
"","758","Chase Claypool","15.0","15.0","WR","UNS","18","86.03","0.0","0.0","0.0","0.0","0.0","0.0","$1","$1"
"","759","Donovan Peoples-Jones","15.0","15.0","WR","UNS","18","86.03","0.0","0.0","0.0","0.0","0.0","0.0","$1","$1"
"","760","Lideatrick Griffin","15.0","15.0","WR","GB","11","86.03","0.0","0.0","0.0","0.0","0.0","0.0","$1","$1"
"","761","Jared Wayne","15.0","15.0","WR","UNS","18","66.05","0.0","0.0","0.0","0.0","0.0","0.0","$1","$1"
"","762","Nick Nash","15.0","15.0","WR","UNS","18","69.04","0.0","0.0","0.0","0.0","0.0","0.0","$1","$1"
"","763","Ricky White","15.0","15.0","WR","SEA","11","53.08","0.0","1.0","0.0","0.0","0.0","0.0","$1","$1"
"","764","Daniel Jackson","15.0","15.0","WR","HOU","8","86.03","0.0","0.0","0.0","0.0","0.0","0.0","$1","$1"
"","765","Josh Kelly","15.0","15.0","WR","DAL","14","86.03","0.0","0.0","0.0","0.0","0.0","0.0","$1","$1"
"","766","Traeshon Holden","15.0","15.0","WR","DAL","14","86.03","0.0","0.0","0.0","0.0","0.0","0.0","$1","$1"
"","767","Roc Taylor","15.0","15.0","WR","PIT","9","86.03","0.0","0.0","0.0","0.0","0.0","0.0","$1","$1"
"","768","Isaiah Neyor","15.0","15.0","WR","GB","11","61.01","0.0","0.0","0.0","0.0","0.0","0.0","$1","$1"
"","769","Ja'Corey Brooks","15.0","15.0","WR","WAS","7","29.10","0.0","0.0","0.0","0.0","0.0","0.0","$1","$1"
"","770","Samuel Brown","15.0","15.0","WR","RK","18","86.03","0.0","0.0","0.0","0.0","0.0","0.0","$1","$1"
"","771","Elijhah Badger","15.0","15.0","WR","UNS","18","86.03","0.0","0.0","0.0","0.0","0.0","0.0","$1","$1"
"","772","Jacolby George","15.0","15.0","WR","CAR","5","86.03","0.0","0.0","0.0","0.0","0.0","0.0","$1","$1"
"","773","Beaux Collins","15.0","15.0","WR","NYG","8","71.11","0.0","0.0","0.0","0.0","0.0","0.0","$1","$1"
"","774","Andrew Armstrong","15.0","15.0","WR","UNS","18","86.03","0.0","0.0","0.0","0.0","0.0","0.0","$1","$1"
"","775","Junior Bergen","15.0","15.0","WR","SF","8","41.03","0.0","0.0","0.0","0.0","0.0","0.0","$1","$1"
"","776","Cole Burgess","15.0","15.0","WR","CIN","6","86.03","0.0","0.0","0.0","0.0","0.0","0.0","$1","$1"
"","777","Will Sheppard","15.0","15.0","WR","TB","10","86.03","0.0","0.0","0.0","0.0","0.0","0.0","$1","$1"
"","778","Brycen Tremayne","15.0","15.0","WR","CAR","5","65.01","0.0","0.0","0.0","0.0","0.0","0.0","$1","$1"
"","779","Gunner Olszewski","15.0","15.0","WR","NYG","8","27.08","0.0","0.0","0.0","0.0","0.0","0.0","$1","$1"
"","780","Xavier Johnson","15.0","15.0","WR","HOU","8","86.03","0.0","0.0","0.0","0.0","0.0","0.0","$1","$1"
"","781","Tejhaun Palmer","15.0","15.0","WR","ARI","14","53.11","0.0","0.0","0.0","0.0","0.0","0.0","$1","$1"
"","782","Terique Owens","15.0","15.0","WR","SF","8","86.03","0.0","0.0","0.0","0.0","0.0","0.0","$1","$1"
"","783","Dane Key","15.0","15.0","WR","DEN","10","86.03","0.0","3.0","0.0","0.0","0.0","0.0","$1","$1"
"","784","Will Pauling","15.0","15.0","WR","SF","8","86.03","0.0","0.0","0.0","0.0","0.0","0.0","$1","$1"
"","785","Jahdae Walker","15.0","15.0","WR","CHI","10","20.11","0.0","38.0","0.0","0.0","0.0","0.0","$1","$1"
"","786","Dillon Bell","15.0","15.0","WR","MIN","6","86.03","0.0","0.0","0.0","0.0","0.0","0.0","$1","$1"
"","787","Tom Kennedy","15.0","15.0","WR","DET","6","43.09","0.0","0.0","0.0","0.0","0.0","0.0","$1","$1"
"","788","Dylan Drummond","15.0","15.0","WR","ATL","11","28.10","0.0","0.0","0.0","0.0","0.0","0.0","$1","$1"
"","789","Mason Kinsey","15.0","15.0","WR","TEN","9","57.12","0.0","0.0","0.0","0.0","0.0","0.0","$1","$1"
"","790","Andre Baccellia","15.0","15.0","WR","UNS","18","35.05","0.0","0.0","0.0","0.0","0.0","0.0","$1","$1"
"","791","Cody White","15.0","15.0","WR","SEA","11","38.06","0.0","0.0","0.0","0.0","0.0","0.0","$1","$1"
"","792","Bryce Ford-Wheaton","15.0","15.0","WR","NYG","8","44.11","0.0","0.0","0.0","0.0","0.0","0.0","$1","$1"
"","793","Kwamie Lassiter II","15.0","15.0","WR","CIN","6","86.03","0.0","0.0","0.0","0.0","0.0","0.0","$1","$1"
"","794","Dax Milne","15.0","15.0","WR","UNS","18","86.03","0.0","0.0","0.0","0.0","0.0","0.0","$1","$1"
"","795","Steven Sims","15.0","15.0","WR","SEA","11","59.02","0.0","0.0","0.0","0.0","0.0","0.0","$1","$1"
"","796","Jha'Quan Jackson","15.0","15.0","WR","UNS","18","57.06","0.0","0.0","0.0","0.0","0.0","0.0","$1","$1"
"","797","DJ Turner","15.0","15.0","WR","LVR","13","54.04","0.0","0.0","0.0","0.0","0.0","0.0","$1","$1"
"","798","Xavier Weaver","15.0","15.0","WR","ARI","14","40.08","0.0","0.0","0.0","0.0","0.0","0.0","$1","$1"
"","799","Bryce Oliver","15.0","15.0","WR","TEN","9","61.04","0.0","3.0","0.0","0.0","0.0","0.0","$1","$1"
"","800","Jalen Virgil","15.0","15.0","WR","UNS","18","57.04","0.0","0.0","0.0","0.0","0.0","0.0","$1","$1"
"","801","Ramel Keyton","15.0","15.0","WR","LVR","13","50.01","0.0","0.0","0.0","0.0","0.0","0.0","$1","$1"
"","802","Ryan Miller","15.0","15.0","WR","TB","10","70.01","0.0","0.0","0.0","0.0","0.0","0.0","$1","$1"
"","803","Alex Bachman","15.0","15.0","WR","LVR","13","35.01","0.0","0.0","0.0","0.0","0.0","0.0","$1","$1"
"","804","Grant DuBose","15.0","15.0","WR","MIA","6","72.07","0.0","0.0","0.0","0.0","0.0","0.0","$1","$1"
"","805","Makai Polk","15.0","15.0","WR","UNS","18","86.03","0.0","0.0","0.0","0.0","0.0","0.0","$1","$1"
"","806","Cade Johnson","15.0","15.0","WR","UNS","18","86.03","0.0","0.0","0.0","0.0","0.0","0.0","$1","$1"
"","807","Seth Williams","15.0","15.0","WR","JAC","7","86.03","0.0","0.0","0.0","0.0","0.0","0.0","$1","$1"
"","808","Dez Fitzpatrick","15.0","15.0","WR","UNS","18","41.07","0.0","0.0","0.0","0.0","0.0","0.0","$1","$1"
"","809","Michael Woods II","15.0","15.0","WR","CLE","11","36.02","0.0","0.0","0.0","0.0","0.0","0.0","$1","$1"
"","810","Da'Quan Felton","15.0","15.0","WR","NYG","8","86.03","0.0","0.0","0.0","0.0","0.0","0.0","$1","$1"
"","811","Antwane Wells Jr.","15.0","15.0","WR","NYG","8","86.03","0.0","0.0","0.0","0.0","0.0","0.0","$1","$1"
"","812","Kaden Prather","15.0","15.0","WR","BUF","7","29.11","0.0","0.0","0.0","0.0","0.0","0.0","$1","$1"
"","813","Kobe Hudson","15.0","15.0","WR","CAR","5","86.03","0.0","0.0","0.0","0.0","0.0","0.0","$1","$1"
"","814","Jermaine Burton","15.0","15.0","WR","UNS","18","51.10","0.0","11.0","0.0","0.0","0.0","0.0","$1","$1"
"","815","Brenden Rice","15.0","15.0","WR","GB","11","32.08","0.0","0.0","0.0","0.0","0.0","0.0","$1","$1"
"","816","Jamari Thrash","15.0","15.0","WR","UNS","18","67.02","0.0","0.0","0.0","0.0","0.0","0.0","$1","$1"
"","817","Ainias Smith","15.0","15.0","WR","UNS","18","65.07","0.0","0.0","0.0","0.0","0.0","0.0","$1","$1"
"","818","Javon Baker","15.0","15.0","WR","UNS","18","45.12","0.0","0.0","0.0","0.0","0.0","0.0","$1","$1"
"","819","Marcus Rosemy-Jacksaint","15.0","15.0","WR","UNS","18","86.03","0.0","0.0","0.0","0.0","0.0","0.0","$1","$1"
"","820","Cornelius Johnson","15.0","15.0","WR","GB","11","75.10","0.0","0.0","0.0","0.0","0.0","0.0","$1","$1"
"","821","Joshua Cephus","15.0","15.0","WR","UNS","18","32.12","0.0","0.0","0.0","0.0","0.0","0.0","$1","$1"
"","822","Antoine Green","15.0","15.0","WR","DET","6","67.04","0.0","0.0","0.0","0.0","0.0","0.0","$1","$1"
"","823","Kirk Merritt","15.0","15.0","WR","UNS","18","86.03","0.0","0.0","0.0","0.0","0.0","0.0","$1","$1"
"","824","Colton Dowell","15.0","15.0","WR","TEN","9","72.11","0.0","0.0","0.0","0.0","0.0","0.0","$1","$1"
"","825","Xavier Gipson","15.0","15.0","WR","NYG","8","34.07","0.0","0.0","0.0","0.0","0.0","0.0","$1","$1"
"","826","Jalen Brooks","15.0","15.0","WR","ARI","14","39.03","0.0","3.0","0.0","0.0","0.0","0.0","$1","$1"
"","827","Malik Heath","15.0","15.0","WR","UNS","18","53.03","0.0","0.0","0.0","0.0","0.0","0.0","$1","$1"
"","828","Jason Brownlee","15.0","15.0","WR","NYJ","13","59.10","0.0","0.0","0.0","0.0","0.0","0.0","$1","$1"
"","829","Durham Smythe","15.0","15.0","TE","BAL","13","26.08","17.7","24.0","17.7","17.7","17.7","0.0","$1","$1"
"","830","Cade Klubnik","15.0","7.0","QB","NYJ","13","42.09","23.8","18.0","26.4","79.2","40.3","0.0","$1","$1"
"","831","Julian Hill","15.0","15.0","TE","NE","11","21.10","5.3","12.0","5.6","19.0","9.2","0.0","$1","$1"
"","832","Max Bredeson","15.0","15.0","TE","MIN","6","47.04","9.0","9.0","9.0","9.0","9.0","0.0","$1","$1"
"","833","Lake McRee","15.0","15.0","TE","PIT","9","86.03","4.8","0.0","5.6","15.1","8.1","0.0","$1","$1"
"","834","Taylen Green","15.0","8.0","QB","CLE","11","28.11","11.3","31.0","13.3","46.6","22.0","0.0","$1","$1"
"","835","Drew Allar","15.0","8.0","QB","PIT","9","23.06","12.3","8.0","13.7","42.5","21.3","0.0","$1","$1"
"","836","Dillon Gabriel","15.0","8.0","QB","CLE","11","41.08","11.4","13.0","12.7","40.6","20.1","0.0","$1","$1"
"","837","Joshua Karty","15.0","7.0","K","ARI","14","52.01","63.4","0.0","64.0","89.6","70.9","0.0","$1","$1"
"","838","Jordan Matthews","15.0","15.0","TE","UNS","18","75.06","0.0","0.0","0.0","0.0","0.0","0.0","$1","$1"
"","839","Zach Ertz","15.0","15.0","TE","UNS","18","42.03","0.0","22.0","0.0","0.0","0.0","0.0","$1","$1"
"","840","Gerald Everett","15.0","15.0","TE","UNS","18","66.09","0.0","0.0","0.0","0.0","0.0","0.0","$1","$1"
"","841","Geoff Swaim","15.0","15.0","TE","UNS","18","71.09","0.0","0.0","0.0","0.0","0.0","0.0","$1","$1"
"","842","C.J. Uzomah","15.0","15.0","TE","UNS","18","60.06","0.0","0.0","0.0","0.0","0.0","0.0","$1","$1"
"","843","Tyler Kroft","15.0","15.0","TE","MIA","6","86.03","0.0","0.0","0.0","0.0","0.0","0.0","$1","$1"
"","844","Irv Smith","15.0","15.0","TE","HOU","8","47.09","0.0","0.0","0.0","0.0","0.0","0.0","$1","$1"
"","845","Foster Moreau","15.0","15.0","TE","HOU","8","73.11","0.0","25.0","0.0","0.0","0.0","0.0","$1","$1"
"","846","Donald Parham","15.0","15.0","TE","PIT","9","37.09","0.0","0.0","0.0","0.0","0.0","0.0","$1","$1"
"","847","Blake Bell","15.0","15.0","TE","KC","5","86.03","0.0","0.0","0.0","0.0","0.0","0.0","$1","$1"
"","848","Ross Dwelley","15.0","15.0","TE","UNS","18","70.08","0.0","0.0","0.0","0.0","0.0","0.0","$1","$1"
"","849","Robert Tonyan","15.0","15.0","TE","KC","5","73.12","0.0","1.0","0.0","0.0","0.0","0.0","$1","$1"
"","850","Ian Thomas","15.0","15.0","TE","LVR","13","63.07","0.0","10.0","0.0","0.0","0.0","0.0","$1","$1"
"","851","Anthony Firkser","15.0","15.0","TE","DET","6","47.02","0.0","28.0","0.0","0.0","0.0","0.0","$1","$1"
"","852","Jordan Akins","15.0","15.0","TE","UNS","18","69.09","0.0","0.0","0.0","0.0","0.0","0.0","$1","$1"
"","853","Jelani Woods","15.0","15.0","TE","UNS","18","57.09","0.0","0.0","0.0","0.0","0.0","0.0","$1","$1"
"","854","Cole Turner","15.0","15.0","TE","UNS","18","51.09","0.0","8.0","0.0","0.0","0.0","0.0","$1","$1"
"","855","Teagan Quitoriano","15.0","15.0","TE","ARI","14","54.02","0.0","29.0","0.0","0.0","0.0","0.0","$1","$1"
"","856","James Mitchell","15.0","15.0","TE","UNS","18","55.05","0.0","20.0","0.0","0.0","0.0","0.0","$1","$1"
"","857","Connor Heyward","15.0","15.0","TE","LVR","13","78.02","0.0","22.0","0.0","0.0","0.0","0.0","$1","$1"
"","858","Ko Kieft","15.0","15.0","TE","TB","10","46.11","0.0","1.0","0.0","0.0","0.0","0.0","$1","$1"
"","859","Lucas Krull","15.0","15.0","TE","DEN","10","59.04","0.0","11.0","0.0","0.0","0.0","0.0","$1","$1"
"","860","Stone Smartt","15.0","15.0","TE","PHI","10","70.12","0.0","5.0","0.0","0.0","0.0","0.0","$1","$1"
"","861","Peyton Hendershot","15.0","15.0","TE","UNS","18","63.10","0.0","0.0","0.0","0.0","0.0","0.0","$1","$1"
"","862","Josh Whyle","15.0","15.0","TE","GB","11","45.02","0.0","12.0","0.0","0.0","0.0","0.0","$1","$1"
"","863","Kylen Granson","15.0","15.0","TE","TEN","9","48.08","0.0","8.0","0.0","0.0","0.0","0.0","$1","$1"
"","864","Tyler Davis","15.0","15.0","TE","GB","11","86.03","0.0","0.0","0.0","0.0","0.0","0.0","$1","$1"
"","865","Quintin Morris","15.0","15.0","TE","JAC","7","48.12","0.0","2.0","0.0","0.0","0.0","0.0","$1","$1"
"","866","Mitchell Wilcox","15.0","15.0","TE","NE","11","52.09","0.0","0.0","0.0","0.0","0.0","0.0","$1","$1"
"","867","Lawrence Cager","15.0","15.0","TE","UNS","18","58.12","0.0","0.0","0.0","0.0","0.0","0.0","$1","$1"
"","868","Eric Saubert","15.0","15.0","TE","SEA","11","76.12","0.0","8.0","0.0","0.0","0.0","0.0","$1","$1"
"","869","Jack Stoll","15.0","15.0","TE","CLE","11","61.02","0.0","2.0","0.0","0.0","0.0","0.0","$1","$1"
"","870","Stephen Sullivan","15.0","15.0","TE","CAR","5","67.10","0.0","0.0","0.0","0.0","0.0","0.0","$1","$1"
"","871","Pharaoh Brown","15.0","15.0","TE","UNS","18","73.06","0.0","0.0","0.0","0.0","0.0","0.0","$1","$1"
"","872","Brevin Jordan","15.0","15.0","TE","HOU","8","60.04","0.0","2.0","0.0","0.0","0.0","0.0","$1","$1"
"","873","Brycen Hopkins","15.0","15.0","TE","LAR","11","86.03","0.0","0.0","0.0","0.0","0.0","0.0","$1","$1"
"","874","Albert Okwuegbunam","15.0","15.0","TE","LVR","13","64.04","0.0","0.0","0.0","0.0","0.0","0.0","$1","$1"
"","875","Josiah Deguara","15.0","15.0","TE","ARI","14","63.04","0.0","0.0","0.0","0.0","0.0","0.0","$1","$1"
"","876","Harrison Bryant","15.0","15.0","TE","SEA","11","58.05","0.0","3.0","0.0","0.0","0.0","0.0","$1","$1"
"","877","Zach Davidson","15.0","15.0","TE","BUF","7","66.08","0.0","0.0","0.0","0.0","0.0","0.0","$1","$1"
"","878","Luke Lachey","15.0","15.0","TE","HOU","8","37.08","0.0","0.0","0.0","0.0","0.0","0.0","$1","$1"
"","879","Benjamin Yurosek","15.0","15.0","TE","MIN","6","36.08","0.0","0.0","0.0","0.0","0.0","0.0","$1","$1"
"","880","Joshua Simon","15.0","15.0","TE","ATL","11","86.03","0.0","0.0","0.0","0.0","0.0","0.0","$1","$1"
"","881","Bryson Nesbit","15.0","15.0","TE","MIN","6","86.03","0.0","0.0","0.0","0.0","0.0","0.0","$1","$1"
"","882","Robbie Ouzts","15.0","15.0","RB","SEA","11","55.01","0.0","0.0","0.0","0.0","0.0","0.0","$1","$1"
"","883","Jalin Conyers","15.0","15.0","TE","MIA","6","86.03","0.0","0.0","0.0","0.0","0.0","0.0","$1","$1"
"","884","Moliki Matavao","15.0","15.0","TE","NO","8","39.02","0.0","9.0","0.0","0.0","0.0","0.0","$1","$1"
"","885","CJ Dippre","15.0","15.0","TE","NE","11","39.08","0.0","0.0","0.0","0.0","0.0","0.0","$1","$1"
"","886","Gavin Bartholomew","15.0","15.0","TE","MIN","6","54.09","0.0","0.0","0.0","0.0","0.0","0.0","$1","$1"
"","887","Caleb Lohner","15.0","15.0","TE","DEN","10","60.12","0.0","0.0","0.0","0.0","0.0","0.0","$1","$1"
"","888","Tanner Conner","15.0","15.0","TE","UNS","18","64.01","0.0","0.0","0.0","0.0","0.0","0.0","$1","$1"
"","889","Tucker Fisk","15.0","15.0","TE","LAC","7","69.05","0.0","0.0","0.0","0.0","0.0","0.0","$1","$1"
"","890","David Martin-Robinson","15.0","15.0","TE","TEN","9","39.04","0.0","0.0","0.0","0.0","0.0","0.0","$1","$1"
"","891","Tanner Arkin","15.0","15.0","TE","NE","11","86.03","0.0","0.0","0.0","0.0","0.0","0.0","$1","$1"
"","892","Cody Hardy","15.0","15.0","TE","NO","8","86.03","0.0","0.0","0.0","0.0","0.0","0.0","$1","$1"
"","893","Dae'Quan Wright","15.0","15.0","TE","PHI","10","86.03","0.0","0.0","0.0","0.0","0.0","0.0","$1","$1"
"","894","Miles Kitselman","15.0","15.0","TE","DET","6","86.03","0.0","0.0","0.0","0.0","0.0","0.0","$1","$1"
"","895","Khalil Dinkins","15.0","15.0","TE","SF","8","86.03","0.0","0.0","0.0","0.0","0.0","0.0","$1","$1"
"","896","Dan Villari","15.0","15.0","TE","LAR","11","86.03","0.0","0.0","0.0","0.0","0.0","0.0","$1","$1"
"","897","Sal Cannella","15.0","15.0","TE","CLE","11","23.12","0.0","0.0","0.0","0.0","0.0","0.0","$1","$1"
"","898","MyCole Pruitt","15.0","15.0","TE","PIT","9","73.01","0.0","0.0","0.0","0.0","0.0","0.0","$1","$1"
"","899","Chris Manhertz","15.0","15.0","TE","NYG","8","74.05","0.0","3.0","0.0","0.0","0.0","0.0","$1","$1"
"","900","Nate Adkins","15.0","15.0","TE","DEN","10","49.09","0.0","12.0","0.0","0.0","0.0","0.0","$1","$1"
"","901","Shane Zylstra","15.0","15.0","TE","DET","6","37.02","0.0","0.0","0.0","0.0","0.0","0.0","$1","$1"
"","902","Nick Vannett","15.0","15.0","TE","UNS","18","74.04","0.0","0.0","0.0","0.0","0.0","0.0","$1","$1"
"","903","Blake Whiteheart","15.0","15.0","TE","CLE","11","44.08","0.0","0.0","0.0","0.0","0.0","0.0","$1","$1"
"","904","E.J. Jenkins","15.0","15.0","TE","PHI","10","68.03","0.0","0.0","0.0","0.0","0.0","0.0","$1","$1"
"","905","Feleipe Franks","15.0","15.0","TE","CAR","5","61.10","0.0","1.0","0.0","0.0","0.0","0.0","$1","$1"
"","906","John FitzPatrick","15.0","15.0","TE","GB","11","65.09","0.0","0.0","0.0","0.0","0.0","0.0","$1","$1"
"","907","Jack Westover","15.0","15.0","TE","NE","11","68.06","0.0","0.0","0.0","0.0","0.0","0.0","$1","$1"
"","908","Briley Moore","15.0","15.0","TE","TEN","9","86.03","0.0","0.0","0.0","0.0","0.0","0.0","$1","$1"
"","909","Kenny Yeboah","15.0","15.0","TE","UNS","18","52.05","0.0","0.0","0.0","0.0","0.0","0.0","$1","$1"
"","910","Tanner McLachlan","15.0","15.0","TE","CIN","6","42.06","0.0","0.0","0.0","0.0","0.0","0.0","$1","$1"
"","911","Jaheim Bell","15.0","15.0","TE","UNS","18","52.08","0.0","26.0","0.0","0.0","0.0","0.0","$1","$1"
"","912","Cameron Latu","15.0","15.0","TE","UNS","18","43.03","0.0","2.0","0.0","0.0","0.0","0.0","$1","$1"
"","913","Spencer Shrader","15.0","7.0","K","IND","13","20.01","62.7","59.0","64.0","86.4","69.9","0.0","$1","$1"
"","914","Zach Wilson","15.0","9.0","QB","NO","8","40.10","0.0","0.0","0.0","0.0","0.0","0.0","$1","$1"
"","915","Justin Fields","15.0","9.0","QB","KC","5","22.01","0.0","16.0","0.0","0.0","0.0","0.0","$1","$1"
"","916","Trey Lance","15.0","9.0","QB","LAC","7","31.09","0.0","14.0","0.0","0.0","0.0","0.0","$1","$1"
"","917","Mac Jones","15.0","9.0","QB","SF","8","22.07","0.0","23.0","0.0","0.0","0.0","0.0","$1","$1"
"","918","Jacob Eason","15.0","9.0","QB","NYG","8","86.03","0.0","0.0","0.0","0.0","0.0","0.0","$1","$1"
"","919","Graham Mertz","15.0","9.0","QB","HOU","8","64.02","0.0","0.0","0.0","0.0","0.0","0.0","$1","$1"
"","920","Brady Cook","15.0","9.0","QB","NYJ","13","29.07","0.0","0.0","0.0","0.0","0.0","0.0","$1","$1"
"","921","Seth Henigan","15.0","9.0","QB","JAC","7","86.03","0.0","0.0","0.0","0.0","0.0","0.0","$1","$1"
"","922","Max Brosmer","15.0","9.0","QB","MIN","6","74.09","0.0","0.0","0.0","0.0","0.0","0.0","$1","$1"
"","923","Kurtis Rourke","15.0","9.0","QB","SF","8","64.03","0.0","0.0","0.0","0.0","0.0","0.0","$1","$1"
"","924","Kyle McCord","15.0","9.0","QB","PHI","10","74.08","0.0","0.0","0.0","0.0","0.0","0.0","$1","$1"
"","925","Will Howard","15.0","9.0","QB","PIT","9","30.09","0.0","11.0","0.0","0.0","0.0","0.0","$1","$1"
"","926","Kyle Allen","15.0","9.0","QB","BUF","7","37.04","0.0","0.0","0.0","0.0","0.0","0.0","$1","$1"
"","927","Vernon Adams Jr.","15.0","9.0","QB","UNS","18","86.03","0.0","0.0","0.0","0.0","0.0","0.0","$1","$1"
"","928","Jack Plummer","15.0","9.0","QB","CAR","5","86.03","0.0","0.0","0.0","0.0","0.0","0.0","$1","$1"
"","929","Haynes King","15.0","9.0","QB","CAR","5","86.03","0.0","0.0","0.0","0.0","0.0","0.0","$1","$1"
"","930","Luke Altmyer","15.0","9.0","QB","DET","6","86.03","0.0","0.0","0.0","0.0","0.0","0.0","$1","$1"
"","931","DJ Uiagalelei","15.0","9.0","QB","LAC","7","86.03","0.0","0.0","0.0","0.0","0.0","0.0","$1","$1"
"","932","Hunter Dekkers","15.0","9.0","QB","NO","8","86.03","0.0","0.0","0.0","0.0","0.0","0.0","$1","$1"
"","933","Tommy Mellott","15.0","9.0","WR","UNS","18","33.09","0.0","0.0","0.0","0.0","0.0","0.0","$1","$1"
"","934","Cam Miller","15.0","9.0","QB","UNS","18","33.05","0.0","0.0","0.0","0.0","0.0","0.0","$1","$1"
"","935","Tanner McKee","15.0","9.0","QB","PHI","10","42.01","0.0","0.0","0.0","0.0","0.0","0.0","$1","$1"
"","936","Sam Ehlinger","15.0","9.0","QB","UNS","18","63.06","0.0","0.0","0.0","0.0","0.0","0.0","$1","$1"
"","937","Kedon Slovis","15.0","9.0","QB","UNS","18","65.06","0.0","0.0","0.0","0.0","0.0","0.0","$1","$1"
"","938","Austin Reed","15.0","9.0","QB","CHI","10","86.03","0.0","0.0","0.0","0.0","0.0","0.0","$1","$1"
"","939","Ian Book","15.0","9.0","QB","UNS","18","86.03","0.0","0.0","0.0","0.0","0.0","0.0","$1","$1"
"","940","Tommy DeVito","15.0","9.0","QB","NE","11","21.06","0.0","12.0","0.0","0.0","0.0","0.0","$1","$1"
"","941","Aidan O'Connell","15.0","9.0","QB","LVR","13","31.11","0.0","0.0","0.0","0.0","0.0","0.0","$1","$1"
"","942","Spencer Rattler","15.0","9.0","QB","NO","8","38.01","0.0","13.0","0.0","0.0","0.0","0.0","$1","$1"
"","943","Michael Pratt","15.0","9.0","QB","TB","10","23.01","0.0","0.0","0.0","0.0","0.0","0.0","$1","$1"
"","944","Joe Milton III","15.0","9.0","QB","DAL","14","21.08","0.0","12.0","0.0","0.0","0.0","0.0","$1","$1"
"","945","Devin Leary","15.0","9.0","QB","BAL","13","24.05","0.0","0.0","0.0","0.0","0.0","0.0","$1","$1"
"","946","Sam Hartman","15.0","9.0","QB","UNS","18","86.03","0.0","0.0","0.0","0.0","0.0","0.0","$1","$1"
"","947","Josh Johnson","15.0","9.0","QB","CIN","6","40.12","0.0","0.0","0.0","0.0","0.0","0.0","$1","$1"
"","948","Nathan Rourke","15.0","9.0","QB","NE","11","70.03","0.0","0.0","0.0","0.0","0.0","0.0","$1","$1"
"","949","Ben DiNucci","15.0","9.0","QB","UNS","18","86.03","0.0","0.0","0.0","0.0","0.0","0.0","$1","$1"
"","950","Max Duggan","15.0","9.0","QB","UNS","18","52.03","0.0","0.0","0.0","0.0","0.0","0.0","$1","$1"
"","951","Sean Clifford","15.0","9.0","QB","UNS","18","55.06","0.0","0.0","0.0","0.0","0.0","0.0","$1","$1"
"","952","Skylar Thompson","15.0","9.0","QB","PIT","9","35.06","0.0","0.0","0.0","0.0","0.0","0.0","$1","$1"
"","953","Brandon Allen","15.0","9.0","QB","NYG","8","59.11","0.0","0.0","0.0","0.0","0.0","0.0","$1","$1"
"","954","Riley Leonard","15.0","9.0","QB","IND","13","24.09","0.0","12.0","0.0","0.0","0.0","0.0","$1","$1"
"","955","Quinn Ewers","15.0","9.0","QB","MIA","6","26.07","0.0","14.0","0.0","0.0","0.0","0.0","$1","$1"
"","956","Jalen Milroe","15.0","9.0","QB","SEA","11","38.12","0.0","11.0","0.0","0.0","0.0","0.0","$1","$1"
"","957","Chris Oladokun","15.0","9.0","QB","KC","5","72.12","0.0","12.0","0.0","0.0","0.0","0.0","$1","$1"
"","958","Dresser Winn","15.0","9.0","QB","LAR","11","86.03","0.0","0.0","0.0","0.0","0.0","0.0","$1","$1"
"","959","Garrett Nussmeier","15.0","9.0","QB","KC","5","66.02","0.0","3.0","0.0","0.0","0.0","0.0","$1","$1"
"","960","Diego Pavia","15.0","9.0","QB","BAL","13","86.03","0.0","4.0","0.0","0.0","0.0","0.0","$1","$1"
"","961","Sawyer Robertson","15.0","9.0","QB","LVR","13","86.03","0.0","0.0","0.0","0.0","0.0","0.0","$1","$1"
"","962","Joe Fagnano","15.0","9.0","QB","BAL","13","86.03","0.0","0.0","0.0","0.0","0.0","0.0","$1","$1"
"","963","Joey Aguilar","15.0","9.0","QB","JAC","7","86.03","0.0","0.0","0.0","0.0","0.0","0.0","$1","$1"
"","964","Athan Kaliakmanis","15.0","9.0","QB","WAS","7","66.03","0.0","0.0","0.0","0.0","0.0","0.0","$1","$1"
"","965","Mark Gronowski","15.0","9.0","QB","MIA","6","86.03","0.0","0.0","0.0","0.0","0.0","0.0","$1","$1"
"","966","Jalon Daniels","15.0","9.0","QB","TB","10","86.03","0.0","0.0","0.0","0.0","0.0","0.0","$1","$1"
"","967","Behren Morton","15.0","9.0","QB","NE","11","53.06","0.0","0.0","0.0","0.0","0.0","0.0","$1","$1"
"","968","Cole Payton","15.0","9.0","QB","PHI","10","76.06","0.0","0.0","0.0","0.0","0.0","0.0","$1","$1"
"","969","Nick Mullens","15.0","9.0","QB","JAC","7","47.06","0.0","12.0","0.0","0.0","0.0","0.0","$1","$1"
"","970","Cooper Rush","15.0","9.0","QB","UNS","18","67.11","0.0","0.0","0.0","0.0","0.0","0.0","$1","$1"
"","971","Mason Rudolph","15.0","9.0","QB","PIT","9","26.05","0.0","12.0","0.0","0.0","0.0","0.0","$1","$1"
"","972","Stetson Bennett","15.0","9.0","QB","LAR","11","19.11","0.0","0.0","0.0","0.0","0.0","0.0","$1","$1"
"","973","Will Levis","15.0","9.0","QB","TEN","9","28.08","0.0","12.0","0.0","0.0","0.0","0.0","$1","$1"
"","974","Anthony Richardson","15.0","9.0","QB","IND","13","33.08","0.0","15.0","0.0","0.0","0.0","0.0","$1","$1"
"","975","Bailey Zappe","15.0","9.0","QB","UNS","18","32.02","0.0","0.0","0.0","0.0","0.0","0.0","$1","$1"
"","976","Sam Howell","15.0","9.0","QB","DAL","14","51.05","0.0","4.0","0.0","0.0","0.0","0.0","$1","$1"
"","977","Kenny Pickett","15.0","9.0","QB","CAR","5","26.06","0.0","6.0","0.0","0.0","0.0","0.0","$1","$1"
"","978","Desmond Ridder","15.0","9.0","QB","GB","11","34.12","0.0","0.0","0.0","0.0","0.0","0.0","$1","$1"
"","979","Joshua Dobbs","15.0","9.0","QB","UNS","18","33.07","0.0","10.0","0.0","0.0","0.0","0.0","$1","$1"
"","980","Tim Boyle","15.0","9.0","QB","UNS","18","56.01","0.0","0.0","0.0","0.0","0.0","0.0","$1","$1"
"","981","Tyler Huntley","15.0","9.0","QB","BAL","13","40.11","0.0","12.0","0.0","0.0","0.0","0.0","$1","$1"
"","982","Davis Mills","15.0","9.0","QB","HOU","8","40.07","0.0","15.0","0.0","0.0","0.0","0.0","$1","$1"
"","983","Kyle Trask","15.0","9.0","QB","UNS","18","62.02","0.0","0.0","0.0","0.0","0.0","0.0","$1","$1"
"","984","Hendon Hooker","15.0","9.0","QB","TEN","9","41.06","0.0","0.0","0.0","0.0","0.0","0.0","$1","$1"
"","985","Malik Cunningham","15.0","9.0","QB","BAL","13","66.01","0.0","0.0","0.0","0.0","0.0","0.0","$1","$1"
"","986","Jaren Hall","15.0","9.0","QB","SEA","11","69.06","0.0","0.0","0.0","0.0","0.0","0.0","$1","$1"
"","987","Clayton Tune","15.0","9.0","QB","GB","11","30.05","0.0","10.0","0.0","0.0","0.0","0.0","$1","$1"
"","988","Tyson Bagent","15.0","9.0","QB","CHI","10","22.08","0.0","7.0","0.0","0.0","0.0","0.0","$1","$1"
"","989","Dorian Thompson-Robinson","15.0","9.0","QB","UNS","18","68.01","0.0","0.0","0.0","0.0","0.0","0.0","$1","$1"
"","990","Jake Haener","15.0","9.0","QB","UNS","18","44.05","0.0","0.0","0.0","0.0","0.0","0.0","$1","$1"
"","991","Mitchell 'Mitch' Trubisky","15.0","9.0","QB","TEN","9","48.10","0.0","12.0","0.0","0.0","0.0","0.0","$1","$1"
"","992","Taylor Heinicke","15.0","9.0","QB","UNS","18","73.10","0.0","0.0","0.0","0.0","0.0","0.0","$1","$1"
"","993","C.J. Beathard","15.0","9.0","QB","UNS","18","86.03","0.0","0.0","0.0","0.0","0.0","0.0","$1","$1"
"","994","Jeff Driskel","15.0","9.0","QB","UNS","18","75.05","0.0","0.0","0.0","0.0","0.0","0.0","$1","$1"
"","995","Carson Wentz","15.0","9.0","QB","MIN","6","76.01","0.0","3.0","0.0","0.0","0.0","0.0","$1","$1"
"","996","Trevor Siemian","15.0","9.0","QB","ATL","11","46.10","0.0","0.0","0.0","0.0","0.0","0.0","$1","$1"
"","997","Marcus Mariota","15.0","9.0","QB","WAS","7","38.04","0.0","13.0","0.0","0.0","0.0","0.0","$1","$1"
"","998","Jameis Winston","15.0","9.0","QB","NYG","8","19.07","0.0","11.0","0.0","0.0","0.0","0.0","$1","$1"
"","999","Jimmy Garoppolo","15.0","9.0","QB","UNS","18","77.01","0.0","11.0","0.0","0.0","0.0","0.0","$1","$1"
"","1000","Drew Lock","15.0","9.0","QB","SEA","11","31.05","0.0","5.0","0.0","0.0","0.0","0.0","$1","$1"
"","1001","Will Grier","15.0","9.0","QB","CAR","5","86.03","0.0","0.0","0.0","0.0","0.0","0.0","$1","$1"
"","1002","Jarrett Stidham","15.0","9.0","QB","DEN","10","29.06","0.0","13.0","0.0","0.0","0.0","0.0","$1","$1"
"","1003","Mike White","15.0","9.0","QB","UNS","18","56.11","0.0","0.0","0.0","0.0","0.0","0.0","$1","$1"
"","1004","Brett Rypien","15.0","9.0","QB","IND","13","69.10","0.0","0.0","0.0","0.0","0.0","0.0","$1","$1"
"","1005","Jake Browning","15.0","9.0","QB","TB","10","55.11","0.0","5.0","0.0","0.0","0.0","0.0","$1","$1"
"","1006","Gardner Minshew","15.0","9.0","QB","ARI","14","26.11","0.0","23.0","0.0","0.0","0.0","0.0","$1","$1"
"","1007","Easton Stick","15.0","9.0","QB","UNS","18","42.07","0.0","0.0","0.0","0.0","0.0","0.0","$1","$1"
"","1008","Joe Flacco","15.0","9.0","QB","CIN","6","20.07","0.0","20.0","0.0","0.0","0.0","0.0","$1","$1"
"","1009","Philip Rivers","15.0","9.0","QB","IND","13","18.07","0.0","0.0","0.0","0.0","0.0","0.0","$1","$1"
"","1010","Derek Carr","15.0","9.0","QB","UNS","18","37.07","0.0","21.0","0.0","0.0","0.0","0.0","$1","$1"
"","1011","Teddy Bridgewater","15.0","9.0","QB","DET","6","48.01","0.0","14.0","0.0","0.0","0.0","0.0","$1","$1"
"","1012","Case Keenum","15.0","9.0","QB","CHI","10","66.12","0.0","0.0","0.0","0.0","0.0","0.0","$1","$1"
"","1013","Russell Wilson","15.0","9.0","QB","UNS","18","27.09","0.0","0.0","0.0","0.0","0.0","0.0","$1","$1"
"","1014","Ryan Tannehill","15.0","9.0","QB","UNS","18","86.03","0.0","0.0","0.0","0.0","0.0","0.0","$1","$1"
"","1015","Tyrod Taylor","15.0","9.0","QB","GB","11","44.07","0.0","12.0","0.0","0.0","0.0","0.0","$1","$1"
"","1016","Andy Dalton","15.0","9.0","QB","PHI","10","43.06","0.0","13.0","0.0","0.0","0.0","0.0","$1","$1"
"","1017","Blaine Gabbert","15.0","9.0","QB","KC","5","86.03","0.0","0.0","0.0","0.0","0.0","0.0","$1","$1"
"","1018","Blake Grupe","15.0","7.0","K","IND","13","83.05","56.1","96.0","56.7","82.2","63.6","0.0","$1","$1"
"","1019","Jason Sanders","15.0","8.0","K","NYG","8","78.11","10.1","98.0","10.1","10.1","10.1","0.0","$1","$1"
"","1020","Matt Ammendola","15.0","9.0","K","HOU","8","86.03","0.0","0.0","0.0","0.0","0.0","0.0","$1","$1"
"","1021","Elliott Fry","15.0","9.0","K","DEN","10","86.03","0.0","0.0","0.0","0.0","0.0","0.0","$1","$1"
"","1022","Jake Bailey","15.0","9.0","K","ATL","11","86.03","0.0","0.0","0.0","0.0","0.0","0.0","$1","$1"
"","1023","Tress Way","15.0","9.0","K","WAS","7","86.03","0.0","0.0","0.0","0.0","0.0","0.0","$1","$1"
"","1024","Jordan Stout","15.0","9.0","K","BAL","13","86.03","0.0","0.0","0.0","0.0","0.0","0.0","$1","$1"
"","1025","Daniel Whelan","15.0","9.0","K","GB","11","86.03","0.0","0.0","0.0","0.0","0.0","0.0","$1","$1"
"","1026","John Hoyland","15.0","9.0","K","BAL","13","86.03","0.0","0.0","0.0","0.0","0.0","0.0","$1","$1"
"","1027","Caden Davis","15.0","9.0","K","UNS","18","19.10","0.0","0.0","0.0","0.0","0.0","0.0","$1","$1"
"","1028","Maddux Trujillo","15.0","9.0","K","IND","13","86.03","0.0","0.0","0.0","0.0","0.0","0.0","$1","$1"
"","1029","Lenny Krieg","15.0","9.0","K","ATL","11","86.03","0.0","113.0","0.0","0.0","0.0","0.0","$1","$1"
"","1030","Jamie Gillan","15.0","9.0","K","UNS","18","86.03","0.0","0.0","0.0","0.0","0.0","0.0","$1","$1"
"","1031","Mike Meyer","15.0","9.0","K","UNS","18","86.03","0.0","0.0","0.0","0.0","0.0","0.0","$1","$1"
"","1032","Tucker McCann","15.0","9.0","K","UNS","18","86.03","0.0","0.0","0.0","0.0","0.0","0.0","$1","$1"
"","1033","Tommy Townsend","15.0","9.0","K","HOU","8","86.03","0.0","0.0","0.0","0.0","0.0","0.0","$1","$1"
"","1034","Blake Gillikin","15.0","9.0","K","ARI","14","86.03","0.0","0.0","0.0","0.0","0.0","0.0","$1","$1"
"","1035","Bradley Pinion","15.0","9.0","K","ATL","11","86.03","0.0","0.0","0.0","0.0","0.0","0.0","$1","$1"
"","1036","Matthew Hayball","15.0","9.0","K","NO","8","86.03","0.0","0.0","0.0","0.0","0.0","0.0","$1","$1"
"","1037","Tory Taylor","15.0","9.0","K","CHI","10","86.03","0.0","0.0","0.0","0.0","0.0","0.0","$1","$1"
"","1038","Corey Bojorquez","15.0","9.0","K","CLE","11","86.03","0.0","0.0","0.0","0.0","0.0","0.0","$1","$1"
"","1039","Riley Dixon","15.0","9.0","K","DEN","10","86.03","0.0","0.0","0.0","0.0","0.0","0.0","$1","$1"
"","1040","Logan Cooke","15.0","9.0","K","JAC","7","86.03","0.0","0.0","0.0","0.0","0.0","0.0","$1","$1"
"","1041","Michael Dickson","15.0","9.0","K","SEA","11","86.03","0.0","0.0","0.0","0.0","0.0","0.0","$1","$1"
"","1042","Thomas Morstead","15.0","9.0","K","NYJ","13","86.03","0.0","0.0","0.0","0.0","0.0","0.0","$1","$1"
"","1043","Jack Fox","15.0","9.0","K","DET","6","86.03","0.0","0.0","0.0","0.0","0.0","0.0","$1","$1"
"","1044","Rigoberto Sanchez","15.0","9.0","K","IND","13","86.03","0.0","0.0","0.0","0.0","0.0","0.0","$1","$1"
"","1045","Ryan Rehkow","15.0","9.0","K","CIN","6","86.03","0.0","0.0","0.0","0.0","0.0","0.0","$1","$1"
"","1046","Corliss Waitman","15.0","9.0","K","SF","8","86.03","0.0","0.0","0.0","0.0","0.0","0.0","$1","$1"
"","1047","Dominic Zvada","15.0","9.0","K","NYG","8","86.03","0.0","72.0","0.0","0.0","0.0","0.0","$1","$1"
"","1048","Brayden Narveson","15.0","9.0","K","TEN","9","29.09","0.0","0.0","0.0","0.0","0.0","0.0","$1","$1"
"","1049","John Parker Romo","15.0","9.0","K","ATL","11","25.07","0.0","0.0","0.0","0.0","0.0","0.0","$1","$1"
"","1050","Jude McAtamney","15.0","9.0","K","UNS","18","21.09","0.0","0.0","0.0","0.0","0.0","0.0","$1","$1"
"","1051","Tristan Vizcaino","15.0","9.0","K","UNS","18","86.03","0.0","0.0","0.0","0.0","0.0","0.0","$1","$1"
"","1052","Ramiz Ahmed","15.0","9.0","K","WAS","7","86.03","0.0","0.0","0.0","0.0","0.0","0.0","$1","$1"
"","1053","Anders Carlson","15.0","9.0","K","UNS","18","32.09","0.0","0.0","0.0","0.0","0.0","0.0","$1","$1"
"","1054","Riley Patterson","15.0","9.0","K","MIA","6","74.02","0.0","65.0","0.0","0.0","0.0","0.0","$1","$1"
"","1055","Lucas Havrisik","15.0","9.0","K","GB","11","25.05","0.0","0.0","0.0","0.0","0.0","0.0","$1","$1"
"","1056","Younghoe Koo","15.0","9.0","K","NYJ","13","19.12","0.0","106.0","0.0","0.0","0.0","0.0","$1","$1"
"","1057","Michael 'Mike' Badgley","15.0","9.0","K","BUF","7","35.10","0.0","106.0","0.0","0.0","0.0","0.0","$1","$1"
"","1058","Greg Joseph","15.0","9.0","K","UNS","18","25.11","0.0","0.0","0.0","0.0","0.0","0.0","$1","$1"
"","1059","Brett Maher","15.0","9.0","K","LAR","11","86.03","0.0","0.0","0.0","0.0","0.0","0.0","$1","$1"
"","1060","Daniel Carlson","15.0","9.0","K","LVR","13","31.04","0.0","79.0","0.0","0.0","0.0","0.0","$1","$1"
"","1061","Matthew Wright","15.0","9.0","K","BUF","7","51.08","0.0","0.0","0.0","0.0","0.0","0.0","$1","$1"
"","1062","Austin Seibert","15.0","9.0","K","WAS","7","36.07","0.0","0.0","0.0","0.0","0.0","0.0","$1","$1"
"","1063","Greg Zuerlein","15.0","9.0","K","UNS","18","22.02","0.0","0.0","0.0","0.0","0.0","0.0","$1","$1"
"","1064","Randy Bullock","15.0","9.0","K","NYG","8","86.03","0.0","0.0","0.0","0.0","0.0","0.0","$1","$1"
"","1065","Justin Tucker","15.0","9.0","K","UNS","18","18.08","0.0","0.0","0.0","0.0","0.0","0.0","$1","$1"
"","1066","Dustin Hopkins","15.0","9.0","K","UNS","18","43.01","0.0","0.0","0.0","0.0","0.0","0.0","$1","$1"
"","1067","Matt Prater","15.0","9.0","K","BUF","7","18.12","0.0","106.0","0.0","0.0","0.0","0.0","$1","$1"