"","Rank","Player","Overall Tier","Pos. Tier","Pos","Team","Bye","ADP","Floor","Consensus","DS Proj","Ceiling","3D Proj","3d Value","Market $","Auction $"
"","1","Jahmyr Gibbs","1.0","1.0","RB","DET","6","1.01","266.8","312.0","321.4","376.0","326.4","100.0","$63","$59"
"","2","Puka Nacua","1.0","1.0","WR","LAR","11","1.03","244.9","259.0","298.6","328.5","297.0","99.8","$58","$59"
"","3","Bijan Robinson","1.0","1.0","RB","ATL","11","1.02","268.7","315.0","316.1","369.8","322.1","97.2","$64","$57"
"","4","Ja'Marr Chase","1.0","1.0","WR","CIN","6","1.04","248.2","266.0","282.0","332.8","289.7","94.8","$56","$56"
"","5","Christian McCaffrey","1.0","1.0","RB","SF","8","1.05","247.3","286.0","297.9","372.4","309.0","88.8","$51","$52"
"","6","Jaxon Smith-Njigba","1.0","1.0","WR","SEA","11","1.06","243.4","248.0","267.5","318.3","277.0","85.9","$51","$51"
"","7","Amon-Ra St. Brown","2.0","2.0","WR","DET","6","1.07","239.2","243.0","265.8","295.0","268.9","80.3","$44","$47"
"","8","Jonathan Taylor","2.0","2.0","RB","IND","13","1.08","247.2","286.0","287.4","339.1","294.2","79.3","$62","$47"
"","9","CeeDee Lamb","2.0","2.0","WR","DAL","14","1.09","223.4","219.0","253.9","304.7","262.2","75.6","$45","$45"
"","10","James Cook","2.0","2.0","RB","BUF","7","1.12","239.3","253.0","275.0","335.5","285.0","73.4","$55","$43"
"","11","Justin Jefferson","2.0","2.0","WR","MIN","6","1.11","210.5","220.0","244.8","318.2","258.6","73.1","$38","$43"
"","12","Ashton Jeanty","2.0","2.0","RB","LVR","13","2.01","237.8","243.0","267.2","342.0","282.3","71.6","$43","$42"
"","13","Saquon Barkley","2.0","2.0","RB","PHI","10","2.02","230.2","238.0","253.0","349.1","275.1","67.0","$47","$40"
"","14","Derrick Henry","3.0","3.0","RB","BAL","13","2.04","219.4","252.0","258.1","327.8","270.1","63.8","$58","$38"
"","15","Nico Collins","3.0","3.0","WR","HOU","8","2.09","211.5","201.0","235.0","284.4","244.2","63.0","$35","$37"
"","16","A.J. Brown","3.0","3.0","WR","NE","11","3.02","199.1","215.0","234.2","290.4","243.2","62.3","$35","$37"
"","17","Drake London","3.0","3.0","WR","ATL","11","2.05","214.3","224.0","232.9","279.5","242.2","61.6","$36","$36"
"Injured","18","De'Von Achane","3.0","3.0","RB","MIA","6","1.10","227.3","257.0","249.8","319.7","264.8","60.4","$41","$36"
"","19","Rashee Rice","3.0","3.0","WR","KC","5","2.11","173.7","191.0","241.3","277.5","238.9","59.3","$28","$35"
"","20","Kenneth Walker III","3.0","3.0","RB","KC","5","3.04","216.0","225.0","242.7","332.5","262.3","58.7","$35","$35"
"","21","Josh Allen","3.0","1.0","QB","BUF","7","2.10","306.7","362.0","378.7","439.3","382.1","58.5","$43","$35"
"","22","Omarion Hampton","3.0","3.0","RB","LAC","7","2.06","209.8","234.0","241.1","337.5","261.7","58.4","$38","$34"
"","23","George Pickens","3.0","3.0","WR","DAL","14","3.03","202.1","207.0","224.5","280.6","235.7","57.1","$35","$34"
"","24","Chase Brown","3.0","3.0","RB","CIN","6","3.01","203.3","236.0","242.0","317.0","255.4","54.3","$35","$32"
"","25","Brock Bowers","3.0","1.0","TE","LVR","13","2.08","195.7","192.0","210.4","254.6","219.8","52.8","$28","$31"
"","26","Jeremiyah Love","3.0","3.0","RB","ARI","14","2.03","204.7","222.0","230.0","326.6","251.8","52.0","$38","$31"
"","27","Trey McBride","3.0","1.0","TE","ARI","14","2.07","190.9","201.0","205.3","246.4","213.9","50.1","$26","$30"
"","28","Colston Loveland","3.0","1.0","TE","CHI","10","4.03","165.6","184.0","202.0","238.4","205.3","46.2","$24","$27"
"","29","Tee Higgins","4.0","4.0","WR","CIN","6","4.10","186.8","198.0","209.9","260.3","219.5","45.8","$23","$27"
"Value","30","Josh Jacobs","4.0","4.0","RB","GB","11","2.12","173.2","232.0","240.6","291.1","242.1","45.7","$32","$27"
"Value","31","Zay Flowers","4.0","4.0","WR","BAL","13","4.05","188.3","194.0","214.0","248.2","218.7","45.2","$26","$27"
"Injured","32","Chris Olave","4.0","4.0","WR","NO","8","3.06","182.2","200.0","211.9","252.2","217.5","44.4","$27","$26"
"","33","Breece Hall","4.0","4.0","RB","NYJ","13","3.07","197.1","220.0","226.5","292.2","239.1","43.8","$29","$26"
"","34","Javonte Williams","4.0","4.0","RB","DAL","14","3.10","197.1","213.0","229.2","286.5","239.0","43.7","$28","$26"
"","35","Kyren Williams","4.0","4.0","RB","LAR","11","3.11","205.9","215.0","223.8","286.5","237.7","42.9","$30","$25"
"Value","36","DeVonta Smith","4.0","4.0","WR","PHI","10","3.09","187.6","191.0","203.9","256.9","215.4","42.9","$21","$25"
"Injured","37","Malik Nabers","4.0","4.0","WR","NYG","8","3.05","159.7","184.0","197.1","279.9","212.9","41.2","$20","$24"
"","38","Travis Etienne","4.0","4.0","RB","NO","8","4.04","197.7","205.0","217.2","295.4","235.0","41.2","$25","$24"
"","39","Tyler Warren","4.0","2.0","TE","IND","13","4.07","157.9","164.0","190.2","220.6","192.6","40.4","$21","$24"
"","40","Garrett Wilson","4.0","4.0","WR","NYJ","13","3.12","181.9","186.0","202.1","248.6","211.1","40.0","$24","$24"
"Value","41","Christian Watson","4.0","4.0","WR","GB","11","7.12","169.6","160.0","199.5","253.4","208.8","38.3","$18","$23"
"Value","42","Davante Adams","4.0","4.0","WR","LAR","11","4.06","172.4","180.0","198.2","249.7","207.6","37.5","$17","$22"
"","43","Lamar Jackson","4.0","1.0","QB","BAL","13","3.08","298.7","329.0","339.4","437.8","358.8","37.2","$22","$22"
"Injured","44","Tucker Kraft","4.0","2.0","TE","GB","11","9.04","146.1","157.0","176.0","223.5","183.5","36.3","$19","$21"
"Value","45","Jaylen Waddle","5.0","5.0","WR","DEN","10","5.08","168.3","174.0","193.4","249.5","204.1","35.1","$16","$21"
"","46","Drake Maye","5.0","1.0","QB","NE","11","4.08","296.0","317.0","340.2","428.7","356.3","35.0","$23","$21"
"Value","47","Terry McLaurin","5.0","5.0","WR","WAS","7","4.12","170.8","185.0","191.9","247.6","203.3","34.5","$20","$20"
"Injured","48","Cameron 'Cam' Skattebo","5.0","5.0","RB","NYG","8","4.02","178.2","207.0","212.1","280.0","224.5","34.4","$20","$20"
"","49","Joe Burrow","5.0","2.0","QB","CIN","6","5.02","293.8","315.0","341.6","423.6","355.3","34.0","$16","$20"
"Injured","50","Tetairoa McMillan","5.0","5.0","WR","CAR","5","4.01","171.2","188.0","190.2","247.3","202.3","33.8","$23","$20"
"","51","D'Andre Swift","5.0","5.0","RB","CHI","10","6.02","184.1","194.0","209.2","274.1","222.3","33.5","$19","$20"
"","52","Emeka Egbuka","5.0","5.0","WR","TB","10","4.09","164.4","171.0","189.0","251.4","201.6","33.4","$22","$20"
"","53","Luther Burden III","5.0","5.0","WR","CHI","10","6.06","161.7","171.0","188.0","251.9","200.7","32.9","$15","$19"
"","54","Jalen Hurts","5.0","2.0","QB","PHI","10","5.05","292.8","320.0","332.7","432.5","352.7","32.8","$16","$19"
"","55","Ladd McConkey","5.0","5.0","WR","LAC","7","5.04","164.5","179.0","186.9","250.4","200.2","32.7","$17","$19"
"","56","Jayden Daniels","5.0","2.0","QB","WAS","7","4.11","285.9","314.0","332.4","432.1","351.1","32.1","$18","$19"
"","57","Sam LaPorta","5.0","3.0","TE","DET","6","6.07","148.1","159.0","164.6","212.3","174.6","31.4","$18","$19"
"","58","Jameson Williams","5.0","5.0","WR","DET","6","5.12","166.1","170.0","184.6","243.7","197.4","31.1","$24","$18"
"","59","David Montgomery","5.0","5.0","RB","HOU","8","6.03","168.0","182.0","197.6","274.7","213.3","31.1","$17","$18"
"Injured","60","Bucky Irving","5.0","5.0","RB","TB","10","5.01","171.7","192.0","192.9","277.8","212.2","30.8","$19","$18"
"Injured","61","Quinshon Judkins","5.0","5.0","RB","CLE","11","5.03","174.3","193.0","191.5","275.8","211.4","30.6","$23","$18"
"","62","Harold Fannin Jr.","5.0","3.0","TE","CLE","11","5.11","147.3","154.0","163.7","206.3","172.3","29.9","$15","$18"
"","63","TreVeyon Henderson","6.0","6.0","RB","NE","11","5.06","163.9","181.0","182.1","291.4","208.6","29.8","$11","$18"
"Value","64","Mike Evans","6.0","5.0","WR","SF","8","6.10","156.1","170.0","181.5","243.2","193.7","29.1","$18","$17"
"","65","Caleb Williams","6.0","2.0","QB","CHI","10","8.05","282.4","299.0","324.6","418.7","342.6","28.4","$11","$17"
"Value","66","Trevor Lawrence","6.0","2.0","QB","JAC","7","10.01","278.3","303.0","327.4","412.5","341.7","28.0","$15","$17"
"","67","Rome Odunze","6.0","5.0","WR","CHI","10","6.05","154.7","164.0","175.8","247.9","191.6","27.9","$15","$16"
"","68","Justin Herbert","6.0","2.0","QB","LAC","7","10.08","279.1","305.0","324.5","415.4","341.0","27.7","$14","$16"
"","69","Bhayshul Tuten","6.0","6.0","RB","JAC","7","6.08","146.9","178.0","168.9","285.4","196.7","26.6","$12","$16"
"","70","Brock Purdy","6.0","2.0","QB","SF","8","8.09","278.2","297.0","323.5","407.6","338.2","26.5","$10","$16"
"Value","71","D.K. Metcalf","6.0","6.0","WR","PIT","9","7.03","153.3","164.0","182.5","224.5","188.7","26.3","$11","$16"
"","72","Dak Prescott","6.0","2.0","QB","DAL","14","8.01","281.1","307.0","323.1","403.9","337.5","26.2","$14","$15"
"","73","Jadarian Price","6.0","6.0","RB","SEA","11","5.09","138.2","171.0","164.5","291.2","194.3","26.0","$14","$15"
"","74","Jaxson Dart","6.0","2.0","QB","NYG","8","6.04","278.2","302.0","316.1","417.3","336.8","25.9","$11","$15"
"","75","Tony Pollard","7.0","7.0","RB","TEN","9","7.08","151.8","171.0","172.5","260.5","192.7","25.5","$8","$15"
"","76","Rhamondre Stevenson","7.0","7.0","RB","NE","11","9.09","152.0","165.0","174.7","255.1","192.5","25.5","$6","$15"
"","77","Jaylen Warren","7.0","7.0","RB","PIT","9","7.11","154.7","170.0","182.0","236.6","191.9","25.3","$6","$15"
"","78","Parker Washington","7.0","6.0","WR","JAC","7","8.12","149.8","148.0","178.3","228.2","186.7","25.2","$12","$15"
"","79","Chuba Hubbard","7.0","7.0","RB","CAR","5","7.01","142.4","162.0","167.5","266.3","189.9","24.8","$7","$15"
"","80","D.J. Moore","7.0","6.0","WR","BUF","7","5.10","149.6","158.0","172.0","235.6","185.3","24.5","$10","$14"
"","81","J.K. Dobbins","7.0","7.0","RB","DEN","10","9.02","141.3","160.0","166.2","262.6","188.0","24.3","$6","$14"
"","82","Kyle Pitts","7.0","3.0","TE","ATL","11","6.01","140.6","148.0","152.8","198.6","163.1","23.7","$12","$14"
"Injured","83","Bo Nix","7.0","2.0","QB","DEN","10","10.06","279.2","290.0","310.2","409.5","331.7","23.7","$11","$14"
"Injured","84","Patrick Mahomes","7.0","2.0","QB","KC","5","9.11","276.2","306.0","306.9","417.4","331.5","23.6","$10","$14"
"Injured","85","George Kittle","7.0","3.0","TE","SF","8","6.11","92.1","148.0","153.5","228.7","162.9","23.6","$13","$14"
"Value","86","Kyler Murray","7.0","2.0","QB","MIN","6","13.09","271.3","290.0","308.3","416.2","331.0","23.4","$9","$14"
"","87","Marvin Harrison Jr.","7.0","6.0","WR","ARI","14","6.09","148.4","160.0","168.6","236.0","183.3","23.4","$10","$14"
"Injured","88","Alec Pierce","7.0","6.0","WR","IND","13","7.06","147.1","165.0","171.0","229.1","182.5","22.9","$15","$14"
"","89","Rico Dowdle","7.0","7.0","RB","PIT","9","8.06","139.8","163.0","158.9","252.7","181.0","22.4","$7","$13"
"","90","Courtland Sutton","7.0","6.0","WR","DEN","10","7.05","147.9","151.0","172.0","221.9","181.2","22.2","$8","$13"
"","91","Carnell Tate","7.0","6.0","WR","TEN","9","5.07","139.9","159.0","166.5","234.8","180.3","21.7","$12","$13"
"","92","Brian Thomas Jr.","7.0","6.0","WR","JAC","7","8.07","141.9","147.0","161.3","242.0","179.8","21.4","$15","$13"
"Value","93","Jayden Reed","7.0","6.0","WR","GB","11","12.05","143.7","143.0","169.0","224.8","179.6","21.3","$7","$13"
"","94","Jordyn Tyson","7.0","6.0","WR","NO","8","7.07","137.8","144.0","166.0","234.1","179.5","21.3","$9","$13"
"","95","Jared Goff","7.0","3.0","QB","DET","6","13.04","278.2","289.0","302.4","402.2","325.2","20.9","$5","$12"
"","96","Jordan Addison","7.0","6.0","WR","MIN","6","11.06","142.9","140.0","168.1","223.6","178.7","20.8","$6","$12"
"Sleeper","97","Jonathon Brooks","8.0","8.0","RB","CAR","5","11.03","117.9","112.0","140.3","276.4","173.4","20.4","$7","$12"
"","98","Quentin Johnston","8.0","6.0","WR","LAC","7","11.12","135.4","140.0","163.1","234.9","177.7","20.3","$6","$12"
"Injured","99","RJ Harvey","8.0","8.0","RB","DEN","10","9.12","125.8","141.0","149.8","248.7","172.4","20.1","$5","$12"
"","100","Kyle Monangai","8.0","8.0","RB","CHI","10","10.02","131.2","142.0","144.2","252.4","171.4","19.8","$5","$12"
"","101","Blake Corum","8.0","8.0","RB","LAR","11","10.12","128.6","134.0","135.4","268.1","170.4","19.6","$8","$12"
"","102","Jordan Love","8.0","3.0","QB","GB","11","14.09","279.6","276.0","294.3","406.1","322.1","19.5","$4","$12"
"","103","Jordan Mason","8.0","8.0","RB","MIN","6","13.03","124.8","127.0","148.6","243.7","170.2","19.5","$5","$12"
"","104","Ricky Pearsall","8.0","6.0","WR","SF","8","10.07","133.2","135.0","164.5","227.0","175.9","19.3","$6","$11"
"","105","Matthew Stafford","8.0","3.0","QB","LAR","11","8.02","276.1","286.0","296.9","400.8","321.5","19.3","$4","$11"
"Value","106","Michael Pittman Jr.","8.0","6.0","WR","PIT","9","7.04","145.5","151.0","167.2","212.3","175.6","19.1","$7","$11"
"Sleeper","107","Tyler Shough","8.0","3.0","QB","NO","8","13.08","269.0","269.0","295.6","405.0","320.6","18.9","$6","$11"
"Value","108","Jakobi Meyers","8.0","7.0","WR","JAC","7","9.01","144.3","139.0","165.9","210.7","174.2","18.4","$4","$11"
"","109","Rachaad White","8.0","8.0","RB","WAS","7","9.05","109.4","138.0","145.8","243.5","165.8","18.3","$4","$11"
"","110","Travis Kelce","8.0","4.0","TE","KC","5","7.10","129.3","148.0","150.3","180.4","154.7","18.0","$9","$11"
"","111","Xavier Worthy","8.0","7.0","WR","KC","5","11.05","131.3","141.0","158.2","232.6","173.6","18.0","$5","$11"
"","112","Baker Mayfield","8.0","3.0","QB","TB","10","14.01","274.8","277.0","289.3","402.1","317.4","17.5","$6","$10"
"","113","Jacory Croskey-Merritt","8.0","8.0","RB","WAS","7","11.09","111.9","129.0","127.2","267.1","162.6","17.5","$9","$10"
"","114","Kenneth Gainwell","9.0","9.0","RB","TB","10","9.03","118.5","133.0","136.2","223.4","156.8","15.9","$4","$9"
"","115","Aaron Jones","9.0","9.0","RB","MIN","6","8.03","107.6","144.0","134.5","216.5","152.0","14.6","$5","$9"
"","116","Makai Lemon","9.0","7.0","WR","PHI","10","9.06","125.0","129.0","147.0","235.2","167.1","14.5","$5","$9"
"","117","Josh Downs","9.0","7.0","WR","IND","13","11.07","128.7","142.0","153.2","220.6","167.1","14.5","$4","$9"
"","118","Malik Willis","9.0","3.0","QB","MIA","6","16.09","266.7","266.0","274.9","409.6","310.2","14.4","$3","$8"
"","119","Brandon Aubrey","9.0","1.0","K","DAL","14","6.12","157.4","147.0","176.8","190.9","177.1","14.4","$6","$8"
"","120","Chris Godwin","9.0","7.0","WR","TB","10","8.11","128.0","147.0","152.4","221.0","166.7","14.2","$3","$8"
"","121","Mark Andrews","9.0","4.0","TE","BAL","13","12.03","127.1","129.0","138.1","183.7","148.5","13.9","$16","$8"
"","122","Tyjae Spears","9.0","9.0","RB","TEN","9","12.09","109.7","119.0","130.6","210.3","148.5","13.7","$2","$8"
"Injured","123","Chris Rodriguez","9.0","9.0","RB","JAC","7","15.04","99.8","107.0","108.5","258.2","147.8","13.5","$6","$8"
"Injured","124","Zach Charbonnet","9.0","9.0","RB","SEA","11","12.04","90.5","143.0","113.1","254.5","147.6","13.5","$3","$8"
"","125","Romeo Doubs","9.0","7.0","WR","NE","11","12.07","128.2","139.0","152.6","215.2","165.2","13.4","$5","$8"
"","126","Isiah Pacheco","9.0","9.0","RB","DET","6","12.08","103.2","95.0","116.0","237.8","146.9","13.3","$5","$8"
"","127","C.J. Stroud","9.0","3.0","QB","HOU","8","16.01","269.9","265.0","278.2","389.5","307.1","13.0","$5","$8"
"Sleeper","128","Dalton Kincaid","9.0","4.0","TE","BUF","7","13.05","126.2","133.0","135.7","183.2","146.9","12.8","$12","$8"
"","129","KC Concepcion","9.0","7.0","WR","CLE","11","11.02","120.2","123.0","150.2","217.8","163.2","12.3","$5","$7"
"","130","Woody Marks","10.0","10.0","RB","HOU","8","12.06","104.2","104.0","115.8","222.3","142.7","12.1","$4","$7"
"Injured","131","Daniel Jones","9.0","3.0","QB","IND","13","15.10","259.1","255.0","275.6","394.1","304.9","12.1","$3","$7"
"Sleeper","132","Jayden Higgins","10.0","7.0","WR","HOU","8","14.03","125.3","130.0","142.4","226.4","162.2","11.8","$4","$7"
"","133","Matthew Golden","10.0","8.0","WR","GB","11","10.03","125.2","126.0","137.6","235.3","162.0","11.7","$6","$7"
"","134","Stefon Diggs","10.0","8.0","WR","UNS","18","14.12","109.3","134.0","154.0","212.5","161.8","11.5","$3","$7"
"","135","Michael Wilson","10.0","8.0","WR","ARI","14","10.04","121.0","150.0","147.6","217.0","161.7","11.5","$4","$7"
"","136","Tyrone Tracy Jr.","10.0","10.0","RB","NYG","8","16.08","93.8","101.0","103.1","237.1","138.0","10.9","$4","$6"
"","137","Cameron Dicker","10.0","1.0","K","LAC","7","9.07","151.3","139.0","170.0","181.9","169.9","10.7","$5","$6"
"","138","Dallas Goedert","10.0","5.0","TE","PHI","10","8.10","122.0","132.0","134.1","174.3","142.9","10.1","$10","$6"
"","139","Dylan Sampson","10.0","10.0","RB","CLE","11","85.07","98.2","85.0","112.9","203.2","134.9","10.0","$2","$6"
"","140","Alvin Kamara","10.0","10.0","RB","NO","8","12.12","90.8","91.0","100.9","227.0","133.5","9.7","$2","$6"
"","141","Seattle Seahawks","10.0","1.0","DEF","SEA","11","8.04","119.0","77.0","119.0","119.0","119.0","8.9","$2","$5"
"","142","Denver Broncos","11.0","1.0","DEF","DEN","10","7.09","118.6","82.0","118.6","118.6","118.6","8.8","$1","$5"
"","143","Kaytron Allen","11.0","11.0","RB","WAS","7","73.09","80.3","34.0","87.3","248.8","130.1","8.8","$5","$5"
"","144","Wan'Dale Robinson","11.0","8.0","WR","TEN","9","9.10","126.1","136.0","141.7","206.9","156.7","8.7","$3","$5"
"","145","Jake Ferguson","11.0","5.0","TE","DAL","14","9.08","126.9","133.0","133.6","161.7","140.1","8.2","$3","$5"
"","146","Houston Texans","11.0","1.0","DEF","HOU","8","7.02","116.9","82.0","116.9","116.9","116.9","8.0","$1","$5"
"","147","Brenton Strange","11.0","5.0","TE","JAC","7","15.11","117.8","124.0","132.4","168.1","139.5","7.8","$10","$5"
"Sleeper","148","Jalen McMillan","11.0","8.0","WR","TB","10","14.11","113.0","103.0","132.9","225.9","154.7","7.6","$8","$4"
"","149","Rashid Shaheed","11.0","8.0","WR","SEA","11","14.05","117.8","116.0","137.0","212.4","154.1","7.3","$6","$4"
"","150","Sam Darnold","11.0","4.0","QB","SEA","11","15.03","256.3","260.0","258.9","388.4","293.8","7.3","$1","$4"
"Sleeper","151","Cameron 'Cam' Ward","11.0","4.0","QB","TEN","9","16.10","252.8","239.0","258.0","392.2","293.7","7.2","$2","$4"
"","152","Khalil Shakir","11.0","8.0","WR","BUF","7","11.10","125.1","133.0","142.2","196.2","153.8","7.1","$2","$4"
"","153","Hunter Henry","11.0","5.0","TE","NE","11","14.04","120.3","125.0","129.4","168.2","138.3","7.0","$16","$4"
"","154","Aaron Rodgers","11.0","4.0","QB","PIT","9","81.08","254.1","228.0","259.3","386.4","293.0","6.9","$1","$4"
"","155","Ka'imi Fairbairn","11.0","2.0","K","HOU","8","10.11","148.6","140.0","159.8","177.4","162.6","6.9","$4","$4"
"","156","Tyler Allgeier","11.0","11.0","RB","ARI","14","15.07","81.8","84.0","99.8","196.6","122.9","6.8","$4","$4"
"","157","Brian Robinson Jr.","11.0","11.0","RB","ATL","11","16.04","81.2","92.0","99.0","198.0","122.8","6.8","$4","$4"
"","158","Calvin Ridley","11.0","8.0","WR","TEN","9","15.05","116.8","94.0","135.8","211.8","153.1","6.8","$6","$4"
"Sleeper","159","Isaiah Likely","11.0","5.0","TE","NYG","8","11.04","118.9","128.0","127.9","168.8","137.4","6.4","$16","$4"
"","160","New England Patriots","11.0","1.0","DEF","NE","11","11.01","112.7","71.0","112.7","112.7","112.7","6.2","$2","$4"
"","161","Deebo Samuel","11.0","8.0","WR","UNS","18","19.11","98.8","108.0","141.2","209.0","152.0","6.1","$10","$4"
"Injured","162","Kenyon Sadiq","11.0","5.0","TE","NYJ","13","12.11","112.1","113.0","124.5","176.8","136.5","5.8","$6","$3"
"","163","Omar Cooper Jr.","11.0","8.0","WR","NYJ","13","14.08","114.6","107.0","125.9","226.6","151.3","5.8","$6","$3"
"","164","Keaton Mitchell","12.0","12.0","RB","LAC","7","83.06","85.0","73.0","94.4","189.7","118.7","5.7","$2","$3"
"","165","Jonah Coleman","12.0","12.0","RB","DEN","10","32.01","67.2","43.0","74.7","231.6","116.1","5.0","$2","$3"
"","166","Minnesota Vikings","12.0","1.0","DEF","MIN","6","13.07","109.1","78.0","109.1","109.1","109.1","4.6","$1","$3"
"","167","Tyler Loop","12.0","2.0","K","BAL","13","14.06","143.6","129.0","152.8","178.8","158.2","4.6","$2","$3"
"","168","Green Bay Packers","12.0","2.0","DEF","GB","11","16.12","108.6","65.0","108.6","108.6","108.6","4.4","$1","$3"
"","169","Baltimore Ravens","12.0","2.0","DEF","BAL","13","12.02","108.6","70.0","108.6","108.6","108.6","4.4","$1","$3"
"","170","MarShawn Lloyd","12.0","12.0","RB","GB","11","82.11","58.0","45.0","74.3","230.3","113.9","4.4","$3","$3"
"","171","Cam Little","12.0","2.0","K","JAC","7","11.11","145.2","125.0","151.3","178.5","157.6","4.3","$2","$3"
"","172","Denzel Boston","12.0","9.0","WR","CLE","11","16.03","106.8","109.0","124.2","223.6","148.2","4.1","$4","$2"
"","173","Pittsburgh Steelers","12.0","2.0","DEF","PIT","9","10.10","107.1","77.0","107.1","107.1","107.1","3.7","$1","$2"
"","174","Juwan Johnson","12.0","5.0","TE","NO","8","15.02","114.7","121.0","126.0","160.0","133.2","3.6","$4","$2"
"","175","Tre Tucker","12.0","9.0","WR","LVR","13","17.04","110.8","109.0","128.8","207.4","147.0","3.4","$4","$2"
"","176","Cairo Santos","12.0","2.0","K","CHI","10","15.06","142.5","128.0","151.6","174.3","156.1","3.3","$2","$2"
"","177","Jake Bates","12.0","2.0","K","DET","6","13.01","146.6","130.0","149.6","175.0","156.0","3.2","$2","$2"
"","178","Bryce Young","12.0","4.0","QB","CAR","5","17.05","242.3","244.0","244.7","391.5","284.3","3.1","$1","$2"
"","179","Braelon Allen","13.0","13.0","RB","NYJ","13","83.03","67.5","76.0","71.0","209.5","108.1","2.9","$2","$2"
"","180","Eddy Pineiro","13.0","2.0","K","SF","8","12.10","143.7","130.0","151.3","172.5","155.7","2.8","$1","$2"
"","181","Harrison Mevis","13.0","2.0","K","LAR","11","12.01","145.1","133.0","149.6","175.0","155.7","2.8","$1","$2"
"","182","Nicholas Singleton","13.0","13.0","RB","TEN","9","20.04","53.6","25.0","63.1","233.5","107.9","2.8","$2","$2"
"","183","Los Angeles Rams","13.0","2.0","DEF","LAR","11","8.08","105.7","78.0","105.7","105.7","105.7","2.6","$1","$2"
"","184","Mike Washington Jr.","13.0","13.0","RB","LVR","13","82.06","59.1","60.0","70.4","211.2","106.8","2.5","$1","$1"
"","185","Kansas City Chiefs","13.0","2.0","DEF","KC","5","15.09","105.5","66.0","105.5","105.5","105.5","2.4","$1","$1"
"","186","Emmett Johnson","13.0","13.0","RB","KC","5","19.04","60.1","36.0","71.6","204.1","105.7","2.2","$1","$1"
"","187","Trey Smack","13.0","2.0","K","GB","11","20.02","143.3","134.0","149.3","174.7","155.1","2.1","$1","$1"
"","188","Justice Hill","13.0","13.0","RB","BAL","13","81.10","74.6","81.0","82.9","165.8","104.0","1.8","$1","$1"
"","189","Jacoby Brissett","13.0","4.0","QB","ARI","14","85.05","234.1","245.0","246.4","381.9","281.1","1.7","$1","$1"
"","190","Sean Tucker","13.0","13.0","RB","TB","10","80.03","64.0","52.0","69.6","198.4","103.7","1.7","$1","$1"
"","191","Jalen Coker","13.0","9.0","WR","CAR","5","13.10","111.2","127.0","123.5","206.2","143.8","1.6","$1","$1"
"","192","Jacksonville Jaguars","13.0","2.0","DEF","JAC","7","13.11","104.5","69.0","104.5","104.5","104.5","1.5","$1","$1"
"Injured","193","James Conner","13.0","13.0","RB","ARI","14","18.01","68.1","48.0","82.1","164.2","102.0","1.2","$1","$1"
"","194","Adonai Mitchell","13.0","9.0","WR","NYJ","13","83.04","105.5","88.0","114.7","223.7","142.8","1.1","$1","$1"
"","195","New York Giants","13.0","2.0","DEF","NYG","8","79.07","103.6","64.0","103.6","103.6","103.6","0.8","$1","$1"
"","196","Jaydon Blue","13.0","13.0","RB","DAL","14","78.08","56.7","40.0","66.7","196.8","100.4","0.8","$1","$1"
"Injured","197","Tyreek Hill","13.0","9.0","WR","UNS","18","16.02","67.5","108.0","122.8","230.9","142.2","0.8","$1","$1"
"","198","Wil Lutz","13.0","2.0","K","DEN","10","82.09","144.9","121.0","147.9","171.6","153.8","0.7","$1","$1"
"","199","Nick Chubb","13.0","13.0","RB","UNS","18","53.11","55.0","22.0","78.6","172.9","100.0","0.7","$1","$1"
"","200","Fernando Mendoza","13.0","4.0","QB","LVR","13","15.08","232.7","243.0","237.4","391.7","278.6","0.7","$1","$1"
"","201","Oronde Gadsden II","13.0","6.0","TE","LAC","7","16.11","107.4","107.0","111.9","176.8","128.8","0.6","$1","$1"
"","202","Harrison Butker","13.0","2.0","K","KC","5","13.06","145.0","124.0","148.0","170.2","153.5","0.3","$1","$1"
"","203","Chigoziem 'Chig' Okonkwo","13.0","6.0","TE","WAS","7","17.02","110.8","108.0","115.4","165.0","128.1","0.1","$1","$1"
"","204","George Holani","14.0","14.0","RB","SEA","11","81.02","58.8","37.0","73.5","172.7","97.9","0.1","$1","$1"
"","205","Dalton Schultz","13.0","6.0","TE","HOU","8","17.03","113.1","112.0","121.6","150.8","128.0","0.1","$1","$1"
"","206","Charlie Smyth","14.0","2.0","K","NO","8","84.09","143.5","119.0","147.9","170.1","153.2","0.0","$1","$1"
"","207","T.J. Hockenson","14.0","6.0","TE","MIN","6","13.02","109.5","112.0","120.3","155.2","127.9","0.0","$1","$1"
"","208","Jauan Jennings","14.0","9.0","WR","MIN","6","17.11","100.1","112.0","113.8","221.9","140.8","0.0","$1","$1"
"","209","Philadelphia Eagles","14.0","2.0","DEF","PHI","10","11.08","102.7","68.0","102.7","102.7","102.7","0.0","$2","$1"
"","210","Deshaun Watson","14.0","4.0","QB","CLE","11","81.07","207.8","174.0","218.7","437.4","276.4","0.0","$1","$1"
"","211","Geno Smith","14.0","4.0","QB","NYJ","13","86.02","228.1","240.0","237.6","384.9","276.1","0.0","$1","$1"
"","212","Los Angeles Chargers","14.0","2.0","DEF","LAC","7","14.10","102.2","66.0","102.2","102.2","102.2","0.0","$1","$1"
"","213","Brandon Aiyuk","14.0","9.0","WR","UNS","18","77.12","70.7","89.0","117.9","229.9","139.9","0.0","$1","$1"
"","214","Buffalo Bills","14.0","2.0","DEF","BUF","7","82.10","102.0","71.0","102.0","102.0","102.0","0.0","$1","$1"
"","215","Samaje Perine","14.0","14.0","RB","CIN","6","84.03","69.4","82.0","81.7","138.9","95.1","0.0","$1","$1"
"Injured","216","Trey Benson","14.0","14.0","RB","ARI","14","43.03","58.2","13.0","67.7","172.6","94.6","0.0","$1","$1"
"","217","Germie Bernard","14.0","9.0","WR","PIT","9","19.09","102.0","91.0","115.9","210.9","139.3","0.0","$1","$1"
"","218","Jerry Jeudy","14.0","9.0","WR","CLE","11","15.12","100.3","100.0","116.6","209.9","139.1","0.0","$1","$1"
"","219","Chicago Bears","14.0","2.0","DEF","CHI","10","18.06","101.5","68.0","101.5","101.5","101.5","0.0","$1","$1"
"","220","Keenan Allen","14.0","9.0","WR","UNS","18","79.01","89.7","75.0","126.4","195.9","138.7","0.0","$1","$1"
"","221","Chris Boswell","14.0","2.0","K","PIT","9","14.07","142.9","122.0","145.8","170.6","152.0","0.0","$1","$1"
"","222","Isaiah Davis","14.0","14.0","RB","NYJ","13","80.01","64.3","45.0","67.7","159.1","92.0","0.0","$1","$1"
"Injured","223","Najee Harris","14.0","14.0","RB","UNS","18","60.05","47.1","34.0","72.5","159.5","91.6","0.0","$1","$1"
"","224","Emanuel Wilson","14.0","14.0","RB","SEA","11","82.08","49.2","47.0","61.5","178.4","91.2","0.0","$1","$1"
"","225","Ty Johnson","14.0","14.0","RB","BUF","7","81.01","64.1","71.0","75.4","139.5","90.8","0.0","$1","$1"
"","226","Christopher 'Chris' Brooks","14.0","14.0","RB","GB","11","27.03","51.1","53.0","56.8","184.6","90.6","0.0","$1","$1"
"","227","Tank Bigsby","14.0","14.0","RB","PHI","10","16.06","50.0","69.0","52.6","194.6","90.9","0.0","$1","$1"
"","228","Andres Borregales","14.0","2.0","K","NE","11","83.01","141.8","120.0","146.2","168.1","151.4","0.0","$1","$1"
"","229","Tampa Bay Buccaneers","14.0","2.0","DEF","TB","10","20.12","100.0","63.0","100.0","100.0","100.0","0.0","$1","$1"
"","230","Jordan James","14.0","14.0","RB","SF","8","80.10","47.8","63.0","53.1","185.9","88.4","0.0","$1","$1"
"","231","Jaylen Wright","15.0","15.0","RB","MIA","6","78.07","46.9","48.0","55.2","179.4","87.6","0.0","$1","$1"
"","232","Detroit Lions","15.0","2.0","DEF","DET","6","13.12","99.4","70.0","99.4","99.4","99.4","0.0","$1","$1"
"","233","Joe Mixon","15.0","15.0","RB","UNS","18","29.06","40.9","19.0","68.2","153.5","86.5","0.0","$1","$1"
"","234","Kaelon Black","15.0","15.0","RB","SF","8","20.05","45.2","55.0","50.2","185.7","86.3","0.0","$1","$1"
"","235","Jason Myers","15.0","3.0","K","SEA","11","10.09","142.1","143.0","145.0","166.8","150.4","0.0","$1","$1"
"","236","San Francisco 49ers","15.0","2.0","DEF","SF","8","17.06","98.8","63.0","98.8","98.8","98.8","0.0","$1","$1"
"","237","Brashard Smith","15.0","15.0","RB","KC","5","67.07","53.5","31.0","65.3","143.7","84.5","0.0","$1","$1"
"","238","Jalen Nailor","15.0","10.0","WR","LVR","13","22.08","99.3","103.0","110.3","206.3","134.5","0.0","$1","$1"
"","239","Chase McLaughlin","15.0","3.0","K","TB","10","16.05","140.2","128.0","144.5","167.6","150.0","0.0","$1","$1"
"","240","Kareem Hunt","15.0","15.0","RB","UNS","18","37.12","46.8","20.0","66.9","143.8","84.2","0.0","$1","$1"
"","241","Kendre Miller","15.0","15.0","RB","NO","8","47.01","40.2","31.0","50.2","175.7","82.6","0.0","$1","$1"
"","242","Ollie Gordon II","15.0","15.0","RB","MIA","6","80.05","44.7","36.0","47.0","178.6","82.5","0.0","$1","$1"
"","243","Demond Claiborne","15.0","15.0","RB","MIN","6","80.02","40.1","21.0","47.2","179.4","82.0","0.0","$1","$1"
"","244","Antonio Williams","15.0","10.0","WR","WAS","7","84.07","93.7","101.0","101.9","222.1","133.2","0.0","$1","$1"
"","245","Austin Ekeler","15.0","15.0","RB","UNS","18","49.03","44.7","24.0","59.6","149.0","81.3","0.0","$6","$1"
"","246","Will Reichard","15.0","3.0","K","MIN","6","15.01","139.9","123.0","142.8","168.5","149.3","0.0","$1","$1"
"","247","LeQuint Allen","15.0","15.0","RB","JAC","7","80.11","58.2","34.0","63.3","126.6","79.6","0.0","$1","$1"
"","248","Antonio Gibson","15.0","15.0","RB","UNS","18","27.05","42.4","8.0","65.2","130.4","78.8","0.0","$1","$1"
"Injured","249","AJ Barner","15.0","6.0","TE","SEA","11","17.07","102.6","95.0","106.9","159.3","120.4","0.0","$1","$1"
"","250","Cade Otton","15.0","6.0","TE","TB","10","84.12","106.1","94.0","110.5","147.0","119.7","0.0","$1","$1"
"","251","Tre Harris","15.0","10.0","WR","LAC","7","85.02","89.9","78.0","99.9","219.8","130.8","0.0","$1","$1"
"","252","Malik Davis","15.0","15.0","RB","DAL","14","86.03","41.5","52.0","46.1","161.4","76.7","0.0","$1","$1"
"","253","Devin Singletary","15.0","15.0","RB","NYG","8","74.10","44.9","30.0","49.9","149.7","76.2","0.0","$1","$1"
"","254","Tyler Bass","15.0","3.0","K","BUF","7","83.10","138.5","121.0","142.8","164.2","147.9","0.0","$1","$1"
"","255","Jake Moody","15.0","3.0","K","WAS","7","81.09","138.3","115.0","141.1","167.9","147.9","0.0","$1","$1"
"","256","Cleveland Browns","15.0","3.0","DEF","CLE","11","14.02","95.6","65.0","95.6","95.6","95.6","0.0","$1","$1"
"","257","Darius Slayton","15.0","10.0","WR","NYG","8","79.05","92.9","78.0","103.2","206.4","129.5","0.0","$1","$1"
"","258","Adam Randall","15.0","15.0","RB","BAL","13","78.04","36.8","41.0","43.3","160.2","74.0","0.0","$1","$1"
"","259","Jake Elliott","15.0","3.0","K","PHI","10","18.04","138.5","116.0","142.8","162.8","147.5","0.0","$1","$1"
"","260","Kaleb Johnson","15.0","15.0","RB","PIT","9","78.10","35.1","16.0","39.9","163.6","72.8","0.0","$5","$1"
"","261","Alexander Mattison","15.0","15.0","RB","UNS","18","42.11","44.5","5.0","52.4","131.0","72.4","0.0","$1","$1"
"","262","Kimani Vidal","15.0","15.0","RB","LAC","7","80.06","50.6","49.0","55.0","121.0","72.2","0.0","$1","$1"
"","263","Cooper Kupp","15.0","10.0","WR","SEA","11","17.08","90.3","82.0","102.6","205.2","128.4","0.0","$6","$1"
"","264","DJ Giddens","15.0","15.0","RB","IND","13","79.06","39.4","37.0","43.8","148.9","71.7","0.0","$1","$1"
"","265","Pat Freiermuth","15.0","7.0","TE","PIT","9","17.12","97.3","106.0","105.8","154.5","117.5","0.0","$1","$1"
"","266","Miles Sanders","15.0","15.0","RB","UNS","18","63.09","45.1","0.0","51.2","126.5","70.6","0.0","$1","$1"
"","267","Gunnar Helm","15.0","7.0","TE","TEN","9","40.09","97.8","96.0","105.2","152.5","116.8","0.0","$1","$1"
"","268","Ryan Flournoy","15.0","10.0","WR","DAL","14","84.05","86.6","85.0","98.4","206.6","125.8","0.0","$1","$1"
"","269","Tennessee Titans","15.0","3.0","DEF","TEN","9","81.03","92.6","62.0","92.6","92.6","92.6","0.0","$1","$1"
"","270","Jerome Ford","15.0","15.0","RB","WAS","7","22.06","34.6","24.0","41.7","133.4","65.4","0.0","$1","$1"
"","271","Jaylin Noel","15.0","10.0","WR","HOU","8","82.12","95.0","75.0","106.7","181.4","125.0","0.0","$1","$1"
"","272","Tua Tagovailoa","15.0","5.0","QB","ATL","11","84.08","201.7","238.0","207.9","390.9","256.7","0.0","$1","$1"
"","273","Ray Davis","15.0","15.0","RB","BUF","7","83.11","34.5","45.0","46.0","119.6","64.0","0.0","$1","$1"
"","274","Rashod Bateman","15.0","11.0","WR","BAL","13","86.01","85.6","95.0","97.3","204.3","124.4","0.0","$1","$1"
"","275","Jeremy McNichols","15.0","15.0","RB","WAS","7","62.09","39.2","21.0","43.6","119.9","63.6","0.0","$1","$1"
"","276","Travis Hunter","15.0","11.0","WR","JAC","7","10.05","75.2","82.0","81.7","241.8","124.2","0.0","$3","$1"
"","277","Arizona Cardinals","15.0","3.0","DEF","ARI","14","19.08","91.7","59.0","91.7","91.7","91.7","0.0","$1","$1"
"","278","Seth McGowan","15.0","15.0","RB","IND","13","79.12","29.8","27.0","35.1","140.4","62.9","0.0","$1","$1"
"Injured","279","Michael Penix Jr.","15.0","5.0","QB","ATL","11","77.06","205.7","186.0","209.9","379.9","255.5","0.0","$1","$1"
"","280","Kyle Juszczyk","15.0","15.0","RB","SF","8","30.04","44.7","40.0","49.7","99.4","62.4","0.0","$1","$1"
"","281","Dallas Cowboys","15.0","3.0","DEF","DAL","14","16.07","91.5","65.0","91.5","91.5","91.5","0.0","$1","$1"
"","282","Ryan Fitzgerald","15.0","3.0","K","CAR","5","84.10","133.9","111.0","139.5","161.8","144.6","0.0","$1","$1"
"","283","Jarquez Hunter","15.0","15.0","RB","LAR","11","47.02","26.5","17.0","31.2","146.6","61.8","0.0","$1","$1"
"","284","New Orleans Saints","15.0","3.0","DEF","NO","8","85.06","91.0","66.0","91.0","91.0","91.0","0.0","$1","$1"
"","285","Indianapolis Colts","15.0","3.0","DEF","IND","13","85.08","91.0","61.0","91.0","91.0","91.0","0.0","$1","$1"
"","286","Evan McPherson","15.0","3.0","K","CIN","6","17.01","135.0","124.0","136.4","166.4","144.3","0.0","$2","$1"
"","287","Darnell Mooney","15.0","11.0","WR","NYG","8","83.07","85.9","75.0","93.4","205.5","122.6","0.0","$1","$1"
"","288","Kayshon Boutte","15.0","11.0","WR","NE","11","86.03","81.6","65.0","93.8","206.4","122.3","0.0","$1","$1"
"","289","Terrance Ferguson","15.0","7.0","TE","LAR","11","17.10","80.2","83.0","91.1","177.6","112.7","0.0","$1","$1"
"","290","New York Jets","15.0","3.0","DEF","NYJ","13","81.04","90.7","58.0","90.7","90.7","90.7","0.0","$1","$1"
"","291","Cincinnati Bengals","15.0","3.0","DEF","CIN","6","78.11","90.3","64.0","90.3","90.3","90.3","0.0","$1","$1"
"","292","Phil Mafah","15.0","15.0","RB","DAL","14","45.09","29.2","30.0","31.7","126.8","57.2","0.0","$1","$1"
"","293","Las Vegas Raiders","15.0","3.0","DEF","LVR","13","18.12","89.9","61.0","89.9","89.9","89.9","0.0","$1","$1"
"","294","Jack Bech","15.0","11.0","WR","LVR","13","84.02","82.4","70.0","93.6","201.2","120.9","0.0","$1","$1"
"","295","Carolina Panthers","15.0","3.0","DEF","CAR","5","82.01","89.8","58.0","89.8","89.8","89.8","0.0","$1","$1"
"","296","Miami Dolphins","15.0","3.0","DEF","MIA","6","18.03","89.7","60.0","89.7","89.7","89.7","0.0","$1","$1"
"","297","Eli Heidenreich","15.0","15.0","WR","PIT","9","32.05","31.6","15.0","37.2","111.6","56.5","0.0","$1","$1"
"","298","Ben Sauls","15.0","3.0","K","NYG","8","82.07","130.9","72.0","137.8","162.6","143.3","0.0","$1","$1"
"","299","De'Zhaun Stribling","15.0","11.0","WR","SF","8","82.03","79.4","74.0","89.2","209.6","120.3","0.0","$1","$1"
"","300","Emari Demercado","15.0","15.0","RB","KC","5","79.02","32.0","53.0","37.6","105.3","55.1","0.0","$1","$1"
"","301","Pat Bryant","15.0","11.0","WR","DEN","10","83.08","82.4","67.0","92.6","199.1","119.8","0.0","$1","$1"
"","302","Trevor Etienne","15.0","15.0","RB","CAR","5","73.12","35.7","24.0","39.7","95.3","54.1","0.0","$1","$1"
"","303","David Njoku","15.0","7.0","TE","LAC","7","81.05","89.6","77.0","93.3","158.6","110.4","0.0","$1","$1"
"","304","Devin Neal","15.0","15.0","RB","NO","8","21.03","32.5","28.0","38.7","96.8","53.4","0.0","$1","$1"
"","305","Ty Chandler","15.0","15.0","RB","NO","8","76.10","31.0","25.0","38.8","97.0","53.3","0.0","$1","$1"
"","306","Jaydn Ott","15.0","15.0","RB","KC","5","86.03","21.4","13.0","26.8","126.0","52.9","0.0","$1","$1"
"","307","Raheim Sanders","15.0","15.0","RB","CLE","11","52.12","22.4","19.0","25.5","127.5","52.8","0.0","$1","$1"
"","308","Tyquan Thornton","15.0","11.0","WR","KC","5","40.04","77.0","79.0","89.5","205.9","119.0","0.0","$1","$1"
"","309","Nick Folk","15.0","3.0","K","ATL","11","81.06","133.1","116.0","135.8","161.6","142.4","0.0","$1","$1"
"","310","Kenny McIntosh","15.0","15.0","RB","SEA","11","54.10","25.0","8.0","27.8","111.2","50.0","0.0","$1","$1"
"","311","Jamarion 'Jam' Miller","15.0","15.0","RB","NE","11","25.03","23.8","22.0","27.1","112.5","49.8","0.0","$1","$1"
"","312","Roschon Johnson","15.0","15.0","RB","CHI","10","33.02","20.1","25.0","22.3","122.7","49.3","0.0","$1","$1"
"","313","Audric Estime","15.0","15.0","RB","NO","8","39.02","29.0","27.0","32.9","95.4","49.2","0.0","$1","$1"
"","314","Tyler Goodson","15.0","15.0","RB","ATL","11","30.11","20.7","15.0","23.5","117.5","48.6","0.0","$1","$1"
"","315","Shedeur Sanders","15.0","5.0","QB","CLE","11","18.05","185.5","223.0","195.3","390.6","246.8","0.0","$1","$1"
"","316","Tahj Brooks","15.0","15.0","RB","CIN","6","34.10","20.9","20.0","23.2","116.0","48.1","0.0","$1","$1"
"","317","Dontayvion Wicks","15.0","11.0","WR","PHI","10","80.07","76.8","62.0","87.3","200.8","116.4","0.0","$1","$1"
"","318","Carson Beck","15.0","5.0","QB","ARI","14","21.08","185.9","162.0","191.7","393.0","245.6","0.0","$1","$1"
"","319","Devaughn Vele","15.0","11.0","WR","NO","8","84.01","83.4","76.0","97.0","174.6","115.7","0.0","$1","$1"
"","320","Colby Parkinson","15.0","8.0","TE","LAR","11","83.12","80.2","75.0","90.1","159.5","107.2","0.0","$1","$1"
"Injured","321","Isaac Guerendo","15.0","15.0","RB","SF","8","36.10","29.4","18.0","33.4","80.2","45.4","0.0","$1","$1"
"","322","Keon Coleman","15.0","11.0","WR","BUF","7","79.03","72.3","42.0","85.1","204.2","115.3","0.0","$5","$1"
"","323","Robert Henry Jr.","15.0","15.0","RB","WAS","7","86.03","17.0","0.0","24.0","105.6","45.0","0.0","$1","$1"
"","324","Roman Hemby","15.0","15.0","RB","LVR","13","86.03","19.2","0.0","24.0","102.0","44.4","0.0","$1","$1"
"","325","Will Shipley","15.0","15.0","RB","PHI","10","35.10","33.1","24.0","34.8","69.6","44.0","0.0","$1","$1"
"","326","Washington Commanders","15.0","3.0","DEF","WAS","7","19.01","85.7","65.0","85.7","85.7","85.7","0.0","$1","$1"
"","327","Michael Carter","15.0","15.0","RB","TEN","9","72.11","29.1","9.0","33.4","73.5","43.6","0.0","$1","$1"
"","328","J'Mari Taylor","15.0","15.0","RB","JAC","7","86.03","19.0","19.0","23.7","99.5","43.5","0.0","$1","$1"
"","329","Troy Franklin","15.0","11.0","WR","DEN","10","82.05","76.3","80.0","84.8","199.3","114.5","0.0","$1","$1"
"","330","Joey Slye","15.0","3.0","K","TEN","9","84.11","130.3","109.0","134.3","158.5","140.2","0.0","$1","$1"
"","331","Jawhar Jordan","15.0","15.0","RB","HOU","8","31.07","24.7","43.0","27.4","82.2","41.9","0.0","$1","$1"
"","332","Zachariah Branch","15.0","12.0","WR","ATL","11","19.02","83.2","75.0","96.7","167.3","113.5","0.0","$1","$1"
"","333","Greg Dulcich","15.0","8.0","TE","MIA","6","85.10","82.0","98.0","89.1","154.1","105.5","0.0","$1","$1"
"","334","Noah Whittington","15.0","15.0","RB","HOU","8","86.03","18.4","5.0","23.0","90.9","40.7","0.0","$1","$1"
"","335","Isaac TeSlaa","15.0","12.0","WR","DET","6","84.06","73.7","87.0","83.7","196.7","112.7","0.0","$1","$1"
"","336","Tyler Badie","15.0","15.0","RB","DEN","10","76.01","21.3","16.0","23.7","83.0","39.4","0.0","$1","$1"
"","337","Kirk Cousins","15.0","5.0","QB","LVR","13","78.01","186.2","187.0","190.0","380.0","241.1","0.0","$1","$1"
"","338","Ja'Kobi Lane","15.0","12.0","WR","BAL","13","18.02","71.6","68.0","81.4","199.4","111.8","0.0","$1","$1"
"","339","Kalel Mullings","15.0","15.0","RB","TEN","9","73.05","16.7","8.0","19.6","88.2","37.8","0.0","$1","$1"
"Injured","340","Nathaniel 'Tank' Dell","15.0","12.0","WR","HOU","8","82.04","53.4","76.0","76.3","221.3","111.7","0.0","$1","$1"
"","341","Mike Gesicki","15.0","8.0","TE","CIN","6","85.11","77.4","86.0","91.0","146.5","103.7","0.0","$5","$1"
"","342","Chris Brazzell II","15.0","12.0","WR","CAR","5","78.12","68.9","60.0","78.3","203.6","110.8","0.0","$1","$1"
"","343","Desmond Reid","15.0","15.0","RB","BUF","7","86.03","15.7","18.0","17.4","86.1","35.8","0.0","$1","$1"
"","344","CJ Donaldson","15.0","15.0","RB","NO","8","86.03","14.3","0.0","15.9","87.5","35.1","0.0","$1","$1"
"","345","Matt Gay","15.0","4.0","K","LVR","13","78.09","129.9","124.0","132.5","155.0","138.2","0.0","$1","$1"
"","346","Kendrick Bourne","15.0","12.0","WR","ARI","14","37.06","73.6","67.0","86.6","181.9","110.2","0.0","$1","$1"
"","347","Rasheen Ali","15.0","15.0","RB","BAL","13","36.11","17.6","21.0","19.6","72.5","33.7","0.0","$1","$1"
"","348","Evan Engram","15.0","8.0","TE","DEN","10","85.12","80.4","72.0","87.4","146.8","102.3","0.0","$7","$1"
"","349","Darnell Washington","15.0","8.0","TE","PIT","9","18.09","74.6","74.0","84.8","155.2","102.2","0.0","$1","$1"
"","350","Jamal Haynes","15.0","15.0","RB","CIN","6","86.03","12.5","11.0","14.7","80.9","32.4","0.0","$1","$1"
"","351","Cade York","15.0","4.0","K","NYJ","13","34.01","129.4","78.0","132.0","154.4","137.6","0.0","$1","$1"
"","352","Andre Szmyt","15.0","4.0","K","CLE","11","79.10","127.9","104.0","131.9","155.6","137.6","0.0","$1","$1"
"","353","Elijah Sarratt","15.0","12.0","WR","BAL","13","79.04","69.2","59.0","76.9","199.9","109.1","0.0","$1","$1"
"","354","Jaleel McLaughlin","15.0","15.0","RB","DEN","10","47.08","19.1","14.0","20.1","60.3","30.9","0.0","$1","$1"
"","355","Chip Trayanum","15.0","15.0","RB","NYJ","13","86.03","13.1","9.0","14.5","72.5","30.1","0.0","$1","$1"
"","356","Joshua 'Josh' Palmer","15.0","12.0","WR","BUF","7","24.06","71.4","42.0","77.6","186.2","106.1","0.0","$2","$1"
"","357","Jaret Patterson","15.0","15.0","RB","LAC","7","47.09","11.6","17.0","13.2","59.4","25.5","0.0","$1","$1"
"","358","Chris Bell","15.0","13.0","WR","MIA","6","21.12","56.4","88.0","66.4","209.2","103.5","0.0","$1","$1"
"","359","Andrei Iosivas","15.0","13.0","WR","CIN","6","35.05","70.3","77.0","78.1","175.7","103.3","0.0","$1","$1"
"","360","Jahan Dotson","15.0","13.0","WR","ATL","11","79.08","69.2","67.0","80.5","169.1","102.6","0.0","$1","$1"
"","361","Michael Mayer","15.0","9.0","TE","LVR","13","42.09","67.9","65.0","77.2","154.4","96.6","0.0","$1","$1"
"","362","Zane Gonzalez","15.0","4.0","K","MIA","6","85.01","126.1","103.0","127.4","152.9","134.1","0.0","$1","$1"
"","363","Christian Kirk","15.0","13.0","WR","SF","8","85.09","65.6","69.0","74.5","178.8","101.3","0.0","$3","$1"
"","364","Darren Waller","15.0","9.0","TE","UNS","18","76.04","49.9","60.0","83.1","149.6","95.2","0.0","$4","$1"
"","365","KaVontae Turpin","15.0","13.0","WR","DAL","14","21.07","76.0","56.0","85.4","140.1","98.6","0.0","$1","$1"
"","366","Kentrel Bullock","15.0","15.0","RB","CIN","6","86.03","4.4","0.0","5.0","17.5","8.3","0.0","$1","$1"
"","367","Marquise 'Hollywood' Brown","15.0","13.0","WR","PHI","10","31.03","58.4","61.0","63.5","190.5","97.2","0.0","$3","$1"
"","368","Caleb Douglas","15.0","13.0","WR","MIA","6","80.12","59.9","55.0","66.6","183.2","97.2","0.0","$1","$1"
"","369","Kejon Owens","15.0","15.0","RB","MIN","6","86.03","4.5","0.0","5.0","16.0","7.9","0.0","$1","$1"
"","370","Eli Stowers","15.0","9.0","TE","PHI","10","78.02","54.7","47.0","66.7","165.4","91.4","0.0","$1","$1"
"","371","Jacob Saylors","15.0","15.0","RB","DET","6","28.06","0.0","9.0","5.0","7.0","5.7","0.0","$1","$1"
"","372","Marvin Mims Jr.","15.0","13.0","WR","DEN","10","28.02","69.8","57.0","83.1","139.6","96.1","0.0","$2","$1"
"","373","Kene Nwangwu","15.0","15.0","RB","NYJ","13","69.11","0.0","6.0","5.0","6.5","5.5","0.0","$1","$1"
"","374","Ted Hurst","15.0","13.0","WR","TB","10","80.04","55.6","62.0","65.4","183.1","95.7","0.0","$1","$1"
"","375","Dylan Laube","15.0","15.0","RB","LVR","13","39.04","0.3","7.0","5.0","7.0","4.7","0.0","$1","$1"
"","376","Malik Washington","15.0","13.0","WR","MIA","6","83.09","75.9","87.0","80.7","133.2","94.2","0.0","$1","$1"
"","377","Jonnu Smith","15.0","9.0","TE","UNS","18","49.12","51.3","49.0","73.3","146.6","89.3","0.0","$6","$1"
"","378","Ameer Abdullah","15.0","15.0","RB","JAC","7","77.05","0.0","3.0","0.0","0.0","0.0","0.0","$1","$1"
"","379","Raheem Mostert","15.0","15.0","RB","UNS","18","59.09","0.0","11.0","0.0","0.0","0.0","0.0","$1","$1"
"","380","Ezekiel Elliott","15.0","15.0","RB","UNS","18","46.04","0.0","0.0","0.0","0.0","0.0","0.0","$1","$1"
"","381","D'Onta Foreman","15.0","15.0","RB","UNS","18","58.03","0.0","0.0","0.0","0.0","0.0","0.0","$1","$1"
"","382","Jamaal Williams","15.0","15.0","RB","UNS","18","76.05","0.0","0.0","0.0","0.0","0.0","0.0","$1","$1"
"","383","Cordarrelle Patterson","15.0","15.0","RB","UNS","18","77.03","0.0","0.0","0.0","0.0","0.0","0.0","$1","$1"
"","384","Myles Gaskin","15.0","15.0","RB","UNS","18","56.12","0.0","0.0","0.0","0.0","0.0","0.0","$1","$1"
"","385","Trayveon Williams","15.0","15.0","RB","CLE","11","66.05","0.0","0.0","0.0","0.0","0.0","0.0","$1","$1"
"","386","Travis Homer","15.0","15.0","RB","PIT","9","51.10","0.0","0.0","0.0","0.0","0.0","0.0","$1","$1"
"","387","La'Mical Perine","15.0","15.0","RB","PIT","9","86.03","0.0","0.0","0.0","0.0","0.0","0.0","$1","$1"
"","388","Zack Moss","15.0","15.0","RB","UNS","18","42.02","0.0","0.0","0.0","0.0","0.0","0.0","$1","$1"
"","389","Joshua Kelley","15.0","15.0","RB","TEN","9","51.12","0.0","0.0","0.0","0.0","0.0","0.0","$1","$1"
"","390","Darrynton Evans","15.0","15.0","RB","BUF","7","46.06","0.0","0.0","0.0","0.0","0.0","0.0","$1","$1"
"","391","Clyde Edwards-Helaire","15.0","15.0","RB","KC","5","51.07","0.0","0.0","0.0","0.0","0.0","0.0","$1","$1"
"","392","A.J. Dillon","15.0","15.0","RB","CAR","5","32.11","0.0","56.0","0.0","0.0","0.0","0.0","$1","$1"
"","393","DeeJay Dallas","15.0","15.0","RB","JAC","7","33.11","0.0","0.0","0.0","0.0","0.0","0.0","$1","$1"
"","394","Ke'Shawn Vaughn","15.0","15.0","RB","UNS","18","30.10","0.0","0.0","0.0","0.0","0.0","0.0","$1","$1"
"","395","Cam Akers","15.0","15.0","RB","SEA","11","28.04","0.0","3.0","0.0","0.0","0.0","0.0","$1","$1"
"","396","Dare Ogunbowale","15.0","15.0","RB","UNS","18","74.01","0.0","6.0","0.0","0.0","0.0","0.0","$1","$1"
"","397","Mike Boone","15.0","15.0","RB","UNS","18","43.11","0.0","0.0","0.0","0.0","0.0","0.0","$1","$1"
"","398","Gus Edwards","15.0","15.0","RB","UNS","18","64.03","0.0","0.0","0.0","0.0","0.0","0.0","$1","$1"
"","399","Jeffery 'Jeff' Wilson Jr.","15.0","15.0","RB","MIA","6","36.01","0.0","0.0","0.0","0.0","0.0","0.0","$1","$1"
"","400","Royce Freeman","15.0","15.0","RB","UNS","18","86.03","0.0","0.0","0.0","0.0","0.0","0.0","$1","$1"
"","401","John Kelly","15.0","15.0","RB","CLE","11","55.03","0.0","0.0","0.0","0.0","0.0","0.0","$1","$1"
"","402","Pierre Strong Jr.","15.0","15.0","RB","GB","11","47.12","0.0","9.0","0.0","0.0","0.0","0.0","$1","$1"
"","403","Tyrion Davis-Price","15.0","15.0","RB","UNS","18","50.06","0.0","0.0","0.0","0.0","0.0","0.0","$1","$1"
"","404","Hassan Haskins","15.0","15.0","RB","UNS","18","35.03","0.0","1.0","0.0","0.0","0.0","0.0","$1","$1"
"","405","Kevin Harris","15.0","15.0","RB","NE","11","86.03","0.0","0.0","0.0","0.0","0.0","0.0","$1","$1"
"","406","Keaontay Ingram","15.0","15.0","RB","KC","5","45.12","0.0","0.0","0.0","0.0","0.0","0.0","$1","$1"
"","407","Zonovan 'Bam' Knight","15.0","15.0","RB","ARI","14","31.02","0.0","0.0","0.0","0.0","0.0","0.0","$1","$1"
"","408","Ronnie Rivers","15.0","15.0","RB","LAR","11","35.06","0.0","12.0","0.0","0.0","0.0","0.0","$1","$1"
"","409","Raheem Blackshear","15.0","15.0","RB","NYJ","13","34.09","0.0","0.0","0.0","0.0","0.0","0.0","$1","$1"
"","410","Eric Gray","15.0","15.0","RB","NYG","8","29.10","0.0","0.0","0.0","0.0","0.0","0.0","$1","$1"
"","411","Deuce Vaughn","15.0","15.0","RB","UNS","18","54.05","0.0","0.0","0.0","0.0","0.0","0.0","$1","$1"
"","412","Evan Hull","15.0","15.0","RB","UNS","18","64.06","0.0","0.0","0.0","0.0","0.0","0.0","$1","$1"
"","413","Israel Abanikanda","15.0","15.0","RB","GB","11","54.01","0.0","23.0","0.0","0.0","0.0","0.0","$1","$1"
"","414","Zach Evans","15.0","15.0","RB","UNS","18","42.03","0.0","0.0","0.0","0.0","0.0","0.0","$1","$1"
"","415","DeWayne McBride","15.0","15.0","RB","UNS","18","39.07","0.0","0.0","0.0","0.0","0.0","0.0","$1","$1"
"","416","Khalil Herbert","15.0","15.0","RB","NYJ","13","53.03","0.0","2.0","0.0","0.0","0.0","0.0","$1","$1"
"","417","Elijah Mitchell","15.0","15.0","RB","NE","11","61.06","0.0","13.0","0.0","0.0","0.0","0.0","$1","$1"
"","418","Gary Brightwell","15.0","15.0","RB","CIN","6","37.08","0.0","0.0","0.0","0.0","0.0","0.0","$1","$1"
"","419","Craig Reynolds","15.0","15.0","RB","DET","6","36.04","0.0","3.0","0.0","0.0","0.0","0.0","$1","$1"
"","420","Isaiah Spiller","15.0","15.0","RB","UNS","18","86.03","0.0","0.0","0.0","0.0","0.0","0.0","$1","$1"
"","421","Zamir White","15.0","15.0","RB","UNS","18","55.06","0.0","5.0","0.0","0.0","0.0","0.0","$1","$1"
"","422","Dameon Pierce","15.0","15.0","RB","PHI","10","47.05","0.0","12.0","0.0","0.0","0.0","0.0","$1","$1"
"","423","Tony Jones Jr.","15.0","15.0","RB","ARI","14","58.08","0.0","0.0","0.0","0.0","0.0","0.0","$1","$1"
"","424","Patrick Taylor","15.0","15.0","RB","SF","8","39.10","0.0","0.0","0.0","0.0","0.0","0.0","$1","$1"
"","425","Deon Jackson","15.0","15.0","RB","UNS","18","86.03","0.0","0.0","0.0","0.0","0.0","0.0","$1","$1"
"","426","Jonathan Ward","15.0","15.0","RB","PIT","9","39.06","0.0","0.0","0.0","0.0","0.0","0.0","$1","$1"
"","427","Jake Funk","15.0","15.0","RB","IND","13","86.03","0.0","0.0","0.0","0.0","0.0","0.0","$1","$1"
"","428","JaMycal Hasty","15.0","15.0","RB","UNS","18","41.02","0.0","0.0","0.0","0.0","0.0","0.0","$1","$1"
"","429","Salvon Ahmed","15.0","15.0","RB","UNS","18","35.12","0.0","23.0","0.0","0.0","0.0","0.0","$1","$1"
"","430","Trey Sermon","15.0","15.0","RB","PIT","9","36.06","0.0","0.0","0.0","0.0","0.0","0.0","$1","$1"
"","431","Donovan Edwards","15.0","15.0","RB","WAS","7","45.07","0.0","10.0","0.0","0.0","0.0","0.0","$1","$1"
"","432","Ja'Quinden Jackson","15.0","15.0","RB","JAC","7","86.03","0.0","0.0","0.0","0.0","0.0","0.0","$1","$1"
"","433","Corey Kiner","15.0","15.0","RB","ARI","14","55.08","0.0","0.0","0.0","0.0","0.0","0.0","$1","$1"
"","434","Montrell Johnson Jr.","15.0","15.0","RB","UNS","18","86.03","0.0","0.0","0.0","0.0","0.0","0.0","$1","$1"
"","435","Ulysses Bentley IV","15.0","15.0","RB","IND","13","69.09","0.0","0.0","0.0","0.0","0.0","0.0","$1","$1"
"","436","Lan Larison","15.0","15.0","RB","NE","11","61.05","0.0","0.0","0.0","0.0","0.0","0.0","$1","$1"
"","437","Ian Wheeler","15.0","15.0","RB","CHI","10","86.03","0.0","0.0","0.0","0.0","0.0","0.0","$1","$1"
"","438","C.J. Ham","15.0","15.0","RB","MIN","6","49.10","0.0","0.0","0.0","0.0","0.0","0.0","$1","$1"
"","439","Patrick Ricard","15.0","15.0","RB","NYG","8","23.08","0.0","5.0","0.0","0.0","0.0","0.0","$1","$1"
"","440","ShunDerrick Powell","15.0","15.0","RB","UNS","18","86.03","0.0","0.0","0.0","0.0","0.0","0.0","$1","$1"
"","441","Nathan Carter","15.0","15.0","RB","ATL","11","58.11","0.0","0.0","0.0","0.0","0.0","0.0","$1","$1"
"","442","Zavier Scott","15.0","15.0","RB","MIN","6","20.09","0.0","0.0","0.0","0.0","0.0","0.0","$1","$1"
"","443","Aidan Robbins","15.0","15.0","RB","UNS","18","86.03","0.0","0.0","0.0","0.0","0.0","0.0","$1","$1"
"","444","Scottie Phillips","15.0","15.0","RB","UNS","18","86.03","0.0","0.0","0.0","0.0","0.0","0.0","$1","$1"
"","445","Jabari Small","15.0","15.0","RB","TEN","9","86.03","0.0","0.0","0.0","0.0","0.0","0.0","$1","$1"
"","446","Chris Collier","15.0","15.0","RB","LVR","13","20.06","0.0","0.0","0.0","0.0","0.0","0.0","$1","$1"
"","447","Dante Miller","15.0","15.0","RB","NYG","8","71.11","0.0","0.0","0.0","0.0","0.0","0.0","$1","$1"
"","448","British Brooks","15.0","15.0","RB","HOU","8","40.11","0.0","0.0","0.0","0.0","0.0","0.0","$1","$1"
"","449","Reggie Gilliam","15.0","15.0","RB","NE","11","51.11","0.0","5.0","0.0","0.0","0.0","0.0","$1","$1"
"","450","Alec Ingold","15.0","15.0","","LAC","7","74.06","0.0","10.0","0.0","0.0","0.0","0.0","$1","$1"
"","451","Sione Vaki","15.0","15.0","RB","DET","6","71.12","0.0","3.0","0.0","0.0","0.0","0.0","$1","$1"
"","452","Emani Bailey","15.0","15.0","RB","CAR","5","86.03","0.0","0.0","0.0","0.0","0.0","0.0","$1","$1"
"","453","Carson Steele","15.0","15.0","RB","UNS","18","46.02","0.0","0.0","0.0","0.0","0.0","0.0","$1","$1"
"","454","J.J. Taylor","15.0","15.0","RB","UNS","18","68.07","0.0","0.0","0.0","0.0","0.0","0.0","$1","$1"
"","455","Aaron Shampklin","15.0","15.0","RB","PIT","9","38.12","0.0","0.0","0.0","0.0","0.0","0.0","$1","$1"
"","456","Hunter Luepke","15.0","15.0","RB","DAL","14","76.06","0.0","0.0","0.0","0.0","0.0","0.0","$1","$1"
"","457","Tyreik McAllister","15.0","15.0","WR","LVR","13","45.08","0.0","0.0","0.0","0.0","0.0","0.0","$1","$1"
"","458","Sincere McCormick","15.0","15.0","RB","SF","8","32.03","0.0","0.0","0.0","0.0","0.0","0.0","$1","$1"
"","459","Terrell Jennings","15.0","15.0","RB","NE","11","45.10","0.0","0.0","0.0","0.0","0.0","0.0","$1","$1"
"","460","Jordan Mims","15.0","15.0","RB","UNS","18","44.12","0.0","0.0","0.0","0.0","0.0","0.0","$1","$1"
"","461","Damien Martinez","15.0","15.0","RB","GB","11","59.11","0.0","4.0","0.0","0.0","0.0","0.0","$1","$1"
"","462","Brittain Brown","15.0","15.0","RB","CHI","10","77.02","0.0","20.0","0.0","0.0","0.0","0.0","$1","$1"
"","463","Marcus Yarns","15.0","15.0","RB","UNS","18","86.03","0.0","0.0","0.0","0.0","0.0","0.0","$1","$1"
"","464","Daijun Edwards","15.0","15.0","RB","UNS","18","86.03","0.0","0.0","0.0","0.0","0.0","0.0","$1","$1"
"","465","Dillon Johnson","15.0","15.0","RB","UNS","18","86.03","0.0","0.0","0.0","0.0","0.0","0.0","$1","$1"
"","466","Lew Nichols","15.0","15.0","RB","UNS","18","38.01","0.0","0.0","0.0","0.0","0.0","0.0","$1","$1"
"","467","Avery Williams","15.0","15.0","RB","UNS","18","72.10","0.0","0.0","0.0","0.0","0.0","0.0","$1","$1"
"","468","Julius Chestnut","15.0","15.0","RB","TEN","9","71.03","0.0","3.0","0.0","0.0","0.0","0.0","$1","$1"
"","469","Louis Rees-Zammit","15.0","15.0","RB","UNS","18","48.10","0.0","0.0","0.0","0.0","0.0","0.0","$1","$1"
"","470","Blake Watson","15.0","15.0","RB","UNS","18","53.05","0.0","0.0","0.0","0.0","0.0","0.0","$1","$1"
"","471","Kendall Milton","15.0","15.0","RB","CIN","6","71.05","0.0","0.0","0.0","0.0","0.0","0.0","$1","$1"
"","472","Keilan Robinson","15.0","15.0","RB","UNS","18","60.06","0.0","0.0","0.0","0.0","0.0","0.0","$1","$1"
"","473","Cody Schrader","15.0","15.0","RB","LAR","11","52.03","0.0","0.0","0.0","0.0","0.0","0.0","$1","$1"
"","474","Frank Gore Jr.","15.0","15.0","RB","BUF","7","31.04","0.0","23.0","0.0","0.0","0.0","0.0","$1","$1"
"","475","Jase McClellan","15.0","15.0","RB","UNS","18","34.03","0.0","0.0","0.0","0.0","0.0","0.0","$1","$1"
"","476","Elijah Dotson","15.0","15.0","RB","UNS","18","72.05","0.0","0.0","0.0","0.0","0.0","0.0","$1","$1"
"","477","Xazavian Valladay","15.0","15.0","RB","PIT","9","68.09","0.0","0.0","0.0","0.0","0.0","0.0","$1","$1"
"","478","Deneric Prince","15.0","15.0","RB","UNS","18","60.04","0.0","0.0","0.0","0.0","0.0","0.0","$1","$1"
"","479","Atlanta Falcons","15.0","4.0","DEF","ATL","11","84.04","71.8","68.0","71.8","71.8","71.8","0.0","$1","$1"
"","480","Elijah Arroyo","15.0","9.0","TE","SEA","11","62.06","58.7","48.0","63.8","159.5","89.0","0.0","$1","$1"
"","481","Ashton Dulin","15.0","14.0","WR","IND","13","40.02","51.0","30.0","63.7","178.4","92.7","0.0","$1","$1"
"","482","DeAndre Hopkins","15.0","14.0","WR","UNS","18","23.05","58.6","8.0","73.2","153.7","92.5","0.0","$1","$1"
"","483","Tory Horton","15.0","14.0","WR","SEA","11","82.02","59.8","76.0","69.5","159.9","92.4","0.0","$1","$1"
"","484","Tutu Atwell","15.0","14.0","WR","MIA","6","22.03","56.7","46.0","63.0","173.3","91.9","0.0","$1","$1"
"","485","Isaiah Bond","15.0","14.0","WR","CLE","11","47.04","53.6","27.0","59.6","181.8","91.8","0.0","$1","$1"
"","486","Curtis Samuel","15.0","14.0","WR","UNS","18","48.11","57.4","10.0","71.7","154.2","91.6","0.0","$1","$1"
"","487","Dyami Brown","15.0","14.0","WR","WAS","7","79.09","52.5","37.0","61.0","176.9","91.1","0.0","$1","$1"
"","488","Malachi Fields","15.0","14.0","WR","NYG","8","28.09","48.1","49.0","56.6","184.0","89.8","0.0","$1","$1"
"","489","Kyle Williams","15.0","14.0","WR","NE","11","28.10","57.1","29.0","62.8","163.3","89.2","0.0","$1","$1"
"","490","Erick All","15.0","10.0","TE","CIN","6","31.08","53.7","36.0","63.9","147.0","84.7","0.0","$1","$1"
"","491","Xavier Legette","15.0","14.0","WR","CAR","5","78.06","54.3","51.0","57.2","171.6","87.9","0.0","$2","$1"
"","492","Olamide Zaccheaus","15.0","14.0","WR","ATL","11","37.04","58.1","64.0","67.6","146.0","87.3","0.0","$1","$1"
"","493","Calvin Austin III","15.0","14.0","WR","NYG","8","31.05","62.6","40.0","65.9","145.0","86.9","0.0","$1","$1"
"","494","Bryce Lance","15.0","14.0","WR","NO","8","24.07","48.2","25.0","53.5","179.2","86.8","0.0","$1","$1"
"","495","Jalen Tolbert","15.0","14.0","WR","MIA","6","81.12","51.6","68.0","57.3","166.2","86.0","0.0","$1","$1"
"","496","Treylon Burks","15.0","14.0","WR","WAS","7","36.12","50.6","38.0","55.0","170.5","85.7","0.0","$1","$1"
"","497","Brenen Thompson","15.0","14.0","WR","LAC","7","45.02","48.6","24.0","54.0","172.8","85.4","0.0","$1","$1"
"","498","Cole Kmet","15.0","10.0","TE","CHI","10","18.08","57.5","61.0","60.5","142.2","82.2","0.0","$1","$1"
"","499","Dawson Knox","15.0","10.0","TE","BUF","7","19.10","57.9","63.0","60.9","140.1","82.0","0.0","$1","$1"
"","500","Jalen Royals","15.0","14.0","WR","KC","5","25.02","44.3","40.0","49.2","182.0","84.5","0.0","$1","$1"
"","501","Sterling Shepard","15.0","14.0","WR","UNS","18","76.08","52.3","5.0","61.5","147.6","83.3","0.0","$1","$1"
"","502","Tyler Lockett","15.0","15.0","WR","UNS","18","41.04","47.3","17.0","59.1","150.7","81.9","0.0","$1","$1"
"","503","Noah Brown","15.0","15.0","WR","UNS","18","61.07","53.0","14.0","62.3","137.1","81.0","0.0","$1","$1"
"","504","Mason Taylor","15.0","10.0","TE","NYJ","13","25.10","55.5","73.0","57.8","137.0","79.0","0.0","$1","$1"
"","505","Nick Westbrook-Ikhine","15.0","15.0","WR","IND","13","81.11","46.3","48.0","52.6","157.8","80.2","0.0","$1","$1"
"","506","Kalif Raymond","15.0","15.0","WR","CHI","10","25.04","58.0","46.0","63.0","129.2","80.2","0.0","$1","$1"
"","507","Ja'Tavion Sanders","15.0","10.0","TE","CAR","5","35.07","53.6","49.0","57.0","136.8","78.2","0.0","$4","$1"
"","508","Mack Hollins","15.0","15.0","WR","NE","11","29.11","50.3","43.0","55.9","148.1","80.0","0.0","$1","$1"
"","509","Elic Ayomanor","15.0","15.0","WR","TEN","9","72.04","47.8","56.0","50.3","161.0","80.0","0.0","$1","$1"
"","510","Brandon McManus","15.0","5.0","K","UNS","18","78.05","123.0","103.0","123.0","123.0","123.0","0.0","$1","$1"
"","511","Jimmy Horn Jr.","15.0","15.0","WR","CAR","5","37.01","46.2","17.0","48.6","155.5","77.3","0.0","$1","$1"
"","512","Taysom Hill","15.0","10.0","TE","UNS","18","50.09","40.8","12.0","51.0","147.9","75.6","0.0","$1","$1"
"","513","Luke McCaffrey","15.0","15.0","WR","WAS","7","28.12","54.5","28.0","57.4","128.0","76.1","0.0","$1","$1"
"","514","Jaylin Lane","15.0","15.0","WR","WAS","7","41.01","51.2","47.0","56.9","130.9","76.1","0.0","$1","$1"
"","515","Zavion Thomas","15.0","15.0","WR","CHI","10","20.10","48.0","42.0","56.5","132.8","75.8","0.0","$1","$1"
"","516","Max Klare","15.0","11.0","TE","LAR","11","30.05","44.6","34.0","50.7","139.4","73.8","0.0","$1","$1"
"","517","Skyler Bell","15.0","15.0","WR","BUF","7","19.12","38.5","47.0","41.8","163.0","74.3","0.0","$1","$1"
"","518","Noah Gray","15.0","11.0","TE","KC","5","24.09","55.4","48.0","55.4","121.9","73.5","0.0","$1","$1"
"","519","Noah Fant","15.0","11.0","TE","NO","8","21.11","47.6","48.0","51.7","134.4","73.5","0.0","$1","$1"
"","520","Theo Johnson","15.0","11.0","TE","NYG","8","79.11","49.3","59.0","52.4","131.0","73.3","0.0","$4","$1"
"","521","Tez Johnson","15.0","15.0","WR","TB","10","68.02","39.6","36.0","41.2","160.7","73.5","0.0","$1","$1"
"","522","Xavier Hutchinson","15.0","15.0","WR","HOU","8","76.03","39.4","45.0","40.2","160.8","73.0","0.0","$1","$1"
"","523","Savion Williams","15.0","15.0","WR","GB","11","80.09","47.8","44.0","53.1","127.4","72.4","0.0","$1","$1"
"","524","Hunter Renfrow","15.0","15.0","WR","UNS","18","58.04","39.8","5.0","49.7","139.2","72.3","0.0","$1","$1"
"","525","Chimere Dike","15.0","15.0","WR","TEN","9","85.04","46.8","66.0","50.9","130.8","72.0","0.0","$1","$1"
"","526","Cedric Tillman","15.0","15.0","WR","CLE","11","73.11","35.2","29.0","38.3","160.9","71.2","0.0","$2","$1"
"","527","Tyler Higbee","15.0","11.0","TE","LAR","11","22.04","43.5","54.0","48.3","132.8","70.5","0.0","$1","$1"
"","528","Roman Wilson","15.0","15.0","WR","PIT","9","30.01","39.9","23.0","44.3","141.8","70.1","0.0","$1","$1"
"","529","Jordan Whittington","15.0","15.0","WR","LAR","11","20.08","48.3","24.0","50.8","121.9","69.7","0.0","$1","$1"
"","530","Mitchell Evans","15.0","11.0","TE","CAR","5","29.08","44.3","34.0","47.1","131.9","69.7","0.0","$1","$1"
"","531","Oscar Delp","15.0","11.0","TE","NO","8","61.12","38.0","18.0","44.7","138.6","69.1","0.0","$1","$1"
"","532","Ben Sinnott","15.0","11.0","TE","WAS","7","41.06","36.7","29.0","40.8","142.8","67.9","0.0","$1","$1"
"","533","Demarcus Robinson","15.0","15.0","WR","SF","8","45.11","38.4","36.0","45.2","131.1","67.4","0.0","$1","$1"
"","534","Justin Joly","15.0","11.0","TE","DEN","10","76.11","35.1","32.0","41.3","142.5","67.8","0.0","$1","$1"
"","535","Chad Ryland","15.0","5.0","K","ARI","14","85.03","103.4","111.0","106.6","147.1","117.1","0.0","$1","$1"
"","536","Austin Hooper","15.0","11.0","TE","ATL","11","23.10","46.2","47.0","50.2","115.5","67.3","0.0","$1","$1"
"","537","Reggie Virgil","15.0","15.0","WR","ARI","14","33.08","32.5","9.0","37.8","143.6","65.7","0.0","$1","$1"
"","538","Demario Douglas","15.0","15.0","WR","NE","11","22.05","41.8","46.0","44.0","123.2","65.2","0.0","$1","$1"
"","539","Dont'e Thornton Jr.","15.0","15.0","WR","LVR","13","28.08","32.5","27.0","36.1","144.4","65.0","0.0","$1","$1"
"","540","DJ Rogers","15.0","11.0","TE","DAL","14","86.03","38.1","0.0","44.8","125.4","65.6","0.0","$1","$1"
"","541","Van Jefferson","15.0","15.0","WR","WAS","7","36.09","37.3","43.0","41.4","128.3","64.4","0.0","$1","$1"
"","542","Colbie Young","15.0","15.0","WR","CIN","6","34.02","30.4","13.0","35.8","143.2","64.1","0.0","$1","$1"
"","543","Cyrus Allen","15.0","15.0","WR","KC","5","24.08","28.1","22.0","33.1","149.0","63.8","0.0","$1","$1"
"","544","Nate Boerkircher","15.0","11.0","TE","JAC","7","32.06","34.9","28.0","41.0","129.2","64.0","0.0","$1","$1"
"","545","Tommy Tremble","15.0","12.0","TE","CAR","5","24.01","36.1","42.0","40.1","129.1","63.7","0.0","$1","$1"
"","546","Jordan Watkins","15.0","15.0","WR","SF","8","35.01","27.5","8.0","30.5","146.4","61.6","0.0","$1","$1"
"","547","Cade Stover","15.0","12.0","TE","HOU","8","33.01","37.2","22.0","41.3","123.9","63.1","0.0","$1","$1"
"","548","Eli Raridon","15.0","12.0","TE","NE","11","23.01","35.3","26.0","41.5","124.5","63.0","0.0","$1","$1"
"","549","Eric McAlister","15.0","15.0","WR","RK","18","86.03","26.6","19.0","29.5","147.5","61.2","0.0","$1","$1"
"","550","Marquez Valdes-Scantling","15.0","15.0","WR","DAL","14","37.10","28.3","18.0","37.7","128.2","60.7","0.0","$1","$1"
"","551","Will Dissly","15.0","12.0","TE","UNS","18","59.01","37.8","18.0","40.6","121.8","62.2","0.0","$1","$1"
"","552","Luke Musgrave","15.0","12.0","TE","GB","11","32.04","33.3","44.0","35.1","135.1","62.1","0.0","$1","$1"
"","553","Elijah Higgins","15.0","12.0","TE","ARI","14","26.06","39.7","35.0","41.8","117.0","61.9","0.0","$1","$1"
"","554","JuJu Smith-Schuster","15.0","15.0","WR","NYG","8","26.09","26.7","15.0","35.6","129.9","59.7","0.0","$1","$1"
"","555","Devontez Walker","15.0","15.0","WR","BAL","13","26.05","28.2","31.0","32.1","134.8","59.4","0.0","$1","$1"
"","556","Kevin Coleman Jr.","15.0","15.0","WR","MIA","6","43.06","28.7","40.0","31.9","134.0","59.2","0.0","$1","$1"
"","557","John Metchie","15.0","15.0","WR","CAR","5","37.03","35.2","67.0","36.3","119.8","58.9","0.0","$1","$1"
"","558","Tai Felton","15.0","15.0","WR","MIN","6","31.11","36.3","19.0","38.2","114.6","58.7","0.0","$1","$1"
"","559","KeAndre Lambert-Smith","15.0","15.0","WR","LAC","7","42.01","29.2","30.0","32.4","129.6","58.3","0.0","$1","$1"
"","560","Charlie Kolar","15.0","12.0","TE","LAC","7","46.01","41.2","38.0","48.5","97.0","60.4","0.0","$1","$1"
"","561","Odell Beckham Jr.","15.0","15.0","WR","NYG","8","17.09","25.0","16.0","31.2","134.2","58.2","0.0","$1","$1"
"","562","Daniel Bellinger","15.0","12.0","TE","TEN","9","53.07","36.8","37.0","40.0","116.0","60.2","0.0","$1","$1"
"","563","Arian Smith","15.0","15.0","WR","NYJ","13","34.06","25.0","8.0","27.8","139.0","57.6","0.0","$1","$1"
"","564","Greg Dortch","15.0","15.0","WR","DET","6","32.10","39.4","23.0","42.4","99.6","57.5","0.0","$1","$1"
"","565","Graham Gano","15.0","6.0","K","UNS","18","19.03","112.3","106.0","112.3","112.3","112.3","0.0","$1","$1"
"","566","Mitchell Tinsley","15.0","15.0","WR","CIN","6","27.08","24.8","31.0","27.6","138.0","57.2","0.0","$1","$1"
"","567","Jackson Hawes","15.0","12.0","TE","BUF","7","27.11","25.6","31.0","28.4","142.0","58.9","0.0","$1","$1"
"","568","Jonathan Mingo","15.0","15.0","WR","DAL","14","50.07","27.9","11.0","32.1","122.0","55.9","0.0","$1","$1"
"","569","Jake Tonges","15.0","12.0","TE","SF","8","83.02","36.7","51.0","41.7","106.3","58.4","0.0","$1","$1"
"","570","Tanner Koziol","15.0","12.0","TE","JAC","7","48.04","27.2","19.0","32.0","131.2","58.2","0.0","$1","$1"
"","571","Konata Mumpfield","15.0","15.0","WR","LAR","11","28.01","25.2","35.0","26.5","132.5","55.2","0.0","$1","$1"
"","572","Malik Benson","15.0","15.0","WR","LVR","13","44.09","25.8","11.0","30.4","121.6","54.4","0.0","$1","$1"
"","573","Theo Wease Jr.","15.0","15.0","WR","MIA","6","68.04","22.0","73.0","25.9","129.5","53.5","0.0","$1","$1"
"","574","Ja'Lynn Polk","15.0","15.0","WR","NO","8","40.12","23.9","5.0","29.9","119.6","53.3","0.0","$1","$1"
"","575","Jalin Hyatt","15.0","15.0","WR","NYG","8","49.08","21.3","5.0","23.7","130.4","52.4","0.0","$1","$1"
"","576","Sam Roush","15.0","12.0","TE","CHI","10","27.02","31.5","16.0","35.4","111.5","55.5","0.0","$1","$1"
"","577","Tanner Hudson","15.0","12.0","TE","CIN","6","33.05","30.8","29.0","34.2","109.4","54.1","0.0","$1","$1"
"","578","K.J. Osborn","15.0","15.0","WR","TEN","9","51.05","27.6","0.0","33.6","94.1","49.0","0.0","$1","$1"
"","579","CJ Daniels","15.0","15.0","WR","LAR","11","20.11","22.3","32.0","25.3","113.9","48.9","0.0","$1","$1"
"","580","Josh Oliver","15.0","13.0","TE","MIN","6","57.11","30.2","44.0","31.8","104.9","51.5","0.0","$1","$1"
"","581","Brevyn Spann-Ford","15.0","13.0","TE","DAL","14","26.04","26.8","15.0","28.2","112.8","51.0","0.0","$1","$1"
"","582","Malachi Corley","15.0","15.0","WR","CLE","11","41.05","19.6","13.0","21.8","113.4","46.4","0.0","$1","$1"
"","583","Jeff Caldwell","15.0","15.0","WR","KC","5","86.03","18.1","0.0","21.3","114.8","46.2","0.0","$1","$1"
"","584","Xavier Restrepo","15.0","15.0","WR","TEN","9","43.05","18.6","9.0","20.7","113.9","45.7","0.0","$1","$1"
"","585","Josh Cameron","15.0","15.0","WR","JAC","7","51.02","20.8","21.0","23.6","106.2","45.6","0.0","$1","$1"
"","586","Matthew Hibner","15.0","13.0","TE","BAL","13","38.05","23.7","17.0","27.9","111.6","50.0","0.0","$1","$1"
"","587","Deion Burks","15.0","15.0","WR","IND","13","43.09","18.6","40.0","22.7","107.8","45.2","0.0","$1","$1"
"","588","Will Kacmarek","15.0","13.0","TE","MIA","6","30.12","26.5","39.0","27.9","108.8","49.7","0.0","$1","$1"
"","589","Tyler Conklin","15.0","13.0","TE","DET","6","56.10","30.2","10.0","31.8","98.6","49.7","0.0","$1","$1"
"","590","Adam Trautman","15.0","13.0","TE","DEN","10","22.10","28.9","34.0","36.1","90.3","49.6","0.0","$1","$1"
"","591","Davis Allen","15.0","13.0","TE","LAR","11","41.03","25.7","27.0","28.6","107.3","49.5","0.0","$1","$1"
"","592","Drew Sample","15.0","13.0","TE","CIN","6","25.08","25.8","30.0","27.2","108.8","49.2","0.0","$1","$1"
"","593","Dominic Lovett","15.0","15.0","WR","DET","6","65.12","18.0","0.0","21.2","108.1","44.3","0.0","$1","$1"
"","594","David Sills V","15.0","15.0","WR","TB","10","63.03","20.1","13.0","21.2","106.0","44.1","0.0","$1","$1"
"","595","Marlin Klein","15.0","13.0","TE","HOU","8","56.07","28.2","35.0","32.0","96.0","48.8","0.0","$1","$1"
"","596","Luke Schoonmaker","15.0","13.0","TE","DAL","14","23.07","25.6","24.0","26.9","107.6","48.7","0.0","$1","$1"
"","597","Derius Davis","15.0","15.0","WR","LAC","7","47.11","28.4","10.0","29.9","77.7","42.7","0.0","$1","$1"
"","598","Tim Patrick","15.0","15.0","WR","NYJ","13","69.01","24.9","17.0","28.0","84.0","42.7","0.0","$1","$1"
"","599","Bub Means","15.0","15.0","WR","NO","8","60.11","19.8","37.0","20.8","99.8","42.2","0.0","$1","$1"
"","600","Joe Royer","15.0","13.0","TE","CLE","11","28.07","22.4","19.0","26.3","105.2","47.1","0.0","$1","$1"
"","601","Brock Wright","15.0","13.0","TE","DET","6","24.05","29.1","44.0","30.6","91.8","47.0","0.0","$1","$1"
"","602","Casey Washington","15.0","15.0","WR","ATL","11","69.02","18.0","20.0","20.0","98.0","40.9","0.0","$1","$1"
"","603","Mecole Hardman","15.0","15.0","WR","BUF","7","63.12","15.8","5.0","19.8","99.0","40.7","0.0","$1","$1"
"","604","Isaiah Williams","15.0","15.0","WR","NYJ","13","49.04","24.1","19.0","25.4","81.3","40.4","0.0","$1","$1"
"","605","Emmanuel Henderson Jr.","15.0","15.0","WR","SEA","11","55.07","16.2","6.0","19.0","95.0","39.2","0.0","$1","$1"
"","606","Jacob Cowing","15.0","15.0","WR","SF","8","49.07","24.5","5.0","25.8","74.8","38.9","0.0","$1","$1"
"","607","Quez Watkins","15.0","15.0","WR","PHI","10","34.07","15.8","0.0","18.6","93.0","38.4","0.0","$1","$1"
"","608","Josh Cuevas","15.0","13.0","TE","BAL","13","57.03","18.8","14.0","21.4","104.9","43.7","0.0","$1","$1"
"","609","Barion Brown","15.0","15.0","WR","NO","8","38.10","21.5","21.0","23.9","74.1","37.2","0.0","$1","$1"
"","610","Riley Nowakowski","15.0","13.0","TE","PIT","9","34.05","19.6","19.0","22.3","100.4","43.1","0.0","$1","$1"
"","611","Luke Farrell","15.0","13.0","TE","SF","8","27.04","18.6","13.0","20.7","103.5","42.9","0.0","$1","$1"
"","612","Johnny Wilson","15.0","15.0","WR","PHI","10","63.05","16.4","5.0","20.5","82.0","36.5","0.0","$1","$1"
"","613","Tahj Washington","15.0","15.0","WR","MIA","6","27.09","14.8","0.0","16.4","90.2","36.2","0.0","$1","$1"
"","614","Harrison Wallace III","15.0","15.0","WR","ARI","14","86.03","14.8","0.0","16.4","90.2","36.2","0.0","$1","$1"
"","615","Kevin Austin Jr.","15.0","15.0","WR","NO","8","49.02","18.2","19.0","20.2","78.8","35.8","0.0","$1","$1"
"","616","Devin Culp","15.0","13.0","TE","TB","10","69.05","19.4","11.0","21.6","97.2","41.8","0.0","$1","$1"
"","617","Darius Cooper","15.0","15.0","WR","PHI","10","51.04","18.3","12.0","19.3","77.2","34.9","0.0","$1","$1"
"","618","Eric Rivers","15.0","15.0","WR","TB","10","86.03","14.8","14.0","16.4","85.3","34.9","0.0","$1","$1"
"","619","Jordan Hudson","15.0","15.0","WR","DAL","14","86.03","15.2","0.0","16.9","82.8","34.6","0.0","$1","$1"
"","620","Anthony Smith","15.0","15.0","WR","DAL","14","73.04","14.5","5.0","17.1","80.4","33.9","0.0","$1","$1"
"","621","Charlie Jones","15.0","15.0","WR","CIN","6","34.11","15.7","5.0","18.5","73.6","33.0","0.0","$1","$1"
"","622","Kaden Wetjen","15.0","15.0","WR","PIT","9","61.01","21.6","7.0","25.4","53.6","32.4","0.0","$1","$1"
"","623","Will Mallory","15.0","14.0","TE","IND","13","63.07","17.2","17.0","19.1","93.6","39.1","0.0","$1","$1"
"","624","Mason Tipton","15.0","15.0","WR","NO","8","38.11","17.1","15.0","19.0","68.4","32.1","0.0","$1","$1"
"","625","Lewis Bond","15.0","15.0","WR","HOU","8","54.02","14.3","5.0","15.9","76.3","32.1","0.0","$1","$1"
"","626","J. Michael Sturdivant","15.0","15.0","WR","GB","11","86.03","14.2","0.0","15.8","74.3","31.5","0.0","$1","$1"
"","627","CJ Williams","15.0","15.0","WR","JAC","7","57.04","13.9","0.0","16.3","73.4","31.4","0.0","$1","$1"
"","628","Tip Reiman","15.0","14.0","TE","ARI","14","49.09","16.7","15.0","18.5","92.5","38.4","0.0","$1","$1"
"","629","Jared Wiley","15.0","14.0","TE","KC","5","67.11","18.6","15.0","19.6","88.2","38.1","0.0","$1","$1"
"","630","Thomas Fidone II","15.0","14.0","TE","NYG","8","66.01","13.1","26.0","14.5","101.5","38.0","0.0","$1","$1"
"","631","John Bates","15.0","14.0","TE","WAS","7","29.04","18.2","30.0","20.2","86.9","38.0","0.0","$1","$1"
"","632","Efton Chism","15.0","15.0","WR","NE","11","26.08","15.6","17.0","16.4","67.2","30.1","0.0","$1","$1"
"","633","Jake Briningstool","15.0","14.0","TE","KC","5","86.03","12.7","5.0","14.1","98.7","36.9","0.0","$1","$1"
"","634","Jack Endries","15.0","14.0","TE","CIN","6","36.07","19.0","22.0","22.3","78.1","36.9","0.0","$1","$1"
"","635","Michael Trigg","15.0","14.0","TE","DAL","14","23.04","17.4","22.0","21.7","76.0","35.7","0.0","$1","$1"
"","636","Anthony Gould","15.0","15.0","WR","IND","13","57.07","14.0","10.0","15.6","60.8","27.6","0.0","$1","$1"
"","637","Bauer Sharp","15.0","14.0","TE","TB","10","56.03","15.9","5.0","17.9","80.6","34.6","0.0","$1","$1"
"","638","Aaron Anderson","15.0","15.0","WR","CLE","11","86.03","10.6","18.0","11.8","65.5","26.2","0.0","$1","$1"
"","639","Vinny Anthony II","15.0","15.0","WR","ATL","11","86.03","10.7","0.0","11.9","60.1","24.8","0.0","$1","$1"
"","640","Charlie Woerner","15.0","14.0","TE","ATL","11","39.01","16.4","18.0","18.2","72.8","32.8","0.0","$1","$1"
"","641","Seydou Traore","15.0","14.0","TE","MIA","6","46.09","13.3","17.0","15.7","78.5","32.4","0.0","$1","$1"
"","642","Payne Durham","15.0","14.0","TE","TB","10","25.09","16.0","13.0","16.5","72.6","31.7","0.0","$1","$1"
"","643","Dallen Bentley","15.0","14.0","TE","DEN","10","67.06","14.0","5.0","16.5","71.0","30.9","0.0","$1","$1"
"","644","Jeremy Ruckert","15.0","15.0","TE","NYJ","13","33.12","16.5","18.0","17.4","60.9","29.1","0.0","$1","$1"
"","645","RJ Maryland","15.0","15.0","TE","GB","11","86.03","12.8","0.0","15.0","67.5","28.9","0.0","$1","$1"
"","646","John Michael Gyllenborg","15.0","15.0","TE","KC","5","86.03","12.6","18.0","14.8","66.6","28.5","0.0","$1","$1"
"","647","Hunter Long","15.0","15.0","TE","JAC","7","65.11","12.0","17.0","13.3","69.2","28.3","0.0","$1","$1"
"","648","Johnny Mundt","15.0","15.0","TE","PHI","10","65.04","15.2","8.0","17.9","57.3","28.2","0.0","$1","$1"
"","649","Carsen Ryan","15.0","15.0","TE","CLE","11","45.01","11.1","5.0","13.9","62.6","26.7","0.0","$1","$1"
"","650","Grant Calcaterra","15.0","15.0","TE","PHI","10","25.07","16.8","18.0","19.1","47.8","26.5","0.0","$1","$1"
"","651","Jaren Kanak","15.0","15.0","TE","TEN","9","50.05","11.7","18.0","13.8","55.2","24.7","0.0","$1","$1"
"","652","Mo Alie-Cox","15.0","15.0","TE","IND","13","38.04","23.0","19.0","23.0","23.0","23.0","0.0","$1","$1"
"","653","Max Tomczak","15.0","15.0","WR","BUF","7","86.03","4.7","0.0","5.2","26.0","10.8","0.0","$1","$1"
"","654","Tyrell Shavers","15.0","15.0","WR","BUF","7","60.08","4.9","15.0","5.2","25.5","10.7","0.0","$1","$1"
"","655","Tyren Montgomery","15.0","15.0","WR","TEN","9","86.03","4.7","0.0","5.2","25.0","10.5","0.0","$1","$1"
"","656","Noah Thomas","15.0","15.0","WR","CIN","6","86.03","4.7","29.0","5.2","24.7","10.4","0.0","$1","$1"
"","657","Caullin Lacy","15.0","15.0","WR","NYJ","13","86.03","4.7","0.0","5.2","19.8","9.1","0.0","$1","$1"
"","658","Chris Hilton Jr.","15.0","15.0","WR","WAS","7","86.03","4.7","0.0","5.2","19.8","9.1","0.0","$1","$1"
"","659","Kendrick Law","15.0","15.0","WR","DET","6","54.09","4.6","5.0","5.2","18.5","8.7","0.0","$1","$1"
"","660","Andrew 'Drew' Ogletree","15.0","15.0","TE","IND","13","47.10","17.7","9.0","17.7","17.7","17.7","0.0","$1","$1"
"","661","Skyy Moore","15.0","15.0","WR","GB","11","32.02","0.0","6.0","5.2","7.3","5.9","0.0","$1","$1"
"","662","Xavier Smith","15.0","15.0","WR","LAR","11","27.01","0.0","18.0","5.2","6.8","5.7","0.0","$1","$1"
"","663","Dareke Young","15.0","15.0","WR","LVR","13","66.07","0.0","8.0","5.2","6.8","5.7","0.0","$1","$1"
"","664","Braxton Berrios","15.0","15.0","WR","NYG","8","25.05","0.0","5.0","5.2","6.4","5.6","0.0","$1","$1"
"","665","Britain Covey","15.0","15.0","WR","PHI","10","48.06","0.0","5.0","5.2","6.4","5.6","0.0","$1","$1"
"","666","Chase Roberts","15.0","15.0","WR","LVR","13","86.03","5.2","8.0","5.2","5.2","5.2","0.0","$1","$1"
"","667","Jalen Walthall","15.0","15.0","WR","HOU","8","86.03","5.2","0.0","5.2","5.2","5.2","0.0","$1","$1"
"","668","Donaven McCulley","15.0","15.0","WR","MIA","6","86.03","5.2","0.0","5.2","5.2","5.2","0.0","$1","$1"
"","669","Gage Larvadain","15.0","15.0","WR","CLE","11","69.03","5.2","6.0","5.2","5.2","5.2","0.0","$1","$1"
"","670","Nikko Remigio","15.0","15.0","WR","KC","5","48.01","1.3","7.0","5.2","7.3","5.1","0.0","$1","$1"
"","671","Myles Price","15.0","15.0","WR","MIN","6","51.08","1.6","5.0","5.2","6.8","5.0","0.0","$1","$1"
"","672","Kameron Johnson","15.0","15.0","WR","TB","10","31.06","0.5","9.0","5.2","7.3","4.9","0.0","$1","$1"
"","673","LaJohntay Wester","15.0","15.0","WR","BAL","13","37.05","0.5","6.0","5.2","7.3","4.9","0.0","$1","$1"
"","674","Devin Duvernay","15.0","15.0","WR","ARI","14","38.07","0.5","7.0","5.2","6.8","4.8","0.0","$1","$1"
"","675","Durham Smythe","15.0","15.0","TE","BAL","13","25.01","14.1","18.0","14.1","14.1","14.1","0.0","$1","$1"
"","676","Brandin Cooks","15.0","15.0","WR","BUF","7","75.08","0.0","15.0","0.0","0.0","0.0","0.0","$1","$1"
"","677","Robert Woods","15.0","15.0","WR","UNS","18","73.10","0.0","0.0","0.0","0.0","0.0","0.0","$1","$1"
"","678","Adam Thielen","15.0","15.0","WR","UNS","18","75.01","0.0","0.0","0.0","0.0","0.0","0.0","$1","$1"
"","679","Robbie Chosen","15.0","15.0","WR","UNS","18","76.02","0.0","0.0","0.0","0.0","0.0","0.0","$1","$1"
"","680","Zay Jones","15.0","15.0","WR","UNS","18","46.12","0.0","0.0","0.0","0.0","0.0","0.0","$1","$1"
"","681","Josh Reynolds","15.0","15.0","WR","UNS","18","62.07","0.0","3.0","0.0","0.0","0.0","0.0","$1","$1"
"","682","Alex Erickson","15.0","15.0","WR","LAC","7","74.07","0.0","0.0","0.0","0.0","0.0","0.0","$1","$1"
"","683","Tyler Boyd","15.0","15.0","WR","UNS","18","57.05","0.0","0.0","0.0","0.0","0.0","0.0","$1","$1"
"","684","Jamison Crowder","15.0","15.0","WR","WAS","7","75.10","0.0","0.0","0.0","0.0","0.0","0.0","$1","$1"
"","685","Nelson Agholor","15.0","15.0","WR","UNS","18","74.09","0.0","0.0","0.0","0.0","0.0","0.0","$1","$1"
"","686","Allen Robinson","15.0","15.0","WR","DET","6","75.12","0.0","0.0","0.0","0.0","0.0","0.0","$1","$1"
"","687","Diontae Johnson","15.0","15.0","WR","UNS","18","66.09","0.0","0.0","0.0","0.0","0.0","0.0","$1","$1"
"","688","Lil'Jordan Humphrey","15.0","15.0","WR","DEN","10","26.01","0.0","9.0","0.0","0.0","0.0","0.0","$1","$1"
"","689","Stanley Morgan","15.0","15.0","WR","CIN","6","86.03","0.0","0.0","0.0","0.0","0.0","0.0","$1","$1"
"","690","Scott 'Scotty' Miller","15.0","15.0","WR","UNS","18","39.12","0.0","0.0","0.0","0.0","0.0","0.0","$1","$1"
"","691","Justin Watson","15.0","15.0","WR","HOU","8","57.02","0.0","4.0","0.0","0.0","0.0","0.0","$1","$1"
"","692","Ray-Ray McCloud","15.0","15.0","WR","NYG","8","67.12","0.0","0.0","0.0","0.0","0.0","0.0","$1","$1"
"","693","Zach Pascal","15.0","15.0","WR","UNS","18","62.03","0.0","0.0","0.0","0.0","0.0","0.0","$1","$1"
"","694","Trent Sherfield","15.0","15.0","WR","BUF","7","52.01","0.0","2.0","0.0","0.0","0.0","0.0","$1","$1"
"","695","Hakeem Butler","15.0","15.0","WR","CIN","6","86.03","0.0","0.0","0.0","0.0","0.0","0.0","$1","$1"
"","696","Cedrick 'Ced' Wilson","15.0","15.0","WR","MIA","6","35.09","0.0","0.0","0.0","0.0","0.0","0.0","$1","$1"
"","697","Dante Pettis","15.0","15.0","WR","NO","8","46.11","0.0","3.0","0.0","0.0","0.0","0.0","$1","$1"
"","698","Allen Lazard","15.0","15.0","WR","UNS","18","52.05","0.0","2.0","0.0","0.0","0.0","0.0","$1","$1"
"","699","Tre'Quan Smith","15.0","15.0","WR","DET","6","86.03","0.0","0.0","0.0","0.0","0.0","0.0","$1","$1"
"","700","D.J. Chark Jr.","15.0","15.0","WR","UNS","18","75.09","0.0","0.0","0.0","0.0","0.0","0.0","$1","$1"
"","701","Equanimeous St. Brown","15.0","15.0","WR","SF","8","62.08","0.0","0.0","0.0","0.0","0.0","0.0","$1","$1"
"","702","Michael Gallup","15.0","15.0","WR","UNS","18","86.03","0.0","0.0","0.0","0.0","0.0","0.0","$1","$1"
"","703","Anthony Miller","15.0","15.0","WR","BAL","13","41.08","0.0","0.0","0.0","0.0","0.0","0.0","$1","$1"
"","704","David Moore","15.0","15.0","WR","CAR","5","61.09","0.0","2.0","0.0","0.0","0.0","0.0","$1","$1"
"","705","Velus Jones","15.0","15.0","RB","NO","8","70.10","0.0","0.0","0.0","0.0","0.0","0.0","$1","$1"
"","706","Danny Gray","15.0","15.0","WR","UNS","18","54.11","0.0","0.0","0.0","0.0","0.0","0.0","$1","$1"
"","707","Erik Ezukanma","15.0","15.0","WR","UNS","18","59.03","0.0","0.0","0.0","0.0","0.0","0.0","$1","$1"
"","708","Kyle Philips","15.0","15.0","WR","LVR","13","86.03","0.0","0.0","0.0","0.0","0.0","0.0","$1","$1"
"","709","Irvin Charles","15.0","15.0","WR","NYJ","13","54.07","0.0","0.0","0.0","0.0","0.0","0.0","$1","$1"
"","710","Brandon Johnson","15.0","15.0","WR","UNS","18","49.11","0.0","0.0","0.0","0.0","0.0","0.0","$1","$1"
"","711","Chris Moore","15.0","15.0","WR","UNS","18","75.07","0.0","3.0","0.0","0.0","0.0","0.0","$1","$1"
"","712","Samori Toure","15.0","15.0","WR","UNS","18","29.09","0.0","0.0","0.0","0.0","0.0","0.0","$1","$1"
"","713","Bo Melton","15.0","15.0","CB","GB","11","86.03","0.0","15.0","0.0","0.0","0.0","0.0","$1","$1"
"","714","Trey Palmer","15.0","15.0","WR","NO","8","24.03","0.0","0.0","0.0","0.0","0.0","0.0","$1","$1"
"","715","Justin Shorter","15.0","15.0","WR","UNS","18","71.02","0.0","0.0","0.0","0.0","0.0","0.0","$1","$1"
"","716","Ronnie Bell","15.0","15.0","WR","NO","8","54.06","0.0","0.0","0.0","0.0","0.0","0.0","$1","$1"
"","717","Jalen Moreno-Cropper","15.0","15.0","WR","UNS","18","52.11","0.0","0.0","0.0","0.0","0.0","0.0","$1","$1"
"","718","Jake Bobo","15.0","15.0","WR","SEA","11","23.11","0.0","2.0","0.0","0.0","0.0","0.0","$1","$1"
"","719","Tyler Scott","15.0","15.0","WR","LAR","11","52.02","0.0","0.0","0.0","0.0","0.0","0.0","$1","$1"
"","720","Rakim Jarrett","15.0","15.0","WR","UNS","18","70.12","0.0","0.0","0.0","0.0","0.0","0.0","$1","$1"
"","721","A.T. Perry","15.0","15.0","WR","UNS","18","25.06","0.0","0.0","0.0","0.0","0.0","0.0","$1","$1"
"","722","Kadarius Toney","15.0","15.0","WR","UNS","18","71.07","0.0","0.0","0.0","0.0","0.0","0.0","$1","$1"
"","723","Terrace Marshall","15.0","15.0","WR","MIA","6","25.12","0.0","0.0","0.0","0.0","0.0","0.0","$1","$1"
"","724","Elijah Moore","15.0","15.0","WR","PHI","10","59.02","0.0","0.0","0.0","0.0","0.0","0.0","$1","$1"
"","725","Tylan Wallace","15.0","15.0","WR","CLE","11","27.07","0.0","5.0","0.0","0.0","0.0","0.0","$1","$1"
"","726","D'Wayne 'Dee' Eskridge","15.0","15.0","WR","MIA","6","61.03","0.0","3.0","0.0","0.0","0.0","0.0","$1","$1"
"","727","Simi Fehoko","15.0","15.0","WR","ARI","14","50.02","0.0","0.0","0.0","0.0","0.0","0.0","$1","$1"
"","728","Ihmir Smith-Marsette","15.0","15.0","WR","UNS","18","42.06","0.0","0.0","0.0","0.0","0.0","0.0","$1","$1"
"","729","Frank Darby","15.0","15.0","WR","ATL","11","86.03","0.0","0.0","0.0","0.0","0.0","0.0","$1","$1"
"","730","Mike Strachan","15.0","15.0","WR","CAR","5","86.03","0.0","0.0","0.0","0.0","0.0","0.0","$1","$1"
"","731","Justyn Ross","15.0","15.0","WR","UNS","18","59.07","0.0","0.0","0.0","0.0","0.0","0.0","$1","$1"
"","732","DeAndre Carter","15.0","15.0","WR","CLE","11","74.03","0.0","0.0","0.0","0.0","0.0","0.0","$1","$1"
"","733","Brandon Powell","15.0","15.0","WR","MIN","6","61.04","0.0","0.0","0.0","0.0","0.0","0.0","$1","$1"
"","734","Tim Jones","15.0","15.0","WR","MIN","6","56.06","0.0","0.0","0.0","0.0","0.0","0.0","$1","$1"
"","735","Trenton Irwin","15.0","15.0","WR","UNS","18","72.01","0.0","0.0","0.0","0.0","0.0","0.0","$1","$1"
"","736","D.J. Montgomery","15.0","15.0","WR","IND","13","54.04","0.0","0.0","0.0","0.0","0.0","0.0","$1","$1"
"","737","Ben Skowronek","15.0","15.0","WR","PIT","9","33.06","0.0","5.0","0.0","0.0","0.0","0.0","$1","$1"
"","738","Austin Watkins Jr.","15.0","15.0","WR","CLE","11","86.03","0.0","0.0","0.0","0.0","0.0","0.0","$1","$1"
"","739","Austin Trammell","15.0","15.0","WR","JAC","7","26.10","0.0","0.0","0.0","0.0","0.0","0.0","$1","$1"
"","740","Kristian Wilkerson","15.0","15.0","WR","UNS","18","65.08","0.0","0.0","0.0","0.0","0.0","0.0","$1","$1"
"","741","KhaDarel Hodge","15.0","15.0","WR","ATL","11","64.01","0.0","0.0","0.0","0.0","0.0","0.0","$1","$1"
"","742","Deonte Harty","15.0","15.0","WR","BAL","13","58.06","0.0","0.0","0.0","0.0","0.0","0.0","$1","$1"
"","743","Cam Sims","15.0","15.0","WR","LVR","13","86.03","0.0","0.0","0.0","0.0","0.0","0.0","$1","$1"
"","744","Jalen Guyton","15.0","15.0","WR","LVR","13","86.03","0.0","0.0","0.0","0.0","0.0","0.0","$1","$1"
"","745","Malik Taylor","15.0","15.0","WR","UNS","18","86.03","0.0","0.0","0.0","0.0","0.0","0.0","$1","$1"
"","746","Jamal Agnew","15.0","15.0","WR","ATL","11","58.02","0.0","0.0","0.0","0.0","0.0","0.0","$1","$1"
"","747","Tyron Johnson","15.0","15.0","WR","SF","8","86.03","0.0","0.0","0.0","0.0","0.0","0.0","$1","$1"
"","748","Tyler Johnson","15.0","15.0","WR","NYJ","13","75.06","0.0","2.0","0.0","0.0","0.0","0.0","$1","$1"
"","749","Lynn Bowden","15.0","15.0","WR","UNS","18","86.03","0.0","0.0","0.0","0.0","0.0","0.0","$1","$1"
"","750","Laviska Shenault","15.0","15.0","WR","UNS","18","55.10","0.0","0.0","0.0","0.0","0.0","0.0","$1","$1"
"","751","K.J. Hamler","15.0","15.0","WR","UNS","18","86.03","0.0","0.0","0.0","0.0","0.0","0.0","$1","$1"
"","752","James Proche","15.0","15.0","WR","TEN","9","64.02","0.0","1.0","0.0","0.0","0.0","0.0","$1","$1"
"","753","Gabriel 'Gabe' Davis","15.0","15.0","WR","BUF","7","59.05","0.0","0.0","0.0","0.0","0.0","0.0","$1","$1"
"","754","Isaiah Hodgins","15.0","15.0","WR","NYG","8","69.12","0.0","6.0","0.0","0.0","0.0","0.0","$1","$1"
"","755","Marquez Callaway","15.0","15.0","WR","UNS","18","65.10","0.0","0.0","0.0","0.0","0.0","0.0","$1","$1"
"","756","Jalen Reagor","15.0","15.0","WR","UNS","18","49.01","0.0","0.0","0.0","0.0","0.0","0.0","$1","$1"
"","757","Chase Claypool","15.0","15.0","WR","UNS","18","86.03","0.0","0.0","0.0","0.0","0.0","0.0","$1","$1"
"","758","Donovan Peoples-Jones","15.0","15.0","WR","UNS","18","86.03","0.0","0.0","0.0","0.0","0.0","0.0","$1","$1"
"","759","Lideatrick Griffin","15.0","15.0","WR","GB","11","86.03","0.0","0.0","0.0","0.0","0.0","0.0","$1","$1"
"","760","Jared Wayne","15.0","15.0","WR","UNS","18","51.03","0.0","0.0","0.0","0.0","0.0","0.0","$1","$1"
"","761","Nick Nash","15.0","15.0","WR","UNS","18","70.02","0.0","0.0","0.0","0.0","0.0","0.0","$1","$1"
"","762","Ricky White","15.0","15.0","WR","SEA","11","54.08","0.0","1.0","0.0","0.0","0.0","0.0","$1","$1"
"","763","Daniel Jackson","15.0","15.0","WR","HOU","8","86.03","0.0","0.0","0.0","0.0","0.0","0.0","$1","$1"
"","764","Josh Kelly","15.0","15.0","WR","DAL","14","86.03","0.0","0.0","0.0","0.0","0.0","0.0","$1","$1"
"","765","Traeshon Holden","15.0","15.0","WR","DAL","14","86.03","0.0","0.0","0.0","0.0","0.0","0.0","$1","$1"
"","766","Roc Taylor","15.0","15.0","WR","PIT","9","86.03","0.0","0.0","0.0","0.0","0.0","0.0","$1","$1"
"","767","Isaiah Neyor","15.0","15.0","WR","GB","11","61.11","0.0","0.0","0.0","0.0","0.0","0.0","$1","$1"
"","768","Ja'Corey Brooks","15.0","15.0","WR","WAS","7","35.08","0.0","0.0","0.0","0.0","0.0","0.0","$1","$1"
"","769","Samuel Brown","15.0","15.0","WR","RK","18","86.03","0.0","0.0","0.0","0.0","0.0","0.0","$1","$1"
"","770","Elijhah Badger","15.0","15.0","WR","UNS","18","86.03","0.0","0.0","0.0","0.0","0.0","0.0","$1","$1"
"","771","Jacolby George","15.0","15.0","WR","CAR","5","86.03","0.0","0.0","0.0","0.0","0.0","0.0","$1","$1"
"","772","Beaux Collins","15.0","15.0","WR","NYG","8","72.08","0.0","0.0","0.0","0.0","0.0","0.0","$1","$1"
"","773","Andrew Armstrong","15.0","15.0","WR","UNS","18","86.03","0.0","0.0","0.0","0.0","0.0","0.0","$1","$1"
"","774","Junior Bergen","15.0","15.0","WR","SF","8","42.08","0.0","0.0","0.0","0.0","0.0","0.0","$1","$1"
"","775","Cole Burgess","15.0","15.0","WR","CIN","6","86.03","0.0","0.0","0.0","0.0","0.0","0.0","$1","$1"
"","776","Will Sheppard","15.0","15.0","WR","TB","10","86.03","0.0","0.0","0.0","0.0","0.0","0.0","$1","$1"
"","777","Brycen Tremayne","15.0","15.0","WR","CAR","5","50.04","0.0","0.0","0.0","0.0","0.0","0.0","$1","$1"
"","778","Gunner Olszewski","15.0","15.0","WR","NYG","8","27.12","0.0","0.0","0.0","0.0","0.0","0.0","$1","$1"
"","779","Xavier Johnson","15.0","15.0","WR","HOU","8","86.03","0.0","0.0","0.0","0.0","0.0","0.0","$1","$1"
"","780","Tejhaun Palmer","15.0","15.0","WR","ARI","14","44.08","0.0","0.0","0.0","0.0","0.0","0.0","$1","$1"
"","781","Terique Owens","15.0","15.0","WR","SF","8","86.03","0.0","0.0","0.0","0.0","0.0","0.0","$1","$1"
"","782","Dane Key","15.0","15.0","WR","DEN","10","86.03","0.0","3.0","0.0","0.0","0.0","0.0","$1","$1"
"","783","Will Pauling","15.0","15.0","WR","SF","8","86.03","0.0","0.0","0.0","0.0","0.0","0.0","$1","$1"
"","784","Jahdae Walker","15.0","15.0","WR","CHI","10","21.04","0.0","31.0","0.0","0.0","0.0","0.0","$1","$1"
"","785","Dillon Bell","15.0","15.0","WR","MIN","6","86.03","0.0","0.0","0.0","0.0","0.0","0.0","$1","$1"
"","786","Tom Kennedy","15.0","15.0","WR","DET","6","30.08","0.0","0.0","0.0","0.0","0.0","0.0","$1","$1"
"","787","Dylan Drummond","15.0","15.0","WR","ATL","11","29.02","0.0","0.0","0.0","0.0","0.0","0.0","$1","$1"
"","788","Mason Kinsey","15.0","15.0","WR","TEN","9","58.12","0.0","0.0","0.0","0.0","0.0","0.0","$1","$1"
"","789","Andre Baccellia","15.0","15.0","WR","UNS","18","30.09","0.0","0.0","0.0","0.0","0.0","0.0","$1","$1"
"","790","Cody White","15.0","15.0","WR","SEA","11","32.12","0.0","0.0","0.0","0.0","0.0","0.0","$1","$1"
"","791","Bryce Ford-Wheaton","15.0","15.0","WR","NYG","8","46.08","0.0","0.0","0.0","0.0","0.0","0.0","$1","$1"
"","792","Kwamie Lassiter II","15.0","15.0","WR","CIN","6","86.03","0.0","0.0","0.0","0.0","0.0","0.0","$1","$1"
"","793","Dax Milne","15.0","15.0","WR","UNS","18","86.03","0.0","0.0","0.0","0.0","0.0","0.0","$1","$1"
"","794","Steven Sims","15.0","15.0","WR","SEA","11","59.12","0.0","0.0","0.0","0.0","0.0","0.0","$1","$1"
"","795","Jha'Quan Jackson","15.0","15.0","WR","UNS","18","58.07","0.0","0.0","0.0","0.0","0.0","0.0","$1","$1"
"","796","DJ Turner","15.0","15.0","WR","LVR","13","55.05","0.0","0.0","0.0","0.0","0.0","0.0","$1","$1"
"","797","Xavier Weaver","15.0","15.0","WR","ARI","14","70.07","0.0","0.0","0.0","0.0","0.0","0.0","$1","$1"
"","798","Bryce Oliver","15.0","15.0","WR","TEN","9","62.05","0.0","2.0","0.0","0.0","0.0","0.0","$1","$1"
"","799","Jalen Virgil","15.0","15.0","WR","UNS","18","58.05","0.0","0.0","0.0","0.0","0.0","0.0","$1","$1"
"","800","Ramel Keyton","15.0","15.0","WR","LVR","13","50.10","0.0","0.0","0.0","0.0","0.0","0.0","$1","$1"
"","801","Ryan Miller","15.0","15.0","WR","TB","10","70.11","0.0","0.0","0.0","0.0","0.0","0.0","$1","$1"
"","802","Alex Bachman","15.0","15.0","WR","LVR","13","45.04","0.0","0.0","0.0","0.0","0.0","0.0","$1","$1"
"","803","Grant DuBose","15.0","15.0","WR","MIA","6","73.03","0.0","0.0","0.0","0.0","0.0","0.0","$1","$1"
"","804","Makai Polk","15.0","15.0","WR","UNS","18","86.03","0.0","0.0","0.0","0.0","0.0","0.0","$1","$1"
"","805","Cade Johnson","15.0","15.0","WR","UNS","18","86.03","0.0","0.0","0.0","0.0","0.0","0.0","$1","$1"
"","806","Seth Williams","15.0","15.0","WR","JAC","7","86.03","0.0","0.0","0.0","0.0","0.0","0.0","$1","$1"
"","807","Dez Fitzpatrick","15.0","15.0","WR","UNS","18","43.02","0.0","0.0","0.0","0.0","0.0","0.0","$1","$1"
"","808","Michael Woods II","15.0","15.0","WR","CLE","11","36.05","0.0","0.0","0.0","0.0","0.0","0.0","$1","$1"
"","809","Da'Quan Felton","15.0","15.0","WR","NYG","8","86.03","0.0","0.0","0.0","0.0","0.0","0.0","$1","$1"
"","810","Antwane Wells Jr.","15.0","15.0","WR","NYG","8","86.03","0.0","0.0","0.0","0.0","0.0","0.0","$1","$1"
"","811","Kaden Prather","15.0","15.0","WR","BUF","7","30.06","0.0","0.0","0.0","0.0","0.0","0.0","$1","$1"
"","812","Kobe Hudson","15.0","15.0","WR","CAR","5","86.03","0.0","0.0","0.0","0.0","0.0","0.0","$1","$1"
"","813","Jermaine Burton","15.0","15.0","WR","UNS","18","52.10","0.0","9.0","0.0","0.0","0.0","0.0","$1","$1"
"","814","Brenden Rice","15.0","15.0","WR","GB","11","41.10","0.0","0.0","0.0","0.0","0.0","0.0","$1","$1"
"","815","Jamari Thrash","15.0","15.0","WR","UNS","18","67.10","0.0","0.0","0.0","0.0","0.0","0.0","$1","$1"
"","816","Ainias Smith","15.0","15.0","WR","UNS","18","66.04","0.0","0.0","0.0","0.0","0.0","0.0","$1","$1"
"","817","Javon Baker","15.0","15.0","WR","UNS","18","47.07","0.0","0.0","0.0","0.0","0.0","0.0","$1","$1"
"","818","Marcus Rosemy-Jacksaint","15.0","15.0","WR","UNS","18","86.03","0.0","0.0","0.0","0.0","0.0","0.0","$1","$1"
"","819","Cornelius Johnson","15.0","15.0","WR","GB","11","66.03","0.0","0.0","0.0","0.0","0.0","0.0","$1","$1"
"","820","Joshua Cephus","15.0","15.0","WR","UNS","18","42.04","0.0","0.0","0.0","0.0","0.0","0.0","$1","$1"
"","821","Antoine Green","15.0","15.0","WR","DET","6","68.01","0.0","0.0","0.0","0.0","0.0","0.0","$1","$1"
"","822","Kirk Merritt","15.0","15.0","WR","UNS","18","86.03","0.0","0.0","0.0","0.0","0.0","0.0","$1","$1"
"","823","Colton Dowell","15.0","15.0","WR","TEN","9","73.06","0.0","0.0","0.0","0.0","0.0","0.0","$1","$1"
"","824","Xavier Gipson","15.0","15.0","WR","NYG","8","54.12","0.0","0.0","0.0","0.0","0.0","0.0","$1","$1"
"","825","Jalen Brooks","15.0","15.0","WR","ARI","14","67.05","0.0","2.0","0.0","0.0","0.0","0.0","$1","$1"
"","826","Malik Heath","15.0","15.0","WR","UNS","18","54.03","0.0","0.0","0.0","0.0","0.0","0.0","$1","$1"
"","827","Jason Brownlee","15.0","15.0","WR","NYJ","13","60.09","0.0","0.0","0.0","0.0","0.0","0.0","$1","$1"
"","828","Julian Hill","15.0","15.0","TE","NE","11","21.09","4.4","10.0","4.6","15.6","7.6","0.0","$1","$1"
"","829","Lake McRee","15.0","15.0","TE","PIT","9","86.03","3.9","0.0","4.6","12.4","6.6","0.0","$1","$1"
"","830","Max Bredeson","15.0","15.0","TE","MIN","6","38.02","6.3","7.0","6.3","6.3","6.3","0.0","$1","$1"
"","831","Jordan Matthews","15.0","15.0","TE","UNS","18","75.11","0.0","0.0","0.0","0.0","0.0","0.0","$1","$1"
"","832","Zach Ertz","15.0","15.0","TE","UNS","18","43.10","0.0","17.0","0.0","0.0","0.0","0.0","$1","$1"
"","833","Gerald Everett","15.0","15.0","TE","UNS","18","67.04","0.0","0.0","0.0","0.0","0.0","0.0","$1","$1"
"","834","Geoff Swaim","15.0","15.0","TE","UNS","18","72.06","0.0","0.0","0.0","0.0","0.0","0.0","$1","$1"
"","835","C.J. Uzomah","15.0","15.0","TE","UNS","18","77.07","0.0","0.0","0.0","0.0","0.0","0.0","$1","$1"
"","836","Tyler Kroft","15.0","15.0","TE","MIA","6","86.03","0.0","0.0","0.0","0.0","0.0","0.0","$1","$1"
"","837","Irv Smith","15.0","15.0","TE","HOU","8","48.12","0.0","0.0","0.0","0.0","0.0","0.0","$1","$1"
"","838","Foster Moreau","15.0","15.0","TE","HOU","8","36.03","0.0","21.0","0.0","0.0","0.0","0.0","$1","$1"
"","839","Donald Parham","15.0","15.0","TE","PIT","9","27.10","0.0","0.0","0.0","0.0","0.0","0.0","$1","$1"
"","840","Blake Bell","15.0","15.0","TE","KC","5","86.03","0.0","0.0","0.0","0.0","0.0","0.0","$1","$1"
"","841","Ross Dwelley","15.0","15.0","TE","UNS","18","52.08","0.0","0.0","0.0","0.0","0.0","0.0","$1","$1"
"","842","Robert Tonyan","15.0","15.0","TE","KC","5","58.09","0.0","1.0","0.0","0.0","0.0","0.0","$1","$1"
"","843","Ian Thomas","15.0","15.0","TE","LVR","13","64.08","0.0","8.0","0.0","0.0","0.0","0.0","$1","$1"
"","844","Anthony Firkser","15.0","15.0","TE","DET","6","48.07","0.0","22.0","0.0","0.0","0.0","0.0","$1","$1"
"","845","Jordan Akins","15.0","15.0","TE","UNS","18","70.08","0.0","0.0","0.0","0.0","0.0","0.0","$1","$1"
"","846","Jelani Woods","15.0","15.0","TE","UNS","18","58.10","0.0","0.0","0.0","0.0","0.0","0.0","$1","$1"
"","847","Cole Turner","15.0","15.0","TE","UNS","18","52.09","0.0","6.0","0.0","0.0","0.0","0.0","$1","$1"
"","848","Teagan Quitoriano","15.0","15.0","TE","ARI","14","55.02","0.0","23.0","0.0","0.0","0.0","0.0","$1","$1"
"","849","James Mitchell","15.0","15.0","TE","UNS","18","56.04","0.0","15.0","0.0","0.0","0.0","0.0","$1","$1"
"","850","Connor Heyward","15.0","15.0","TE","LVR","13","77.10","0.0","18.0","0.0","0.0","0.0","0.0","$1","$1"
"","851","Ko Kieft","15.0","15.0","TE","TB","10","37.11","0.0","1.0","0.0","0.0","0.0","0.0","$1","$1"
"","852","Lucas Krull","15.0","15.0","TE","DEN","10","60.02","0.0","8.0","0.0","0.0","0.0","0.0","$1","$1"
"","853","Stone Smartt","15.0","15.0","TE","PHI","10","71.09","0.0","4.0","0.0","0.0","0.0","0.0","$1","$1"
"","854","Peyton Hendershot","15.0","15.0","TE","UNS","18","64.10","0.0","0.0","0.0","0.0","0.0","0.0","$1","$1"
"","855","Josh Whyle","15.0","15.0","TE","GB","11","46.10","0.0","9.0","0.0","0.0","0.0","0.0","$1","$1"
"","856","Kylen Granson","15.0","15.0","TE","TEN","9","49.06","0.0","6.0","0.0","0.0","0.0","0.0","$1","$1"
"","857","Tyler Davis","15.0","15.0","TE","GB","11","86.03","0.0","0.0","0.0","0.0","0.0","0.0","$1","$1"
"","858","Quintin Morris","15.0","15.0","TE","JAC","7","39.03","0.0","2.0","0.0","0.0","0.0","0.0","$1","$1"
"","859","Mitchell Wilcox","15.0","15.0","TE","NE","11","53.09","0.0","0.0","0.0","0.0","0.0","0.0","$1","$1"
"","860","Lawrence Cager","15.0","15.0","TE","UNS","18","59.10","0.0","0.0","0.0","0.0","0.0","0.0","$1","$1"
"","861","Eric Saubert","15.0","15.0","TE","SEA","11","75.02","0.0","6.0","0.0","0.0","0.0","0.0","$1","$1"
"","862","Jack Stoll","15.0","15.0","TE","CLE","11","62.02","0.0","2.0","0.0","0.0","0.0","0.0","$1","$1"
"","863","Stephen Sullivan","15.0","15.0","TE","CAR","5","68.05","0.0","0.0","0.0","0.0","0.0","0.0","$1","$1"
"","864","Pharaoh Brown","15.0","15.0","TE","UNS","18","74.02","0.0","0.0","0.0","0.0","0.0","0.0","$1","$1"
"","865","Brevin Jordan","15.0","15.0","TE","HOU","8","48.02","0.0","2.0","0.0","0.0","0.0","0.0","$1","$1"
"","866","Brycen Hopkins","15.0","15.0","TE","LAR","11","86.03","0.0","0.0","0.0","0.0","0.0","0.0","$1","$1"
"","867","Albert Okwuegbunam","15.0","15.0","TE","LVR","13","65.05","0.0","0.0","0.0","0.0","0.0","0.0","$1","$1"
"","868","Josiah Deguara","15.0","15.0","TE","ARI","14","64.04","0.0","0.0","0.0","0.0","0.0","0.0","$1","$1"
"","869","Harrison Bryant","15.0","15.0","TE","SEA","11","59.04","0.0","2.0","0.0","0.0","0.0","0.0","$1","$1"
"","870","Zach Davidson","15.0","15.0","TE","BUF","7","67.02","0.0","0.0","0.0","0.0","0.0","0.0","$1","$1"
"","871","Luke Lachey","15.0","15.0","TE","HOU","8","38.09","0.0","0.0","0.0","0.0","0.0","0.0","$1","$1"
"","872","Benjamin Yurosek","15.0","15.0","TE","MIN","6","60.03","0.0","0.0","0.0","0.0","0.0","0.0","$1","$1"
"","873","Joshua Simon","15.0","15.0","TE","ATL","11","86.03","0.0","0.0","0.0","0.0","0.0","0.0","$1","$1"
"","874","Bryson Nesbit","15.0","15.0","TE","MIN","6","86.03","0.0","0.0","0.0","0.0","0.0","0.0","$1","$1"
"","875","Robbie Ouzts","15.0","15.0","RB","SEA","11","56.01","0.0","0.0","0.0","0.0","0.0","0.0","$1","$1"
"","876","Jalin Conyers","15.0","15.0","TE","MIA","6","86.03","0.0","0.0","0.0","0.0","0.0","0.0","$1","$1"
"","877","Moliki Matavao","15.0","15.0","TE","NO","8","40.07","0.0","6.0","0.0","0.0","0.0","0.0","$1","$1"
"","878","CJ Dippre","15.0","15.0","TE","NE","11","33.04","0.0","0.0","0.0","0.0","0.0","0.0","$1","$1"
"","879","Gavin Bartholomew","15.0","15.0","TE","MIN","6","55.09","0.0","0.0","0.0","0.0","0.0","0.0","$1","$1"
"","880","Caleb Lohner","15.0","15.0","TE","DEN","10","61.10","0.0","0.0","0.0","0.0","0.0","0.0","$1","$1"
"","881","Tanner Conner","15.0","15.0","TE","UNS","18","65.01","0.0","0.0","0.0","0.0","0.0","0.0","$1","$1"
"","882","Tucker Fisk","15.0","15.0","TE","LAC","7","70.03","0.0","0.0","0.0","0.0","0.0","0.0","$1","$1"
"","883","David Martin-Robinson","15.0","15.0","TE","TEN","9","40.10","0.0","0.0","0.0","0.0","0.0","0.0","$1","$1"
"","884","Tanner Arkin","15.0","15.0","TE","NE","11","86.03","0.0","0.0","0.0","0.0","0.0","0.0","$1","$1"
"","885","Cody Hardy","15.0","15.0","TE","NO","8","86.03","0.0","0.0","0.0","0.0","0.0","0.0","$1","$1"
"","886","Dae'Quan Wright","15.0","15.0","TE","PHI","10","86.03","0.0","0.0","0.0","0.0","0.0","0.0","$1","$1"
"","887","Miles Kitselman","15.0","15.0","TE","DET","6","86.03","0.0","0.0","0.0","0.0","0.0","0.0","$1","$1"
"","888","Khalil Dinkins","15.0","15.0","TE","SF","8","86.03","0.0","0.0","0.0","0.0","0.0","0.0","$1","$1"
"","889","Dan Villari","15.0","15.0","TE","LAR","11","86.03","0.0","0.0","0.0","0.0","0.0","0.0","$1","$1"
"","890","Sal Cannella","15.0","15.0","TE","CLE","11","33.07","0.0","0.0","0.0","0.0","0.0","0.0","$1","$1"
"","891","MyCole Pruitt","15.0","15.0","TE","PIT","9","73.08","0.0","0.0","0.0","0.0","0.0","0.0","$1","$1"
"","892","Chris Manhertz","15.0","15.0","TE","NYG","8","74.12","0.0","2.0","0.0","0.0","0.0","0.0","$1","$1"
"","893","Nate Adkins","15.0","15.0","TE","DEN","10","39.09","0.0","9.0","0.0","0.0","0.0","0.0","$1","$1"
"","894","Shane Zylstra","15.0","15.0","TE","DET","6","62.01","0.0","0.0","0.0","0.0","0.0","0.0","$1","$1"
"","895","Nick Vannett","15.0","15.0","TE","UNS","18","74.11","0.0","0.0","0.0","0.0","0.0","0.0","$1","$1"
"","896","Blake Whiteheart","15.0","15.0","TE","CLE","11","36.02","0.0","0.0","0.0","0.0","0.0","0.0","$1","$1"
"","897","E.J. Jenkins","15.0","15.0","TE","PHI","10","68.11","0.0","0.0","0.0","0.0","0.0","0.0","$1","$1"
"","898","Feleipe Franks","15.0","15.0","TE","CAR","5","62.11","0.0","1.0","0.0","0.0","0.0","0.0","$1","$1"
"","899","John FitzPatrick","15.0","15.0","TE","GB","11","66.06","0.0","0.0","0.0","0.0","0.0","0.0","$1","$1"
"","900","Jack Westover","15.0","15.0","TE","NE","11","69.04","0.0","0.0","0.0","0.0","0.0","0.0","$1","$1"
"","901","Briley Moore","15.0","15.0","TE","TEN","9","86.03","0.0","0.0","0.0","0.0","0.0","0.0","$1","$1"
"","902","Kenny Yeboah","15.0","15.0","TE","UNS","18","53.06","0.0","0.0","0.0","0.0","0.0","0.0","$1","$1"
"","903","Tanner McLachlan","15.0","15.0","TE","CIN","6","43.12","0.0","0.0","0.0","0.0","0.0","0.0","$1","$1"
"","904","Jaheim Bell","15.0","15.0","TE","UNS","18","53.08","0.0","21.0","0.0","0.0","0.0","0.0","$1","$1"
"","905","Cameron Latu","15.0","15.0","TE","UNS","18","44.11","0.0","2.0","0.0","0.0","0.0","0.0","$1","$1"
"","906","Joshua Karty","15.0","7.0","K","ARI","14","42.05","63.4","0.0","64.0","89.6","70.9","0.0","$1","$1"
"","907","Spencer Shrader","15.0","7.0","K","IND","13","21.06","62.7","59.0","64.0","86.4","69.9","0.0","$1","$1"
"","908","J.J. McCarthy","15.0","6.0","QB","MIN","6","19.05","30.8","15.0","31.4","125.6","57.0","0.0","$2","$1"
"","909","Blake Grupe","15.0","7.0","K","IND","13","83.05","56.1","96.0","56.7","82.2","63.6","0.0","$1","$1"
"","910","Ty Simpson","15.0","7.0","QB","LAR","11","19.06","25.0","14.0","27.8","91.7","44.7","0.0","$1","$1"
"","911","Cade Klubnik","15.0","7.0","QB","NYJ","13","44.03","23.8","18.0","26.4","79.2","40.3","0.0","$1","$1"
"","912","Taylen Green","15.0","8.0","QB","CLE","11","29.07","11.3","31.0","13.3","46.6","22.0","0.0","$1","$1"
"","913","Drew Allar","15.0","8.0","QB","PIT","9","22.02","12.3","8.0","13.7","42.5","21.3","0.0","$1","$1"
"","914","Dillon Gabriel","15.0","8.0","QB","CLE","11","43.04","11.4","13.0","12.7","40.6","20.1","0.0","$1","$1"
"","915","Zach Wilson","15.0","9.0","QB","NO","8","28.11","0.0","0.0","0.0","0.0","0.0","0.0","$1","$1"
"","916","Justin Fields","15.0","9.0","QB","KC","5","21.02","0.0","16.0","0.0","0.0","0.0","0.0","$1","$1"
"","917","Trey Lance","15.0","9.0","QB","LAC","7","32.09","0.0","14.0","0.0","0.0","0.0","0.0","$1","$1"
"","918","Mac Jones","15.0","9.0","QB","SF","8","21.05","0.0","23.0","0.0","0.0","0.0","0.0","$1","$1"
"","919","Jacob Eason","15.0","9.0","QB","NYG","8","86.03","0.0","0.0","0.0","0.0","0.0","0.0","$1","$1"
"","920","Graham Mertz","15.0","9.0","QB","HOU","8","65.02","0.0","0.0","0.0","0.0","0.0","0.0","$1","$1"
"","921","Brady Cook","15.0","9.0","QB","NYJ","13","35.04","0.0","0.0","0.0","0.0","0.0","0.0","$1","$1"
"","922","Seth Henigan","15.0","9.0","QB","JAC","7","86.03","0.0","0.0","0.0","0.0","0.0","0.0","$1","$1"
"","923","Max Brosmer","15.0","9.0","QB","MIN","6","60.12","0.0","0.0","0.0","0.0","0.0","0.0","$1","$1"
"","924","Kurtis Rourke","15.0","9.0","QB","SF","8","65.03","0.0","0.0","0.0","0.0","0.0","0.0","$1","$1"
"","925","Kyle McCord","15.0","9.0","QB","PHI","10","47.06","0.0","0.0","0.0","0.0","0.0","0.0","$1","$1"
"","926","Will Howard","15.0","9.0","QB","PIT","9","27.06","0.0","11.0","0.0","0.0","0.0","0.0","$1","$1"
"","927","Kyle Allen","15.0","9.0","QB","BUF","7","38.06","0.0","0.0","0.0","0.0","0.0","0.0","$1","$1"
"","928","Vernon Adams Jr.","15.0","9.0","QB","UNS","18","86.03","0.0","0.0","0.0","0.0","0.0","0.0","$1","$1"
"","929","Jack Plummer","15.0","9.0","QB","CAR","5","86.03","0.0","0.0","0.0","0.0","0.0","0.0","$1","$1"
"","930","Haynes King","15.0","9.0","QB","CAR","5","86.03","0.0","0.0","0.0","0.0","0.0","0.0","$1","$1"
"","931","Luke Altmyer","15.0","9.0","QB","DET","6","86.03","0.0","0.0","0.0","0.0","0.0","0.0","$1","$1"
"","932","DJ Uiagalelei","15.0","9.0","QB","LAC","7","86.03","0.0","0.0","0.0","0.0","0.0","0.0","$1","$1"
"","933","Hunter Dekkers","15.0","9.0","QB","NO","8","86.03","0.0","0.0","0.0","0.0","0.0","0.0","$1","$1"
"","934","Tommy Mellott","15.0","9.0","WR","UNS","18","29.03","0.0","0.0","0.0","0.0","0.0","0.0","$1","$1"
"","935","Cam Miller","15.0","9.0","QB","UNS","18","34.04","0.0","0.0","0.0","0.0","0.0","0.0","$1","$1"
"","936","Tanner McKee","15.0","9.0","QB","PHI","10","43.08","0.0","0.0","0.0","0.0","0.0","0.0","$1","$1"
"","937","Sam Ehlinger","15.0","9.0","QB","UNS","18","64.07","0.0","0.0","0.0","0.0","0.0","0.0","$1","$1"
"","938","Kedon Slovis","15.0","9.0","QB","UNS","18","66.02","0.0","0.0","0.0","0.0","0.0","0.0","$1","$1"
"","939","Austin Reed","15.0","9.0","QB","CHI","10","86.03","0.0","0.0","0.0","0.0","0.0","0.0","$1","$1"
"","940","Ian Book","15.0","9.0","QB","UNS","18","86.03","0.0","0.0","0.0","0.0","0.0","0.0","$1","$1"
"","941","Tommy DeVito","15.0","9.0","QB","NE","11","20.07","0.0","12.0","0.0","0.0","0.0","0.0","$1","$1"
"","942","Aidan O'Connell","15.0","9.0","QB","LVR","13","28.03","0.0","0.0","0.0","0.0","0.0","0.0","$1","$1"
"","943","Spencer Rattler","15.0","9.0","QB","NO","8","32.08","0.0","13.0","0.0","0.0","0.0","0.0","$1","$1"
"","944","Michael Pratt","15.0","9.0","QB","TB","10","21.10","0.0","0.0","0.0","0.0","0.0","0.0","$1","$1"
"","945","Joe Milton III","15.0","9.0","QB","DAL","14","21.01","0.0","12.0","0.0","0.0","0.0","0.0","$1","$1"
"","946","Devin Leary","15.0","9.0","QB","BAL","13","23.06","0.0","0.0","0.0","0.0","0.0","0.0","$1","$1"
"","947","Sam Hartman","15.0","9.0","QB","UNS","18","86.03","0.0","0.0","0.0","0.0","0.0","0.0","$1","$1"
"","948","Josh Johnson","15.0","9.0","QB","CIN","6","33.10","0.0","0.0","0.0","0.0","0.0","0.0","$1","$1"
"","949","Nathan Rourke","15.0","9.0","QB","NE","11","71.01","0.0","0.0","0.0","0.0","0.0","0.0","$1","$1"
"","950","Ben DiNucci","15.0","9.0","QB","UNS","18","86.03","0.0","0.0","0.0","0.0","0.0","0.0","$1","$1"
"","951","Max Duggan","15.0","9.0","QB","UNS","18","53.02","0.0","0.0","0.0","0.0","0.0","0.0","$1","$1"
"","952","Sean Clifford","15.0","9.0","QB","UNS","18","56.05","0.0","0.0","0.0","0.0","0.0","0.0","$1","$1"
"","953","Skylar Thompson","15.0","9.0","QB","PIT","9","35.11","0.0","0.0","0.0","0.0","0.0","0.0","$1","$1"
"","954","Brandon Allen","15.0","9.0","QB","NYG","8","75.05","0.0","0.0","0.0","0.0","0.0","0.0","$1","$1"
"","955","Riley Leonard","15.0","9.0","QB","IND","13","22.09","0.0","12.0","0.0","0.0","0.0","0.0","$1","$1"
"","956","Quinn Ewers","15.0","9.0","QB","MIA","6","29.05","0.0","14.0","0.0","0.0","0.0","0.0","$1","$1"
"","957","Jalen Milroe","15.0","9.0","QB","SEA","11","40.05","0.0","11.0","0.0","0.0","0.0","0.0","$1","$1"
"","958","Chris Oladokun","15.0","9.0","QB","KC","5","73.07","0.0","12.0","0.0","0.0","0.0","0.0","$1","$1"
"","959","Dresser Winn","15.0","9.0","QB","LAR","11","86.03","0.0","0.0","0.0","0.0","0.0","0.0","$1","$1"
"","960","Garrett Nussmeier","15.0","9.0","QB","KC","5","51.01","0.0","3.0","0.0","0.0","0.0","0.0","$1","$1"
"","961","Diego Pavia","15.0","9.0","QB","BAL","13","86.03","0.0","4.0","0.0","0.0","0.0","0.0","$1","$1"
"","962","Sawyer Robertson","15.0","9.0","QB","LVR","13","86.03","0.0","0.0","0.0","0.0","0.0","0.0","$1","$1"
"","963","Joe Fagnano","15.0","9.0","QB","BAL","13","86.03","0.0","0.0","0.0","0.0","0.0","0.0","$1","$1"
"","964","Joey Aguilar","15.0","9.0","QB","JAC","7","86.03","0.0","0.0","0.0","0.0","0.0","0.0","$1","$1"
"","965","Athan Kaliakmanis","15.0","9.0","QB","WAS","7","66.11","0.0","0.0","0.0","0.0","0.0","0.0","$1","$1"
"","966","Mark Gronowski","15.0","9.0","QB","MIA","6","86.03","0.0","0.0","0.0","0.0","0.0","0.0","$1","$1"
"","967","Jalon Daniels","15.0","9.0","QB","TB","10","86.03","0.0","0.0","0.0","0.0","0.0","0.0","$1","$1"
"","968","Behren Morton","15.0","9.0","QB","NE","11","35.02","0.0","0.0","0.0","0.0","0.0","0.0","$1","$1"
"","969","Cole Payton","15.0","9.0","QB","PHI","10","41.09","0.0","0.0","0.0","0.0","0.0","0.0","$1","$1"
"","970","Nick Mullens","15.0","9.0","QB","JAC","7","38.03","0.0","12.0","0.0","0.0","0.0","0.0","$1","$1"
"","971","Cooper Rush","15.0","9.0","QB","UNS","18","76.09","0.0","0.0","0.0","0.0","0.0","0.0","$1","$1"
"","972","Mason Rudolph","15.0","9.0","QB","PIT","9","24.12","0.0","12.0","0.0","0.0","0.0","0.0","$1","$1"
"","973","Stetson Bennett","15.0","9.0","QB","LAR","11","20.01","0.0","0.0","0.0","0.0","0.0","0.0","$1","$1"
"","974","Will Levis","15.0","9.0","QB","TEN","9","24.11","0.0","12.0","0.0","0.0","0.0","0.0","$1","$1"
"","975","Anthony Richardson","15.0","9.0","QB","IND","13","42.10","0.0","15.0","0.0","0.0","0.0","0.0","$1","$1"
"","976","Bailey Zappe","15.0","9.0","QB","UNS","18","50.08","0.0","0.0","0.0","0.0","0.0","0.0","$1","$1"
"","977","Sam Howell","15.0","9.0","QB","DAL","14","41.12","0.0","4.0","0.0","0.0","0.0","0.0","$1","$1"
"","978","Kenny Pickett","15.0","9.0","QB","CAR","5","26.11","0.0","6.0","0.0","0.0","0.0","0.0","$1","$1"
"","979","Desmond Ridder","15.0","9.0","QB","GB","11","45.03","0.0","0.0","0.0","0.0","0.0","0.0","$1","$1"
"","980","Joshua Dobbs","15.0","9.0","QB","UNS","18","29.01","0.0","10.0","0.0","0.0","0.0","0.0","$1","$1"
"","981","Tim Boyle","15.0","9.0","QB","UNS","18","57.01","0.0","0.0","0.0","0.0","0.0","0.0","$1","$1"
"","982","Tyler Huntley","15.0","9.0","QB","BAL","13","33.09","0.0","12.0","0.0","0.0","0.0","0.0","$1","$1"
"","983","Davis Mills","15.0","9.0","QB","HOU","8","41.11","0.0","15.0","0.0","0.0","0.0","0.0","$1","$1"
"","984","Kyle Trask","15.0","9.0","QB","UNS","18","63.04","0.0","0.0","0.0","0.0","0.0","0.0","$1","$1"
"","985","Hendon Hooker","15.0","9.0","QB","TEN","9","43.01","0.0","0.0","0.0","0.0","0.0","0.0","$1","$1"
"","986","Malik Cunningham","15.0","9.0","QB","BAL","13","66.10","0.0","0.0","0.0","0.0","0.0","0.0","$1","$1"
"","987","Jaren Hall","15.0","9.0","QB","SEA","11","70.04","0.0","0.0","0.0","0.0","0.0","0.0","$1","$1"
"","988","Clayton Tune","15.0","9.0","QB","GB","11","46.07","0.0","10.0","0.0","0.0","0.0","0.0","$1","$1"
"","989","Tyson Bagent","15.0","9.0","QB","CHI","10","22.01","0.0","7.0","0.0","0.0","0.0","0.0","$1","$1"
"","990","Dorian Thompson-Robinson","15.0","9.0","QB","UNS","18","68.06","0.0","0.0","0.0","0.0","0.0","0.0","$1","$1"
"","991","Jake Haener","15.0","9.0","QB","UNS","18","57.10","0.0","0.0","0.0","0.0","0.0","0.0","$1","$1"
"","992","Mitchell 'Mitch' Trubisky","15.0","9.0","QB","TEN","9","32.07","0.0","12.0","0.0","0.0","0.0","0.0","$1","$1"
"","993","Taylor Heinicke","15.0","9.0","QB","UNS","18","74.05","0.0","0.0","0.0","0.0","0.0","0.0","$1","$1"
"","994","C.J. Beathard","15.0","9.0","QB","UNS","18","86.03","0.0","0.0","0.0","0.0","0.0","0.0","$1","$1"
"","995","Jeff Driskel","15.0","9.0","QB","UNS","18","62.10","0.0","0.0","0.0","0.0","0.0","0.0","$1","$1"
"","996","Carson Wentz","15.0","9.0","QB","MIN","6","67.08","0.0","3.0","0.0","0.0","0.0","0.0","$1","$1"
"","997","Trevor Siemian","15.0","9.0","QB","ATL","11","48.03","0.0","0.0","0.0","0.0","0.0","0.0","$1","$1"
"","998","Marcus Mariota","15.0","9.0","QB","WAS","7","39.08","0.0","13.0","0.0","0.0","0.0","0.0","$1","$1"
"","999","Jameis Winston","15.0","9.0","QB","NYG","8","19.07","0.0","11.0","0.0","0.0","0.0","0.0","$1","$1"
"","1000","Jimmy Garoppolo","15.0","9.0","QB","UNS","18","77.09","0.0","11.0","0.0","0.0","0.0","0.0","$1","$1"
"","1001","Drew Lock","15.0","9.0","QB","SEA","11","24.02","0.0","5.0","0.0","0.0","0.0","0.0","$1","$1"
"","1002","Will Grier","15.0","9.0","QB","CAR","5","86.03","0.0","0.0","0.0","0.0","0.0","0.0","$1","$1"
"","1003","Jarrett Stidham","15.0","9.0","QB","DEN","10","29.12","0.0","13.0","0.0","0.0","0.0","0.0","$1","$1"
"","1004","Mike White","15.0","9.0","QB","UNS","18","57.12","0.0","0.0","0.0","0.0","0.0","0.0","$1","$1"
"","1005","Brett Rypien","15.0","9.0","QB","IND","13","70.09","0.0","0.0","0.0","0.0","0.0","0.0","$1","$1"
"","1006","Jake Browning","15.0","9.0","QB","TB","10","56.11","0.0","5.0","0.0","0.0","0.0","0.0","$1","$1"
"","1007","Gardner Minshew","15.0","9.0","QB","ARI","14","23.09","0.0","23.0","0.0","0.0","0.0","0.0","$1","$1"
"","1008","Easton Stick","15.0","9.0","QB","UNS","18","44.01","0.0","0.0","0.0","0.0","0.0","0.0","$1","$1"
"","1009","Joe Flacco","15.0","9.0","QB","CIN","6","20.03","0.0","20.0","0.0","0.0","0.0","0.0","$1","$1"
"","1010","Philip Rivers","15.0","9.0","QB","IND","13","18.07","0.0","0.0","0.0","0.0","0.0","0.0","$1","$1"
"","1011","Derek Carr","15.0","9.0","QB","UNS","18","49.05","0.0","21.0","0.0","0.0","0.0","0.0","$1","$1"
"","1012","Teddy Bridgewater","15.0","9.0","QB","DET","6","38.08","0.0","14.0","0.0","0.0","0.0","0.0","$1","$1"
"","1013","Case Keenum","15.0","9.0","QB","CHI","10","76.07","0.0","0.0","0.0","0.0","0.0","0.0","$1","$1"
"","1014","Russell Wilson","15.0","9.0","QB","UNS","18","26.02","0.0","0.0","0.0","0.0","0.0","0.0","$1","$1"
"","1015","Ryan Tannehill","15.0","9.0","QB","UNS","18","86.03","0.0","0.0","0.0","0.0","0.0","0.0","$1","$1"
"","1016","Tyrod Taylor","15.0","9.0","QB","GB","11","46.03","0.0","12.0","0.0","0.0","0.0","0.0","$1","$1"
"","1017","Andy Dalton","15.0","9.0","QB","PHI","10","45.05","0.0","13.0","0.0","0.0","0.0","0.0","$1","$1"
"","1018","Blaine Gabbert","15.0","9.0","QB","KC","5","86.03","0.0","0.0","0.0","0.0","0.0","0.0","$1","$1"
"","1019","Jason Sanders","15.0","8.0","K","NYG","8","80.08","10.1","98.0","10.1","10.1","10.1","0.0","$1","$1"
"","1020","Matt Prater","15.0","9.0","K","BUF","7","18.11","0.0","106.0","0.0","0.0","0.0","0.0","$1","$1"
"","1021","Dustin Hopkins","15.0","9.0","K","UNS","18","55.04","0.0","0.0","0.0","0.0","0.0","0.0","$1","$1"
"","1022","Justin Tucker","15.0","9.0","K","UNS","18","18.10","0.0","0.0","0.0","0.0","0.0","0.0","$1","$1"
"","1023","Randy Bullock","15.0","9.0","K","NYG","8","86.03","0.0","0.0","0.0","0.0","0.0","0.0","$1","$1"
"","1024","Greg Zuerlein","15.0","9.0","K","UNS","18","23.02","0.0","0.0","0.0","0.0","0.0","0.0","$1","$1"
"","1025","Austin Seibert","15.0","9.0","K","WAS","7","37.02","0.0","0.0","0.0","0.0","0.0","0.0","$1","$1"
"","1026","Matthew Wright","15.0","9.0","K","BUF","7","52.07","0.0","0.0","0.0","0.0","0.0","0.0","$1","$1"
"","1027","Daniel Carlson","15.0","9.0","K","LVR","13","77.08","0.0","79.0","0.0","0.0","0.0","0.0","$1","$1"
"","1028","Brett Maher","15.0","9.0","K","LAR","11","86.03","0.0","0.0","0.0","0.0","0.0","0.0","$1","$1"
"","1029","Greg Joseph","15.0","9.0","K","UNS","18","26.03","0.0","0.0","0.0","0.0","0.0","0.0","$1","$1"
"","1030","Michael 'Mike' Badgley","15.0","9.0","K","BUF","7","31.01","0.0","106.0","0.0","0.0","0.0","0.0","$1","$1"
"","1031","Younghoe Koo","15.0","9.0","K","NYJ","13","22.11","0.0","106.0","0.0","0.0","0.0","0.0","$1","$1"
"","1032","Lucas Havrisik","15.0","9.0","K","GB","11","25.11","0.0","0.0","0.0","0.0","0.0","0.0","$1","$1"
"","1033","Riley Patterson","15.0","9.0","K","MIA","6","74.08","0.0","65.0","0.0","0.0","0.0","0.0","$1","$1"
"","1034","Matt Ammendola","15.0","9.0","K","HOU","8","86.03","0.0","0.0","0.0","0.0","0.0","0.0","$1","$1"
"","1035","Elliott Fry","15.0","9.0","K","DEN","10","86.03","0.0","0.0","0.0","0.0","0.0","0.0","$1","$1"
"","1036","Jake Bailey","15.0","9.0","K","ATL","11","86.03","0.0","0.0","0.0","0.0","0.0","0.0","$1","$1"
"","1037","Tress Way","15.0","9.0","K","WAS","7","86.03","0.0","0.0","0.0","0.0","0.0","0.0","$1","$1"
"","1038","Jordan Stout","15.0","9.0","K","BAL","13","86.03","0.0","0.0","0.0","0.0","0.0","0.0","$1","$1"
"","1039","Daniel Whelan","15.0","9.0","K","GB","11","86.03","0.0","0.0","0.0","0.0","0.0","0.0","$1","$1"
"","1040","John Hoyland","15.0","9.0","K","BAL","13","86.03","0.0","0.0","0.0","0.0","0.0","0.0","$1","$1"
"","1041","Caden Davis","15.0","9.0","K","UNS","18","22.07","0.0","0.0","0.0","0.0","0.0","0.0","$1","$1"
"","1042","Maddux Trujillo","15.0","9.0","K","IND","13","86.03","0.0","0.0","0.0","0.0","0.0","0.0","$1","$1"
"","1043","Lenny Krieg","15.0","9.0","K","ATL","11","86.03","0.0","113.0","0.0","0.0","0.0","0.0","$1","$1"
"","1044","Jamie Gillan","15.0","9.0","K","UNS","18","86.03","0.0","0.0","0.0","0.0","0.0","0.0","$1","$1"
"","1045","Mike Meyer","15.0","9.0","K","UNS","18","86.03","0.0","0.0","0.0","0.0","0.0","0.0","$1","$1"
"","1046","Tucker McCann","15.0","9.0","K","UNS","18","86.03","0.0","0.0","0.0","0.0","0.0","0.0","$1","$1"
"","1047","Tommy Townsend","15.0","9.0","K","HOU","8","86.03","0.0","0.0","0.0","0.0","0.0","0.0","$1","$1"
"","1048","Blake Gillikin","15.0","9.0","K","ARI","14","86.03","0.0","0.0","0.0","0.0","0.0","0.0","$1","$1"
"","1049","Bradley Pinion","15.0","9.0","K","ATL","11","86.03","0.0","0.0","0.0","0.0","0.0","0.0","$1","$1"
"","1050","Matthew Hayball","15.0","9.0","K","NO","8","86.03","0.0","0.0","0.0","0.0","0.0","0.0","$1","$1"
"","1051","Tory Taylor","15.0","9.0","K","CHI","10","86.03","0.0","0.0","0.0","0.0","0.0","0.0","$1","$1"
"","1052","Corey Bojorquez","15.0","9.0","K","CLE","11","86.03","0.0","0.0","0.0","0.0","0.0","0.0","$1","$1"
"","1053","Riley Dixon","15.0","9.0","K","DEN","10","86.03","0.0","0.0","0.0","0.0","0.0","0.0","$1","$1"
"","1054","Logan Cooke","15.0","9.0","K","JAC","7","86.03","0.0","0.0","0.0","0.0","0.0","0.0","$1","$1"
"","1055","Michael Dickson","15.0","9.0","K","SEA","11","86.03","0.0","0.0","0.0","0.0","0.0","0.0","$1","$1"
"","1056","Thomas Morstead","15.0","9.0","K","NYJ","13","86.03","0.0","0.0","0.0","0.0","0.0","0.0","$1","$1"
"","1057","Jack Fox","15.0","9.0","K","DET","6","86.03","0.0","0.0","0.0","0.0","0.0","0.0","$1","$1"
"","1058","Rigoberto Sanchez","15.0","9.0","K","IND","13","86.03","0.0","0.0","0.0","0.0","0.0","0.0","$1","$1"
"","1059","Ryan Rehkow","15.0","9.0","K","CIN","6","86.03","0.0","0.0","0.0","0.0","0.0","0.0","$1","$1"
"","1060","Corliss Waitman","15.0","9.0","K","SF","8","86.03","0.0","0.0","0.0","0.0","0.0","0.0","$1","$1"
"","1061","Dominic Zvada","15.0","9.0","K","NYG","8","86.03","0.0","72.0","0.0","0.0","0.0","0.0","$1","$1"
"","1062","Brayden Narveson","15.0","9.0","K","TEN","9","30.03","0.0","0.0","0.0","0.0","0.0","0.0","$1","$1"
"","1063","John Parker Romo","15.0","9.0","K","ATL","11","23.12","0.0","0.0","0.0","0.0","0.0","0.0","$1","$1"
"","1064","Jude McAtamney","15.0","9.0","K","UNS","18","23.03","0.0","0.0","0.0","0.0","0.0","0.0","$1","$1"
"","1065","Tristan Vizcaino","15.0","9.0","K","UNS","18","86.03","0.0","0.0","0.0","0.0","0.0","0.0","$1","$1"
"","1066","Ramiz Ahmed","15.0","9.0","K","WAS","7","86.03","0.0","0.0","0.0","0.0","0.0","0.0","$1","$1"
"","1067","Anders Carlson","15.0","9.0","K","UNS","18","52.04","0.0","0.0","0.0","0.0","0.0","0.0","$1","$1"