"","Rank","Player","Overall Tier","Pos. Tier","Pos","Team","Bye","ADP","Floor","Consensus","DS Proj","Ceiling","3D Proj","3d Value","Market $","Auction $"
"","1","Puka Nacua","1.0","1.0","WR","LAR","11","1.03","244.9","259.0","298.6","328.5","297.0","100.0","$57","$57"
"","2","Jahmyr Gibbs","1.0","1.0","RB","DET","6","1.01","266.8","312.0","321.4","376.0","326.4","97.5","$61","$56"
"","3","Bijan Robinson","1.0","1.0","RB","ATL","11","1.02","268.7","315.0","316.1","369.8","322.1","94.5","$62","$54"
"","4","Ja'Marr Chase","1.0","1.0","WR","CIN","6","1.04","248.2","266.0","282.0","332.8","289.7","94.5","$55","$54"
"","5","Christian McCaffrey","1.0","1.0","RB","SF","8","1.05","247.3","286.0","297.9","372.4","309.0","85.4","$49","$49"
"","6","Jaxon Smith-Njigba","1.0","1.0","WR","SEA","11","1.06","243.4","248.0","267.5","318.3","277.0","84.9","$49","$48"
"","7","Amon-Ra St. Brown","2.0","2.0","WR","DET","6","1.07","239.2","243.0","265.8","295.0","268.9","78.7","$43","$45"
"","8","Jonathan Taylor","2.0","2.0","RB","IND","13","1.08","247.2","286.0","287.4","339.1","294.2","75.0","$58","$43"
"","9","CeeDee Lamb","2.0","2.0","WR","DAL","14","1.09","223.4","219.0","253.9","304.7","262.2","73.7","$43","$42"
"","10","Justin Jefferson","2.0","2.0","WR","MIN","6","2.01","210.5","220.0","244.8","318.2","258.6","70.9","$36","$40"
"","11","James Cook","2.0","2.0","RB","BUF","7","2.02","239.3","253.0","275.0","335.5","285.0","68.6","$52","$39"
"","12","Ashton Jeanty","2.0","2.0","RB","LVR","13","2.03","237.8","243.0","267.2","342.0","282.3","66.7","$40","$38"
"","13","Saquon Barkley","2.0","2.0","RB","PHI","10","2.04","230.2","238.0","253.0","349.1","275.1","61.7","$42","$35"
"","14","Nico Collins","3.0","3.0","WR","HOU","8","3.01","211.5","201.0","235.0","284.4","244.2","60.0","$33","$34"
"","15","A.J. Brown","3.0","3.0","WR","NE","11","3.06","199.1","215.0","234.2","290.4","243.2","59.3","$32","$34"
"","16","Josh Allen","3.0","1.0","QB","BUF","7","3.02","306.7","362.0","378.7","439.3","382.1","59.1","$42","$34"
"","17","Drake London","3.0","3.0","WR","ATL","11","2.07","214.3","224.0","232.9","279.5","242.2","58.5","$34","$33"
"","18","Derrick Henry","3.0","3.0","RB","BAL","13","2.06","219.4","252.0","258.1","327.8","270.1","58.2","$52","$33"
"","19","Rashee Rice","3.0","3.0","WR","KC","5","3.03","173.7","191.0","241.3","277.5","238.9","56.0","$26","$32"
"Injured","20","De'Von Achane","3.0","3.0","RB","MIA","6","1.10","227.3","257.0","249.8","319.7","264.8","54.5","$36","$31"
"","21","George Pickens","3.0","3.0","WR","DAL","14","3.07","202.1","207.0","224.5","280.6","235.7","53.6","$32","$31"
"","22","Kenneth Walker III","3.0","3.0","RB","KC","5","3.08","216.0","225.0","242.7","332.5","262.3","52.7","$31","$30"
"","23","Omarion Hampton","3.0","3.0","RB","LAC","7","2.08","209.8","234.0","241.1","337.5","261.7","52.3","$34","$30"
"","24","Brock Bowers","3.0","1.0","TE","LVR","13","2.10","195.7","192.0","210.4","254.6","219.8","51.8","$27","$30"
"","25","Trey McBride","3.0","1.0","TE","ARI","14","2.09","190.9","201.0","205.3","246.4","213.9","48.9","$24","$28"
"","26","Chase Brown","3.0","3.0","RB","CIN","6","3.05","203.3","236.0","242.0","317.0","255.4","47.9","$31","$27"
"","27","Jeremiyah Love","3.0","3.0","RB","ARI","14","2.05","204.7","222.0","230.0","326.6","251.8","45.4","$32","$26"
"","28","Colston Loveland","3.0","1.0","TE","CHI","10","4.09","165.6","184.0","202.0","238.4","205.3","44.7","$23","$25"
"","29","Tee Higgins","4.0","4.0","WR","CIN","6","5.06","186.8","198.0","209.9","260.3","219.5","41.3","$20","$24"
"Value","30","Zay Flowers","4.0","4.0","WR","BAL","13","5.01","188.3","194.0","214.0","248.2","218.7","40.7","$23","$23"
"Injured","31","Chris Olave","4.0","4.0","WR","NO","8","3.10","182.2","200.0","211.9","252.2","217.5","39.8","$24","$23"
"Value","32","Josh Jacobs","4.0","4.0","RB","GB","11","3.04","173.2","232.0","240.6","291.1","242.1","38.6","$26","$22"
"","33","Tyler Warren","4.0","2.0","TE","IND","13","5.03","157.9","164.0","190.2","220.6","192.6","38.4","$19","$22"
"Value","34","DeVonta Smith","4.0","4.0","WR","PHI","10","4.03","187.6","191.0","203.9","256.9","215.4","38.2","$19","$22"
"","35","Breece Hall","4.0","4.0","RB","NYJ","13","4.01","197.1","220.0","226.5","292.2","239.1","36.5","$24","$21"
"","36","Javonte Williams","4.0","4.0","RB","DAL","14","4.04","197.1","213.0","229.2","286.5","239.0","36.5","$23","$21"
"Injured","37","Malik Nabers","4.0","4.0","WR","NYG","8","3.09","159.7","184.0","197.1","279.9","212.9","36.3","$18","$21"
"","38","Lamar Jackson","4.0","1.0","QB","BAL","13","4.02","298.7","329.0","339.4","437.8","358.8","36.0","$21","$21"
"","39","Kyren Williams","4.0","4.0","RB","LAR","11","4.05","205.9","215.0","223.8","286.5","237.7","35.6","$25","$20"
"","40","Garrett Wilson","4.0","4.0","WR","NYJ","13","4.06","181.9","186.0","202.1","248.6","211.1","35.0","$20","$20"
"","41","Travis Etienne","4.0","4.0","RB","NO","8","4.10","197.7","205.0","217.2","295.4","235.0","34.0","$21","$19"
"","42","Drake Maye","4.0","1.0","QB","NE","11","5.04","296.0","317.0","340.2","428.7","356.3","33.9","$22","$19"
"Injured","43","Tucker Kraft","4.0","2.0","TE","GB","11","10.10","146.1","157.0","176.0","223.5","183.5","33.7","$18","$19"
"","44","Joe Burrow","4.0","2.0","QB","CIN","6","5.10","293.8","315.0","341.6","423.6","355.3","33.5","$15","$19"
"Value","45","Christian Watson","4.0","4.0","WR","GB","11","9.04","169.6","160.0","199.5","253.4","208.8","33.4","$15","$19"
"Value","46","Davante Adams","4.0","4.0","WR","LAR","11","5.02","172.4","180.0","198.2","249.7","207.6","32.7","$15","$19"
"","47","Jalen Hurts","4.0","2.0","QB","PHI","10","6.03","292.8","320.0","332.7","432.5","352.7","32.2","$16","$18"
"","48","Jayden Daniels","4.0","2.0","QB","WAS","7","5.07","285.9","314.0","332.4","432.1","351.1","31.5","$17","$18"
"Injured","49","Cameron 'Cam' Skattebo","5.0","5.0","RB","NYG","8","4.08","178.2","207.0","212.1","280.0","224.5","31.0","$18","$18"
"Value","50","Jaylen Waddle","5.0","5.0","WR","DEN","10","6.06","168.3","174.0","193.4","249.5","204.1","30.6","$14","$17"
"","51","D'Andre Swift","5.0","5.0","RB","CHI","10","7.02","184.1","194.0","209.2","274.1","222.3","30.3","$17","$17"
"Value","52","Terry McLaurin","5.0","5.0","WR","WAS","7","5.08","170.8","185.0","191.9","247.6","203.3","30.2","$18","$17"
"Injured","53","Tetairoa McMillan","5.0","5.0","WR","CAR","5","4.07","171.2","188.0","190.2","247.3","202.3","29.6","$20","$17"
"","54","Emeka Egbuka","5.0","5.0","WR","TB","10","5.05","164.4","171.0","189.0","251.4","201.6","29.1","$19","$17"
"","55","Luther Burden III","5.0","5.0","WR","CHI","10","7.06","161.7","171.0","188.0","251.9","200.7","28.6","$14","$16"
"","56","Ladd McConkey","5.0","5.0","WR","LAC","7","6.02","164.5","179.0","186.9","250.4","200.2","28.3","$14","$16"
"","57","David Montgomery","5.0","5.0","RB","HOU","8","7.03","168.0","182.0","197.6","274.7","213.3","27.7","$15","$16"
"","58","Caleb Williams","5.0","2.0","QB","CHI","10","9.09","282.4","299.0","324.6","418.7","342.6","27.5","$11","$16"
"Injured","59","Bucky Irving","5.0","5.0","RB","TB","10","5.09","171.7","192.0","192.9","277.8","212.2","27.4","$17","$16"
"","60","Sam LaPorta","5.0","3.0","TE","DET","6","7.07","148.1","159.0","164.6","212.3","174.6","27.2","$15","$16"
"Injured","61","Quinshon Judkins","5.0","5.0","RB","CLE","11","6.01","174.3","193.0","191.5","275.8","211.4","27.1","$20","$15"
"Value","62","Trevor Lawrence","5.0","2.0","QB","JAC","7","11.09","278.3","303.0","327.4","412.5","341.7","27.1","$14","$15"
"","63","Justin Herbert","5.0","2.0","QB","LAC","7","12.06","279.1","305.0","324.5","415.4","341.0","26.7","$13","$15"
"","64","Jameson Williams","5.0","5.0","WR","DET","6","6.10","166.1","170.0","184.6","243.7","197.4","26.6","$20","$15"
"","65","TreVeyon Henderson","6.0","6.0","RB","NE","11","6.04","163.9","181.0","182.1","291.4","208.6","26.3","$9","$15"
"","66","Harold Fannin Jr.","6.0","3.0","TE","CLE","11","6.09","147.3","154.0","163.7","206.3","172.3","25.5","$12","$15"
"","67","Brock Purdy","6.0","2.0","QB","SF","8","10.03","278.2","297.0","323.5","407.6","338.2","25.4","$9","$14"
"","68","Dak Prescott","6.0","2.0","QB","DAL","14","9.05","281.1","307.0","323.1","403.9","337.5","25.1","$14","$14"
"","69","Jaxson Dart","6.0","2.0","QB","NYG","8","7.04","278.2","302.0","316.1","417.3","336.8","24.7","$10","$14"
"Value","70","Mike Evans","6.0","5.0","WR","SF","8","7.10","156.1","170.0","181.5","243.2","193.7","24.4","$15","$14"
"","71","Rome Odunze","6.0","5.0","WR","CHI","10","7.05","154.7","164.0","175.8","247.9","191.6","23.2","$12","$13"
"","72","Bhayshul Tuten","6.0","6.0","RB","JAC","7","7.08","146.9","178.0","168.9","285.4","196.7","22.9","$10","$13"
"Injured","73","Bo Nix","6.0","2.0","QB","DEN","10","12.04","279.2","290.0","310.2","409.5","331.7","22.3","$10","$13"
"Injured","74","Patrick Mahomes","6.0","2.0","QB","KC","5","11.07","276.2","306.0","306.9","417.4","331.5","22.2","$9","$13"
"","75","Jadarian Price","6.0","6.0","RB","SEA","11","6.07","138.2","171.0","164.5","291.2","194.3","22.2","$12","$13"
"Value","76","Kyler Murray","6.0","2.0","QB","MIN","6","16.03","271.3","290.0","308.3","416.2","331.0","22.0","$8","$13"
"","77","Tony Pollard","7.0","7.0","RB","TEN","9","8.10","151.8","171.0","172.5","260.5","192.7","21.7","$7","$12"
"","78","Rhamondre Stevenson","7.0","7.0","RB","NE","11","11.05","152.0","165.0","174.7","255.1","192.5","21.6","$6","$12"
"","79","Jaylen Warren","7.0","7.0","RB","PIT","9","9.03","154.7","170.0","182.0","236.6","191.9","21.5","$5","$12"
"Value","80","D.K. Metcalf","7.0","6.0","WR","PIT","9","8.05","153.3","164.0","182.5","224.5","188.7","21.4","$8","$12"
"","81","Chuba Hubbard","7.0","7.0","RB","CAR","5","8.03","142.4","162.0","167.5","266.3","189.9","20.9","$6","$12"
"","82","J.K. Dobbins","7.0","7.0","RB","DEN","10","10.08","141.3","160.0","166.2","262.6","188.0","20.3","$5","$12"
"","83","Parker Washington","7.0","6.0","WR","JAC","7","10.06","149.8","148.0","178.3","228.2","186.7","20.2","$9","$12"
"","84","D.J. Moore","7.0","6.0","WR","BUF","7","6.08","149.6","158.0","172.0","235.6","185.3","19.4","$8","$11"
"","85","Jared Goff","7.0","3.0","QB","DET","6","15.08","278.2","289.0","302.4","402.2","325.2","19.3","$5","$11"
"","86","Kyle Pitts","7.0","3.0","TE","ATL","11","7.01","140.6","148.0","152.8","198.6","163.1","18.8","$9","$11"
"Injured","87","George Kittle","7.0","3.0","TE","SF","8","8.01","92.1","148.0","153.5","228.7","162.9","18.6","$10","$11"
"","88","Rico Dowdle","7.0","7.0","RB","PIT","9","9.10","139.8","163.0","158.9","252.7","181.0","18.3","$6","$10"
"","89","Marvin Harrison Jr.","7.0","6.0","WR","ARI","14","7.09","148.4","160.0","168.6","236.0","183.3","18.2","$8","$10"
"","90","Jordan Love","7.0","3.0","QB","GB","11","17.05","279.6","276.0","294.3","406.1","322.1","17.8","$4","$10"
"Injured","91","Alec Pierce","7.0","6.0","WR","IND","13","8.08","147.1","165.0","171.0","229.1","182.5","17.7","$11","$10"
"","92","Matthew Stafford","7.0","3.0","QB","LAR","11","9.06","276.1","286.0","296.9","400.8","321.5","17.5","$4","$10"
"Sleeper","93","Tyler Shough","7.0","3.0","QB","NO","8","16.02","269.0","269.0","295.6","405.0","320.6","17.1","$6","$10"
"","94","Courtland Sutton","7.0","6.0","WR","DEN","10","8.07","147.9","151.0","172.0","221.9","181.2","17.0","$6","$10"
"","95","Carnell Tate","7.0","6.0","WR","TEN","9","6.05","139.9","159.0","166.5","234.8","180.3","16.4","$9","$9"
"","96","Brian Thomas Jr.","7.0","6.0","WR","JAC","7","10.01","141.9","147.0","161.3","242.0","179.8","16.1","$11","$9"
"Sleeper","97","Jonathon Brooks","8.0","8.0","RB","CAR","5","13.03","117.9","112.0","140.3","276.4","173.4","16.1","$5","$9"
"Value","98","Jayden Reed","8.0","6.0","WR","GB","11","14.07","143.7","143.0","169.0","224.8","179.6","16.0","$5","$9"
"","99","Jordyn Tyson","8.0","6.0","WR","NO","8","8.09","137.8","144.0","166.0","234.1","179.5","15.9","$6","$9"
"Injured","100","RJ Harvey","8.0","8.0","RB","DEN","10","11.08","125.8","141.0","149.8","248.7","172.4","15.8","$4","$9"
"","101","Baker Mayfield","8.0","3.0","QB","TB","10","16.07","274.8","277.0","289.3","402.1","317.4","15.6","$5","$9"
"","102","Kyle Monangai","8.0","8.0","RB","CHI","10","11.10","131.2","142.0","144.2","252.4","171.4","15.5","$4","$9"
"","103","Jordan Addison","8.0","6.0","WR","MIN","6","13.06","142.9","140.0","168.1","223.6","178.7","15.5","$5","$9"
"","104","Blake Corum","8.0","8.0","RB","LAR","11","12.10","128.6","134.0","135.4","268.1","170.4","15.2","$6","$9"
"","105","Jordan Mason","8.0","8.0","RB","MIN","6","15.07","124.8","127.0","148.6","243.7","170.2","15.1","$4","$9"
"","106","Quentin Johnston","8.0","6.0","WR","LAC","7","14.02","135.4","140.0","163.1","234.9","177.7","14.9","$5","$8"
"","107","Rachaad White","8.0","8.0","RB","WAS","7","11.01","109.4","138.0","145.8","243.5","165.8","13.9","$3","$8"
"","108","Ricky Pearsall","8.0","6.0","WR","SF","8","12.05","133.2","135.0","164.5","227.0","175.9","13.8","$4","$8"
"Value","109","Michael Pittman Jr.","8.0","6.0","WR","PIT","9","8.06","145.5","151.0","167.2","212.3","175.6","13.6","$5","$8"
"","110","Brandon Aubrey","8.0","1.0","K","DAL","14","8.02","157.4","147.0","176.8","190.9","177.1","13.5","$6","$8"
"","111","Jacory Croskey-Merritt","8.0","8.0","RB","WAS","7","13.09","111.9","129.0","127.2","267.1","162.6","12.9","$6","$7"
"Value","112","Jakobi Meyers","8.0","7.0","WR","JAC","7","10.07","144.3","139.0","165.9","210.7","174.2","12.8","$3","$7"
"","113","Travis Kelce","8.0","4.0","TE","KC","5","9.02","129.3","148.0","150.3","180.4","154.7","12.6","$5","$7"
"","114","Xavier Worthy","8.0","7.0","WR","KC","5","13.05","131.3","141.0","158.2","232.6","173.6","12.4","$3","$7"
"","115","Malik Willis","8.0","3.0","QB","MIA","6","19.09","266.7","266.0","274.9","409.6","310.2","12.2","$3","$7"
"","116","Kenneth Gainwell","9.0","9.0","RB","TB","10","10.09","118.5","133.0","136.2","223.4","156.8","11.2","$3","$6"
"","117","C.J. Stroud","9.0","3.0","QB","HOU","8","19.01","269.9","265.0","278.2","389.5","307.1","10.7","$3","$6"
"","118","Cameron Dicker","9.0","1.0","K","LAC","7","11.03","151.3","139.0","170.0","181.9","169.9","10.0","$5","$6"
"","119","Aaron Jones","9.0","9.0","RB","MIN","6","9.07","107.6","144.0","134.5","216.5","152.0","9.8","$3","$6"
"Injured","120","Daniel Jones","9.0","3.0","QB","IND","13","18.08","259.1","255.0","275.6","394.1","304.9","9.7","$3","$6"
"","121","Tyjae Spears","9.0","9.0","RB","TEN","9","15.01","109.7","119.0","130.6","210.3","148.5","8.8","$1","$5"
"Injured","122","Chris Rodriguez","9.0","9.0","RB","JAC","7","18.02","99.8","107.0","108.5","258.2","147.8","8.6","$4","$5"
"Injured","123","Zach Charbonnet","9.0","9.0","RB","SEA","11","14.06","90.5","143.0","113.1","254.5","147.6","8.6","$2","$5"
"","124","Makai Lemon","9.0","7.0","WR","PHI","10","11.02","125.0","129.0","147.0","235.2","167.1","8.5","$3","$5"
"","125","Josh Downs","9.0","7.0","WR","IND","13","13.07","128.7","142.0","153.2","220.6","167.1","8.5","$2","$5"
"","126","Isiah Pacheco","9.0","9.0","RB","DET","6","14.10","103.2","95.0","116.0","237.8","146.9","8.4","$3","$5"
"","127","Chris Godwin","9.0","7.0","WR","TB","10","10.05","128.0","147.0","152.4","221.0","166.7","8.3","$2","$5"
"","128","Mark Andrews","9.0","4.0","TE","BAL","13","14.05","127.1","129.0","138.1","183.7","148.5","8.1","$10","$5"
"","129","Seattle Seahawks","9.0","1.0","DEF","SEA","11","9.08","119.0","77.0","119.0","119.0","119.0","7.9","$2","$5"
"","130","Denver Broncos","9.0","1.0","DEF","DEN","10","9.01","118.6","82.0","118.6","118.6","118.6","7.7","$1","$4"
"","131","Romeo Doubs","9.0","7.0","WR","NE","11","14.09","128.2","139.0","152.6","215.2","165.2","7.4","$2","$4"
"","132","Woody Marks","10.0","10.0","RB","HOU","8","14.08","104.2","104.0","115.8","222.3","142.7","7.1","$2","$4"
"","133","Houston Texans","10.0","1.0","DEF","HOU","8","8.04","116.9","82.0","116.9","116.9","116.9","7.0","$1","$4"
"Sleeper","134","Dalton Kincaid","10.0","4.0","TE","BUF","7","15.09","126.2","133.0","135.7","183.2","146.9","6.9","$6","$4"
"","135","Ka'imi Fairbairn","10.0","2.0","K","HOU","8","12.09","148.6","140.0","159.8","177.4","162.6","6.5","$4","$4"
"","136","KC Concepcion","10.0","7.0","WR","CLE","11","13.02","120.2","123.0","150.2","217.8","163.2","6.2","$3","$4"
"","137","Tyrone Tracy Jr.","10.0","10.0","RB","NYG","8","19.08","93.8","101.0","103.1","237.1","138.0","5.8","$2","$3"
"Sleeper","138","Jayden Higgins","10.0","7.0","WR","HOU","8","16.09","125.3","130.0","142.4","226.4","162.2","5.6","$2","$3"
"","139","Matthew Golden","10.0","8.0","WR","GB","11","12.01","125.2","126.0","137.6","235.3","162.0","5.5","$2","$3"
"","140","Stefon Diggs","10.0","8.0","WR","UNS","18","17.08","109.3","134.0","154.0","212.5","161.8","5.4","$1","$3"
"","141","Michael Wilson","10.0","8.0","WR","ARI","14","12.02","121.0","150.0","147.6","217.0","161.7","5.3","$2","$3"
"","142","New England Patriots","10.0","1.0","DEF","NE","11","13.01","112.7","71.0","112.7","112.7","112.7","5.2","$1","$3"
"","143","Dylan Sampson","10.0","10.0","RB","CLE","11","102.05","98.2","85.0","112.9","203.2","134.9","4.9","$1","$3"
"","144","Sam Darnold","10.0","4.0","QB","SEA","11","18.01","256.3","260.0","258.9","388.4","293.8","4.5","$1","$3"
"","145","Tyler Loop","10.0","2.0","K","BAL","13","17.02","143.6","129.0","152.8","178.8","158.2","4.4","$2","$3"
"","146","Alvin Kamara","10.0","10.0","RB","NO","8","15.04","90.8","91.0","100.9","227.0","133.5","4.4","$1","$3"
"Sleeper","147","Cameron 'Cam' Ward","10.0","4.0","QB","TEN","9","19.10","252.8","239.0","258.0","392.2","293.7","4.4","$1","$3"
"","148","Aaron Rodgers","10.0","4.0","QB","PIT","9","97.08","254.1","228.0","259.3","386.4","293.0","4.1","$1","$2"
"","149","Cam Little","10.0","2.0","K","JAC","7","14.01","145.2","125.0","151.3","178.5","157.6","4.0","$1","$2"
"","150","Dallas Goedert","10.0","5.0","TE","PHI","10","10.04","122.0","132.0","134.1","174.3","142.9","4.0","$3","$2"
"","151","Minnesota Vikings","10.0","1.0","DEF","MIN","6","16.01","109.1","78.0","109.1","109.1","109.1","3.6","$1","$2"
"","152","Kaytron Allen","11.0","11.0","RB","WAS","7","88.03","80.3","34.0","87.3","248.8","130.1","3.5","$2","$2"
"","153","Green Bay Packers","11.0","2.0","DEF","GB","11","20.02","108.6","65.0","108.6","108.6","108.6","3.4","$1","$2"
"","154","Baltimore Ravens","11.0","2.0","DEF","BAL","13","14.04","108.6","70.0","108.6","108.6","108.6","3.4","$1","$2"
"","155","Cairo Santos","11.0","2.0","K","CHI","10","18.04","142.5","128.0","151.6","174.3","156.1","2.4","$1","$1"
"","156","Jake Bates","11.0","2.0","K","DET","6","15.05","146.6","130.0","149.6","175.0","156.0","2.3","$1","$1"
"","157","Wan'Dale Robinson","11.0","8.0","WR","TEN","9","11.06","126.1","136.0","141.7","206.9","156.7","2.3","$1","$1"
"","158","Pittsburgh Steelers","11.0","2.0","DEF","PIT","9","12.08","107.1","77.0","107.1","107.1","107.1","2.2","$1","$1"
"","159","Eddy Pineiro","11.0","2.0","K","SF","8","15.02","143.7","130.0","151.3","172.5","155.7","2.0","$1","$1"
"","160","Harrison Mevis","11.0","2.0","K","LAR","11","14.03","145.1","133.0","149.6","175.0","155.7","2.0","$1","$1"
"","161","Jake Ferguson","11.0","5.0","TE","DAL","14","11.04","126.9","133.0","133.6","161.7","140.1","2.0","$1","$1"
"","162","Brenton Strange","11.0","5.0","TE","JAC","7","18.09","117.8","124.0","132.4","168.1","139.5","1.5","$2","$1"
"","163","Trey Smack","11.0","2.0","K","GB","11","23.10","143.3","134.0","149.3","174.7","155.1","1.4","$1","$1"
"","164","Tyler Allgeier","11.0","11.0","RB","ARI","14","18.05","81.8","84.0","99.8","196.6","122.9","1.4","$1","$1"
"","165","Brian Robinson Jr.","11.0","11.0","RB","ATL","11","19.04","81.2","92.0","99.0","198.0","122.8","1.3","$1","$1"
"Sleeper","166","Jalen McMillan","11.0","8.0","WR","TB","10","17.07","113.0","103.0","132.9","225.9","154.7","1.1","$2","$1"
"","167","Los Angeles Rams","11.0","2.0","DEF","LAR","11","10.02","105.7","78.0","105.7","105.7","105.7","1.0","$1","$1"
"","168","Rashid Shaheed","11.0","8.0","WR","SEA","11","17.01","117.8","116.0","137.0","212.4","154.1","0.8","$2","$1"
"","169","Kansas City Chiefs","11.0","2.0","DEF","KC","5","18.07","105.5","66.0","105.5","105.5","105.5","0.8","$1","$1"
"","170","Hunter Henry","11.0","5.0","TE","NE","11","16.10","120.3","125.0","129.4","168.2","138.3","0.7","$4","$1"
"","171","Khalil Shakir","11.0","8.0","WR","BUF","7","13.10","125.1","133.0","142.2","196.2","153.8","0.6","$1","$1"
"","172","Calvin Ridley","11.0","8.0","WR","TEN","9","18.03","116.8","94.0","135.8","211.8","153.1","0.2","$2","$1"
"","173","Keaton Mitchell","12.0","12.0","RB","LAC","7","99.10","85.0","73.0","94.4","189.7","118.7","0.1","$1","$1"
"Sleeper","174","Isaiah Likely","12.0","5.0","TE","NYG","8","13.04","118.9","128.0","127.9","168.8","137.4","0.0","$4","$1"
"","175","Bryce Young","12.0","4.0","QB","CAR","5","20.07","242.3","244.0","244.7","391.5","284.3","0.0","$1","$1"
"","176","Jacksonville Jaguars","12.0","2.0","DEF","JAC","7","16.05","104.5","69.0","104.5","104.5","104.5","0.0","$1","$1"
"","177","Wil Lutz","12.0","2.0","K","DEN","10","99.01","144.9","121.0","147.9","171.6","153.8","0.0","$1","$1"
"","178","Harrison Butker","12.0","2.0","K","KC","5","15.10","145.0","124.0","148.0","170.2","153.5","0.0","$1","$1"
"","179","Deebo Samuel","12.0","8.0","WR","UNS","18","23.07","98.8","108.0","141.2","209.0","152.0","0.0","$3","$1"
"","180","Charlie Smyth","12.0","2.0","K","NO","8","101.05","143.5","119.0","147.9","170.1","153.2","0.0","$1","$1"
"","181","Jonah Coleman","12.0","12.0","RB","DEN","10","38.03","67.2","43.0","74.7","231.6","116.1","0.0","$1","$1"
"Injured","182","Kenyon Sadiq","12.0","5.0","TE","NYJ","13","15.03","112.1","113.0","124.5","176.8","136.5","0.0","$2","$1"
"","183","New York Giants","12.0","2.0","DEF","NYG","8","95.03","103.6","64.0","103.6","103.6","103.6","0.0","$1","$1"
"","184","Omar Cooper Jr.","12.0","8.0","WR","NYJ","13","17.04","114.6","107.0","125.9","226.6","151.3","0.0","$2","$1"
"","185","MarShawn Lloyd","12.0","12.0","RB","GB","11","99.03","58.0","45.0","74.3","230.3","113.9","0.0","$1","$1"
"","186","Jacoby Brissett","12.0","4.0","QB","ARI","14","102.03","234.1","245.0","246.4","381.9","281.1","0.0","$1","$1"
"","187","Philadelphia Eagles","12.0","2.0","DEF","PHI","10","13.08","102.7","68.0","102.7","102.7","102.7","0.0","$2","$1"
"","188","Chris Boswell","12.0","2.0","K","PIT","9","17.03","142.9","122.0","145.8","170.6","152.0","0.0","$1","$1"
"","189","Los Angeles Chargers","12.0","2.0","DEF","LAC","7","17.06","102.2","66.0","102.2","102.2","102.2","0.0","$1","$1"
"","190","Buffalo Bills","12.0","2.0","DEF","BUF","7","99.02","102.0","71.0","102.0","102.0","102.0","0.0","$1","$1"
"","191","Andres Borregales","12.0","2.0","K","NE","11","99.05","141.8","120.0","146.2","168.1","151.4","0.0","$1","$1"
"","192","Chicago Bears","12.0","2.0","DEF","CHI","10","21.10","101.5","68.0","101.5","101.5","101.5","0.0","$1","$1"
"","193","Fernando Mendoza","12.0","4.0","QB","LVR","13","18.06","232.7","243.0","237.4","391.7","278.6","0.0","$1","$1"
"","194","Denzel Boston","12.0","9.0","WR","CLE","11","19.03","106.8","109.0","124.2","223.6","148.2","0.0","$2","$1"
"","195","Braelon Allen","13.0","13.0","RB","NYJ","13","99.07","67.5","76.0","71.0","209.5","108.1","0.0","$1","$1"
"","196","Nicholas Singleton","13.0","13.0","RB","TEN","9","24.02","53.6","25.0","63.1","233.5","107.9","0.0","$1","$1"
"","197","Juwan Johnson","13.0","5.0","TE","NO","8","17.10","114.7","121.0","126.0","160.0","133.2","0.0","$2","$1"
"","198","Mike Washington Jr.","13.0","13.0","RB","LVR","13","98.08","59.1","60.0","70.4","211.2","106.8","0.0","$1","$1"
"","199","Jason Myers","13.0","3.0","K","SEA","11","12.07","142.1","143.0","145.0","166.8","150.4","0.0","$1","$1"
"","200","Tre Tucker","13.0","9.0","WR","LVR","13","20.06","110.8","109.0","128.8","207.4","147.0","0.0","$2","$1"
"","201","Emmett Johnson","13.0","13.0","RB","KC","5","22.10","60.1","36.0","71.6","204.1","105.7","0.0","$1","$1"
"","202","Deshaun Watson","13.0","4.0","QB","CLE","11","97.07","207.8","174.0","218.7","437.4","276.4","0.0","$1","$1"
"","203","Tampa Bay Buccaneers","13.0","2.0","DEF","TB","10","24.10","100.0","63.0","100.0","100.0","100.0","0.0","$1","$1"
"","204","Geno Smith","13.0","4.0","QB","NYJ","13","103.02","228.1","240.0","237.6","384.9","276.1","0.0","$1","$1"
"","205","Chase McLaughlin","13.0","3.0","K","TB","10","19.05","140.2","128.0","144.5","167.6","150.0","0.0","$1","$1"
"","206","Justice Hill","13.0","13.0","RB","BAL","13","97.10","74.6","81.0","82.9","165.8","104.0","0.0","$1","$1"
"","207","Sean Tucker","13.0","13.0","RB","TB","10","96.01","64.0","52.0","69.6","198.4","103.7","0.0","$1","$1"
"","208","Detroit Lions","13.0","2.0","DEF","DET","6","16.06","99.4","70.0","99.4","99.4","99.4","0.0","$1","$1"
"","209","Will Reichard","13.0","3.0","K","MIN","6","17.09","139.9","123.0","142.8","168.5","149.3","0.0","$1","$1"
"Injured","210","James Conner","13.0","13.0","RB","ARI","14","21.05","68.1","48.0","82.1","164.2","102.0","0.0","$1","$1"
"","211","San Francisco 49ers","13.0","2.0","DEF","SF","8","20.08","98.8","63.0","98.8","98.8","98.8","0.0","$1","$1"
"","212","Jaydon Blue","13.0","13.0","RB","DAL","14","94.02","56.7","40.0","66.7","196.8","100.4","0.0","$1","$1"
"","213","Nick Chubb","13.0","13.0","RB","UNS","18","64.05","55.0","22.0","78.6","172.9","100.0","0.0","$1","$1"
"","214","Jalen Coker","13.0","9.0","WR","CAR","5","16.04","111.2","127.0","123.5","206.2","143.8","0.0","$1","$1"
"","215","George Holani","14.0","14.0","RB","SEA","11","97.02","58.8","37.0","73.5","172.7","97.9","0.0","$1","$1"
"","216","Adonai Mitchell","14.0","9.0","WR","NYJ","13","99.08","105.5","88.0","114.7","223.7","142.8","0.0","$1","$1"
"","217","Tyler Bass","14.0","3.0","K","BUF","7","100.04","138.5","121.0","142.8","164.2","147.9","0.0","$1","$1"
"","218","Jake Moody","14.0","3.0","K","WAS","7","97.09","138.3","115.0","141.1","167.9","147.9","0.0","$1","$1"
"","219","Oronde Gadsden II","14.0","6.0","TE","LAC","7","20.01","107.4","107.0","111.9","176.8","128.8","0.0","$1","$1"
"Injured","220","Tyreek Hill","14.0","9.0","WR","UNS","18","19.02","67.5","108.0","122.8","230.9","142.2","0.0","$1","$1"
"","221","Jake Elliott","14.0","3.0","K","PHI","10","21.08","138.5","116.0","142.8","162.8","147.5","0.0","$1","$1"
"","222","Samaje Perine","14.0","14.0","RB","CIN","6","100.09","69.4","82.0","81.7","138.9","95.1","0.0","$1","$1"
"","223","Chigoziem 'Chig' Okonkwo","14.0","6.0","TE","WAS","7","20.04","110.8","108.0","115.4","165.0","128.1","0.0","$1","$1"
"","224","Dalton Schultz","14.0","6.0","TE","HOU","8","20.05","113.1","112.0","121.6","150.8","128.0","0.0","$1","$1"
"Injured","225","Trey Benson","14.0","14.0","RB","ARI","14","51.07","58.2","13.0","67.7","172.6","94.6","0.0","$1","$1"
"","226","T.J. Hockenson","14.0","6.0","TE","MIN","6","15.06","109.5","112.0","120.3","155.2","127.9","0.0","$1","$1"
"","227","Jauan Jennings","14.0","9.0","WR","MIN","6","21.03","100.1","112.0","113.8","221.9","140.8","0.0","$1","$1"
"","228","Cleveland Browns","14.0","3.0","DEF","CLE","11","16.08","95.6","65.0","95.6","95.6","95.6","0.0","$1","$1"
"","229","Isaiah Davis","14.0","14.0","RB","NYJ","13","95.09","64.3","45.0","67.7","159.1","92.0","0.0","$1","$1"
"","230","Brandon Aiyuk","14.0","9.0","WR","UNS","18","93.04","70.7","89.0","117.9","229.9","139.9","0.0","$1","$1"
"Injured","231","Najee Harris","14.0","14.0","RB","UNS","18","72.03","47.1","34.0","72.5","159.5","91.6","0.0","$1","$1"
"","232","Emanuel Wilson","14.0","14.0","RB","SEA","11","98.10","49.2","47.0","61.5","178.4","91.2","0.0","$1","$1"
"","233","Tank Bigsby","14.0","14.0","RB","PHI","10","19.06","50.0","69.0","52.6","194.6","90.9","0.0","$1","$1"
"","234","Ty Johnson","14.0","14.0","RB","BUF","7","97.01","64.1","71.0","75.4","139.5","90.8","0.0","$1","$1"
"","235","Christopher 'Chris' Brooks","14.0","14.0","RB","GB","11","32.05","51.1","53.0","56.8","184.6","90.6","0.0","$1","$1"
"","236","Germie Bernard","14.0","9.0","WR","PIT","9","23.05","102.0","91.0","115.9","210.9","139.3","0.0","$1","$1"
"","237","Jerry Jeudy","14.0","9.0","WR","CLE","11","18.10","100.3","100.0","116.6","209.9","139.1","0.0","$1","$1"
"","238","Keenan Allen","14.0","9.0","WR","UNS","18","94.07","89.7","75.0","126.4","195.9","138.7","0.0","$1","$1"
"","239","Jordan James","14.0","14.0","RB","SF","8","96.08","47.8","63.0","53.1","185.9","88.4","0.0","$1","$1"
"","240","Jaylen Wright","15.0","15.0","RB","MIA","6","94.01","46.9","48.0","55.2","179.4","87.6","0.0","$1","$1"
"","241","Joe Mixon","15.0","15.0","RB","UNS","18","35.02","40.9","19.0","68.2","153.5","86.5","0.0","$1","$1"
"","242","Kaelon Black","15.0","15.0","RB","SF","8","24.03","45.2","55.0","50.2","185.7","86.3","0.0","$1","$1"
"","243","Ryan Fitzgerald","15.0","3.0","K","CAR","5","101.06","133.9","111.0","139.5","161.8","144.6","0.0","$1","$1"
"","244","Brashard Smith","15.0","15.0","RB","KC","5","80.09","53.5","31.0","65.3","143.7","84.5","0.0","$1","$1"
"","245","Evan McPherson","15.0","3.0","K","CIN","6","20.03","135.0","124.0","136.4","166.4","144.3","0.0","$2","$1"
"","246","Kareem Hunt","15.0","15.0","RB","UNS","18","45.04","46.8","20.0","66.9","143.8","84.2","0.0","$1","$1"
"","247","Tennessee Titans","15.0","3.0","DEF","TEN","9","97.03","92.6","62.0","92.6","92.6","92.6","0.0","$1","$1"
"","248","Kendre Miller","15.0","15.0","RB","NO","8","56.03","40.2","31.0","50.2","175.7","82.6","0.0","$1","$1"
"","249","Ollie Gordon II","15.0","15.0","RB","MIA","6","96.03","44.7","36.0","47.0","178.6","82.5","0.0","$1","$1"
"","250","Demond Claiborne","15.0","15.0","RB","MIN","6","95.10","40.1","21.0","47.2","179.4","82.0","0.0","$1","$1"
"","251","Arizona Cardinals","15.0","3.0","DEF","ARI","14","23.04","91.7","59.0","91.7","91.7","91.7","0.0","$1","$1"
"","252","Austin Ekeler","15.0","15.0","RB","UNS","18","58.09","44.7","24.0","59.6","149.0","81.3","0.0","$6","$1"
"","253","Ben Sauls","15.0","3.0","K","NYG","8","98.09","130.9","72.0","137.8","162.6","143.3","0.0","$1","$1"
"","254","Jalen Nailor","15.0","10.0","WR","LVR","13","26.10","99.3","103.0","110.3","206.3","134.5","0.0","$1","$1"
"","255","Dallas Cowboys","15.0","3.0","DEF","DAL","14","19.07","91.5","65.0","91.5","91.5","91.5","0.0","$1","$1"
"","256","LeQuint Allen","15.0","15.0","RB","JAC","7","96.09","58.2","34.0","63.3","126.6","79.6","0.0","$1","$1"
"","257","New Orleans Saints","15.0","3.0","DEF","NO","8","102.04","91.0","66.0","91.0","91.0","91.0","0.0","$1","$1"
"","258","Indianapolis Colts","15.0","3.0","DEF","IND","13","102.06","91.0","61.0","91.0","91.0","91.0","0.0","$1","$1"
"","259","Antonio Gibson","15.0","15.0","RB","UNS","18","32.07","42.4","8.0","65.2","130.4","78.8","0.0","$1","$1"
"","260","New York Jets","15.0","3.0","DEF","NYJ","13","97.04","90.7","58.0","90.7","90.7","90.7","0.0","$1","$1"
"","261","Antonio Williams","15.0","10.0","WR","WAS","7","101.03","93.7","101.0","101.9","222.1","133.2","0.0","$1","$1"
"","262","Nick Folk","15.0","3.0","K","ATL","11","97.06","133.1","116.0","135.8","161.6","142.4","0.0","$1","$1"
"","263","Cincinnati Bengals","15.0","3.0","DEF","CIN","6","94.05","90.3","64.0","90.3","90.3","90.3","0.0","$1","$1"
"","264","Malik Davis","15.0","15.0","RB","DAL","14","103.03","41.5","52.0","46.1","161.4","76.7","0.0","$1","$1"
"","265","Devin Singletary","15.0","15.0","RB","NYG","8","89.06","44.9","30.0","49.9","149.7","76.2","0.0","$1","$1"
"","266","Las Vegas Raiders","15.0","3.0","DEF","LVR","13","22.06","89.9","61.0","89.9","89.9","89.9","0.0","$1","$1"
"Injured","267","AJ Barner","15.0","6.0","TE","SEA","11","20.09","102.6","95.0","106.9","159.3","120.4","0.0","$1","$1"
"","268","Carolina Panthers","15.0","3.0","DEF","CAR","5","98.03","89.8","58.0","89.8","89.8","89.8","0.0","$1","$1"
"","269","Miami Dolphins","15.0","3.0","DEF","MIA","6","21.07","89.7","60.0","89.7","89.7","89.7","0.0","$1","$1"
"","270","Adam Randall","15.0","15.0","RB","BAL","13","93.08","36.8","41.0","43.3","160.2","74.0","0.0","$1","$1"
"","271","Cade Otton","15.0","6.0","TE","TB","10","101.08","106.1","94.0","110.5","147.0","119.7","0.0","$1","$1"
"","272","Tua Tagovailoa","15.0","5.0","QB","ATL","11","101.04","201.7","238.0","207.9","390.9","256.7","0.0","$1","$1"
"","273","Tre Harris","15.0","10.0","WR","LAC","7","101.10","89.9","78.0","99.9","219.8","130.8","0.0","$1","$1"
"","274","Kaleb Johnson","15.0","15.0","RB","PIT","9","94.04","35.1","16.0","39.9","163.6","72.8","0.0","$5","$1"
"","275","Alexander Mattison","15.0","15.0","RB","UNS","18","51.03","44.5","5.0","52.4","131.0","72.4","0.0","$1","$1"
"","276","Kimani Vidal","15.0","15.0","RB","LAC","7","96.04","50.6","49.0","55.0","121.0","72.2","0.0","$1","$1"
"","277","DJ Giddens","15.0","15.0","RB","IND","13","95.02","39.4","37.0","43.8","148.9","71.7","0.0","$1","$1"
"Injured","278","Michael Penix Jr.","15.0","5.0","QB","ATL","11","92.08","205.7","186.0","209.9","379.9","255.5","0.0","$1","$1"
"","279","Miles Sanders","15.0","15.0","RB","UNS","18","76.03","45.1","0.0","51.2","126.5","70.6","0.0","$1","$1"
"","280","Darius Slayton","15.0","10.0","WR","NYG","8","95.01","92.9","78.0","103.2","206.4","129.5","0.0","$1","$1"
"","281","Joey Slye","15.0","3.0","K","TEN","9","101.07","130.3","109.0","134.3","158.5","140.2","0.0","$1","$1"
"","282","Pat Freiermuth","15.0","7.0","TE","PIT","9","21.04","97.3","106.0","105.8","154.5","117.5","0.0","$1","$1"
"","283","Cooper Kupp","15.0","10.0","WR","SEA","11","20.10","90.3","82.0","102.6","205.2","128.4","0.0","$6","$1"
"","284","Gunnar Helm","15.0","7.0","TE","TEN","9","48.07","97.8","96.0","105.2","152.5","116.8","0.0","$1","$1"
"","285","Jerome Ford","15.0","15.0","RB","WAS","7","26.08","34.6","24.0","41.7","133.4","65.4","0.0","$1","$1"
"","286","Ray Davis","15.0","15.0","RB","BUF","7","100.05","34.5","45.0","46.0","119.6","64.0","0.0","$1","$1"
"","287","Washington Commanders","15.0","3.0","DEF","WAS","7","22.07","85.7","65.0","85.7","85.7","85.7","0.0","$1","$1"
"","288","Jeremy McNichols","15.0","15.0","RB","WAS","7","75.01","39.2","21.0","43.6","119.9","63.6","0.0","$1","$1"
"","289","Seth McGowan","15.0","15.0","RB","IND","13","95.08","29.8","27.0","35.1","140.4","62.9","0.0","$1","$1"
"","290","Ryan Flournoy","15.0","10.0","WR","DAL","14","101.01","86.6","85.0","98.4","206.6","125.8","0.0","$1","$1"
"","291","Matt Gay","15.0","4.0","K","LVR","13","94.03","129.9","124.0","132.5","155.0","138.2","0.0","$1","$1"
"","292","Kyle Juszczyk","15.0","15.0","RB","SF","8","36.02","44.7","40.0","49.7","99.4","62.4","0.0","$1","$1"
"","293","Jarquez Hunter","15.0","15.0","RB","LAR","11","56.04","26.5","17.0","31.2","146.6","61.8","0.0","$1","$1"
"","294","Jaylin Noel","15.0","10.0","WR","HOU","8","99.04","95.0","75.0","106.7","181.4","125.0","0.0","$1","$1"
"","295","Cade York","15.0","4.0","K","NYJ","13","40.07","129.4","78.0","132.0","154.4","137.6","0.0","$1","$1"
"","296","Andre Szmyt","15.0","4.0","K","CLE","11","95.06","127.9","104.0","131.9","155.6","137.6","0.0","$1","$1"
"","297","Rashod Bateman","15.0","11.0","WR","BAL","13","103.01","85.6","95.0","97.3","204.3","124.4","0.0","$1","$1"
"","298","Travis Hunter","15.0","11.0","WR","JAC","7","12.03","75.2","82.0","81.7","241.8","124.2","0.0","$3","$1"
"","299","Shedeur Sanders","15.0","5.0","QB","CLE","11","21.09","185.5","223.0","195.3","390.6","246.8","0.0","$1","$1"
"","300","Phil Mafah","15.0","15.0","RB","DAL","14","54.07","29.2","30.0","31.7","126.8","57.2","0.0","$1","$1"
"","301","Eli Heidenreich","15.0","15.0","WR","PIT","9","38.07","31.6","15.0","37.2","111.6","56.5","0.0","$1","$1"
"","302","Terrance Ferguson","15.0","7.0","TE","LAR","11","21.02","80.2","83.0","91.1","177.6","112.7","0.0","$1","$1"
"","303","Darnell Mooney","15.0","11.0","WR","NYG","8","100.01","85.9","75.0","93.4","205.5","122.6","0.0","$1","$1"
"","304","Carson Beck","15.0","5.0","QB","ARI","14","25.08","185.9","162.0","191.7","393.0","245.6","0.0","$1","$1"
"","305","Kayshon Boutte","15.0","11.0","WR","NE","11","103.03","81.6","65.0","93.8","206.4","122.3","0.0","$1","$1"
"","306","Emari Demercado","15.0","15.0","RB","KC","5","94.08","32.0","53.0","37.6","105.3","55.1","0.0","$1","$1"
"","307","Trevor Etienne","15.0","15.0","RB","CAR","5","88.06","35.7","24.0","39.7","95.3","54.1","0.0","$1","$1"
"","308","Devin Neal","15.0","15.0","RB","NO","8","25.03","32.5","28.0","38.7","96.8","53.4","0.0","$1","$1"
"","309","Ty Chandler","15.0","15.0","RB","NO","8","91.10","31.0","25.0","38.8","97.0","53.3","0.0","$1","$1"
"","310","Jaydn Ott","15.0","15.0","RB","KC","5","103.03","21.4","13.0","26.8","126.0","52.9","0.0","$1","$1"
"","311","Raheim Sanders","15.0","15.0","RB","CLE","11","63.04","22.4","19.0","25.5","127.5","52.8","0.0","$1","$1"
"","312","Jack Bech","15.0","11.0","WR","LVR","13","100.08","82.4","70.0","93.6","201.2","120.9","0.0","$1","$1"
"","313","De'Zhaun Stribling","15.0","11.0","WR","SF","8","98.05","79.4","74.0","89.2","209.6","120.3","0.0","$1","$1"
"","314","David Njoku","15.0","7.0","TE","LAC","7","97.05","89.6","77.0","93.3","158.6","110.4","0.0","$1","$1"
"","315","Pat Bryant","15.0","11.0","WR","DEN","10","100.02","82.4","67.0","92.6","199.1","119.8","0.0","$1","$1"
"","316","Kenny McIntosh","15.0","15.0","RB","SEA","11","65.06","25.0","8.0","27.8","111.2","50.0","0.0","$1","$1"
"","317","Jamarion 'Jam' Miller","15.0","15.0","RB","NE","11","30.01","23.8","22.0","27.1","112.5","49.8","0.0","$1","$1"
"","318","Roschon Johnson","15.0","15.0","RB","CHI","10","39.06","20.1","25.0","22.3","122.7","49.3","0.0","$1","$1"
"","319","Audric Estime","15.0","15.0","RB","NO","8","46.08","29.0","27.0","32.9","95.4","49.2","0.0","$1","$1"
"","320","Tyquan Thornton","15.0","11.0","WR","KC","5","48.02","77.0","79.0","89.5","205.9","119.0","0.0","$1","$1"
"","321","Tyler Goodson","15.0","15.0","RB","ATL","11","36.09","20.7","15.0","23.5","117.5","48.6","0.0","$1","$1"
"","322","Kirk Cousins","15.0","5.0","QB","LVR","13","93.05","186.2","187.0","190.0","380.0","241.1","0.0","$1","$1"
"","323","Tahj Brooks","15.0","15.0","RB","CIN","6","41.06","20.9","20.0","23.2","116.0","48.1","0.0","$1","$1"
"","324","Zane Gonzalez","15.0","4.0","K","MIA","6","101.09","126.1","103.0","127.4","152.9","134.1","0.0","$1","$1"
"Injured","325","Isaac Guerendo","15.0","15.0","RB","SF","8","43.10","29.4","18.0","33.4","80.2","45.4","0.0","$1","$1"
"","326","Robert Henry Jr.","15.0","15.0","RB","WAS","7","103.03","17.0","0.0","24.0","105.6","45.0","0.0","$1","$1"
"","327","Roman Hemby","15.0","15.0","RB","LVR","13","103.03","19.2","0.0","24.0","102.0","44.4","0.0","$1","$1"
"","328","Will Shipley","15.0","15.0","RB","PHI","10","42.08","33.1","24.0","34.8","69.6","44.0","0.0","$1","$1"
"","329","Michael Carter","15.0","15.0","RB","TEN","9","87.03","29.1","9.0","33.4","73.5","43.6","0.0","$1","$1"
"","330","Dontayvion Wicks","15.0","11.0","WR","PHI","10","96.05","76.8","62.0","87.3","200.8","116.4","0.0","$1","$1"
"","331","J'Mari Taylor","15.0","15.0","RB","JAC","7","103.03","19.0","19.0","23.7","99.5","43.5","0.0","$1","$1"
"","332","Colby Parkinson","15.0","8.0","TE","LAR","11","100.06","80.2","75.0","90.1","159.5","107.2","0.0","$1","$1"
"","333","Devaughn Vele","15.0","11.0","WR","NO","8","100.07","83.4","76.0","97.0","174.6","115.7","0.0","$1","$1"
"","334","Jawhar Jordan","15.0","15.0","RB","HOU","8","37.07","24.7","43.0","27.4","82.2","41.9","0.0","$1","$1"
"","335","Keon Coleman","15.0","11.0","WR","BUF","7","94.09","72.3","42.0","85.1","204.2","115.3","0.0","$5","$1"
"","336","Noah Whittington","15.0","15.0","RB","HOU","8","103.03","18.4","5.0","23.0","90.9","40.7","0.0","$1","$1"
"","337","Troy Franklin","15.0","11.0","WR","DEN","10","98.07","76.3","80.0","84.8","199.3","114.5","0.0","$1","$1"
"","338","Tyler Badie","15.0","15.0","RB","DEN","10","91.01","21.3","16.0","23.7","83.0","39.4","0.0","$1","$1"
"","339","Greg Dulcich","15.0","8.0","TE","MIA","6","102.08","82.0","98.0","89.1","154.1","105.5","0.0","$1","$1"
"","340","Kalel Mullings","15.0","15.0","RB","TEN","9","87.09","16.7","8.0","19.6","88.2","37.8","0.0","$1","$1"
"","341","Zachariah Branch","15.0","12.0","WR","ATL","11","22.08","83.2","75.0","96.7","167.3","113.5","0.0","$1","$1"
"","342","Isaac TeSlaa","15.0","12.0","WR","DET","6","101.02","73.7","87.0","83.7","196.7","112.7","0.0","$1","$1"
"","343","Desmond Reid","15.0","15.0","RB","BUF","7","103.03","15.7","18.0","17.4","86.1","35.8","0.0","$1","$1"
"","344","CJ Donaldson","15.0","15.0","RB","NO","8","103.03","14.3","0.0","15.9","87.5","35.1","0.0","$1","$1"
"","345","Ja'Kobi Lane","15.0","12.0","WR","BAL","13","21.06","71.6","68.0","81.4","199.4","111.8","0.0","$1","$1"
"Injured","346","Nathaniel 'Tank' Dell","15.0","12.0","WR","HOU","8","98.06","53.4","76.0","76.3","221.3","111.7","0.0","$1","$1"
"","347","Rasheen Ali","15.0","15.0","RB","BAL","13","44.01","17.6","21.0","19.6","72.5","33.7","0.0","$1","$1"
"","348","Mike Gesicki","15.0","8.0","TE","CIN","6","102.09","77.4","86.0","91.0","146.5","103.7","0.0","$5","$1"
"","349","Jamal Haynes","15.0","15.0","RB","CIN","6","103.03","12.5","11.0","14.7","80.9","32.4","0.0","$1","$1"
"","350","Chris Brazzell II","15.0","12.0","WR","CAR","5","94.06","68.9","60.0","78.3","203.6","110.8","0.0","$1","$1"
"","351","Jaleel McLaughlin","15.0","15.0","RB","DEN","10","56.10","19.1","14.0","20.1","60.3","30.9","0.0","$1","$1"
"","352","Kendrick Bourne","15.0","12.0","WR","ARI","14","44.08","73.6","67.0","86.6","181.9","110.2","0.0","$1","$1"
"","353","Evan Engram","15.0","8.0","TE","DEN","10","102.10","80.4","72.0","87.4","146.8","102.3","0.0","$7","$1"
"","354","Chip Trayanum","15.0","15.0","RB","NYJ","13","103.03","13.1","9.0","14.5","72.5","30.1","0.0","$1","$1"
"","355","Darnell Washington","15.0","8.0","TE","PIT","9","22.03","74.6","74.0","84.8","155.2","102.2","0.0","$1","$1"
"","356","Elijah Sarratt","15.0","12.0","WR","BAL","13","94.10","69.2","59.0","76.9","199.9","109.1","0.0","$1","$1"
"","357","Jaret Patterson","15.0","15.0","RB","LAC","7","57.01","11.6","17.0","13.2","59.4","25.5","0.0","$1","$1"
"","358","Atlanta Falcons","15.0","4.0","DEF","ATL","11","100.10","71.8","68.0","71.8","71.8","71.8","0.0","$1","$1"
"","359","Joshua 'Josh' Palmer","15.0","12.0","WR","BUF","7","29.02","71.4","42.0","77.6","186.2","106.1","0.0","$2","$1"
"","360","Chris Bell","15.0","13.0","WR","MIA","6","26.02","56.4","88.0","66.4","209.2","103.5","0.0","$1","$1"
"","361","Andrei Iosivas","15.0","13.0","WR","CIN","6","42.03","70.3","77.0","78.1","175.7","103.3","0.0","$1","$1"
"","362","Michael Mayer","15.0","9.0","TE","LVR","13","51.01","67.9","65.0","77.2","154.4","96.6","0.0","$1","$1"
"","363","Jahan Dotson","15.0","13.0","WR","ATL","11","95.04","69.2","67.0","80.5","169.1","102.6","0.0","$1","$1"
"","364","Christian Kirk","15.0","13.0","WR","SF","8","102.07","65.6","69.0","74.5","178.8","101.3","0.0","$3","$1"
"","365","Darren Waller","15.0","9.0","TE","UNS","18","91.04","49.9","60.0","83.1","149.6","95.2","0.0","$4","$1"
"","366","Brandon McManus","15.0","5.0","K","UNS","18","93.09","123.0","103.0","123.0","123.0","123.0","0.0","$1","$1"
"","367","Kentrel Bullock","15.0","15.0","RB","CIN","6","103.03","4.4","0.0","5.0","17.5","8.3","0.0","$1","$1"
"","368","Kejon Owens","15.0","15.0","RB","MIN","6","103.03","4.5","0.0","5.0","16.0","7.9","0.0","$1","$1"
"","369","KaVontae Turpin","15.0","13.0","WR","DAL","14","25.07","76.0","56.0","85.4","140.1","98.6","0.0","$1","$1"
"","370","Jacob Saylors","15.0","15.0","RB","DET","6","33.10","0.0","9.0","5.0","7.0","5.7","0.0","$1","$1"
"","371","Kene Nwangwu","15.0","15.0","RB","NYJ","13","83.07","0.0","6.0","5.0","6.5","5.5","0.0","$1","$1"
"","372","Dylan Laube","15.0","15.0","RB","LVR","13","46.10","0.3","7.0","5.0","7.0","4.7","0.0","$1","$1"
"","373","Marquise 'Hollywood' Brown","15.0","13.0","WR","PHI","10","37.03","58.4","61.0","63.5","190.5","97.2","0.0","$3","$1"
"","374","Caleb Douglas","15.0","13.0","WR","MIA","6","96.10","59.9","55.0","66.6","183.2","97.2","0.0","$1","$1"
"","375","Eli Stowers","15.0","9.0","TE","PHI","10","93.06","54.7","47.0","66.7","165.4","91.4","0.0","$1","$1"
"","376","Marvin Mims Jr.","15.0","13.0","WR","DEN","10","33.06","69.8","57.0","83.1","139.6","96.1","0.0","$2","$1"
"","377","Ted Hurst","15.0","13.0","WR","TB","10","96.02","55.6","62.0","65.4","183.1","95.7","0.0","$1","$1"
"","378","Cordarrelle Patterson","15.0","15.0","RB","UNS","18","92.05","0.0","0.0","0.0","0.0","0.0","0.0","$1","$1"
"","379","Jamaal Williams","15.0","15.0","RB","UNS","18","91.05","0.0","0.0","0.0","0.0","0.0","0.0","$1","$1"
"","380","D'Onta Foreman","15.0","15.0","RB","UNS","18","69.07","0.0","0.0","0.0","0.0","0.0","0.0","$1","$1"
"","381","Ezekiel Elliott","15.0","15.0","RB","UNS","18","55.04","0.0","0.0","0.0","0.0","0.0","0.0","$1","$1"
"","382","Raheem Mostert","15.0","15.0","RB","UNS","18","71.05","0.0","11.0","0.0","0.0","0.0","0.0","$1","$1"
"","383","Ameer Abdullah","15.0","15.0","RB","JAC","7","92.07","0.0","3.0","0.0","0.0","0.0","0.0","$1","$1"
"","384","Myles Gaskin","15.0","15.0","RB","UNS","18","68.02","0.0","0.0","0.0","0.0","0.0","0.0","$1","$1"
"","385","Trayveon Williams","15.0","15.0","RB","CLE","11","79.05","0.0","0.0","0.0","0.0","0.0","0.0","$1","$1"
"","386","Travis Homer","15.0","15.0","RB","PIT","9","61.10","0.0","0.0","0.0","0.0","0.0","0.0","$1","$1"
"","387","La'Mical Perine","15.0","15.0","RB","PIT","9","103.03","0.0","0.0","0.0","0.0","0.0","0.0","$1","$1"
"","388","Zack Moss","15.0","15.0","RB","UNS","18","50.04","0.0","0.0","0.0","0.0","0.0","0.0","$1","$1"
"","389","Joshua Kelley","15.0","15.0","RB","TEN","9","62.02","0.0","0.0","0.0","0.0","0.0","0.0","$1","$1"
"","390","Darrynton Evans","15.0","15.0","RB","BUF","7","55.06","0.0","0.0","0.0","0.0","0.0","0.0","$1","$1"
"","391","Clyde Edwards-Helaire","15.0","15.0","RB","KC","5","61.07","0.0","0.0","0.0","0.0","0.0","0.0","$1","$1"
"","392","A.J. Dillon","15.0","15.0","RB","CAR","5","39.03","0.0","56.0","0.0","0.0","0.0","0.0","$1","$1"
"","393","DeeJay Dallas","15.0","15.0","RB","JAC","7","40.05","0.0","0.0","0.0","0.0","0.0","0.0","$1","$1"
"","394","Ke'Shawn Vaughn","15.0","15.0","RB","UNS","18","36.08","0.0","0.0","0.0","0.0","0.0","0.0","$1","$1"
"","395","Cam Akers","15.0","15.0","RB","SEA","11","33.08","0.0","3.0","0.0","0.0","0.0","0.0","$1","$1"
"","396","Dare Ogunbowale","15.0","15.0","RB","UNS","18","88.07","0.0","6.0","0.0","0.0","0.0","0.0","$1","$1"
"","397","Mike Boone","15.0","15.0","RB","UNS","18","52.05","0.0","0.0","0.0","0.0","0.0","0.0","$1","$1"
"","398","Gus Edwards","15.0","15.0","RB","UNS","18","76.09","0.0","0.0","0.0","0.0","0.0","0.0","$1","$1"
"","399","Jeffery 'Jeff' Wilson Jr.","15.0","15.0","RB","MIA","6","43.01","0.0","0.0","0.0","0.0","0.0","0.0","$1","$1"
"","400","Royce Freeman","15.0","15.0","RB","UNS","18","103.03","0.0","0.0","0.0","0.0","0.0","0.0","$1","$1"
"","401","John Kelly","15.0","15.0","RB","CLE","11","66.01","0.0","0.0","0.0","0.0","0.0","0.0","$1","$1"
"","402","Pierre Strong Jr.","15.0","15.0","RB","GB","11","57.04","0.0","9.0","0.0","0.0","0.0","0.0","$1","$1"
"","403","Tyrion Davis-Price","15.0","15.0","RB","UNS","18","60.04","0.0","0.0","0.0","0.0","0.0","0.0","$1","$1"
"","404","Hassan Haskins","15.0","15.0","RB","UNS","18","42.01","0.0","1.0","0.0","0.0","0.0","0.0","$1","$1"
"","405","Kevin Harris","15.0","15.0","RB","NE","11","103.03","0.0","0.0","0.0","0.0","0.0","0.0","$1","$1"
"","406","Keaontay Ingram","15.0","15.0","RB","KC","5","54.10","0.0","0.0","0.0","0.0","0.0","0.0","$1","$1"
"","407","Zonovan 'Bam' Knight","15.0","15.0","RB","ARI","14","37.02","0.0","0.0","0.0","0.0","0.0","0.0","$1","$1"
"","408","Ronnie Rivers","15.0","15.0","RB","LAR","11","42.04","0.0","12.0","0.0","0.0","0.0","0.0","$1","$1"
"","409","Raheem Blackshear","15.0","15.0","RB","NYJ","13","41.05","0.0","0.0","0.0","0.0","0.0","0.0","$1","$1"
"","410","Eric Gray","15.0","15.0","RB","NYG","8","35.06","0.0","0.0","0.0","0.0","0.0","0.0","$1","$1"
"","411","Deuce Vaughn","15.0","15.0","RB","UNS","18","65.01","0.0","0.0","0.0","0.0","0.0","0.0","$1","$1"
"","412","Evan Hull","15.0","15.0","RB","UNS","18","77.02","0.0","0.0","0.0","0.0","0.0","0.0","$1","$1"
"","413","Israel Abanikanda","15.0","15.0","RB","GB","11","64.07","0.0","23.0","0.0","0.0","0.0","0.0","$1","$1"
"","414","Zach Evans","15.0","15.0","RB","UNS","18","50.05","0.0","0.0","0.0","0.0","0.0","0.0","$1","$1"
"","415","DeWayne McBride","15.0","15.0","RB","UNS","18","47.03","0.0","0.0","0.0","0.0","0.0","0.0","$1","$1"
"","416","Khalil Herbert","15.0","15.0","RB","NYJ","13","63.07","0.0","2.0","0.0","0.0","0.0","0.0","$1","$1"
"","417","Elijah Mitchell","15.0","15.0","RB","NE","11","73.06","0.0","13.0","0.0","0.0","0.0","0.0","$1","$1"
"","418","Gary Brightwell","15.0","15.0","RB","CIN","6","44.10","0.0","0.0","0.0","0.0","0.0","0.0","$1","$1"
"","419","Craig Reynolds","15.0","15.0","RB","DET","6","43.04","0.0","3.0","0.0","0.0","0.0","0.0","$1","$1"
"","420","Isaiah Spiller","15.0","15.0","RB","UNS","18","103.03","0.0","0.0","0.0","0.0","0.0","0.0","$1","$1"
"","421","Zamir White","15.0","15.0","RB","UNS","18","66.04","0.0","5.0","0.0","0.0","0.0","0.0","$1","$1"
"","422","Dameon Pierce","15.0","15.0","RB","PHI","10","56.07","0.0","12.0","0.0","0.0","0.0","0.0","$1","$1"
"","423","Tony Jones Jr.","15.0","15.0","RB","ARI","14","70.02","0.0","0.0","0.0","0.0","0.0","0.0","$1","$1"
"","424","Patrick Taylor","15.0","15.0","RB","SF","8","47.06","0.0","0.0","0.0","0.0","0.0","0.0","$1","$1"
"","425","Deon Jackson","15.0","15.0","RB","UNS","18","103.03","0.0","0.0","0.0","0.0","0.0","0.0","$1","$1"
"","426","Jonathan Ward","15.0","15.0","RB","PIT","9","47.02","0.0","0.0","0.0","0.0","0.0","0.0","$1","$1"
"","427","Jake Funk","15.0","15.0","RB","IND","13","103.03","0.0","0.0","0.0","0.0","0.0","0.0","$1","$1"
"","428","JaMycal Hasty","15.0","15.0","RB","UNS","18","49.02","0.0","0.0","0.0","0.0","0.0","0.0","$1","$1"
"","429","Salvon Ahmed","15.0","15.0","RB","UNS","18","42.10","0.0","23.0","0.0","0.0","0.0","0.0","$1","$1"
"","430","Trey Sermon","15.0","15.0","RB","PIT","9","43.06","0.0","0.0","0.0","0.0","0.0","0.0","$1","$1"
"","431","Donovan Edwards","15.0","15.0","RB","WAS","7","54.05","0.0","10.0","0.0","0.0","0.0","0.0","$1","$1"
"","432","Ja'Quinden Jackson","15.0","15.0","RB","JAC","7","103.03","0.0","0.0","0.0","0.0","0.0","0.0","$1","$1"
"","433","Corey Kiner","15.0","15.0","RB","ARI","14","66.06","0.0","0.0","0.0","0.0","0.0","0.0","$1","$1"
"","434","Montrell Johnson Jr.","15.0","15.0","RB","UNS","18","103.03","0.0","0.0","0.0","0.0","0.0","0.0","$1","$1"
"","435","Ulysses Bentley IV","15.0","15.0","RB","IND","13","83.05","0.0","0.0","0.0","0.0","0.0","0.0","$1","$1"
"","436","Lan Larison","15.0","15.0","RB","NE","11","73.05","0.0","0.0","0.0","0.0","0.0","0.0","$1","$1"
"","437","Ian Wheeler","15.0","15.0","RB","CHI","10","103.03","0.0","0.0","0.0","0.0","0.0","0.0","$1","$1"
"","438","C.J. Ham","15.0","15.0","RB","MIN","6","59.06","0.0","0.0","0.0","0.0","0.0","0.0","$1","$1"
"","439","Patrick Ricard","15.0","15.0","RB","NYG","8","28.02","0.0","5.0","0.0","0.0","0.0","0.0","$1","$1"
"","440","ShunDerrick Powell","15.0","15.0","RB","UNS","18","103.03","0.0","0.0","0.0","0.0","0.0","0.0","$1","$1"
"","441","Nathan Carter","15.0","15.0","RB","ATL","11","70.05","0.0","0.0","0.0","0.0","0.0","0.0","$1","$1"
"","442","Zavier Scott","15.0","15.0","RB","MIN","6","24.07","0.0","0.0","0.0","0.0","0.0","0.0","$1","$1"
"","443","Aidan Robbins","15.0","15.0","RB","UNS","18","103.03","0.0","0.0","0.0","0.0","0.0","0.0","$1","$1"
"","444","Scottie Phillips","15.0","15.0","RB","UNS","18","103.03","0.0","0.0","0.0","0.0","0.0","0.0","$1","$1"
"","445","Jabari Small","15.0","15.0","RB","TEN","9","103.03","0.0","0.0","0.0","0.0","0.0","0.0","$1","$1"
"","446","Chris Collier","15.0","15.0","RB","LVR","13","24.04","0.0","0.0","0.0","0.0","0.0","0.0","$1","$1"
"","447","Dante Miller","15.0","15.0","RB","NYG","8","86.01","0.0","0.0","0.0","0.0","0.0","0.0","$1","$1"
"","448","British Brooks","15.0","15.0","RB","HOU","8","48.09","0.0","0.0","0.0","0.0","0.0","0.0","$1","$1"
"","449","Reggie Gilliam","15.0","15.0","RB","NE","11","62.01","0.0","5.0","0.0","0.0","0.0","0.0","$1","$1"
"","450","Alec Ingold","15.0","15.0","","LAC","7","89.02","0.0","10.0","0.0","0.0","0.0","0.0","$1","$1"
"","451","Sione Vaki","15.0","15.0","RB","DET","6","86.02","0.0","3.0","0.0","0.0","0.0","0.0","$1","$1"
"","452","Emani Bailey","15.0","15.0","RB","CAR","5","103.03","0.0","0.0","0.0","0.0","0.0","0.0","$1","$1"
"","453","Carson Steele","15.0","15.0","RB","UNS","18","55.02","0.0","0.0","0.0","0.0","0.0","0.0","$1","$1"
"","454","J.J. Taylor","15.0","15.0","RB","UNS","18","82.01","0.0","0.0","0.0","0.0","0.0","0.0","$1","$1"
"","455","Aaron Shampklin","15.0","15.0","RB","PIT","9","46.06","0.0","0.0","0.0","0.0","0.0","0.0","$1","$1"
"","456","Hunter Luepke","15.0","15.0","RB","DAL","14","91.06","0.0","0.0","0.0","0.0","0.0","0.0","$1","$1"
"","457","Tyreik McAllister","15.0","15.0","WR","LVR","13","54.06","0.0","0.0","0.0","0.0","0.0","0.0","$1","$1"
"","458","Sincere McCormick","15.0","15.0","RB","SF","8","38.05","0.0","0.0","0.0","0.0","0.0","0.0","$1","$1"
"","459","Terrell Jennings","15.0","15.0","RB","NE","11","54.08","0.0","0.0","0.0","0.0","0.0","0.0","$1","$1"
"","460","Jordan Mims","15.0","15.0","RB","UNS","18","53.08","0.0","0.0","0.0","0.0","0.0","0.0","$1","$1"
"","461","Damien Martinez","15.0","15.0","RB","GB","11","71.07","0.0","4.0","0.0","0.0","0.0","0.0","$1","$1"
"","462","Brittain Brown","15.0","15.0","RB","CHI","10","92.04","0.0","20.0","0.0","0.0","0.0","0.0","$1","$1"
"","463","Marcus Yarns","15.0","15.0","RB","UNS","18","103.03","0.0","0.0","0.0","0.0","0.0","0.0","$1","$1"
"","464","Daijun Edwards","15.0","15.0","RB","UNS","18","103.03","0.0","0.0","0.0","0.0","0.0","0.0","$1","$1"
"","465","Dillon Johnson","15.0","15.0","RB","UNS","18","103.03","0.0","0.0","0.0","0.0","0.0","0.0","$1","$1"
"","466","Lew Nichols","15.0","15.0","RB","UNS","18","45.05","0.0","0.0","0.0","0.0","0.0","0.0","$1","$1"
"","467","Avery Williams","15.0","15.0","RB","UNS","18","87.02","0.0","0.0","0.0","0.0","0.0","0.0","$1","$1"
"","468","Julius Chestnut","15.0","15.0","RB","TEN","9","85.03","0.0","3.0","0.0","0.0","0.0","0.0","$1","$1"
"","469","Louis Rees-Zammit","15.0","15.0","RB","UNS","18","58.04","0.0","0.0","0.0","0.0","0.0","0.0","$1","$1"
"","470","Blake Watson","15.0","15.0","RB","UNS","18","63.09","0.0","0.0","0.0","0.0","0.0","0.0","$1","$1"
"","471","Kendall Milton","15.0","15.0","RB","CIN","6","85.05","0.0","0.0","0.0","0.0","0.0","0.0","$1","$1"
"","472","Keilan Robinson","15.0","15.0","RB","UNS","18","72.04","0.0","0.0","0.0","0.0","0.0","0.0","$1","$1"
"","473","Cody Schrader","15.0","15.0","RB","LAR","11","62.05","0.0","0.0","0.0","0.0","0.0","0.0","$1","$1"
"","474","Frank Gore Jr.","15.0","15.0","RB","BUF","7","37.04","0.0","23.0","0.0","0.0","0.0","0.0","$1","$1"
"","475","Jase McClellan","15.0","15.0","RB","UNS","18","40.09","0.0","0.0","0.0","0.0","0.0","0.0","$1","$1"
"","476","Elijah Dotson","15.0","15.0","RB","UNS","18","86.07","0.0","0.0","0.0","0.0","0.0","0.0","$1","$1"
"","477","Xazavian Valladay","15.0","15.0","RB","PIT","9","82.03","0.0","0.0","0.0","0.0","0.0","0.0","$1","$1"
"","478","Deneric Prince","15.0","15.0","RB","UNS","18","72.02","0.0","0.0","0.0","0.0","0.0","0.0","$1","$1"
"","479","Malik Washington","15.0","13.0","WR","MIA","6","100.03","75.9","87.0","80.7","133.2","94.2","0.0","$1","$1"
"","480","Jonnu Smith","15.0","9.0","TE","UNS","18","59.08","51.3","49.0","73.3","146.6","89.3","0.0","$6","$1"
"","481","Elijah Arroyo","15.0","9.0","TE","SEA","11","74.08","58.7","48.0","63.8","159.5","89.0","0.0","$1","$1"
"","482","Ashton Dulin","15.0","14.0","WR","IND","13","47.10","51.0","30.0","63.7","178.4","92.7","0.0","$1","$1"
"","483","DeAndre Hopkins","15.0","14.0","WR","UNS","18","27.09","58.6","8.0","73.2","153.7","92.5","0.0","$1","$1"
"","484","Tory Horton","15.0","14.0","WR","SEA","11","98.04","59.8","76.0","69.5","159.9","92.4","0.0","$1","$1"
"","485","Tutu Atwell","15.0","14.0","WR","MIA","6","26.05","56.7","46.0","63.0","173.3","91.9","0.0","$1","$1"
"","486","Isaiah Bond","15.0","14.0","WR","CLE","11","56.06","53.6","27.0","59.6","181.8","91.8","0.0","$1","$1"
"","487","Curtis Samuel","15.0","14.0","WR","UNS","18","58.05","57.4","10.0","71.7","154.2","91.6","0.0","$1","$1"
"","488","Dyami Brown","15.0","14.0","WR","WAS","7","95.05","52.5","37.0","61.0","176.9","91.1","0.0","$1","$1"
"","489","Malachi Fields","15.0","14.0","WR","NYG","8","34.03","48.1","49.0","56.6","184.0","89.8","0.0","$1","$1"
"","490","Kyle Williams","15.0","14.0","WR","NE","11","34.04","57.1","29.0","62.8","163.3","89.2","0.0","$1","$1"
"","491","Chad Ryland","15.0","5.0","K","ARI","14","102.01","103.4","111.0","106.6","147.1","117.1","0.0","$1","$1"
"","492","Erick All","15.0","10.0","TE","CIN","6","37.08","53.7","36.0","63.9","147.0","84.7","0.0","$1","$1"
"","493","Xavier Legette","15.0","14.0","WR","CAR","5","93.10","54.3","51.0","57.2","171.6","87.9","0.0","$2","$1"
"","494","Olamide Zaccheaus","15.0","14.0","WR","ATL","11","44.06","58.1","64.0","67.6","146.0","87.3","0.0","$1","$1"
"","495","Calvin Austin III","15.0","14.0","WR","NYG","8","37.05","62.6","40.0","65.9","145.0","86.9","0.0","$1","$1"
"","496","Bryce Lance","15.0","14.0","WR","NO","8","29.03","48.2","25.0","53.5","179.2","86.8","0.0","$1","$1"
"","497","Jalen Tolbert","15.0","14.0","WR","MIA","6","98.02","51.6","68.0","57.3","166.2","86.0","0.0","$1","$1"
"","498","Treylon Burks","15.0","14.0","WR","WAS","7","44.02","50.6","38.0","55.0","170.5","85.7","0.0","$1","$1"
"","499","Cole Kmet","15.0","10.0","TE","CHI","10","22.02","57.5","61.0","60.5","142.2","82.2","0.0","$1","$1"
"","500","Brenen Thompson","15.0","14.0","WR","LAC","7","53.10","48.6","24.0","54.0","172.8","85.4","0.0","$1","$1"
"","501","Dawson Knox","15.0","10.0","TE","BUF","7","23.06","57.9","63.0","60.9","140.1","82.0","0.0","$1","$1"
"","502","Jalen Royals","15.0","14.0","WR","KC","5","29.10","44.3","40.0","49.2","182.0","84.5","0.0","$1","$1"
"","503","Sterling Shepard","15.0","14.0","WR","UNS","18","91.08","52.3","5.0","61.5","147.6","83.3","0.0","$1","$1"
"","504","Tyler Lockett","15.0","15.0","WR","UNS","18","49.04","47.3","17.0","59.1","150.7","81.9","0.0","$1","$1"
"","505","Mason Taylor","15.0","10.0","TE","NYJ","13","30.08","55.5","73.0","57.8","137.0","79.0","0.0","$1","$1"
"","506","Noah Brown","15.0","15.0","WR","UNS","18","73.07","53.0","14.0","62.3","137.1","81.0","0.0","$1","$1"
"","507","Graham Gano","15.0","6.0","K","UNS","18","22.09","112.3","106.0","112.3","112.3","112.3","0.0","$1","$1"
"","508","Ja'Tavion Sanders","15.0","10.0","TE","CAR","5","42.05","53.6","49.0","57.0","136.8","78.2","0.0","$4","$1"
"","509","Nick Westbrook-Ikhine","15.0","15.0","WR","IND","13","98.01","46.3","48.0","52.6","157.8","80.2","0.0","$1","$1"
"","510","Kalif Raymond","15.0","15.0","WR","CHI","10","30.02","58.0","46.0","63.0","129.2","80.2","0.0","$1","$1"
"","511","Mack Hollins","15.0","15.0","WR","NE","11","35.07","50.3","43.0","55.9","148.1","80.0","0.0","$1","$1"
"","512","Elic Ayomanor","15.0","15.0","WR","TEN","9","86.06","47.8","56.0","50.3","161.0","80.0","0.0","$1","$1"
"","513","Jimmy Horn Jr.","15.0","15.0","WR","CAR","5","44.03","46.2","17.0","48.6","155.5","77.3","0.0","$1","$1"
"","514","Taysom Hill","15.0","10.0","TE","UNS","18","60.07","40.8","12.0","51.0","147.9","75.6","0.0","$1","$1"
"","515","Luke McCaffrey","15.0","15.0","WR","WAS","7","34.06","54.5","28.0","57.4","128.0","76.1","0.0","$1","$1"
"","516","Jaylin Lane","15.0","15.0","WR","WAS","7","49.01","51.2","47.0","56.9","130.9","76.1","0.0","$1","$1"
"","517","Zavion Thomas","15.0","15.0","WR","CHI","10","24.08","48.0","42.0","56.5","132.8","75.8","0.0","$1","$1"
"","518","Max Klare","15.0","11.0","TE","LAR","11","36.03","44.6","34.0","50.7","139.4","73.8","0.0","$1","$1"
"","519","Noah Gray","15.0","11.0","TE","KC","5","29.05","55.4","48.0","55.4","121.9","73.5","0.0","$1","$1"
"","520","Noah Fant","15.0","11.0","TE","NO","8","26.01","47.6","48.0","51.7","134.4","73.5","0.0","$1","$1"
"","521","Theo Johnson","15.0","11.0","TE","NYG","8","95.07","49.3","59.0","52.4","131.0","73.3","0.0","$4","$1"
"","522","Skyler Bell","15.0","15.0","WR","BUF","7","23.08","38.5","47.0","41.8","163.0","74.3","0.0","$1","$1"
"","523","Tez Johnson","15.0","15.0","WR","TB","10","81.06","39.6","36.0","41.2","160.7","73.5","0.0","$1","$1"
"","524","Xavier Hutchinson","15.0","15.0","WR","HOU","8","91.03","39.4","45.0","40.2","160.8","73.0","0.0","$1","$1"
"","525","Savion Williams","15.0","15.0","WR","GB","11","96.07","47.8","44.0","53.1","127.4","72.4","0.0","$1","$1"
"","526","Hunter Renfrow","15.0","15.0","WR","UNS","18","69.08","39.8","5.0","49.7","139.2","72.3","0.0","$1","$1"
"","527","Chimere Dike","15.0","15.0","WR","TEN","9","102.02","46.8","66.0","50.9","130.8","72.0","0.0","$1","$1"
"","528","Cedric Tillman","15.0","15.0","WR","CLE","11","88.05","35.2","29.0","38.3","160.9","71.2","0.0","$2","$1"
"","529","Tyler Higbee","15.0","11.0","TE","LAR","11","26.06","43.5","54.0","48.3","132.8","70.5","0.0","$1","$1"
"","530","Roman Wilson","15.0","15.0","WR","PIT","9","35.09","39.9","23.0","44.3","141.8","70.1","0.0","$1","$1"
"","531","Mitchell Evans","15.0","11.0","TE","CAR","5","35.04","44.3","34.0","47.1","131.9","69.7","0.0","$1","$1"
"","532","Jordan Whittington","15.0","15.0","WR","LAR","11","24.06","48.3","24.0","50.8","121.9","69.7","0.0","$1","$1"
"","533","Oscar Delp","15.0","11.0","TE","NO","8","74.02","38.0","18.0","44.7","138.6","69.1","0.0","$1","$1"
"","534","Ben Sinnott","15.0","11.0","TE","WAS","7","49.06","36.7","29.0","40.8","142.8","67.9","0.0","$1","$1"
"","535","Justin Joly","15.0","11.0","TE","DEN","10","92.01","35.1","32.0","41.3","142.5","67.8","0.0","$1","$1"
"","536","Demarcus Robinson","15.0","15.0","WR","SF","8","54.09","38.4","36.0","45.2","131.1","67.4","0.0","$1","$1"
"","537","Austin Hooper","15.0","11.0","TE","ATL","11","28.04","46.2","47.0","50.2","115.5","67.3","0.0","$1","$1"
"","538","Reggie Virgil","15.0","15.0","WR","ARI","14","40.02","32.5","9.0","37.8","143.6","65.7","0.0","$1","$1"
"","539","Demario Douglas","15.0","15.0","WR","NE","11","26.07","41.8","46.0","44.0","123.2","65.2","0.0","$1","$1"
"","540","Dont'e Thornton Jr.","15.0","15.0","WR","LVR","13","34.02","32.5","27.0","36.1","144.4","65.0","0.0","$1","$1"
"","541","DJ Rogers","15.0","11.0","TE","DAL","14","103.03","38.1","0.0","44.8","125.4","65.6","0.0","$1","$1"
"","542","Van Jefferson","15.0","15.0","WR","WAS","7","43.09","37.3","43.0","41.4","128.3","64.4","0.0","$1","$1"
"","543","Colbie Young","15.0","15.0","WR","CIN","6","40.08","30.4","13.0","35.8","143.2","64.1","0.0","$1","$1"
"","544","Cyrus Allen","15.0","15.0","WR","KC","5","29.04","28.1","22.0","33.1","149.0","63.8","0.0","$1","$1"
"","545","Nate Boerkircher","15.0","11.0","TE","JAC","7","38.08","34.9","28.0","41.0","129.2","64.0","0.0","$1","$1"
"","546","Tommy Tremble","15.0","12.0","TE","CAR","5","28.07","36.1","42.0","40.1","129.1","63.7","0.0","$1","$1"
"","547","Cade Stover","15.0","12.0","TE","HOU","8","39.05","37.2","22.0","41.3","123.9","63.1","0.0","$1","$1"
"","548","Eli Raridon","15.0","12.0","TE","NE","11","27.05","35.3","26.0","41.5","124.5","63.0","0.0","$1","$1"
"","549","Jordan Watkins","15.0","15.0","WR","SF","8","41.09","27.5","8.0","30.5","146.4","61.6","0.0","$1","$1"
"","550","Eric McAlister","15.0","15.0","WR","RK","18","103.03","26.6","19.0","29.5","147.5","61.2","0.0","$1","$1"
"","551","Will Dissly","15.0","12.0","TE","UNS","18","70.07","37.8","18.0","40.6","121.8","62.2","0.0","$1","$1"
"","552","Luke Musgrave","15.0","12.0","TE","GB","11","38.06","33.3","44.0","35.1","135.1","62.1","0.0","$1","$1"
"","553","Marquez Valdes-Scantling","15.0","15.0","WR","DAL","14","45.02","28.3","18.0","37.7","128.2","60.7","0.0","$1","$1"
"","554","Elijah Higgins","15.0","12.0","TE","ARI","14","31.06","39.7","35.0","41.8","117.0","61.9","0.0","$1","$1"
"","555","JuJu Smith-Schuster","15.0","15.0","WR","NYG","8","31.09","26.7","15.0","35.6","129.9","59.7","0.0","$1","$1"
"","556","Devontez Walker","15.0","15.0","WR","BAL","13","31.05","28.2","31.0","32.1","134.8","59.4","0.0","$1","$1"
"","557","Kevin Coleman Jr.","15.0","15.0","WR","MIA","6","51.10","28.7","40.0","31.9","134.0","59.2","0.0","$1","$1"
"","558","John Metchie","15.0","15.0","WR","CAR","5","44.05","35.2","67.0","36.3","119.8","58.9","0.0","$1","$1"
"","559","Tai Felton","15.0","15.0","WR","MIN","6","38.01","36.3","19.0","38.2","114.6","58.7","0.0","$1","$1"
"","560","Charlie Kolar","15.0","12.0","TE","LAC","7","55.01","41.2","38.0","48.5","97.0","60.4","0.0","$1","$1"
"","561","Daniel Bellinger","15.0","12.0","TE","TEN","9","64.01","36.8","37.0","40.0","116.0","60.2","0.0","$1","$1"
"","562","KeAndre Lambert-Smith","15.0","15.0","WR","LAC","7","50.03","29.2","30.0","32.4","129.6","58.3","0.0","$1","$1"
"","563","Odell Beckham Jr.","15.0","15.0","WR","NYG","8","21.01","25.0","16.0","31.2","134.2","58.2","0.0","$1","$1"
"","564","Arian Smith","15.0","15.0","WR","NYJ","13","41.02","25.0","8.0","27.8","139.0","57.6","0.0","$1","$1"
"","565","Greg Dortch","15.0","15.0","WR","DET","6","39.02","39.4","23.0","42.4","99.6","57.5","0.0","$1","$1"
"","566","Mitchell Tinsley","15.0","15.0","WR","CIN","6","32.10","24.8","31.0","27.6","138.0","57.2","0.0","$1","$1"
"","567","Jackson Hawes","15.0","12.0","TE","BUF","7","33.03","25.6","31.0","28.4","142.0","58.9","0.0","$1","$1"
"","568","Jake Tonges","15.0","12.0","TE","SF","8","99.06","36.7","51.0","41.7","106.3","58.4","0.0","$1","$1"
"","569","Tanner Koziol","15.0","12.0","TE","JAC","7","57.08","27.2","19.0","32.0","131.2","58.2","0.0","$1","$1"
"","570","Jonathan Mingo","15.0","15.0","WR","DAL","14","60.05","27.9","11.0","32.1","122.0","55.9","0.0","$1","$1"
"","571","Konata Mumpfield","15.0","15.0","WR","LAR","11","33.05","25.2","35.0","26.5","132.5","55.2","0.0","$1","$1"
"","572","Malik Benson","15.0","15.0","WR","LVR","13","53.05","25.8","11.0","30.4","121.6","54.4","0.0","$1","$1"
"","573","Theo Wease Jr.","15.0","15.0","WR","MIA","6","81.08","22.0","73.0","25.9","129.5","53.5","0.0","$1","$1"
"","574","Ja'Lynn Polk","15.0","15.0","WR","NO","8","48.10","23.9","5.0","29.9","119.6","53.3","0.0","$1","$1"
"","575","Sam Roush","15.0","12.0","TE","CHI","10","32.04","31.5","16.0","35.4","111.5","55.5","0.0","$1","$1"
"","576","Jalin Hyatt","15.0","15.0","WR","NYG","8","59.04","21.3","5.0","23.7","130.4","52.4","0.0","$1","$1"
"","577","Tanner Hudson","15.0","12.0","TE","CIN","6","39.09","30.8","29.0","34.2","109.4","54.1","0.0","$1","$1"
"","578","K.J. Osborn","15.0","15.0","WR","TEN","9","61.05","27.6","0.0","33.6","94.1","49.0","0.0","$1","$1"
"","579","CJ Daniels","15.0","15.0","WR","LAR","11","24.09","22.3","32.0","25.3","113.9","48.9","0.0","$1","$1"
"","580","Josh Oliver","15.0","13.0","TE","MIN","6","69.03","30.2","44.0","31.8","104.9","51.5","0.0","$1","$1"
"","581","Brevyn Spann-Ford","15.0","13.0","TE","DAL","14","31.04","26.8","15.0","28.2","112.8","51.0","0.0","$1","$1"
"","582","Malachi Corley","15.0","15.0","WR","CLE","11","49.05","19.6","13.0","21.8","113.4","46.4","0.0","$1","$1"
"","583","Jeff Caldwell","15.0","15.0","WR","KC","5","103.03","18.1","0.0","21.3","114.8","46.2","0.0","$1","$1"
"","584","Matthew Hibner","15.0","13.0","TE","BAL","13","45.09","23.7","17.0","27.9","111.6","50.0","0.0","$1","$1"
"","585","Xavier Restrepo","15.0","15.0","WR","TEN","9","51.09","18.6","9.0","20.7","113.9","45.7","0.0","$1","$1"
"","586","Josh Cameron","15.0","15.0","WR","JAC","7","61.02","20.8","21.0","23.6","106.2","45.6","0.0","$1","$1"
"","587","Will Kacmarek","15.0","13.0","TE","MIA","6","36.10","26.5","39.0","27.9","108.8","49.7","0.0","$1","$1"
"","588","Tyler Conklin","15.0","13.0","TE","DET","6","67.10","30.2","10.0","31.8","98.6","49.7","0.0","$1","$1"
"","589","Adam Trautman","15.0","13.0","TE","DEN","10","27.02","28.9","34.0","36.1","90.3","49.6","0.0","$1","$1"
"","590","Davis Allen","15.0","13.0","TE","LAR","11","49.03","25.7","27.0","28.6","107.3","49.5","0.0","$1","$1"
"","591","Deion Burks","15.0","15.0","WR","IND","13","52.03","18.6","40.0","22.7","107.8","45.2","0.0","$1","$1"
"","592","Drew Sample","15.0","13.0","TE","CIN","6","30.06","25.8","30.0","27.2","108.8","49.2","0.0","$1","$1"
"","593","Marlin Klein","15.0","13.0","TE","HOU","8","67.07","28.2","35.0","32.0","96.0","48.8","0.0","$1","$1"
"","594","Luke Schoonmaker","15.0","13.0","TE","DAL","14","28.01","25.6","24.0","26.9","107.6","48.7","0.0","$1","$1"
"","595","Dominic Lovett","15.0","15.0","WR","DET","6","78.10","18.0","0.0","21.2","108.1","44.3","0.0","$1","$1"
"","596","David Sills V","15.0","15.0","WR","TB","10","75.07","20.1","13.0","21.2","106.0","44.1","0.0","$1","$1"
"","597","Derius Davis","15.0","15.0","WR","LAC","7","57.03","28.4","10.0","29.9","77.7","42.7","0.0","$1","$1"
"","598","Tim Patrick","15.0","15.0","WR","NYJ","13","82.07","24.9","17.0","28.0","84.0","42.7","0.0","$1","$1"
"","599","Joe Royer","15.0","13.0","TE","CLE","11","34.01","22.4","19.0","26.3","105.2","47.1","0.0","$1","$1"
"","600","Brock Wright","15.0","13.0","TE","DET","6","29.01","29.1","44.0","30.6","91.8","47.0","0.0","$1","$1"
"","601","Bub Means","15.0","15.0","WR","NO","8","72.09","19.8","37.0","20.8","99.8","42.2","0.0","$1","$1"
"","602","Casey Washington","15.0","15.0","WR","ATL","11","82.08","18.0","20.0","20.0","98.0","40.9","0.0","$1","$1"
"","603","Mecole Hardman","15.0","15.0","WR","BUF","7","76.06","15.8","5.0","19.8","99.0","40.7","0.0","$1","$1"
"","604","Isaiah Williams","15.0","15.0","WR","NYJ","13","58.10","24.1","19.0","25.4","81.3","40.4","0.0","$1","$1"
"","605","Emmanuel Henderson Jr.","15.0","15.0","WR","SEA","11","66.05","16.2","6.0","19.0","95.0","39.2","0.0","$1","$1"
"","606","Jacob Cowing","15.0","15.0","WR","SF","8","59.03","24.5","5.0","25.8","74.8","38.9","0.0","$1","$1"
"","607","Quez Watkins","15.0","15.0","WR","PHI","10","41.03","15.8","0.0","18.6","93.0","38.4","0.0","$1","$1"
"","608","Josh Cuevas","15.0","13.0","TE","BAL","13","68.05","18.8","14.0","21.4","104.9","43.7","0.0","$1","$1"
"","609","Riley Nowakowski","15.0","13.0","TE","PIT","9","41.01","19.6","19.0","22.3","100.4","43.1","0.0","$1","$1"
"","610","Luke Farrell","15.0","13.0","TE","SF","8","32.06","18.6","13.0","20.7","103.5","42.9","0.0","$1","$1"
"","611","Barion Brown","15.0","15.0","WR","NO","8","46.04","21.5","21.0","23.9","74.1","37.2","0.0","$1","$1"
"","612","Johnny Wilson","15.0","15.0","WR","PHI","10","75.09","16.4","5.0","20.5","82.0","36.5","0.0","$1","$1"
"","613","Tahj Washington","15.0","15.0","WR","MIA","6","33.01","14.8","0.0","16.4","90.2","36.2","0.0","$1","$1"
"","614","Harrison Wallace III","15.0","15.0","WR","ARI","14","103.03","14.8","0.0","16.4","90.2","36.2","0.0","$1","$1"
"","615","Devin Culp","15.0","13.0","TE","TB","10","83.01","19.4","11.0","21.6","97.2","41.8","0.0","$1","$1"
"","616","Kevin Austin Jr.","15.0","15.0","WR","NO","8","58.08","18.2","19.0","20.2","78.8","35.8","0.0","$1","$1"
"","617","Darius Cooper","15.0","15.0","WR","PHI","10","61.04","18.3","12.0","19.3","77.2","34.9","0.0","$1","$1"
"","618","Eric Rivers","15.0","15.0","WR","TB","10","103.03","14.8","14.0","16.4","85.3","34.9","0.0","$1","$1"
"","619","Jordan Hudson","15.0","15.0","WR","DAL","14","103.03","15.2","0.0","16.9","82.8","34.6","0.0","$1","$1"
"","620","Anthony Smith","15.0","15.0","WR","DAL","14","87.08","14.5","5.0","17.1","80.4","33.9","0.0","$1","$1"
"","621","Charlie Jones","15.0","15.0","WR","CIN","6","41.07","15.7","5.0","18.5","73.6","33.0","0.0","$1","$1"
"","622","Will Mallory","15.0","14.0","TE","IND","13","76.01","17.2","17.0","19.1","93.6","39.1","0.0","$1","$1"
"","623","Kaden Wetjen","15.0","15.0","WR","PIT","9","73.01","21.6","7.0","25.4","53.6","32.4","0.0","$1","$1"
"","624","Mason Tipton","15.0","15.0","WR","NO","8","46.05","17.1","15.0","19.0","68.4","32.1","0.0","$1","$1"
"","625","Lewis Bond","15.0","15.0","WR","HOU","8","64.08","14.3","5.0","15.9","76.3","32.1","0.0","$1","$1"
"","626","Tip Reiman","15.0","14.0","TE","ARI","14","59.05","16.7","15.0","18.5","92.5","38.4","0.0","$1","$1"
"","627","J. Michael Sturdivant","15.0","15.0","WR","GB","11","103.03","14.2","0.0","15.8","74.3","31.5","0.0","$1","$1"
"","628","CJ Williams","15.0","15.0","WR","JAC","7","68.06","13.9","0.0","16.3","73.4","31.4","0.0","$1","$1"
"","629","Jared Wiley","15.0","14.0","TE","KC","5","81.03","18.6","15.0","19.6","88.2","38.1","0.0","$1","$1"
"","630","Thomas Fidone II","15.0","14.0","TE","NYG","8","79.01","13.1","26.0","14.5","101.5","38.0","0.0","$1","$1"
"","631","John Bates","15.0","14.0","TE","WAS","7","34.10","18.2","30.0","20.2","86.9","38.0","0.0","$1","$1"
"","632","Efton Chism","15.0","15.0","WR","NE","11","31.08","15.6","17.0","16.4","67.2","30.1","0.0","$1","$1"
"","633","Jake Briningstool","15.0","14.0","TE","KC","5","103.03","12.7","5.0","14.1","98.7","36.9","0.0","$1","$1"
"","634","Jack Endries","15.0","14.0","TE","CIN","6","43.07","19.0","22.0","22.3","78.1","36.9","0.0","$1","$1"
"","635","Michael Trigg","15.0","14.0","TE","DAL","14","27.08","17.4","22.0","21.7","76.0","35.7","0.0","$1","$1"
"","636","Anthony Gould","15.0","15.0","WR","IND","13","68.09","14.0","10.0","15.6","60.8","27.6","0.0","$1","$1"
"","637","Bauer Sharp","15.0","14.0","TE","TB","10","67.03","15.9","5.0","17.9","80.6","34.6","0.0","$1","$1"
"","638","Aaron Anderson","15.0","15.0","WR","CLE","11","103.03","10.6","18.0","11.8","65.5","26.2","0.0","$1","$1"
"","639","Charlie Woerner","15.0","14.0","TE","ATL","11","46.07","16.4","18.0","18.2","72.8","32.8","0.0","$1","$1"
"","640","Vinny Anthony II","15.0","15.0","WR","ATL","11","103.03","10.7","0.0","11.9","60.1","24.8","0.0","$1","$1"
"","641","Seydou Traore","15.0","14.0","TE","MIA","6","55.09","13.3","17.0","15.7","78.5","32.4","0.0","$1","$1"
"","642","Payne Durham","15.0","14.0","TE","TB","10","30.07","16.0","13.0","16.5","72.6","31.7","0.0","$1","$1"
"","643","Dallen Bentley","15.0","14.0","TE","DEN","10","80.08","14.0","5.0","16.5","71.0","30.9","0.0","$1","$1"
"","644","Jeremy Ruckert","15.0","15.0","TE","NYJ","13","40.06","16.5","18.0","17.4","60.9","29.1","0.0","$1","$1"
"","645","RJ Maryland","15.0","15.0","TE","GB","11","103.03","12.8","0.0","15.0","67.5","28.9","0.0","$1","$1"
"","646","John Michael Gyllenborg","15.0","15.0","TE","KC","5","103.03","12.6","18.0","14.8","66.6","28.5","0.0","$1","$1"
"","647","Hunter Long","15.0","15.0","TE","JAC","7","78.09","12.0","17.0","13.3","69.2","28.3","0.0","$1","$1"
"","648","Johnny Mundt","15.0","15.0","TE","PHI","10","78.02","15.2","8.0","17.9","57.3","28.2","0.0","$1","$1"
"","649","Carsen Ryan","15.0","15.0","TE","CLE","11","53.09","11.1","5.0","13.9","62.6","26.7","0.0","$1","$1"
"","650","Grant Calcaterra","15.0","15.0","TE","PHI","10","30.05","16.8","18.0","19.1","47.8","26.5","0.0","$1","$1"
"","651","Jaren Kanak","15.0","15.0","TE","TEN","9","60.03","11.7","18.0","13.8","55.2","24.7","0.0","$1","$1"
"","652","Mo Alie-Cox","15.0","15.0","TE","IND","13","45.08","23.0","19.0","23.0","23.0","23.0","0.0","$1","$1"
"","653","Max Tomczak","15.0","15.0","WR","BUF","7","103.03","4.7","0.0","5.2","26.0","10.8","0.0","$1","$1"
"","654","Tyrell Shavers","15.0","15.0","WR","BUF","7","72.06","4.9","15.0","5.2","25.5","10.7","0.0","$1","$1"
"","655","Tyren Montgomery","15.0","15.0","WR","TEN","9","103.03","4.7","0.0","5.2","25.0","10.5","0.0","$1","$1"
"","656","Noah Thomas","15.0","15.0","WR","CIN","6","103.03","4.7","29.0","5.2","24.7","10.4","0.0","$1","$1"
"","657","Caullin Lacy","15.0","15.0","WR","NYJ","13","103.03","4.7","0.0","5.2","19.8","9.1","0.0","$1","$1"
"","658","Chris Hilton Jr.","15.0","15.0","WR","WAS","7","103.03","4.7","0.0","5.2","19.8","9.1","0.0","$1","$1"
"","659","Kendrick Law","15.0","15.0","WR","DET","6","65.05","4.6","5.0","5.2","18.5","8.7","0.0","$1","$1"
"","660","Joshua Karty","15.0","7.0","K","ARI","14","50.07","63.4","0.0","64.0","89.6","70.9","0.0","$1","$1"
"","661","Spencer Shrader","15.0","7.0","K","IND","13","25.06","62.7","59.0","64.0","86.4","69.9","0.0","$1","$1"
"","662","Andrew 'Drew' Ogletree","15.0","15.0","TE","IND","13","57.02","17.7","9.0","17.7","17.7","17.7","0.0","$1","$1"
"","663","Skyy Moore","15.0","15.0","WR","GB","11","38.04","0.0","6.0","5.2","7.3","5.9","0.0","$1","$1"
"","664","Dareke Young","15.0","15.0","WR","LVR","13","79.07","0.0","8.0","5.2","6.8","5.7","0.0","$1","$1"
"","665","Xavier Smith","15.0","15.0","WR","LAR","11","32.03","0.0","18.0","5.2","6.8","5.7","0.0","$1","$1"
"","666","Braxton Berrios","15.0","15.0","WR","NYG","8","30.03","0.0","5.0","5.2","6.4","5.6","0.0","$1","$1"
"","667","Britain Covey","15.0","15.0","WR","PHI","10","57.10","0.0","5.0","5.2","6.4","5.6","0.0","$1","$1"
"","668","Chase Roberts","15.0","15.0","WR","LVR","13","103.03","5.2","8.0","5.2","5.2","5.2","0.0","$1","$1"
"","669","Jalen Walthall","15.0","15.0","WR","HOU","8","103.03","5.2","0.0","5.2","5.2","5.2","0.0","$1","$1"
"","670","Donaven McCulley","15.0","15.0","WR","MIA","6","103.03","5.2","0.0","5.2","5.2","5.2","0.0","$1","$1"
"","671","Gage Larvadain","15.0","15.0","WR","CLE","11","82.09","5.2","6.0","5.2","5.2","5.2","0.0","$1","$1"
"","672","Nikko Remigio","15.0","15.0","WR","KC","5","57.05","1.3","7.0","5.2","7.3","5.1","0.0","$1","$1"
"","673","Myles Price","15.0","15.0","WR","MIN","6","61.08","1.6","5.0","5.2","6.8","5.0","0.0","$1","$1"
"","674","Kameron Johnson","15.0","15.0","WR","TB","10","37.06","0.5","9.0","5.2","7.3","4.9","0.0","$1","$1"
"","675","LaJohntay Wester","15.0","15.0","WR","BAL","13","44.07","0.5","6.0","5.2","7.3","4.9","0.0","$1","$1"
"","676","Devin Duvernay","15.0","15.0","WR","ARI","14","46.01","0.5","7.0","5.2","6.8","4.8","0.0","$1","$1"
"","677","Durham Smythe","15.0","15.0","TE","BAL","13","29.09","14.1","18.0","14.1","14.1","14.1","0.0","$1","$1"
"","678","Brandin Cooks","15.0","15.0","WR","BUF","7","90.06","0.0","15.0","0.0","0.0","0.0","0.0","$1","$1"
"","679","Robert Woods","15.0","15.0","WR","UNS","18","88.04","0.0","0.0","0.0","0.0","0.0","0.0","$1","$1"
"","680","Adam Thielen","15.0","15.0","WR","UNS","18","89.09","0.0","0.0","0.0","0.0","0.0","0.0","$1","$1"
"","681","Robbie Chosen","15.0","15.0","WR","UNS","18","91.02","0.0","0.0","0.0","0.0","0.0","0.0","$1","$1"
"","682","Zay Jones","15.0","15.0","WR","UNS","18","56.02","0.0","0.0","0.0","0.0","0.0","0.0","$1","$1"
"","683","Josh Reynolds","15.0","15.0","WR","UNS","18","74.09","0.0","3.0","0.0","0.0","0.0","0.0","$1","$1"
"","684","Alex Erickson","15.0","15.0","WR","LAC","7","89.03","0.0","0.0","0.0","0.0","0.0","0.0","$1","$1"
"","685","Tyler Boyd","15.0","15.0","WR","UNS","18","68.07","0.0","0.0","0.0","0.0","0.0","0.0","$1","$1"
"","686","Jamison Crowder","15.0","15.0","WR","WAS","7","90.08","0.0","0.0","0.0","0.0","0.0","0.0","$1","$1"
"","687","Nelson Agholor","15.0","15.0","WR","UNS","18","89.05","0.0","0.0","0.0","0.0","0.0","0.0","$1","$1"
"","688","Allen Robinson","15.0","15.0","WR","DET","6","90.10","0.0","0.0","0.0","0.0","0.0","0.0","$1","$1"
"","689","Diontae Johnson","15.0","15.0","WR","UNS","18","79.09","0.0","0.0","0.0","0.0","0.0","0.0","$1","$1"
"","690","Lil'Jordan Humphrey","15.0","15.0","WR","DEN","10","31.01","0.0","9.0","0.0","0.0","0.0","0.0","$1","$1"
"","691","Stanley Morgan","15.0","15.0","WR","CIN","6","103.03","0.0","0.0","0.0","0.0","0.0","0.0","$1","$1"
"","692","Scott 'Scotty' Miller","15.0","15.0","WR","UNS","18","47.08","0.0","0.0","0.0","0.0","0.0","0.0","$1","$1"
"","693","Justin Watson","15.0","15.0","WR","HOU","8","68.04","0.0","4.0","0.0","0.0","0.0","0.0","$1","$1"
"","694","Ray-Ray McCloud","15.0","15.0","WR","NYG","8","81.04","0.0","0.0","0.0","0.0","0.0","0.0","$1","$1"
"","695","Zach Pascal","15.0","15.0","WR","UNS","18","74.05","0.0","0.0","0.0","0.0","0.0","0.0","$1","$1"
"","696","Trent Sherfield","15.0","15.0","WR","BUF","7","62.03","0.0","2.0","0.0","0.0","0.0","0.0","$1","$1"
"","697","Hakeem Butler","15.0","15.0","WR","CIN","6","103.03","0.0","0.0","0.0","0.0","0.0","0.0","$1","$1"
"","698","Cedrick 'Ced' Wilson","15.0","15.0","WR","MIA","6","42.07","0.0","0.0","0.0","0.0","0.0","0.0","$1","$1"
"","699","Dante Pettis","15.0","15.0","WR","NO","8","56.01","0.0","3.0","0.0","0.0","0.0","0.0","$1","$1"
"","700","Allen Lazard","15.0","15.0","WR","UNS","18","62.07","0.0","2.0","0.0","0.0","0.0","0.0","$1","$1"
"","701","Tre'Quan Smith","15.0","15.0","WR","DET","6","103.03","0.0","0.0","0.0","0.0","0.0","0.0","$1","$1"
"","702","D.J. Chark Jr.","15.0","15.0","WR","UNS","18","90.07","0.0","0.0","0.0","0.0","0.0","0.0","$1","$1"
"","703","Equanimeous St. Brown","15.0","15.0","WR","SF","8","74.10","0.0","0.0","0.0","0.0","0.0","0.0","$1","$1"
"","704","Michael Gallup","15.0","15.0","WR","UNS","18","103.03","0.0","0.0","0.0","0.0","0.0","0.0","$1","$1"
"","705","Anthony Miller","15.0","15.0","WR","BAL","13","49.08","0.0","0.0","0.0","0.0","0.0","0.0","$1","$1"
"","706","David Moore","15.0","15.0","WR","CAR","5","73.09","0.0","2.0","0.0","0.0","0.0","0.0","$1","$1"
"","707","Velus Jones","15.0","15.0","RB","NO","8","84.08","0.0","0.0","0.0","0.0","0.0","0.0","$1","$1"
"","708","Danny Gray","15.0","15.0","WR","UNS","18","65.07","0.0","0.0","0.0","0.0","0.0","0.0","$1","$1"
"","709","Erik Ezukanma","15.0","15.0","WR","UNS","18","70.09","0.0","0.0","0.0","0.0","0.0","0.0","$1","$1"
"","710","Kyle Philips","15.0","15.0","WR","LVR","13","103.03","0.0","0.0","0.0","0.0","0.0","0.0","$1","$1"
"","711","Irvin Charles","15.0","15.0","WR","NYJ","13","65.03","0.0","0.0","0.0","0.0","0.0","0.0","$1","$1"
"","712","Brandon Johnson","15.0","15.0","WR","UNS","18","59.07","0.0","0.0","0.0","0.0","0.0","0.0","$1","$1"
"","713","Chris Moore","15.0","15.0","WR","UNS","18","90.05","0.0","3.0","0.0","0.0","0.0","0.0","$1","$1"
"","714","Samori Toure","15.0","15.0","WR","UNS","18","35.05","0.0","0.0","0.0","0.0","0.0","0.0","$1","$1"
"","715","Bo Melton","15.0","15.0","CB","GB","11","103.03","0.0","15.0","0.0","0.0","0.0","0.0","$1","$1"
"","716","Trey Palmer","15.0","15.0","WR","NO","8","28.09","0.0","0.0","0.0","0.0","0.0","0.0","$1","$1"
"","717","Justin Shorter","15.0","15.0","WR","UNS","18","85.02","0.0","0.0","0.0","0.0","0.0","0.0","$1","$1"
"","718","Ronnie Bell","15.0","15.0","WR","NO","8","65.02","0.0","0.0","0.0","0.0","0.0","0.0","$1","$1"
"","719","Jalen Moreno-Cropper","15.0","15.0","WR","UNS","18","63.03","0.0","0.0","0.0","0.0","0.0","0.0","$1","$1"
"","720","Jake Bobo","15.0","15.0","WR","SEA","11","28.05","0.0","2.0","0.0","0.0","0.0","0.0","$1","$1"
"","721","Tyler Scott","15.0","15.0","WR","LAR","11","62.04","0.0","0.0","0.0","0.0","0.0","0.0","$1","$1"
"","722","Rakim Jarrett","15.0","15.0","WR","UNS","18","84.10","0.0","0.0","0.0","0.0","0.0","0.0","$1","$1"
"","723","A.T. Perry","15.0","15.0","WR","UNS","18","30.04","0.0","0.0","0.0","0.0","0.0","0.0","$1","$1"
"","724","Kadarius Toney","15.0","15.0","WR","UNS","18","85.07","0.0","0.0","0.0","0.0","0.0","0.0","$1","$1"
"","725","Terrace Marshall","15.0","15.0","WR","MIA","6","30.10","0.0","0.0","0.0","0.0","0.0","0.0","$1","$1"
"","726","Elijah Moore","15.0","15.0","WR","PHI","10","70.08","0.0","0.0","0.0","0.0","0.0","0.0","$1","$1"
"","727","Tylan Wallace","15.0","15.0","WR","CLE","11","32.09","0.0","5.0","0.0","0.0","0.0","0.0","$1","$1"
"","728","D'Wayne 'Dee' Eskridge","15.0","15.0","WR","MIA","6","73.03","0.0","3.0","0.0","0.0","0.0","0.0","$1","$1"
"","729","Simi Fehoko","15.0","15.0","WR","ARI","14","59.10","0.0","0.0","0.0","0.0","0.0","0.0","$1","$1"
"","730","Ihmir Smith-Marsette","15.0","15.0","WR","UNS","18","50.08","0.0","0.0","0.0","0.0","0.0","0.0","$1","$1"
"","731","Frank Darby","15.0","15.0","WR","ATL","11","103.03","0.0","0.0","0.0","0.0","0.0","0.0","$1","$1"
"","732","Mike Strachan","15.0","15.0","WR","CAR","5","103.03","0.0","0.0","0.0","0.0","0.0","0.0","$1","$1"
"","733","Justyn Ross","15.0","15.0","WR","UNS","18","71.03","0.0","0.0","0.0","0.0","0.0","0.0","$1","$1"
"","734","DeAndre Carter","15.0","15.0","WR","CLE","11","88.09","0.0","0.0","0.0","0.0","0.0","0.0","$1","$1"
"","735","Brandon Powell","15.0","15.0","WR","MIN","6","73.04","0.0","0.0","0.0","0.0","0.0","0.0","$1","$1"
"","736","Tim Jones","15.0","15.0","WR","MIN","6","67.06","0.0","0.0","0.0","0.0","0.0","0.0","$1","$1"
"","737","Trenton Irwin","15.0","15.0","WR","UNS","18","86.03","0.0","0.0","0.0","0.0","0.0","0.0","$1","$1"
"","738","D.J. Montgomery","15.0","15.0","WR","IND","13","64.10","0.0","0.0","0.0","0.0","0.0","0.0","$1","$1"
"","739","Ben Skowronek","15.0","15.0","WR","PIT","9","39.10","0.0","5.0","0.0","0.0","0.0","0.0","$1","$1"
"","740","Austin Watkins Jr.","15.0","15.0","WR","CLE","11","103.03","0.0","0.0","0.0","0.0","0.0","0.0","$1","$1"
"","741","Austin Trammell","15.0","15.0","WR","JAC","7","31.10","0.0","0.0","0.0","0.0","0.0","0.0","$1","$1"
"","742","Kristian Wilkerson","15.0","15.0","WR","UNS","18","78.06","0.0","0.0","0.0","0.0","0.0","0.0","$1","$1"
"","743","KhaDarel Hodge","15.0","15.0","WR","ATL","11","76.07","0.0","0.0","0.0","0.0","0.0","0.0","$1","$1"
"","744","Deonte Harty","15.0","15.0","WR","BAL","13","69.10","0.0","0.0","0.0","0.0","0.0","0.0","$1","$1"
"","745","Cam Sims","15.0","15.0","WR","LVR","13","103.03","0.0","0.0","0.0","0.0","0.0","0.0","$1","$1"
"","746","Jalen Guyton","15.0","15.0","WR","LVR","13","103.03","0.0","0.0","0.0","0.0","0.0","0.0","$1","$1"
"","747","Malik Taylor","15.0","15.0","WR","UNS","18","103.03","0.0","0.0","0.0","0.0","0.0","0.0","$1","$1"
"","748","Jamal Agnew","15.0","15.0","WR","ATL","11","69.06","0.0","0.0","0.0","0.0","0.0","0.0","$1","$1"
"","749","Tyron Johnson","15.0","15.0","WR","SF","8","103.03","0.0","0.0","0.0","0.0","0.0","0.0","$1","$1"
"","750","Tyler Johnson","15.0","15.0","WR","NYJ","13","90.04","0.0","2.0","0.0","0.0","0.0","0.0","$1","$1"
"","751","Lynn Bowden","15.0","15.0","WR","UNS","18","103.03","0.0","0.0","0.0","0.0","0.0","0.0","$1","$1"
"","752","Laviska Shenault","15.0","15.0","WR","UNS","18","66.08","0.0","0.0","0.0","0.0","0.0","0.0","$1","$1"
"","753","K.J. Hamler","15.0","15.0","WR","UNS","18","103.03","0.0","0.0","0.0","0.0","0.0","0.0","$1","$1"
"","754","James Proche","15.0","15.0","WR","TEN","9","76.08","0.0","1.0","0.0","0.0","0.0","0.0","$1","$1"
"","755","Gabriel 'Gabe' Davis","15.0","15.0","WR","BUF","7","71.01","0.0","0.0","0.0","0.0","0.0","0.0","$1","$1"
"","756","Isaiah Hodgins","15.0","15.0","WR","NYG","8","83.08","0.0","6.0","0.0","0.0","0.0","0.0","$1","$1"
"","757","Marquez Callaway","15.0","15.0","WR","UNS","18","78.08","0.0","0.0","0.0","0.0","0.0","0.0","$1","$1"
"","758","Jalen Reagor","15.0","15.0","WR","UNS","18","58.07","0.0","0.0","0.0","0.0","0.0","0.0","$1","$1"
"","759","Chase Claypool","15.0","15.0","WR","UNS","18","103.03","0.0","0.0","0.0","0.0","0.0","0.0","$1","$1"
"","760","Donovan Peoples-Jones","15.0","15.0","WR","UNS","18","103.03","0.0","0.0","0.0","0.0","0.0","0.0","$1","$1"
"","761","Lideatrick Griffin","15.0","15.0","WR","GB","11","103.03","0.0","0.0","0.0","0.0","0.0","0.0","$1","$1"
"","762","Jared Wayne","15.0","15.0","WR","UNS","18","61.03","0.0","0.0","0.0","0.0","0.0","0.0","$1","$1"
"","763","Nick Nash","15.0","15.0","WR","UNS","18","83.10","0.0","0.0","0.0","0.0","0.0","0.0","$1","$1"
"","764","Ricky White","15.0","15.0","WR","SEA","11","65.04","0.0","1.0","0.0","0.0","0.0","0.0","$1","$1"
"","765","Daniel Jackson","15.0","15.0","WR","HOU","8","103.03","0.0","0.0","0.0","0.0","0.0","0.0","$1","$1"
"","766","Josh Kelly","15.0","15.0","WR","DAL","14","103.03","0.0","0.0","0.0","0.0","0.0","0.0","$1","$1"
"","767","Traeshon Holden","15.0","15.0","WR","DAL","14","103.03","0.0","0.0","0.0","0.0","0.0","0.0","$1","$1"
"","768","Roc Taylor","15.0","15.0","WR","PIT","9","103.03","0.0","0.0","0.0","0.0","0.0","0.0","$1","$1"
"","769","Isaiah Neyor","15.0","15.0","WR","GB","11","74.01","0.0","0.0","0.0","0.0","0.0","0.0","$1","$1"
"","770","Ja'Corey Brooks","15.0","15.0","WR","WAS","7","42.06","0.0","0.0","0.0","0.0","0.0","0.0","$1","$1"
"","771","Samuel Brown","15.0","15.0","WR","RK","18","103.03","0.0","0.0","0.0","0.0","0.0","0.0","$1","$1"
"","772","Elijhah Badger","15.0","15.0","WR","UNS","18","103.03","0.0","0.0","0.0","0.0","0.0","0.0","$1","$1"
"","773","Jacolby George","15.0","15.0","WR","CAR","5","103.03","0.0","0.0","0.0","0.0","0.0","0.0","$1","$1"
"","774","Beaux Collins","15.0","15.0","WR","NYG","8","86.10","0.0","0.0","0.0","0.0","0.0","0.0","$1","$1"
"","775","Andrew Armstrong","15.0","15.0","WR","UNS","18","103.03","0.0","0.0","0.0","0.0","0.0","0.0","$1","$1"
"","776","Junior Bergen","15.0","15.0","WR","SF","8","50.10","0.0","0.0","0.0","0.0","0.0","0.0","$1","$1"
"","777","Cole Burgess","15.0","15.0","WR","CIN","6","103.03","0.0","0.0","0.0","0.0","0.0","0.0","$1","$1"
"","778","Will Sheppard","15.0","15.0","WR","TB","10","103.03","0.0","0.0","0.0","0.0","0.0","0.0","$1","$1"
"","779","Brycen Tremayne","15.0","15.0","WR","CAR","5","60.02","0.0","0.0","0.0","0.0","0.0","0.0","$1","$1"
"","780","Gunner Olszewski","15.0","15.0","WR","NYG","8","33.04","0.0","0.0","0.0","0.0","0.0","0.0","$1","$1"
"","781","Xavier Johnson","15.0","15.0","WR","HOU","8","103.03","0.0","0.0","0.0","0.0","0.0","0.0","$1","$1"
"","782","Tejhaun Palmer","15.0","15.0","WR","ARI","14","53.04","0.0","0.0","0.0","0.0","0.0","0.0","$1","$1"
"","783","Terique Owens","15.0","15.0","WR","SF","8","103.03","0.0","0.0","0.0","0.0","0.0","0.0","$1","$1"
"","784","Dane Key","15.0","15.0","WR","DEN","10","103.03","0.0","3.0","0.0","0.0","0.0","0.0","$1","$1"
"","785","Will Pauling","15.0","15.0","WR","SF","8","103.03","0.0","0.0","0.0","0.0","0.0","0.0","$1","$1"
"","786","Jahdae Walker","15.0","15.0","WR","CHI","10","25.04","0.0","31.0","0.0","0.0","0.0","0.0","$1","$1"
"","787","Dillon Bell","15.0","15.0","WR","MIN","6","103.03","0.0","0.0","0.0","0.0","0.0","0.0","$1","$1"
"","788","Tom Kennedy","15.0","15.0","WR","DET","6","36.06","0.0","0.0","0.0","0.0","0.0","0.0","$1","$1"
"","789","Dylan Drummond","15.0","15.0","WR","ATL","11","34.08","0.0","0.0","0.0","0.0","0.0","0.0","$1","$1"
"","790","Mason Kinsey","15.0","15.0","WR","TEN","9","70.06","0.0","0.0","0.0","0.0","0.0","0.0","$1","$1"
"","791","Andre Baccellia","15.0","15.0","WR","UNS","18","36.07","0.0","0.0","0.0","0.0","0.0","0.0","$1","$1"
"","792","Cody White","15.0","15.0","WR","SEA","11","39.04","0.0","0.0","0.0","0.0","0.0","0.0","$1","$1"
"","793","Bryce Ford-Wheaton","15.0","15.0","WR","NYG","8","55.08","0.0","0.0","0.0","0.0","0.0","0.0","$1","$1"
"","794","Kwamie Lassiter II","15.0","15.0","WR","CIN","6","103.03","0.0","0.0","0.0","0.0","0.0","0.0","$1","$1"
"","795","Dax Milne","15.0","15.0","WR","UNS","18","103.03","0.0","0.0","0.0","0.0","0.0","0.0","$1","$1"
"","796","Steven Sims","15.0","15.0","WR","SEA","11","71.08","0.0","0.0","0.0","0.0","0.0","0.0","$1","$1"
"","797","Jha'Quan Jackson","15.0","15.0","WR","UNS","18","70.01","0.0","0.0","0.0","0.0","0.0","0.0","$1","$1"
"","798","DJ Turner","15.0","15.0","WR","LVR","13","66.03","0.0","0.0","0.0","0.0","0.0","0.0","$1","$1"
"","799","Xavier Weaver","15.0","15.0","WR","ARI","14","84.05","0.0","0.0","0.0","0.0","0.0","0.0","$1","$1"
"","800","Bryce Oliver","15.0","15.0","WR","TEN","9","74.07","0.0","2.0","0.0","0.0","0.0","0.0","$1","$1"
"","801","Jalen Virgil","15.0","15.0","WR","UNS","18","69.09","0.0","0.0","0.0","0.0","0.0","0.0","$1","$1"
"","802","Ramel Keyton","15.0","15.0","WR","LVR","13","60.08","0.0","0.0","0.0","0.0","0.0","0.0","$1","$1"
"","803","Ryan Miller","15.0","15.0","WR","TB","10","84.09","0.0","0.0","0.0","0.0","0.0","0.0","$1","$1"
"","804","Alex Bachman","15.0","15.0","WR","LVR","13","54.02","0.0","0.0","0.0","0.0","0.0","0.0","$1","$1"
"","805","Grant DuBose","15.0","15.0","WR","MIA","6","87.07","0.0","0.0","0.0","0.0","0.0","0.0","$1","$1"
"","806","Makai Polk","15.0","15.0","WR","UNS","18","103.03","0.0","0.0","0.0","0.0","0.0","0.0","$1","$1"
"","807","Cade Johnson","15.0","15.0","WR","UNS","18","103.03","0.0","0.0","0.0","0.0","0.0","0.0","$1","$1"
"","808","Seth Williams","15.0","15.0","WR","JAC","7","103.03","0.0","0.0","0.0","0.0","0.0","0.0","$1","$1"
"","809","Dez Fitzpatrick","15.0","15.0","WR","UNS","18","51.06","0.0","0.0","0.0","0.0","0.0","0.0","$1","$1"
"","810","Michael Woods II","15.0","15.0","WR","CLE","11","43.05","0.0","0.0","0.0","0.0","0.0","0.0","$1","$1"
"","811","Da'Quan Felton","15.0","15.0","WR","NYG","8","103.03","0.0","0.0","0.0","0.0","0.0","0.0","$1","$1"
"","812","Antwane Wells Jr.","15.0","15.0","WR","NYG","8","103.03","0.0","0.0","0.0","0.0","0.0","0.0","$1","$1"
"","813","Kaden Prather","15.0","15.0","WR","BUF","7","36.04","0.0","0.0","0.0","0.0","0.0","0.0","$1","$1"
"","814","Kobe Hudson","15.0","15.0","WR","CAR","5","103.03","0.0","0.0","0.0","0.0","0.0","0.0","$1","$1"
"","815","Jermaine Burton","15.0","15.0","WR","UNS","18","63.02","0.0","9.0","0.0","0.0","0.0","0.0","$1","$1"
"","816","Brenden Rice","15.0","15.0","WR","GB","11","49.10","0.0","0.0","0.0","0.0","0.0","0.0","$1","$1"
"","817","Jamari Thrash","15.0","15.0","WR","UNS","18","81.02","0.0","0.0","0.0","0.0","0.0","0.0","$1","$1"
"","818","Ainias Smith","15.0","15.0","WR","UNS","18","79.04","0.0","0.0","0.0","0.0","0.0","0.0","$1","$1"
"","819","Javon Baker","15.0","15.0","WR","UNS","18","56.09","0.0","0.0","0.0","0.0","0.0","0.0","$1","$1"
"","820","Marcus Rosemy-Jacksaint","15.0","15.0","WR","UNS","18","103.03","0.0","0.0","0.0","0.0","0.0","0.0","$1","$1"
"","821","Cornelius Johnson","15.0","15.0","WR","GB","11","79.03","0.0","0.0","0.0","0.0","0.0","0.0","$1","$1"
"","822","Joshua Cephus","15.0","15.0","WR","UNS","18","50.06","0.0","0.0","0.0","0.0","0.0","0.0","$1","$1"
"","823","Antoine Green","15.0","15.0","WR","DET","6","81.05","0.0","0.0","0.0","0.0","0.0","0.0","$1","$1"
"","824","Kirk Merritt","15.0","15.0","WR","UNS","18","103.03","0.0","0.0","0.0","0.0","0.0","0.0","$1","$1"
"","825","Colton Dowell","15.0","15.0","WR","TEN","9","87.10","0.0","0.0","0.0","0.0","0.0","0.0","$1","$1"
"","826","Xavier Gipson","15.0","15.0","WR","NYG","8","65.08","0.0","0.0","0.0","0.0","0.0","0.0","$1","$1"
"","827","Jalen Brooks","15.0","15.0","WR","ARI","14","80.07","0.0","2.0","0.0","0.0","0.0","0.0","$1","$1"
"","828","Malik Heath","15.0","15.0","WR","UNS","18","64.09","0.0","0.0","0.0","0.0","0.0","0.0","$1","$1"
"","829","Jason Brownlee","15.0","15.0","WR","NYJ","13","72.07","0.0","0.0","0.0","0.0","0.0","0.0","$1","$1"
"","830","Blake Grupe","15.0","7.0","K","IND","13","99.09","56.1","96.0","56.7","82.2","63.6","0.0","$1","$1"
"","831","Julian Hill","15.0","15.0","TE","NE","11","25.09","4.4","10.0","4.6","15.6","7.6","0.0","$1","$1"
"","832","Lake McRee","15.0","15.0","TE","PIT","9","103.03","3.9","0.0","4.6","12.4","6.6","0.0","$1","$1"
"","833","Max Bredeson","15.0","15.0","TE","MIN","6","45.06","6.3","7.0","6.3","6.3","6.3","0.0","$1","$1"
"","834","Jordan Matthews","15.0","15.0","TE","UNS","18","90.09","0.0","0.0","0.0","0.0","0.0","0.0","$1","$1"
"","835","Zach Ertz","15.0","15.0","TE","UNS","18","52.04","0.0","17.0","0.0","0.0","0.0","0.0","$1","$1"
"","836","Gerald Everett","15.0","15.0","TE","UNS","18","80.06","0.0","0.0","0.0","0.0","0.0","0.0","$1","$1"
"","837","Geoff Swaim","15.0","15.0","TE","UNS","18","86.08","0.0","0.0","0.0","0.0","0.0","0.0","$1","$1"
"","838","C.J. Uzomah","15.0","15.0","TE","UNS","18","92.09","0.0","0.0","0.0","0.0","0.0","0.0","$1","$1"
"","839","Tyler Kroft","15.0","15.0","TE","MIA","6","103.03","0.0","0.0","0.0","0.0","0.0","0.0","$1","$1"
"","840","Irv Smith","15.0","15.0","TE","HOU","8","58.06","0.0","0.0","0.0","0.0","0.0","0.0","$1","$1"
"","841","Foster Moreau","15.0","15.0","TE","HOU","8","43.03","0.0","21.0","0.0","0.0","0.0","0.0","$1","$1"
"","842","Donald Parham","15.0","15.0","TE","PIT","9","33.02","0.0","0.0","0.0","0.0","0.0","0.0","$1","$1"
"","843","Blake Bell","15.0","15.0","TE","KC","5","103.03","0.0","0.0","0.0","0.0","0.0","0.0","$1","$1"
"","844","Ross Dwelley","15.0","15.0","TE","UNS","18","62.10","0.0","0.0","0.0","0.0","0.0","0.0","$1","$1"
"","845","Robert Tonyan","15.0","15.0","TE","KC","5","70.03","0.0","1.0","0.0","0.0","0.0","0.0","$1","$1"
"","846","Ian Thomas","15.0","15.0","TE","LVR","13","77.04","0.0","8.0","0.0","0.0","0.0","0.0","$1","$1"
"","847","Anthony Firkser","15.0","15.0","TE","DET","6","58.01","0.0","22.0","0.0","0.0","0.0","0.0","$1","$1"
"","848","Jordan Akins","15.0","15.0","TE","UNS","18","84.06","0.0","0.0","0.0","0.0","0.0","0.0","$1","$1"
"","849","Jelani Woods","15.0","15.0","TE","UNS","18","70.04","0.0","0.0","0.0","0.0","0.0","0.0","$1","$1"
"","850","Cole Turner","15.0","15.0","TE","UNS","18","63.01","0.0","6.0","0.0","0.0","0.0","0.0","$1","$1"
"","851","Teagan Quitoriano","15.0","15.0","TE","ARI","14","65.10","0.0","23.0","0.0","0.0","0.0","0.0","$1","$1"
"","852","James Mitchell","15.0","15.0","TE","UNS","18","67.04","0.0","15.0","0.0","0.0","0.0","0.0","$1","$1"
"","853","Connor Heyward","15.0","15.0","TE","LVR","13","93.02","0.0","18.0","0.0","0.0","0.0","0.0","$1","$1"
"","854","Ko Kieft","15.0","15.0","TE","TB","10","45.03","0.0","1.0","0.0","0.0","0.0","0.0","$1","$1"
"","855","Lucas Krull","15.0","15.0","TE","DEN","10","71.10","0.0","8.0","0.0","0.0","0.0","0.0","$1","$1"
"","856","Stone Smartt","15.0","15.0","TE","PHI","10","85.09","0.0","4.0","0.0","0.0","0.0","0.0","$1","$1"
"","857","Peyton Hendershot","15.0","15.0","TE","UNS","18","77.06","0.0","0.0","0.0","0.0","0.0","0.0","$1","$1"
"","858","Josh Whyle","15.0","15.0","TE","GB","11","55.10","0.0","9.0","0.0","0.0","0.0","0.0","$1","$1"
"","859","Kylen Granson","15.0","15.0","TE","TEN","9","59.02","0.0","6.0","0.0","0.0","0.0","0.0","$1","$1"
"","860","Tyler Davis","15.0","15.0","TE","GB","11","103.03","0.0","0.0","0.0","0.0","0.0","0.0","$1","$1"
"","861","Quintin Morris","15.0","15.0","TE","JAC","7","46.09","0.0","2.0","0.0","0.0","0.0","0.0","$1","$1"
"","862","Mitchell Wilcox","15.0","15.0","TE","NE","11","64.03","0.0","0.0","0.0","0.0","0.0","0.0","$1","$1"
"","863","Lawrence Cager","15.0","15.0","TE","UNS","18","71.06","0.0","0.0","0.0","0.0","0.0","0.0","$1","$1"
"","864","Eric Saubert","15.0","15.0","TE","SEA","11","89.10","0.0","6.0","0.0","0.0","0.0","0.0","$1","$1"
"","865","Jack Stoll","15.0","15.0","TE","CLE","11","74.04","0.0","2.0","0.0","0.0","0.0","0.0","$1","$1"
"","866","Stephen Sullivan","15.0","15.0","TE","CAR","5","81.09","0.0","0.0","0.0","0.0","0.0","0.0","$1","$1"
"","867","Pharaoh Brown","15.0","15.0","TE","UNS","18","88.08","0.0","0.0","0.0","0.0","0.0","0.0","$1","$1"
"","868","Brevin Jordan","15.0","15.0","TE","HOU","8","57.06","0.0","2.0","0.0","0.0","0.0","0.0","$1","$1"
"","869","Brycen Hopkins","15.0","15.0","TE","LAR","11","103.03","0.0","0.0","0.0","0.0","0.0","0.0","$1","$1"
"","870","Albert Okwuegbunam","15.0","15.0","TE","LVR","13","78.03","0.0","0.0","0.0","0.0","0.0","0.0","$1","$1"
"","871","Josiah Deguara","15.0","15.0","TE","ARI","14","76.10","0.0","0.0","0.0","0.0","0.0","0.0","$1","$1"
"","872","Harrison Bryant","15.0","15.0","TE","SEA","11","70.10","0.0","2.0","0.0","0.0","0.0","0.0","$1","$1"
"","873","Zach Davidson","15.0","15.0","TE","BUF","7","80.04","0.0","0.0","0.0","0.0","0.0","0.0","$1","$1"
"","874","Luke Lachey","15.0","15.0","TE","HOU","8","46.03","0.0","0.0","0.0","0.0","0.0","0.0","$1","$1"
"","875","Benjamin Yurosek","15.0","15.0","TE","MIN","6","72.01","0.0","0.0","0.0","0.0","0.0","0.0","$1","$1"
"","876","Joshua Simon","15.0","15.0","TE","ATL","11","103.03","0.0","0.0","0.0","0.0","0.0","0.0","$1","$1"
"","877","Bryson Nesbit","15.0","15.0","TE","MIN","6","103.03","0.0","0.0","0.0","0.0","0.0","0.0","$1","$1"
"","878","Robbie Ouzts","15.0","15.0","RB","SEA","11","67.01","0.0","0.0","0.0","0.0","0.0","0.0","$1","$1"
"","879","Jalin Conyers","15.0","15.0","TE","MIA","6","103.03","0.0","0.0","0.0","0.0","0.0","0.0","$1","$1"
"","880","Moliki Matavao","15.0","15.0","TE","NO","8","48.05","0.0","6.0","0.0","0.0","0.0","0.0","$1","$1"
"","881","CJ Dippre","15.0","15.0","TE","NE","11","39.08","0.0","0.0","0.0","0.0","0.0","0.0","$1","$1"
"","882","Gavin Bartholomew","15.0","15.0","TE","MIN","6","66.07","0.0","0.0","0.0","0.0","0.0","0.0","$1","$1"
"","883","Caleb Lohner","15.0","15.0","TE","DEN","10","73.10","0.0","0.0","0.0","0.0","0.0","0.0","$1","$1"
"","884","Tanner Conner","15.0","15.0","TE","UNS","18","77.09","0.0","0.0","0.0","0.0","0.0","0.0","$1","$1"
"","885","Tucker Fisk","15.0","15.0","TE","LAC","7","84.01","0.0","0.0","0.0","0.0","0.0","0.0","$1","$1"
"","886","David Martin-Robinson","15.0","15.0","TE","TEN","9","48.08","0.0","0.0","0.0","0.0","0.0","0.0","$1","$1"
"","887","Tanner Arkin","15.0","15.0","TE","NE","11","103.03","0.0","0.0","0.0","0.0","0.0","0.0","$1","$1"
"","888","Cody Hardy","15.0","15.0","TE","NO","8","103.03","0.0","0.0","0.0","0.0","0.0","0.0","$1","$1"
"","889","Dae'Quan Wright","15.0","15.0","TE","PHI","10","103.03","0.0","0.0","0.0","0.0","0.0","0.0","$1","$1"
"","890","Miles Kitselman","15.0","15.0","TE","DET","6","103.03","0.0","0.0","0.0","0.0","0.0","0.0","$1","$1"
"","891","Khalil Dinkins","15.0","15.0","TE","SF","8","103.03","0.0","0.0","0.0","0.0","0.0","0.0","$1","$1"
"","892","Dan Villari","15.0","15.0","TE","LAR","11","103.03","0.0","0.0","0.0","0.0","0.0","0.0","$1","$1"
"","893","Sal Cannella","15.0","15.0","TE","CLE","11","40.01","0.0","0.0","0.0","0.0","0.0","0.0","$1","$1"
"","894","MyCole Pruitt","15.0","15.0","TE","PIT","9","88.02","0.0","0.0","0.0","0.0","0.0","0.0","$1","$1"
"","895","Chris Manhertz","15.0","15.0","TE","NYG","8","89.08","0.0","2.0","0.0","0.0","0.0","0.0","$1","$1"
"","896","Nate Adkins","15.0","15.0","TE","DEN","10","47.05","0.0","9.0","0.0","0.0","0.0","0.0","$1","$1"
"","897","Shane Zylstra","15.0","15.0","TE","DET","6","74.03","0.0","0.0","0.0","0.0","0.0","0.0","$1","$1"
"","898","Nick Vannett","15.0","15.0","TE","UNS","18","89.07","0.0","0.0","0.0","0.0","0.0","0.0","$1","$1"
"","899","Blake Whiteheart","15.0","15.0","TE","CLE","11","43.02","0.0","0.0","0.0","0.0","0.0","0.0","$1","$1"
"","900","E.J. Jenkins","15.0","15.0","TE","PHI","10","82.05","0.0","0.0","0.0","0.0","0.0","0.0","$1","$1"
"","901","Feleipe Franks","15.0","15.0","TE","CAR","5","75.03","0.0","1.0","0.0","0.0","0.0","0.0","$1","$1"
"","902","John FitzPatrick","15.0","15.0","TE","GB","11","79.06","0.0","0.0","0.0","0.0","0.0","0.0","$1","$1"
"","903","Jack Westover","15.0","15.0","TE","NE","11","82.10","0.0","0.0","0.0","0.0","0.0","0.0","$1","$1"
"","904","Briley Moore","15.0","15.0","TE","TEN","9","103.03","0.0","0.0","0.0","0.0","0.0","0.0","$1","$1"
"","905","Kenny Yeboah","15.0","15.0","TE","UNS","18","63.10","0.0","0.0","0.0","0.0","0.0","0.0","$1","$1"
"","906","Tanner McLachlan","15.0","15.0","TE","CIN","6","52.06","0.0","0.0","0.0","0.0","0.0","0.0","$1","$1"
"","907","Jaheim Bell","15.0","15.0","TE","UNS","18","64.02","0.0","21.0","0.0","0.0","0.0","0.0","$1","$1"
"","908","Cameron Latu","15.0","15.0","TE","UNS","18","53.07","0.0","2.0","0.0","0.0","0.0","0.0","$1","$1"
"","909","J.J. McCarthy","15.0","6.0","QB","MIN","6","23.01","30.8","15.0","31.4","125.6","57.0","0.0","$2","$1"
"","910","Ty Simpson","15.0","7.0","QB","LAR","11","23.02","25.0","14.0","27.8","91.7","44.7","0.0","$1","$1"
"","911","Cade Klubnik","15.0","7.0","QB","NYJ","13","52.09","23.8","18.0","26.4","79.2","40.3","0.0","$1","$1"
"","912","Taylen Green","15.0","8.0","QB","CLE","11","35.03","11.3","31.0","13.3","46.6","22.0","0.0","$1","$1"
"","913","Drew Allar","15.0","8.0","QB","PIT","9","26.04","12.3","8.0","13.7","42.5","21.3","0.0","$1","$1"
"","914","Dillon Gabriel","15.0","8.0","QB","CLE","11","51.08","11.4","13.0","12.7","40.6","20.1","0.0","$1","$1"
"","915","Zach Wilson","15.0","9.0","QB","NO","8","34.05","0.0","0.0","0.0","0.0","0.0","0.0","$1","$1"
"","916","Justin Fields","15.0","9.0","QB","KC","5","25.02","0.0","16.0","0.0","0.0","0.0","0.0","$1","$1"
"","917","Trey Lance","15.0","9.0","QB","LAC","7","39.01","0.0","14.0","0.0","0.0","0.0","0.0","$1","$1"
"","918","Mac Jones","15.0","9.0","QB","SF","8","25.05","0.0","23.0","0.0","0.0","0.0","0.0","$1","$1"
"","919","Jacob Eason","15.0","9.0","QB","NYG","8","103.03","0.0","0.0","0.0","0.0","0.0","0.0","$1","$1"
"","920","Graham Mertz","15.0","9.0","QB","HOU","8","77.10","0.0","0.0","0.0","0.0","0.0","0.0","$1","$1"
"","921","Brady Cook","15.0","9.0","QB","NYJ","13","42.02","0.0","0.0","0.0","0.0","0.0","0.0","$1","$1"
"","922","Seth Henigan","15.0","9.0","QB","JAC","7","103.03","0.0","0.0","0.0","0.0","0.0","0.0","$1","$1"
"","923","Max Brosmer","15.0","9.0","QB","MIN","6","72.10","0.0","0.0","0.0","0.0","0.0","0.0","$1","$1"
"","924","Kurtis Rourke","15.0","9.0","QB","SF","8","78.01","0.0","0.0","0.0","0.0","0.0","0.0","$1","$1"
"","925","Kyle McCord","15.0","9.0","QB","PHI","10","56.08","0.0","0.0","0.0","0.0","0.0","0.0","$1","$1"
"","926","Will Howard","15.0","9.0","QB","PIT","9","32.08","0.0","11.0","0.0","0.0","0.0","0.0","$1","$1"
"","927","Kyle Allen","15.0","9.0","QB","BUF","7","45.10","0.0","0.0","0.0","0.0","0.0","0.0","$1","$1"
"","928","Vernon Adams Jr.","15.0","9.0","QB","UNS","18","103.03","0.0","0.0","0.0","0.0","0.0","0.0","$1","$1"
"","929","Jack Plummer","15.0","9.0","QB","CAR","5","103.03","0.0","0.0","0.0","0.0","0.0","0.0","$1","$1"
"","930","Haynes King","15.0","9.0","QB","CAR","5","103.03","0.0","0.0","0.0","0.0","0.0","0.0","$1","$1"
"","931","Luke Altmyer","15.0","9.0","QB","DET","6","103.03","0.0","0.0","0.0","0.0","0.0","0.0","$1","$1"
"","932","DJ Uiagalelei","15.0","9.0","QB","LAC","7","103.03","0.0","0.0","0.0","0.0","0.0","0.0","$1","$1"
"","933","Hunter Dekkers","15.0","9.0","QB","NO","8","103.03","0.0","0.0","0.0","0.0","0.0","0.0","$1","$1"
"","934","Tommy Mellott","15.0","9.0","WR","UNS","18","34.09","0.0","0.0","0.0","0.0","0.0","0.0","$1","$1"
"","935","Cam Miller","15.0","9.0","QB","UNS","18","40.10","0.0","0.0","0.0","0.0","0.0","0.0","$1","$1"
"","936","Tanner McKee","15.0","9.0","QB","PHI","10","52.02","0.0","0.0","0.0","0.0","0.0","0.0","$1","$1"
"","937","Sam Ehlinger","15.0","9.0","QB","UNS","18","77.03","0.0","0.0","0.0","0.0","0.0","0.0","$1","$1"
"","938","Kedon Slovis","15.0","9.0","QB","UNS","18","79.02","0.0","0.0","0.0","0.0","0.0","0.0","$1","$1"
"","939","Austin Reed","15.0","9.0","QB","CHI","10","103.03","0.0","0.0","0.0","0.0","0.0","0.0","$1","$1"
"","940","Ian Book","15.0","9.0","QB","UNS","18","103.03","0.0","0.0","0.0","0.0","0.0","0.0","$1","$1"
"","941","Tommy DeVito","15.0","9.0","QB","NE","11","24.05","0.0","12.0","0.0","0.0","0.0","0.0","$1","$1"
"","942","Aidan O'Connell","15.0","9.0","QB","LVR","13","33.07","0.0","0.0","0.0","0.0","0.0","0.0","$1","$1"
"","943","Spencer Rattler","15.0","9.0","QB","NO","8","38.10","0.0","13.0","0.0","0.0","0.0","0.0","$1","$1"
"","944","Michael Pratt","15.0","9.0","QB","TB","10","25.10","0.0","0.0","0.0","0.0","0.0","0.0","$1","$1"
"","945","Joe Milton III","15.0","9.0","QB","DAL","14","25.01","0.0","12.0","0.0","0.0","0.0","0.0","$1","$1"
"","946","Devin Leary","15.0","9.0","QB","BAL","13","27.10","0.0","0.0","0.0","0.0","0.0","0.0","$1","$1"
"","947","Sam Hartman","15.0","9.0","QB","UNS","18","103.03","0.0","0.0","0.0","0.0","0.0","0.0","$1","$1"
"","948","Josh Johnson","15.0","9.0","QB","CIN","6","40.04","0.0","0.0","0.0","0.0","0.0","0.0","$1","$1"
"","949","Nathan Rourke","15.0","9.0","QB","NE","11","85.01","0.0","0.0","0.0","0.0","0.0","0.0","$1","$1"
"","950","Ben DiNucci","15.0","9.0","QB","UNS","18","103.03","0.0","0.0","0.0","0.0","0.0","0.0","$1","$1"
"","951","Max Duggan","15.0","9.0","QB","UNS","18","63.06","0.0","0.0","0.0","0.0","0.0","0.0","$1","$1"
"","952","Sean Clifford","15.0","9.0","QB","UNS","18","67.05","0.0","0.0","0.0","0.0","0.0","0.0","$1","$1"
"","953","Skylar Thompson","15.0","9.0","QB","PIT","9","42.09","0.0","0.0","0.0","0.0","0.0","0.0","$1","$1"
"","954","Brandon Allen","15.0","9.0","QB","NYG","8","90.03","0.0","0.0","0.0","0.0","0.0","0.0","$1","$1"
"","955","Riley Leonard","15.0","9.0","QB","IND","13","27.01","0.0","12.0","0.0","0.0","0.0","0.0","$1","$1"
"","956","Quinn Ewers","15.0","9.0","QB","MIA","6","35.01","0.0","14.0","0.0","0.0","0.0","0.0","$1","$1"
"","957","Jalen Milroe","15.0","9.0","QB","SEA","11","48.03","0.0","11.0","0.0","0.0","0.0","0.0","$1","$1"
"","958","Chris Oladokun","15.0","9.0","QB","KC","5","88.01","0.0","12.0","0.0","0.0","0.0","0.0","$1","$1"
"","959","Dresser Winn","15.0","9.0","QB","LAR","11","103.03","0.0","0.0","0.0","0.0","0.0","0.0","$1","$1"
"","960","Garrett Nussmeier","15.0","9.0","QB","KC","5","61.01","0.0","3.0","0.0","0.0","0.0","0.0","$1","$1"
"","961","Diego Pavia","15.0","9.0","QB","BAL","13","103.03","0.0","4.0","0.0","0.0","0.0","0.0","$1","$1"
"","962","Sawyer Robertson","15.0","9.0","QB","LVR","13","103.03","0.0","0.0","0.0","0.0","0.0","0.0","$1","$1"
"","963","Joe Fagnano","15.0","9.0","QB","BAL","13","103.03","0.0","0.0","0.0","0.0","0.0","0.0","$1","$1"
"","964","Joey Aguilar","15.0","9.0","QB","JAC","7","103.03","0.0","0.0","0.0","0.0","0.0","0.0","$1","$1"
"","965","Athan Kaliakmanis","15.0","9.0","QB","WAS","7","80.01","0.0","0.0","0.0","0.0","0.0","0.0","$1","$1"
"","966","Mark Gronowski","15.0","9.0","QB","MIA","6","103.03","0.0","0.0","0.0","0.0","0.0","0.0","$1","$1"
"","967","Jalon Daniels","15.0","9.0","QB","TB","10","103.03","0.0","0.0","0.0","0.0","0.0","0.0","$1","$1"
"","968","Behren Morton","15.0","9.0","QB","NE","11","41.10","0.0","0.0","0.0","0.0","0.0","0.0","$1","$1"
"","969","Cole Payton","15.0","9.0","QB","PHI","10","49.09","0.0","0.0","0.0","0.0","0.0","0.0","$1","$1"
"","970","Nick Mullens","15.0","9.0","QB","JAC","7","45.07","0.0","12.0","0.0","0.0","0.0","0.0","$1","$1"
"","971","Cooper Rush","15.0","9.0","QB","UNS","18","91.09","0.0","0.0","0.0","0.0","0.0","0.0","$1","$1"
"","972","Mason Rudolph","15.0","9.0","QB","PIT","9","29.08","0.0","12.0","0.0","0.0","0.0","0.0","$1","$1"
"","973","Stetson Bennett","15.0","9.0","QB","LAR","11","23.09","0.0","0.0","0.0","0.0","0.0","0.0","$1","$1"
"","974","Will Levis","15.0","9.0","QB","TEN","9","29.07","0.0","12.0","0.0","0.0","0.0","0.0","$1","$1"
"","975","Anthony Richardson","15.0","9.0","QB","IND","13","51.02","0.0","15.0","0.0","0.0","0.0","0.0","$1","$1"
"","976","Bailey Zappe","15.0","9.0","QB","UNS","18","60.06","0.0","0.0","0.0","0.0","0.0","0.0","$1","$1"
"","977","Sam Howell","15.0","9.0","QB","DAL","14","50.02","0.0","4.0","0.0","0.0","0.0","0.0","$1","$1"
"","978","Kenny Pickett","15.0","9.0","QB","CAR","5","32.01","0.0","6.0","0.0","0.0","0.0","0.0","$1","$1"
"","979","Desmond Ridder","15.0","9.0","QB","GB","11","54.01","0.0","0.0","0.0","0.0","0.0","0.0","$1","$1"
"","980","Joshua Dobbs","15.0","9.0","QB","UNS","18","34.07","0.0","10.0","0.0","0.0","0.0","0.0","$1","$1"
"","981","Tim Boyle","15.0","9.0","QB","UNS","18","68.03","0.0","0.0","0.0","0.0","0.0","0.0","$1","$1"
"","982","Tyler Huntley","15.0","9.0","QB","BAL","13","40.03","0.0","12.0","0.0","0.0","0.0","0.0","$1","$1"
"","983","Davis Mills","15.0","9.0","QB","HOU","8","50.01","0.0","15.0","0.0","0.0","0.0","0.0","$1","$1"
"","984","Kyle Trask","15.0","9.0","QB","UNS","18","75.08","0.0","0.0","0.0","0.0","0.0","0.0","$1","$1"
"","985","Hendon Hooker","15.0","9.0","QB","TEN","9","51.05","0.0","0.0","0.0","0.0","0.0","0.0","$1","$1"
"","986","Malik Cunningham","15.0","9.0","QB","BAL","13","79.10","0.0","0.0","0.0","0.0","0.0","0.0","$1","$1"
"","987","Jaren Hall","15.0","9.0","QB","SEA","11","84.02","0.0","0.0","0.0","0.0","0.0","0.0","$1","$1"
"","988","Clayton Tune","15.0","9.0","QB","GB","11","55.07","0.0","10.0","0.0","0.0","0.0","0.0","$1","$1"
"","989","Tyson Bagent","15.0","9.0","QB","CHI","10","26.03","0.0","7.0","0.0","0.0","0.0","0.0","$1","$1"
"","990","Dorian Thompson-Robinson","15.0","9.0","QB","UNS","18","81.10","0.0","0.0","0.0","0.0","0.0","0.0","$1","$1"
"","991","Jake Haener","15.0","9.0","QB","UNS","18","69.02","0.0","0.0","0.0","0.0","0.0","0.0","$1","$1"
"","992","Mitchell 'Mitch' Trubisky","15.0","9.0","QB","TEN","9","38.09","0.0","12.0","0.0","0.0","0.0","0.0","$1","$1"
"","993","Taylor Heinicke","15.0","9.0","QB","UNS","18","89.01","0.0","0.0","0.0","0.0","0.0","0.0","$1","$1"
"","994","C.J. Beathard","15.0","9.0","QB","UNS","18","103.03","0.0","0.0","0.0","0.0","0.0","0.0","$1","$1"
"","995","Jeff Driskel","15.0","9.0","QB","UNS","18","75.02","0.0","0.0","0.0","0.0","0.0","0.0","$1","$1"
"","996","Carson Wentz","15.0","9.0","QB","MIN","6","80.10","0.0","3.0","0.0","0.0","0.0","0.0","$1","$1"
"","997","Trevor Siemian","15.0","9.0","QB","ATL","11","57.07","0.0","0.0","0.0","0.0","0.0","0.0","$1","$1"
"","998","Marcus Mariota","15.0","9.0","QB","WAS","7","47.04","0.0","13.0","0.0","0.0","0.0","0.0","$1","$1"
"","999","Jameis Winston","15.0","9.0","QB","NYG","8","23.03","0.0","11.0","0.0","0.0","0.0","0.0","$1","$1"
"","1000","Jimmy Garoppolo","15.0","9.0","QB","UNS","18","93.01","0.0","11.0","0.0","0.0","0.0","0.0","$1","$1"
"","1001","Drew Lock","15.0","9.0","QB","SEA","11","28.08","0.0","5.0","0.0","0.0","0.0","0.0","$1","$1"
"","1002","Will Grier","15.0","9.0","QB","CAR","5","103.03","0.0","0.0","0.0","0.0","0.0","0.0","$1","$1"
"","1003","Jarrett Stidham","15.0","9.0","QB","DEN","10","35.08","0.0","13.0","0.0","0.0","0.0","0.0","$1","$1"
"","1004","Mike White","15.0","9.0","QB","UNS","18","69.04","0.0","0.0","0.0","0.0","0.0","0.0","$1","$1"
"","1005","Brett Rypien","15.0","9.0","QB","IND","13","84.07","0.0","0.0","0.0","0.0","0.0","0.0","$1","$1"
"","1006","Jake Browning","15.0","9.0","QB","TB","10","68.01","0.0","5.0","0.0","0.0","0.0","0.0","$1","$1"
"","1007","Gardner Minshew","15.0","9.0","QB","ARI","14","28.03","0.0","23.0","0.0","0.0","0.0","0.0","$1","$1"
"","1008","Easton Stick","15.0","9.0","QB","UNS","18","52.07","0.0","0.0","0.0","0.0","0.0","0.0","$1","$1"
"","1009","Joe Flacco","15.0","9.0","QB","CIN","6","24.01","0.0","20.0","0.0","0.0","0.0","0.0","$1","$1"
"","1010","Philip Rivers","15.0","9.0","QB","IND","13","22.01","0.0","0.0","0.0","0.0","0.0","0.0","$1","$1"
"","1011","Derek Carr","15.0","9.0","QB","UNS","18","59.01","0.0","21.0","0.0","0.0","0.0","0.0","$1","$1"
"","1012","Teddy Bridgewater","15.0","9.0","QB","DET","6","46.02","0.0","14.0","0.0","0.0","0.0","0.0","$1","$1"
"","1013","Case Keenum","15.0","9.0","QB","CHI","10","91.07","0.0","0.0","0.0","0.0","0.0","0.0","$1","$1"
"","1014","Russell Wilson","15.0","9.0","QB","UNS","18","31.02","0.0","0.0","0.0","0.0","0.0","0.0","$1","$1"
"","1015","Ryan Tannehill","15.0","9.0","QB","UNS","18","103.03","0.0","0.0","0.0","0.0","0.0","0.0","$1","$1"
"","1016","Tyrod Taylor","15.0","9.0","QB","GB","11","55.03","0.0","12.0","0.0","0.0","0.0","0.0","$1","$1"
"","1017","Andy Dalton","15.0","9.0","QB","PHI","10","54.03","0.0","13.0","0.0","0.0","0.0","0.0","$1","$1"
"","1018","Blaine Gabbert","15.0","9.0","QB","KC","5","103.03","0.0","0.0","0.0","0.0","0.0","0.0","$1","$1"
"","1019","Jason Sanders","15.0","8.0","K","NYG","8","96.06","10.1","98.0","10.1","10.1","10.1","0.0","$1","$1"
"","1020","Matt Prater","15.0","9.0","K","BUF","7","22.05","0.0","106.0","0.0","0.0","0.0","0.0","$1","$1"
"","1021","Dustin Hopkins","15.0","9.0","K","UNS","18","66.02","0.0","0.0","0.0","0.0","0.0","0.0","$1","$1"
"","1022","Justin Tucker","15.0","9.0","K","UNS","18","22.04","0.0","0.0","0.0","0.0","0.0","0.0","$1","$1"
"","1023","Randy Bullock","15.0","9.0","K","NYG","8","103.03","0.0","0.0","0.0","0.0","0.0","0.0","$1","$1"
"","1024","Greg Zuerlein","15.0","9.0","K","UNS","18","27.06","0.0","0.0","0.0","0.0","0.0","0.0","$1","$1"
"","1025","Austin Seibert","15.0","9.0","K","WAS","7","44.04","0.0","0.0","0.0","0.0","0.0","0.0","$1","$1"
"","1026","Matthew Wright","15.0","9.0","K","BUF","7","62.09","0.0","0.0","0.0","0.0","0.0","0.0","$1","$1"
"","1027","Daniel Carlson","15.0","9.0","K","LVR","13","92.10","0.0","79.0","0.0","0.0","0.0","0.0","$1","$1"
"","1028","Brett Maher","15.0","9.0","K","LAR","11","103.03","0.0","0.0","0.0","0.0","0.0","0.0","$1","$1"
"","1029","Greg Joseph","15.0","9.0","K","UNS","18","31.03","0.0","0.0","0.0","0.0","0.0","0.0","$1","$1"
"","1030","Michael 'Mike' Badgley","15.0","9.0","K","BUF","7","37.01","0.0","106.0","0.0","0.0","0.0","0.0","$1","$1"
"","1031","Younghoe Koo","15.0","9.0","K","NYJ","13","27.03","0.0","106.0","0.0","0.0","0.0","0.0","$1","$1"
"","1032","Lucas Havrisik","15.0","9.0","K","GB","11","30.09","0.0","0.0","0.0","0.0","0.0","0.0","$1","$1"
"","1033","Riley Patterson","15.0","9.0","K","MIA","6","89.04","0.0","65.0","0.0","0.0","0.0","0.0","$1","$1"
"","1034","Matt Ammendola","15.0","9.0","K","HOU","8","103.03","0.0","0.0","0.0","0.0","0.0","0.0","$1","$1"
"","1035","Elliott Fry","15.0","9.0","K","DEN","10","103.03","0.0","0.0","0.0","0.0","0.0","0.0","$1","$1"
"","1036","Jake Bailey","15.0","9.0","K","ATL","11","103.03","0.0","0.0","0.0","0.0","0.0","0.0","$1","$1"
"","1037","Tress Way","15.0","9.0","K","WAS","7","103.03","0.0","0.0","0.0","0.0","0.0","0.0","$1","$1"
"","1038","Jordan Stout","15.0","9.0","K","BAL","13","103.03","0.0","0.0","0.0","0.0","0.0","0.0","$1","$1"
"","1039","Daniel Whelan","15.0","9.0","K","GB","11","103.03","0.0","0.0","0.0","0.0","0.0","0.0","$1","$1"
"","1040","John Hoyland","15.0","9.0","K","BAL","13","103.03","0.0","0.0","0.0","0.0","0.0","0.0","$1","$1"
"","1041","Caden Davis","15.0","9.0","K","UNS","18","26.09","0.0","0.0","0.0","0.0","0.0","0.0","$1","$1"
"","1042","Maddux Trujillo","15.0","9.0","K","IND","13","103.03","0.0","0.0","0.0","0.0","0.0","0.0","$1","$1"
"","1043","Lenny Krieg","15.0","9.0","K","ATL","11","103.03","0.0","113.0","0.0","0.0","0.0","0.0","$1","$1"
"","1044","Jamie Gillan","15.0","9.0","K","UNS","18","103.03","0.0","0.0","0.0","0.0","0.0","0.0","$1","$1"
"","1045","Mike Meyer","15.0","9.0","K","UNS","18","103.03","0.0","0.0","0.0","0.0","0.0","0.0","$1","$1"
"","1046","Tucker McCann","15.0","9.0","K","UNS","18","103.03","0.0","0.0","0.0","0.0","0.0","0.0","$1","$1"
"","1047","Tommy Townsend","15.0","9.0","K","HOU","8","103.03","0.0","0.0","0.0","0.0","0.0","0.0","$1","$1"
"","1048","Blake Gillikin","15.0","9.0","K","ARI","14","103.03","0.0","0.0","0.0","0.0","0.0","0.0","$1","$1"
"","1049","Bradley Pinion","15.0","9.0","K","ATL","11","103.03","0.0","0.0","0.0","0.0","0.0","0.0","$1","$1"
"","1050","Matthew Hayball","15.0","9.0","K","NO","8","103.03","0.0","0.0","0.0","0.0","0.0","0.0","$1","$1"
"","1051","Tory Taylor","15.0","9.0","K","CHI","10","103.03","0.0","0.0","0.0","0.0","0.0","0.0","$1","$1"
"","1052","Corey Bojorquez","15.0","9.0","K","CLE","11","103.03","0.0","0.0","0.0","0.0","0.0","0.0","$1","$1"
"","1053","Riley Dixon","15.0","9.0","K","DEN","10","103.03","0.0","0.0","0.0","0.0","0.0","0.0","$1","$1"
"","1054","Logan Cooke","15.0","9.0","K","JAC","7","103.03","0.0","0.0","0.0","0.0","0.0","0.0","$1","$1"
"","1055","Michael Dickson","15.0","9.0","K","SEA","11","103.03","0.0","0.0","0.0","0.0","0.0","0.0","$1","$1"
"","1056","Thomas Morstead","15.0","9.0","K","NYJ","13","103.03","0.0","0.0","0.0","0.0","0.0","0.0","$1","$1"
"","1057","Jack Fox","15.0","9.0","K","DET","6","103.03","0.0","0.0","0.0","0.0","0.0","0.0","$1","$1"
"","1058","Rigoberto Sanchez","15.0","9.0","K","IND","13","103.03","0.0","0.0","0.0","0.0","0.0","0.0","$1","$1"
"","1059","Ryan Rehkow","15.0","9.0","K","CIN","6","103.03","0.0","0.0","0.0","0.0","0.0","0.0","$1","$1"
"","1060","Corliss Waitman","15.0","9.0","K","SF","8","103.03","0.0","0.0","0.0","0.0","0.0","0.0","$1","$1"
"","1061","Dominic Zvada","15.0","9.0","K","NYG","8","103.03","0.0","72.0","0.0","0.0","0.0","0.0","$1","$1"
"","1062","Brayden Narveson","15.0","9.0","K","TEN","9","36.01","0.0","0.0","0.0","0.0","0.0","0.0","$1","$1"
"","1063","John Parker Romo","15.0","9.0","K","ATL","11","28.06","0.0","0.0","0.0","0.0","0.0","0.0","$1","$1"
"","1064","Jude McAtamney","15.0","9.0","K","UNS","18","27.07","0.0","0.0","0.0","0.0","0.0","0.0","$1","$1"
"","1065","Tristan Vizcaino","15.0","9.0","K","UNS","18","103.03","0.0","0.0","0.0","0.0","0.0","0.0","$1","$1"
"","1066","Ramiz Ahmed","15.0","9.0","K","WAS","7","103.03","0.0","0.0","0.0","0.0","0.0","0.0","$1","$1"
"","1067","Anders Carlson","15.0","9.0","K","UNS","18","62.06","0.0","0.0","0.0","0.0","0.0","0.0","$1","$1"