"","Rank","Player","Overall Tier","Pos. Tier","Pos","Team","Bye","ADP","Floor","Consensus","DS Proj","Ceiling","3D Proj","3d Value","Market $","Auction $"
"","1","Puka Nacua","1.0","1.0","WR","LAR","11","1.03","298.7","316.0","364.3","400.7","362.3","100.0","$63","$64"
"","2","Ja'Marr Chase","1.0","1.0","WR","CIN","6","1.04","303.7","324.0","345.1","407.2","354.5","94.5","$60","$60"
"","3","Jahmyr Gibbs","1.0","1.0","RB","DET","6","1.01","296.9","346.0","357.7","418.5","363.2","89.1","$61","$57"
"","4","Bijan Robinson","1.0","1.0","RB","ATL","11","1.02","298.8","352.0","351.5","411.3","358.2","85.9","$62","$55"
"","5","Christian McCaffrey","1.0","1.0","RB","SF","8","1.05","279.6","325.0","336.9","421.1","349.5","80.2","$50","$51"
"","6","Jaxon Smith-Njigba","2.0","2.0","WR","SEA","11","1.06","292.4","300.0","321.3","382.3","332.7","79.2","$51","$51"
"","7","Amon-Ra St. Brown","2.0","2.0","WR","DET","6","1.07","292.2","300.0","324.7","360.4","328.5","76.2","$46","$49"
"","8","CeeDee Lamb","2.0","2.0","WR","DAL","14","2.01","270.7","267.0","307.6","369.1","317.7","68.6","$44","$44"
"","9","Justin Jefferson","2.0","2.0","WR","MIN","6","2.03","255.2","270.0","296.7","385.7","313.4","65.6","$37","$42"
"","10","Jonathan Taylor","2.0","2.0","RB","IND","13","1.08","266.7","308.0","310.1","365.9","317.4","59.4","$50","$38"
"","11","Ashton Jeanty","2.0","2.0","RB","LVR","13","2.05","265.8","272.0","298.6","382.2","315.4","58.1","$38","$37"
"","12","Drake London","3.0","3.0","WR","ATL","11","3.01","260.6","271.0","283.3","340.0","294.6","52.4","$34","$34"
"","13","A.J. Brown","3.0","3.0","WR","NE","11","4.02","240.5","258.0","282.9","350.8","293.7","51.7","$31","$33"
"","14","Rashee Rice","3.0","3.0","WR","KC","5","3.07","213.3","237.0","296.3","340.7","293.3","51.5","$27","$33"
"","15","James Cook","3.0","2.0","RB","BUF","7","2.04","256.0","269.0","294.3","359.0","305.0","51.3","$43","$33"
"","16","Nico Collins","3.0","3.0","WR","HOU","8","3.05","253.1","241.0","281.2","340.3","292.2","50.7","$30","$32"
"","17","Josh Allen","3.0","1.0","QB","BUF","7","3.06","306.7","362.0","378.7","439.3","382.1","50.3","$39","$32"
"","18","Brock Bowers","3.0","1.0","TE","LVR","13","3.04","242.6","240.0","260.9","315.7","272.5","47.9","$28","$31"
"","19","Trey McBride","3.0","1.0","TE","ARI","14","3.03","240.9","254.0","259.0","310.8","269.8","46.6","$26","$30"
"Injured","20","De'Von Achane","3.0","2.0","RB","MIA","6","2.02","255.0","289.0","280.2","358.7","297.0","46.1","$34","$30"
"","21","Saquon Barkley","3.0","2.0","RB","PHI","10","2.06","248.6","257.0","273.2","377.0","297.0","46.1","$35","$30"
"","22","George Pickens","3.0","3.0","WR","DAL","14","4.03","241.2","248.0","268.0","335.0","281.4","43.1","$29","$28"
"","23","Kenneth Walker III","3.0","3.0","RB","KC","5","4.04","237.4","248.0","266.7","365.4","288.3","40.5","$26","$26"
"","24","Chase Brown","3.0","3.0","RB","CIN","6","4.01","228.7","268.0","272.3","356.7","287.4","39.9","$28","$26"
"","25","Omarion Hampton","3.0","3.0","RB","LAC","7","3.02","230.3","261.0","264.7","370.6","287.3","39.8","$28","$25"
"","26","Colston Loveland","3.0","2.0","TE","CHI","10","5.07","202.0","226.0","246.3","290.6","250.3","37.7","$21","$24"
"","27","Derrick Henry","3.0","3.0","RB","BAL","13","2.08","227.9","261.0","268.1","340.5","280.5","35.4","$35","$23"
"","28","Jeremiyah Love","3.0","3.0","RB","ARI","14","2.07","227.1","250.0","255.2","362.4","279.3","34.6","$27","$22"
"Value","29","Zay Flowers","4.0","4.0","WR","BAL","13","6.01","229.7","235.0","261.0","302.8","266.7","32.8","$20","$21"
"","30","Tyler Warren","4.0","2.0","TE","IND","13","6.03","194.6","207.0","234.5","272.0","237.5","31.8","$17","$20"
"Injured","31","Chris Olave","4.0","4.0","WR","NO","8","4.06","222.0","244.0","258.1","307.1","264.9","31.5","$21","$20"
"Value","32","DeVonta Smith","4.0","4.0","WR","PHI","10","5.01","228.5","233.0","248.4","313.0","262.4","30.0","$16","$19"
"","33","Lamar Jackson","4.0","1.0","QB","BAL","13","4.08","298.7","329.0","339.4","437.8","358.8","29.9","$19","$19"
"","34","Tee Higgins","4.0","4.0","WR","CIN","6","6.06","222.6","237.0","250.1","310.1","261.5","29.5","$16","$19"
"","35","Breece Hall","4.0","4.0","RB","NYJ","13","4.07","220.5","244.0","253.5","327.0","267.6","29.3","$21","$19"
"","36","Garrett Wilson","4.0","4.0","WR","NYJ","13","5.04","224.9","233.0","249.9","307.4","261.0","29.2","$19","$19"
"","37","Drake Maye","4.0","1.0","QB","NE","11","6.04","296.0","317.0","340.2","428.7","356.3","28.8","$20","$18"
"","38","Joe Burrow","4.0","2.0","QB","CIN","6","7.02","293.8","315.0","341.6","423.6","355.3","28.4","$14","$18"
"Injured","39","Malik Nabers","4.0","4.0","WR","NYG","8","4.05","194.5","223.0","240.1","340.9","259.3","28.3","$15","$18"
"Value","40","Josh Jacobs","4.0","4.0","RB","GB","11","3.08","188.1","251.0","261.2","316.1","262.9","28.0","$21","$18"
"","41","Jalen Hurts","4.0","2.0","QB","PHI","10","7.05","292.8","320.0","332.7","432.5","352.7","27.2","$14","$17"
"","42","Javonte Williams","4.0","4.0","RB","DAL","14","5.02","213.7","231.0","248.5","310.6","259.1","27.0","$19","$17"
"","43","Travis Etienne","4.0","4.0","RB","NO","8","5.08","216.8","225.0","238.2","324.0","257.7","26.6","$18","$17"
"","44","Jayden Daniels","4.0","2.0","QB","WAS","7","6.07","285.9","314.0","332.4","432.1","351.1","26.5","$16","$17"
"","45","Kyren Williams","4.0","4.0","RB","LAR","11","5.03","221.3","232.0","240.5","307.8","255.4","26.0","$20","$17"
"Injured","46","Cameron 'Cam' Skattebo","4.0","4.0","RB","NYG","8","5.06","197.9","230.0","235.6","311.0","249.3","24.3","$16","$16"
"","47","Caleb Williams","4.0","2.0","QB","CHI","10","12.01","282.4","299.0","324.6","418.7","342.6","22.8","$10","$15"
"Value","48","Trevor Lawrence","4.0","2.0","QB","JAC","7","14.05","278.3","303.0","327.4","412.5","341.7","22.4","$12","$14"
"Value","49","Jaylen Waddle","4.0","4.0","WR","DEN","10","7.08","204.7","213.0","235.3","303.5","248.3","22.1","$11","$14"
"","50","Justin Herbert","4.0","2.0","QB","LAC","7","15.04","279.1","305.0","324.5","415.4","341.0","22.1","$12","$14"
"","51","D'Andre Swift","5.0","5.0","RB","CHI","10","8.06","199.6","212.0","226.8","297.1","241.0","22.1","$13","$14"
"Injured","52","Tucker Kraft","5.0","3.0","TE","GB","11","13.04","177.2","191.0","213.5","271.1","222.6","22.1","$12","$14"
"Value","53","Davante Adams","5.0","5.0","WR","LAR","11","6.02","205.9","214.0","236.7","298.2","247.9","21.9","$11","$14"
"","54","Brock Purdy","5.0","2.0","QB","SF","8","12.05","278.2","297.0","323.5","407.6","338.2","20.9","$8","$13"
"","55","Dak Prescott","5.0","2.0","QB","DAL","14","11.06","281.1","307.0","323.1","403.9","337.5","20.6","$12","$13"
"Injured","56","Bucky Irving","5.0","5.0","RB","TB","10","7.01","190.4","213.0","213.9","308.0","235.3","20.5","$14","$13"
"","57","Jaxson Dart","5.0","2.0","QB","NYG","8","8.08","278.2","302.0","316.1","417.3","336.8","20.3","$9","$13"
"Value","58","Terry McLaurin","5.0","5.0","WR","WAS","7","6.08","205.8","222.0","231.2","298.2","244.9","20.3","$13","$13"
"","59","Emeka Egbuka","5.0","5.0","WR","TB","10","6.05","199.4","205.0","229.2","304.8","244.4","20.0","$14","$13"
"Injured","60","Tetairoa McMillan","5.0","5.0","WR","CAR","5","5.05","206.6","226.0","229.5","298.4","244.1","19.8","$15","$13"
"Value","61","Christian Watson","5.0","5.0","WR","GB","11","11.04","198.1","189.0","233.0","295.9","243.8","19.6","$10","$13"
"","62","Luther Burden III","5.0","5.0","WR","CHI","10","9.02","196.3","209.0","228.2","305.8","243.6","19.5","$10","$12"
"","63","Ladd McConkey","5.0","5.0","WR","LAC","7","7.04","199.8","218.0","227.1","304.3","243.2","19.3","$11","$12"
"","64","David Montgomery","5.0","5.0","RB","HOU","8","8.07","181.5","199.0","213.5","296.8","230.4","19.2","$11","$12"
"","65","TreVeyon Henderson","5.0","5.0","RB","NE","11","7.06","179.7","199.0","199.7","319.5","228.7","18.8","$8","$12"
"Injured","66","Quinshon Judkins","5.0","5.0","RB","CLE","11","7.03","187.2","209.0","205.7","296.2","227.0","18.3","$15","$12"
"Injured","67","Bo Nix","5.0","2.0","QB","DEN","10","15.03","279.2","290.0","310.2","409.5","331.7","18.1","$9","$12"
"Injured","68","Patrick Mahomes","5.0","2.0","QB","KC","5","14.03","276.2","306.0","306.9","417.4","331.5","18.0","$8","$12"
"Value","69","Kyler Murray","5.0","2.0","QB","MIN","6","20.01","271.3","290.0","308.3","416.2","331.0","17.7","$7","$11"
"","70","Jaylen Warren","6.0","6.0","RB","PIT","9","11.03","177.6","192.0","208.9","271.6","220.3","16.5","$5","$11"
"","71","Harold Fannin Jr.","6.0","3.0","TE","CLE","11","8.03","183.2","193.0","203.6","256.5","214.3","16.4","$8","$10"
"","72","Sam LaPorta","6.0","3.0","TE","DET","6","9.03","181.2","195.0","201.3","259.7","213.6","16.0","$9","$10"
"","73","Jared Goff","6.0","3.0","QB","DET","6","19.04","278.2","289.0","302.4","402.2","325.2","15.2","$5","$10"
"","74","Rhamondre Stevenson","6.0","6.0","RB","NE","11","14.01","168.8","183.0","194.0","283.2","213.8","14.7","$4","$9"
"","75","Bhayshul Tuten","6.0","6.0","RB","JAC","7","9.04","158.5","194.0","182.2","307.9","212.2","14.3","$7","$9"
"","76","Jordan Love","6.0","3.0","QB","GB","11","21.05","279.6","276.0","294.3","406.1","322.1","13.9","$3","$9"
"","77","Matthew Stafford","6.0","3.0","QB","LAR","11","11.05","276.1","286.0","296.9","400.8","321.5","13.6","$3","$9"
"","78","Tony Pollard","6.0","6.0","RB","TEN","9","10.08","164.3","186.0","186.7","281.9","208.6","13.3","$5","$9"
"Sleeper","79","Tyler Shough","6.0","3.0","QB","NO","8","19.08","269.0","269.0","295.6","405.0","320.6","13.2","$4","$8"
"","80","Jameson Williams","6.0","5.0","WR","DET","6","8.05","195.4","202.0","217.1","286.6","232.1","13.2","$11","$8"
"","81","Chuba Hubbard","6.0","6.0","RB","CAR","5","10.01","155.9","179.0","183.4","291.6","207.9","13.1","$4","$8"
"","82","Brandon Aubrey","6.0","1.0","K","DAL","14","9.08","157.4","147.0","176.8","190.9","177.1","12.5","$6","$8"
"Value","83","Mike Evans","6.0","5.0","WR","SF","8","9.06","185.9","203.0","216.2","289.7","230.7","12.4","$8","$8"
"","84","Jadarian Price","7.0","7.0","RB","SEA","11","8.01","145.6","183.0","173.3","306.7","204.7","12.3","$7","$8"
"","85","Baker Mayfield","7.0","3.0","QB","TB","10","20.05","274.8","277.0","289.3","402.1","317.4","11.8","$5","$8"
"","86","Rico Dowdle","7.0","7.0","RB","PIT","9","12.02","154.5","181.0","175.6","279.2","200.0","11.0","$4","$7"
"Injured","87","RJ Harvey","7.0","7.0","RB","DEN","10","14.04","145.7","164.0","173.4","287.8","199.6","10.9","$3","$7"
"","88","Rome Odunze","7.0","6.0","WR","CHI","10","9.01","184.1","195.0","209.2","295.0","228.0","10.9","$7","$7"
"","89","J.K. Dobbins","7.0","7.0","RB","DEN","10","13.02","149.7","170.0","176.1","278.2","199.2","10.8","$3","$7"
"Value","90","D.K. Metcalf","7.0","6.0","WR","PIT","9","10.03","184.2","196.0","219.3","269.7","226.7","10.2","$5","$7"
"","91","Kyle Pitts","7.0","4.0","TE","ATL","11","8.04","175.9","186.0","191.2","248.6","204.1","9.5","$5","$6"
"","92","Parker Washington","7.0","6.0","WR","JAC","7","12.08","180.7","181.0","215.1","275.3","225.3","9.4","$5","$6"
"Sleeper","93","Jonathon Brooks","7.0","7.0","RB","CAR","5","16.03","131.2","123.0","156.2","307.7","193.0","9.1","$3","$6"
"","94","Cameron Dicker","7.0","1.0","K","LAC","7","13.06","151.3","139.0","170.0","181.9","169.9","9.0","$5","$6"
"","95","Rachaad White","7.0","7.0","RB","WAS","7","13.05","126.4","159.0","168.5","281.4","191.6","8.7","$2","$6"
"","96","Malik Willis","7.0","3.0","QB","MIA","6","24.01","266.7","266.0","274.9","409.6","310.2","8.6","$2","$6"
"","97","D.J. Moore","7.0","6.0","WR","BUF","7","8.02","180.2","191.0","207.1","283.7","223.1","8.2","$4","$5"
"Injured","98","George Kittle","7.0","4.0","TE","SF","8","9.07","113.9","183.0","189.8","282.8","201.4","7.7","$5","$5"
"","99","C.J. Stroud","7.0","3.0","QB","HOU","8","23.05","269.9","265.0","278.2","389.5","307.1","7.3","$3","$5"
"","100","Seattle Seahawks","7.0","1.0","DEF","SEA","11","11.08","119.0","77.0","119.0","119.0","119.0","6.8","$1","$4"
"","101","Kyle Monangai","8.0","8.0","RB","CHI","10","14.06","141.1","153.0","155.0","271.3","184.2","6.7","$2","$4"
"Value","102","Michael Pittman Jr.","7.0","6.0","WR","PIT","9","10.04","182.7","189.0","210.0","266.7","220.5","6.7","$2","$4"
"","103","Denver Broncos","8.0","1.0","DEF","DEN","10","11.01","118.6","82.0","118.6","118.6","118.6","6.6","$1","$4"
"Injured","104","Daniel Jones","8.0","3.0","QB","IND","13","23.02","259.1","255.0","275.6","394.1","304.9","6.3","$2","$4"
"","105","Marvin Harrison Jr.","8.0","6.0","WR","ARI","14","9.05","177.6","191.0","201.8","282.5","219.4","6.1","$3","$4"
"","106","Houston Texans","8.0","1.0","DEF","HOU","8","10.02","116.9","82.0","116.9","116.9","116.9","5.9","$1","$4"
"","107","Kenneth Gainwell","8.0","8.0","RB","TB","10","13.03","136.1","158.0","156.4","256.5","180.0","5.6","$2","$4"
"","108","Carnell Tate","8.0","6.0","WR","TEN","9","7.07","169.3","193.0","201.6","284.3","218.3","5.5","$4","$4"
"","109","Courtland Sutton","8.0","6.0","WR","DEN","10","10.05","178.1","183.0","207.1","267.2","218.2","5.4","$2","$3"
"","110","Ka'imi Fairbairn","8.0","2.0","K","HOU","8","15.07","148.6","140.0","159.8","177.4","162.6","5.4","$3","$3"
"","111","Jordan Mason","8.0","8.0","RB","MIN","6","19.03","131.0","136.0","156.0","255.8","178.7","5.2","$1","$3"
"","112","Blake Corum","8.0","8.0","RB","LAR","11","15.08","134.8","141.0","141.9","281.0","178.6","5.2","$2","$3"
"","113","Jordyn Tyson","8.0","6.0","WR","NO","8","10.07","166.9","176.0","201.1","283.6","217.4","5.0","$2","$3"
"Value","114","Jayden Reed","8.0","6.0","WR","GB","11","18.01","173.0","175.0","203.5","270.7","216.3","4.4","$2","$3"
"","115","Tyjae Spears","8.0","8.0","RB","TEN","9","18.05","129.5","141.0","154.2","248.3","175.4","4.3","$1","$3"
"Injured","116","Alec Pierce","8.0","6.0","WR","IND","13","10.06","174.2","195.0","202.6","271.5","216.2","4.3","$3","$3"
"","117","New England Patriots","8.0","1.0","DEF","NE","11","16.01","112.7","71.0","112.7","112.7","112.7","4.3","$1","$3"
"","118","Aaron Jones","8.0","8.0","RB","MIN","6","11.07","123.6","165.0","154.5","248.7","174.6","4.1","$2","$3"
"","119","Jordan Addison","8.0","6.0","WR","MIN","6","16.06","172.6","170.0","203.1","270.1","215.8","4.1","$2","$3"
"Value","120","Jakobi Meyers","8.0","6.0","WR","JAC","7","13.01","178.5","172.0","205.2","260.6","215.5","3.9","$1","$2"
"","121","Brian Thomas Jr.","8.0","6.0","WR","JAC","7","12.04","169.8","176.0","193.0","289.5","215.1","3.7","$2","$2"
"","122","Travis Kelce","8.0","4.0","TE","KC","5","11.02","162.7","186.0","189.2","227.0","194.7","3.1","$2","$2"
"","123","Jacory Croskey-Merritt","9.0","9.0","RB","WAS","7","17.01","117.0","136.0","132.9","279.1","169.9","2.9","$2","$2"
"","124","Ricky Pearsall","9.0","6.0","WR","SF","8","15.02","161.4","165.0","199.2","274.9","213.0","2.6","$1","$2"
"","125","Minnesota Vikings","9.0","1.0","DEF","MIN","6","19.07","109.1","78.0","109.1","109.1","109.1","2.6","$1","$2"
"","126","Tyler Loop","9.0","2.0","K","BAL","13","21.02","143.6","129.0","152.8","178.8","158.2","2.6","$1","$2"
"","127","Green Bay Packers","9.0","2.0","DEF","GB","11","24.08","108.6","65.0","108.6","108.6","108.6","2.2","$1","$1"
"","128","Baltimore Ravens","9.0","2.0","DEF","BAL","13","17.06","108.6","70.0","108.6","108.6","108.6","2.2","$1","$1"
"","129","Quentin Johnston","9.0","6.0","WR","LAC","7","17.04","161.7","168.0","194.8","280.5","212.2","2.1","$1","$1"
"","130","Cam Little","9.0","2.0","K","JAC","7","17.03","145.2","125.0","151.3","178.5","157.6","2.0","$1","$1"
"Injured","131","Zach Charbonnet","9.0","9.0","RB","SEA","11","17.08","101.3","159.0","126.6","284.9","165.2","1.6","$1","$1"
"","132","Sam Darnold","9.0","4.0","QB","SEA","11","22.03","256.3","260.0","258.9","388.4","293.8","1.5","$1","$1"
"Sleeper","133","Cameron 'Cam' Ward","9.0","4.0","QB","TEN","9","24.06","252.8","239.0","258.0","392.2","293.7","1.4","$1","$1"
"","134","Aaron Rodgers","9.0","4.0","QB","PIT","9","120.08","254.1","228.0","259.3","386.4","293.0","1.1","$1","$1"
"","135","Pittsburgh Steelers","9.0","2.0","DEF","PIT","9","15.06","107.1","77.0","107.1","107.1","107.1","1.1","$1","$1"
"","136","Woody Marks","9.0","9.0","RB","HOU","8","18.02","117.8","116.0","130.9","251.3","161.4","0.6","$1","$1"
"","137","Josh Downs","9.0","7.0","WR","IND","13","16.07","161.0","179.0","191.7","276.0","209.1","0.4","$1","$1"
"","138","Cairo Santos","9.0","2.0","K","CHI","10","22.06","142.5","128.0","151.6","174.3","156.1","0.4","$1","$1"
"","139","Jake Bates","9.0","2.0","K","DET","6","19.01","146.6","130.0","149.6","175.0","156.0","0.3","$1","$1"
"","140","Chris Godwin","9.0","7.0","WR","TB","10","12.07","160.4","182.0","190.9","276.8","208.8","0.2","$1","$1"
"","141","Xavier Worthy","9.0","7.0","WR","KC","5","16.05","157.6","169.0","189.9","279.2","208.4","0.0","$1","$1"
"","142","Eddy Pineiro","9.0","2.0","K","SF","8","18.06","143.7","130.0","151.3","172.5","155.7","0.0","$1","$1"
"","143","Harrison Mevis","9.0","2.0","K","LAR","11","17.05","145.1","133.0","149.6","175.0","155.7","0.0","$1","$1"
"","144","Dylan Sampson","9.0","9.0","RB","CLE","11","127.04","116.0","102.0","133.3","239.9","159.2","0.0","$1","$1"
"","145","Los Angeles Rams","9.0","2.0","DEF","LAR","11","12.03","105.7","78.0","105.7","105.7","105.7","0.0","$1","$1"
"","146","Kansas City Chiefs","9.0","2.0","DEF","KC","5","23.01","105.5","66.0","105.5","105.5","105.5","0.0","$1","$1"
"","147","Isiah Pacheco","9.0","9.0","RB","DET","6","18.04","111.3","103.0","125.1","256.5","158.4","0.0","$1","$1"
"","148","Trey Smack","9.0","2.0","K","GB","11","28.03","143.3","134.0","149.3","174.7","155.1","0.0","$1","$1"
"","149","Jacksonville Jaguars","9.0","2.0","DEF","JAC","7","20.03","104.5","69.0","104.5","104.5","104.5","0.0","$1","$1"
"","150","Alvin Kamara","10.0","10.0","RB","NO","8","18.08","105.8","105.0","117.6","264.6","155.6","0.0","$1","$1"
"","151","New York Giants","10.0","2.0","DEF","NYG","8","29.01","103.6","64.0","103.6","103.6","103.6","0.0","$1","$1"
"Injured","152","Chris Rodriguez","10.0","10.0","RB","JAC","7","22.04","103.5","112.0","112.5","267.8","153.2","0.0","$1","$1"
"","153","Wil Lutz","10.0","2.0","K","DEN","10","123.03","144.9","121.0","147.9","171.6","153.8","0.0","$1","$1"
"","154","Tyrone Tracy Jr.","10.0","10.0","RB","NYG","8","24.05","103.0","113.0","113.2","260.4","151.5","0.0","$1","$1"
"","155","Harrison Butker","10.0","2.0","K","KC","5","19.06","145.0","124.0","148.0","170.2","153.5","0.0","$1","$1"
"","156","Philadelphia Eagles","10.0","2.0","DEF","PHI","10","16.08","102.7","68.0","102.7","102.7","102.7","0.0","$2","$1"
"","157","Charlie Smyth","10.0","2.0","K","NO","8","125.07","143.5","119.0","147.9","170.1","153.2","0.0","$1","$1"
"","158","Bryce Young","10.0","4.0","QB","CAR","5","25.05","242.3","244.0","244.7","391.5","284.3","0.0","$1","$1"
"","159","Los Angeles Chargers","10.0","2.0","DEF","LAC","7","21.06","102.2","66.0","102.2","102.2","102.2","0.0","$1","$1"
"","160","Buffalo Bills","10.0","2.0","DEF","BUF","7","122.05","102.0","71.0","102.0","102.0","102.0","0.0","$1","$1"
"","161","Makai Lemon","10.0","7.0","WR","PHI","10","13.07","151.9","158.0","178.7","285.9","203.1","0.0","$1","$1"
"","162","Chicago Bears","10.0","2.0","DEF","CHI","10","27.06","101.5","68.0","101.5","101.5","101.5","0.0","$1","$1"
"","163","Chris Boswell","10.0","2.0","K","PIT","9","21.04","142.9","122.0","145.8","170.6","152.0","0.0","$1","$1"
"","164","Jacoby Brissett","10.0","4.0","QB","ARI","14","127.06","234.1","245.0","246.4","381.9","281.1","0.0","$1","$1"
"","165","Tampa Bay Buccaneers","10.0","2.0","DEF","TB","10","30.02","100.0","63.0","100.0","100.0","100.0","0.0","$1","$1"
"","166","Stefon Diggs","10.0","7.0","WR","UNS","18","21.08","135.5","167.0","190.8","263.3","200.5","0.0","$1","$1"
"","167","Romeo Doubs","10.0","7.0","WR","NE","11","18.03","155.5","169.0","185.1","261.0","200.4","0.0","$1","$1"
"","168","Andres Borregales","10.0","2.0","K","NE","11","124.03","141.8","120.0","146.2","168.1","151.4","0.0","$1","$1"
"","169","Detroit Lions","10.0","2.0","DEF","DET","6","20.04","99.4","70.0","99.4","99.4","99.4","0.0","$1","$1"
"","170","Fernando Mendoza","10.0","4.0","QB","LVR","13","22.08","232.7","243.0","237.4","391.7","278.6","0.0","$1","$1"
"","171","San Francisco 49ers","10.0","2.0","DEF","SF","8","25.07","98.8","63.0","98.8","98.8","98.8","0.0","$1","$1"
"","172","KC Concepcion","10.0","7.0","WR","CLE","11","16.02","146.4","151.0","183.0","265.4","198.8","0.0","$1","$1"
"","173","Jason Myers","10.0","3.0","K","SEA","11","15.05","142.1","143.0","145.0","166.8","150.4","0.0","$1","$1"
"","174","Kaytron Allen","11.0","11.0","RB","WAS","7","116.01","85.6","37.0","93.0","265.1","138.6","0.0","$1","$1"
"Sleeper","175","Dalton Kincaid","11.0","5.0","TE","BUF","7","19.05","155.6","162.0","167.3","225.9","181.2","0.0","$2","$1"
"","176","Chase McLaughlin","11.0","3.0","K","TB","10","24.04","140.2","128.0","144.5","167.6","150.0","0.0","$1","$1"
"","177","Michael Wilson","11.0","7.0","WR","ARI","14","15.01","147.8","182.0","180.2","264.9","197.4","0.0","$1","$1"
"","178","Deshaun Watson","11.0","4.0","QB","CLE","11","120.07","207.8","174.0","218.7","437.4","276.4","0.0","$1","$1"
"Sleeper","179","Jayden Higgins","11.0","7.0","WR","HOU","8","20.07","152.4","157.0","173.2","275.4","197.3","0.0","$1","$1"
"","180","Wan'Dale Robinson","11.0","7.0","WR","TEN","9","14.02","158.9","173.0","178.5","260.6","197.3","0.0","$1","$1"
"","181","Geno Smith","11.0","4.0","QB","NYJ","13","128.05","228.1","240.0","237.6","384.9","276.1","0.0","$1","$1"
"","182","Will Reichard","11.0","3.0","K","MIN","6","22.01","139.9","123.0","142.8","168.5","149.3","0.0","$1","$1"
"","183","Mark Andrews","11.0","5.0","TE","BAL","13","17.07","153.7","158.0","167.1","222.2","179.7","0.0","$2","$1"
"","184","Matthew Golden","11.0","7.0","WR","GB","11","14.07","151.2","155.0","166.1","284.0","195.6","0.0","$1","$1"
"","185","Keaton Mitchell","11.0","11.0","RB","LAC","7","125.04","94.7","80.0","105.2","211.5","132.3","0.0","$1","$1"
"","186","Tyler Allgeier","11.0","11.0","RB","ARI","14","22.07","87.7","92.0","107.0","210.8","131.8","0.0","$1","$1"
"","187","Brian Robinson Jr.","11.0","11.0","RB","ATL","11","24.02","86.8","97.0","105.9","211.8","131.3","0.0","$1","$1"
"","188","Khalil Shakir","11.0","7.0","WR","BUF","7","17.02","158.3","169.0","179.9","248.3","194.6","0.0","$1","$1"
"","189","Cleveland Browns","11.0","3.0","DEF","CLE","11","20.06","95.6","65.0","95.6","95.6","95.6","0.0","$1","$1"
"","190","Jake Ferguson","11.0","5.0","TE","DAL","14","13.08","161.8","170.0","170.3","206.1","178.5","0.0","$1","$1"
"","191","Jonah Coleman","11.0","11.0","RB","DEN","10","112.03","75.4","50.0","83.8","259.8","130.3","0.0","$1","$1"
"","192","Dallas Goedert","11.0","5.0","TE","PHI","10","12.06","152.3","166.0","167.4","217.6","178.4","0.0","$2","$1"
"","193","Tyler Bass","11.0","3.0","K","BUF","7","124.04","138.5","121.0","142.8","164.2","147.9","0.0","$1","$1"
"","194","Jake Moody","11.0","3.0","K","WAS","7","119.01","138.3","115.0","141.1","167.9","147.9","0.0","$1","$1"
"","195","Jake Elliott","11.0","3.0","K","PHI","10","26.08","138.5","116.0","142.8","162.8","147.5","0.0","$1","$1"
"","196","Justice Hill","12.0","12.0","RB","BAL","13","122.07","91.2","98.0","101.3","202.6","127.1","0.0","$1","$1"
"","197","MarShawn Lloyd","12.0","12.0","RB","GB","11","123.04","64.1","50.0","82.2","254.8","126.0","0.0","$1","$1"
"","198","Tennessee Titans","12.0","3.0","DEF","TEN","9","118.02","92.6","62.0","92.6","92.6","92.6","0.0","$1","$1"
"","199","Emmett Johnson","12.0","12.0","RB","KC","5","28.08","70.0","40.0","83.3","237.4","122.9","0.0","$1","$1"
"","200","Nicholas Singleton","12.0","12.0","RB","TEN","9","29.08","59.9","29.0","70.5","260.9","120.5","0.0","$1","$1"
"","201","Arizona Cardinals","12.0","3.0","DEF","ARI","14","30.01","91.7","59.0","91.7","91.7","91.7","0.0","$1","$1"
"","202","Dallas Cowboys","12.0","3.0","DEF","DAL","14","23.07","91.5","65.0","91.5","91.5","91.5","0.0","$1","$1"
"","203","Brenton Strange","12.0","5.0","TE","JAC","7","23.04","146.8","155.0","164.9","209.4","173.8","0.0","$2","$1"
"","204","New Orleans Saints","12.0","3.0","DEF","NO","8","126.08","91.0","66.0","91.0","91.0","91.0","0.0","$1","$1"
"","205","Indianapolis Colts","12.0","3.0","DEF","IND","13","127.07","91.0","61.0","91.0","91.0","91.0","0.0","$1","$1"
"","206","New York Jets","12.0","3.0","DEF","NYJ","13","121.05","90.7","58.0","90.7","90.7","90.7","0.0","$1","$1"
"","207","Braelon Allen","13.0","13.0","RB","NYJ","13","123.06","72.9","83.0","76.7","226.3","116.8","0.0","$1","$1"
"","208","Ryan Fitzgerald","13.0","3.0","K","CAR","5","124.08","133.9","111.0","139.5","161.8","144.6","0.0","$1","$1"
"","209","Cincinnati Bengals","13.0","3.0","DEF","CIN","6","93.08","90.3","64.0","90.3","90.3","90.3","0.0","$1","$1"
"","210","Mike Washington Jr.","13.0","13.0","RB","LVR","13","124.02","63.9","68.0","76.1","228.3","115.4","0.0","$1","$1"
"","211","Las Vegas Raiders","13.0","3.0","DEF","LVR","13","28.02","89.9","61.0","89.9","89.9","89.9","0.0","$1","$1"
"","212","Carolina Panthers","13.0","3.0","DEF","CAR","5","118.06","89.8","58.0","89.8","89.8","89.8","0.0","$1","$1"
"","213","Evan McPherson","13.0","3.0","K","CIN","6","25.01","135.0","124.0","136.4","166.4","144.3","0.0","$2","$1"
"","214","Miami Dolphins","13.0","3.0","DEF","MIA","6","26.07","89.7","60.0","89.7","89.7","89.7","0.0","$1","$1"
"Injured","215","James Conner","13.0","13.0","RB","ARI","14","26.06","76.4","56.0","92.1","184.2","114.4","0.0","$1","$1"
"","216","Calvin Ridley","13.0","8.0","WR","TEN","9","22.05","141.8","113.0","164.9","257.2","185.9","0.0","$2","$1"
"Sleeper","217","Jalen McMillan","13.0","8.0","WR","TB","10","21.07","135.6","126.0","159.5","271.2","185.6","0.0","$2","$1"
"","218","Rashid Shaheed","13.0","8.0","WR","SEA","11","20.08","141.4","139.0","164.4","254.8","184.9","0.0","$2","$1"
"","219","Ben Sauls","13.0","3.0","K","NYG","8","122.04","130.9","72.0","137.8","162.6","143.3","0.0","$1","$1"
"","220","Sean Tucker","13.0","13.0","RB","TB","10","121.03","68.5","55.0","74.5","212.3","111.0","0.0","$1","$1"
"","221","Jaydon Blue","13.0","13.0","RB","DAL","14","119.05","62.3","44.0","73.3","216.2","110.3","0.0","$1","$1"
"","222","Omar Cooper Jr.","13.0","8.0","WR","NYJ","13","21.03","139.6","131.0","153.4","276.1","184.4","0.0","$2","$1"
"Injured","223","Kenyon Sadiq","13.0","5.0","TE","NYJ","13","18.07","139.7","143.0","155.2","220.4","170.2","0.0","$2","$1"
"","224","George Holani","13.0","13.0","RB","SEA","11","121.07","65.7","42.0","82.1","192.9","109.3","0.0","$1","$1"
"Sleeper","225","Isaiah Likely","13.0","5.0","TE","NYG","8","16.04","147.1","158.0","158.2","208.8","170.0","0.0","$4","$1"
"","226","Deebo Samuel","13.0","8.0","WR","UNS","18","35.08","119.3","131.0","170.4","252.2","183.4","0.0","$3","$1"
"","227","Isaiah Davis","13.0","13.0","RB","NYJ","13","120.01","75.4","51.0","79.4","186.6","107.9","0.0","$1","$1"
"","228","Hunter Henry","13.0","5.0","TE","NE","11","21.01","147.3","154.0","158.4","205.9","169.3","0.0","$4","$1"
"","229","Nick Folk","13.0","3.0","K","ATL","11","122.03","133.1","116.0","135.8","161.6","142.4","0.0","$1","$1"
"","230","Christopher 'Chris' Brooks","13.0","13.0","RB","GB","11","36.08","60.3","61.0","67.0","217.8","106.9","0.0","$1","$1"
"","231","Samaje Perine","14.0","14.0","RB","CIN","6","126.03","77.9","92.0","91.6","155.7","106.6","0.0","$1","$1"
"Injured","232","Trey Benson","14.0","14.0","RB","ARI","14","115.07","65.4","14.0","76.0","193.8","106.2","0.0","$1","$1"
"","233","Ty Johnson","14.0","14.0","RB","BUF","7","121.08","74.7","83.0","87.9","162.6","105.9","0.0","$1","$1"
"","234","Nick Chubb","14.0","14.0","RB","UNS","18","62.01","57.8","24.0","82.6","181.7","105.1","0.0","$1","$1"
"","235","Tua Tagovailoa","14.0","5.0","QB","ATL","11","127.05","201.7","238.0","207.9","390.9","256.7","0.0","$1","$1"
"","236","Washington Commanders","14.0","3.0","DEF","WAS","7","27.07","85.7","65.0","85.7","85.7","85.7","0.0","$1","$1"
"Injured","237","Michael Penix Jr.","14.0","5.0","QB","ATL","11","117.05","205.7","186.0","209.9","379.9","255.5","0.0","$1","$1"
"","238","Denzel Boston","14.0","8.0","WR","CLE","11","23.06","130.3","133.0","151.5","272.7","180.7","0.0","$2","$1"
"Injured","239","Najee Harris","14.0","14.0","RB","UNS","18","68.03","52.5","37.0","80.7","177.5","102.0","0.0","$1","$1"
"","240","Juwan Johnson","14.0","6.0","TE","NO","8","22.02","143.4","152.0","157.6","200.2","166.6","0.0","$2","$1"
"","241","Brashard Smith","14.0","14.0","RB","KC","5","113.04","63.1","39.0","77.0","169.4","99.7","0.0","$1","$1"
"","242","Emanuel Wilson","14.0","14.0","RB","SEA","11","123.05","53.8","52.0","67.2","194.9","99.6","0.0","$1","$1"
"","243","Joey Slye","14.0","3.0","K","TEN","9","125.05","130.3","109.0","134.3","158.5","140.2","0.0","$1","$1"
"","244","Jordan James","14.0","14.0","RB","SF","8","121.04","52.9","69.0","58.8","205.8","97.8","0.0","$1","$1"
"","245","Joe Mixon","14.0","14.0","RB","UNS","18","78.03","45.9","21.0","76.5","172.1","97.0","0.0","$1","$1"
"","246","Tank Bigsby","15.0","15.0","RB","PHI","10","24.03","53.0","71.0","55.8","206.5","96.4","0.0","$1","$1"
"","247","Tre Tucker","15.0","8.0","WR","LVR","13","25.04","133.6","133.0","155.4","250.2","177.3","0.0","$2","$1"
"","248","LeQuint Allen","15.0","15.0","RB","JAC","7","121.01","69.7","44.0","75.8","151.6","95.4","0.0","$1","$1"
"","249","Austin Ekeler","15.0","15.0","RB","UNS","18","71.06","52.1","29.0","69.5","173.8","94.8","0.0","$6","$1"
"","250","Kaelon Black","15.0","15.0","RB","SF","8","30.08","49.6","59.0","55.1","203.9","94.7","0.0","$1","$1"
"","251","Jalen Coker","15.0","8.0","WR","CAR","5","20.02","135.9","156.0","151.0","252.2","175.9","0.0","$1","$1"
"","252","Kareem Hunt","15.0","15.0","RB","UNS","18","69.08","50.8","22.0","72.6","156.1","91.4","0.0","$1","$1"
"","253","Jaylen Wright","15.0","15.0","RB","MIA","6","119.02","48.9","53.0","57.5","186.9","91.2","0.0","$1","$1"
"","254","Matt Gay","15.0","4.0","K","LVR","13","62.02","129.9","124.0","132.5","155.0","138.2","0.0","$1","$1"
"","255","Kendre Miller","15.0","15.0","RB","NO","8","67.05","44.1","33.0","55.1","192.9","90.7","0.0","$1","$1"
"","256","Demond Claiborne","15.0","15.0","RB","MIN","6","120.04","44.3","24.0","52.1","198.0","90.5","0.0","$1","$1"
"","257","T.J. Hockenson","15.0","6.0","TE","MIN","6","19.02","139.0","145.0","152.8","197.1","162.4","0.0","$1","$1"
"","258","Keenan Allen","15.0","8.0","WR","UNS","18","117.02","112.9","95.0","159.0","246.5","174.5","0.0","$1","$1"
"","259","Antonio Gibson","15.0","15.0","RB","UNS","18","54.01","48.3","9.0","74.3","148.6","89.8","0.0","$1","$1"
"","260","Dalton Schultz","15.0","6.0","TE","HOU","8","25.02","143.2","144.0","154.0","191.0","162.1","0.0","$1","$1"
"","261","Shedeur Sanders","15.0","5.0","QB","CLE","11","27.01","185.5","223.0","195.3","390.6","246.8","0.0","$1","$1"
"","262","Cade York","15.0","4.0","K","NYJ","13","35.07","129.4","78.0","132.0","154.4","137.6","0.0","$1","$1"
"","263","Andre Szmyt","15.0","4.0","K","CLE","11","59.01","127.9","104.0","131.9","155.6","137.6","0.0","$1","$1"
"","264","Adonai Mitchell","15.0","8.0","WR","NYJ","13","123.08","128.4","107.0","139.6","272.2","173.7","0.0","$1","$1"
"Injured","265","Tyreek Hill","15.0","8.0","WR","UNS","18","23.08","82.4","132.0","149.8","281.6","173.5","0.0","$1","$1"
"","266","Carson Beck","15.0","5.0","QB","ARI","14","38.06","185.9","162.0","191.7","393.0","245.6","0.0","$1","$1"
"","267","Ollie Gordon II","15.0","15.0","RB","MIA","6","119.08","46.8","39.0","49.3","187.3","86.5","0.0","$1","$1"
"","268","Chigoziem 'Chig' Okonkwo","15.0","6.0","TE","WAS","7","25.03","138.7","137.0","144.5","206.6","160.4","0.0","$1","$1"
"","269","Kimani Vidal","15.0","15.0","RB","LAC","7","121.02","59.0","56.0","64.1","141.0","84.2","0.0","$1","$1"
"","270","Jerry Jeudy","15.0","9.0","WR","CLE","11","23.03","123.8","122.0","143.9","259.0","171.6","0.0","$1","$1"
"","271","Jauan Jennings","15.0","9.0","WR","MIN","6","26.01","122.1","136.0","138.7","270.5","171.6","0.0","$1","$1"
"","272","Adam Randall","15.0","15.0","RB","BAL","13","117.03","41.7","46.0","49.0","181.3","83.8","0.0","$1","$1"
"","273","Devin Singletary","15.0","15.0","RB","NYG","8","87.03","49.2","33.0","54.7","164.1","83.5","0.0","$1","$1"
"","274","Malik Davis","15.0","15.0","RB","DAL","14","128.07","45.1","56.0","50.1","175.4","83.4","0.0","$1","$1"
"","275","Oronde Gadsden II","15.0","6.0","TE","LAC","7","24.07","132.9","132.0","138.4","218.7","159.3","0.0","$1","$1"
"","276","Brandon Aiyuk","15.0","9.0","WR","UNS","18","119.07","86.2","109.0","143.7","280.2","170.5","0.0","$1","$1"
"","277","Germie Bernard","15.0","9.0","WR","PIT","9","29.06","124.6","113.0","141.6","257.7","170.2","0.0","$1","$1"
"","278","Kirk Cousins","15.0","5.0","QB","LVR","13","118.03","186.2","187.0","190.0","380.0","241.1","0.0","$1","$1"
"","279","DJ Giddens","15.0","15.0","RB","IND","13","119.04","43.7","42.0","48.6","165.2","79.5","0.0","$1","$1"
"","280","Alexander Mattison","15.0","15.0","RB","UNS","18","61.04","48.7","6.0","57.3","143.3","79.2","0.0","$1","$1"
"","281","Miles Sanders","15.0","15.0","RB","UNS","18","93.04","49.4","0.0","56.1","138.6","77.4","0.0","$1","$1"
"","282","Kaleb Johnson","15.0","15.0","RB","PIT","9","118.01","37.1","18.0","42.2","173.0","77.0","0.0","$5","$1"
"","283","Kyle Juszczyk","15.0","15.0","RB","SF","8","36.04","55.3","51.0","61.4","122.8","77.0","0.0","$1","$1"
"","284","Zane Gonzalez","15.0","4.0","K","MIA","6","125.06","126.1","103.0","127.4","152.9","134.1","0.0","$1","$1"
"","285","Jerome Ford","15.0","15.0","RB","WAS","7","34.04","39.3","29.0","47.4","151.7","74.4","0.0","$1","$1"
"","286","Jeremy McNichols","15.0","15.0","RB","WAS","7","91.08","45.1","25.0","50.1","137.8","73.1","0.0","$1","$1"
"","287","Antonio Williams","15.0","9.0","WR","WAS","7","125.08","116.7","123.0","126.8","276.4","165.8","0.0","$1","$1"
"","288","Ray Davis","15.0","15.0","RB","BUF","7","126.06","38.1","50.0","50.8","132.1","70.7","0.0","$1","$1"
"","289","Seth McGowan","15.0","15.0","RB","IND","13","120.03","33.2","30.0","39.1","156.4","70.0","0.0","$1","$1"
"","290","Jarquez Hunter","15.0","15.0","RB","LAR","11","86.08","29.2","18.0","34.3","161.2","68.0","0.0","$1","$1"
"","291","Jalen Nailor","15.0","9.0","WR","LVR","13","30.04","120.9","126.0","134.3","251.1","163.7","0.0","$1","$1"
"","292","Eli Heidenreich","15.0","15.0","WR","PIT","9","46.08","36.9","16.0","43.4","130.2","65.9","0.0","$1","$1"
"","293","Phil Mafah","15.0","15.0","RB","DAL","14","65.04","33.6","33.0","36.5","146.0","65.8","0.0","$1","$1"
"","294","Atlanta Falcons","15.0","4.0","DEF","ATL","11","125.01","71.8","68.0","71.8","71.8","71.8","0.0","$1","$1"
"","295","Cade Otton","15.0","7.0","TE","TB","10","127.03","134.8","121.0","140.4","186.7","152.0","0.0","$1","$1"
"","296","Emari Demercado","15.0","15.0","RB","KC","5","118.05","36.8","59.0","43.3","121.2","63.4","0.0","$1","$1"
"","297","Trevor Etienne","15.0","15.0","RB","CAR","5","109.04","40.9","28.0","45.4","109.0","61.9","0.0","$1","$1"
"","298","Tre Harris","15.0","9.0","WR","LAC","7","127.01","110.0","97.0","122.2","268.8","160.0","0.0","$1","$1"
"","299","Devin Neal","15.0","15.0","RB","NO","8","32.07","36.5","31.0","43.5","108.8","60.0","0.0","$1","$1"
"","300","Ty Chandler","15.0","15.0","RB","NO","8","114.01","34.9","30.0","43.6","109.0","59.9","0.0","$1","$1"
"Injured","301","AJ Barner","15.0","7.0","TE","SEA","11","25.08","128.1","121.0","133.4","198.8","150.3","0.0","$1","$1"
"","302","Kenny McIntosh","15.0","15.0","RB","SEA","11","80.02","29.6","9.0","32.9","131.6","59.2","0.0","$1","$1"
"","303","Jaydn Ott","15.0","15.0","RB","KC","5","128.07","23.9","14.0","29.9","140.5","59.0","0.0","$1","$1"
"","304","Raheim Sanders","15.0","15.0","RB","CLE","11","105.07","24.5","22.0","27.8","139.0","57.5","0.0","$1","$1"
"","305","Cooper Kupp","15.0","10.0","WR","SEA","11","26.03","111.5","102.0","126.7","253.4","158.5","0.0","$6","$1"
"","306","Roschon Johnson","15.0","15.0","RB","CHI","10","41.03","23.0","28.0","25.5","140.3","56.4","0.0","$1","$1"
"","307","Jamarion 'Jam' Miller","15.0","15.0","RB","NE","11","39.06","26.7","24.0","30.3","125.7","55.7","0.0","$1","$1"
"","308","Tahj Brooks","15.0","15.0","RB","CIN","6","78.07","23.7","22.0","26.3","131.5","54.5","0.0","$1","$1"
"","309","Gunnar Helm","15.0","7.0","TE","TEN","9","31.05","124.1","123.0","133.4","193.4","148.1","0.0","$1","$1"
"","310","Audric Estime","15.0","15.0","RB","NO","8","72.07","31.7","29.0","36.0","104.4","53.9","0.0","$1","$1"
"","311","Tyler Goodson","15.0","15.0","RB","ATL","11","44.05","22.7","18.0","25.8","129.0","53.4","0.0","$1","$1"
"","312","Darius Slayton","15.0","10.0","WR","NYG","8","118.04","112.1","95.0","124.6","249.2","156.3","0.0","$1","$1"
"","313","Will Shipley","15.0","15.0","RB","PHI","10","65.02","38.5","30.0","40.5","81.0","51.2","0.0","$1","$1"
"","314","J'Mari Taylor","15.0","15.0","RB","JAC","7","128.07","22.2","22.0","27.7","116.3","50.9","0.0","$1","$1"
"Injured","315","Isaac Guerendo","15.0","15.0","RB","SF","8","53.07","32.9","20.0","37.4","89.8","50.9","0.0","$1","$1"
"","316","Ryan Flournoy","15.0","10.0","WR","DAL","14","126.01","107.0","106.0","121.6","255.4","155.4","0.0","$1","$1"
"","317","Michael Carter","15.0","15.0","RB","TEN","9","107.07","33.2","10.0","38.2","84.0","49.8","0.0","$1","$1"
"","318","Robert Henry Jr.","15.0","15.0","RB","WAS","7","128.07","18.7","0.0","26.3","115.7","49.3","0.0","$1","$1"
"","319","Pat Freiermuth","15.0","7.0","TE","PIT","9","26.04","120.9","132.0","131.4","191.8","146.0","0.0","$1","$1"
"","320","Roman Hemby","15.0","15.0","RB","LVR","13","128.07","21.0","0.0","26.3","111.8","48.7","0.0","$1","$1"
"","321","Tyler Badie","15.0","15.0","RB","DEN","10","116.05","24.9","20.0","27.7","97.0","46.1","0.0","$1","$1"
"","322","Travis Hunter","15.0","10.0","WR","JAC","7","14.08","92.6","102.0","100.7","298.1","153.1","0.0","$3","$1"
"","323","Jaylin Noel","15.0","10.0","WR","HOU","8","124.07","116.3","93.0","130.7","222.2","153.0","0.0","$1","$1"
"","324","Jawhar Jordan","15.0","15.0","RB","HOU","8","54.02","26.7","48.0","29.7","89.1","45.4","0.0","$1","$1"
"","325","Noah Whittington","15.0","15.0","RB","HOU","8","128.07","20.2","6.0","25.3","99.9","44.7","0.0","$1","$1"
"","326","Kalel Mullings","15.0","15.0","RB","TEN","9","108.06","18.6","10.0","21.9","98.6","42.2","0.0","$1","$1"
"","327","Desmond Reid","15.0","15.0","RB","BUF","7","128.07","17.7","20.0","19.7","97.5","40.6","0.0","$1","$1"
"","328","Jack Bech","15.0","10.0","WR","LVR","13","126.07","102.1","89.0","116.0","249.4","149.9","0.0","$1","$1"
"","329","Darnell Mooney","15.0","10.0","WR","NYG","8","123.07","105.0","92.0","114.1","251.0","149.8","0.0","$1","$1"
"","330","Rashod Bateman","15.0","10.0","WR","BAL","13","128.07","103.0","112.0","117.1","245.9","149.7","0.0","$1","$1"
"","331","CJ Donaldson","15.0","15.0","RB","NO","8","128.07","15.6","0.0","17.3","95.2","38.2","0.0","$1","$1"
"","332","Rasheen Ali","15.0","15.0","RB","BAL","13","67.07","19.7","24.0","21.9","81.0","37.6","0.0","$1","$1"
"","333","Jamal Haynes","15.0","15.0","RB","CIN","6","128.07","13.7","12.0","16.1","88.6","35.4","0.0","$1","$1"
"","334","Jaleel McLaughlin","15.0","15.0","RB","DEN","10","68.06","21.3","17.0","22.4","67.2","34.4","0.0","$1","$1"
"","335","Chip Trayanum","15.0","15.0","RB","NYJ","13","128.07","14.4","10.0","16.0","80.0","33.2","0.0","$1","$1"
"","336","De'Zhaun Stribling","15.0","11.0","WR","SF","8","122.08","96.8","90.0","108.8","255.7","146.7","0.0","$1","$1"
"","337","Pat Bryant","15.0","11.0","WR","DEN","10","126.05","100.7","84.0","113.2","243.4","146.4","0.0","$1","$1"
"","338","Brandon McManus","15.0","5.0","K","UNS","18","116.08","123.0","103.0","123.0","123.0","123.0","0.0","$1","$1"
"","339","Kayshon Boutte","15.0","11.0","WR","NE","11","128.06","96.6","78.0","111.0","244.2","144.7","0.0","$1","$1"
"","340","Jaret Patterson","15.0","15.0","RB","LAC","7","89.05","12.8","19.0","14.6","65.7","28.2","0.0","$1","$1"
"","341","Terrance Ferguson","15.0","8.0","TE","LAR","11","25.06","97.5","101.0","110.8","216.1","137.1","0.0","$1","$1"
"","342","David Njoku","15.0","8.0","TE","LAC","7","122.02","111.0","95.0","115.6","196.5","136.8","0.0","$1","$1"
"","343","Devaughn Vele","15.0","11.0","WR","NO","8","127.02","102.6","95.0","119.3","214.7","142.3","0.0","$1","$1"
"","344","Tyquan Thornton","15.0","11.0","WR","KC","5","113.03","91.8","94.0","106.7","245.4","141.8","0.0","$1","$1"
"","345","Dontayvion Wicks","15.0","11.0","WR","PHI","10","121.06","93.5","76.0","106.3","244.5","141.7","0.0","$1","$1"
"","346","Zachariah Branch","15.0","11.0","WR","ATL","11","27.05","102.3","93.0","119.0","205.9","139.7","0.0","$1","$1"
"","347","Troy Franklin","15.0","11.0","WR","DEN","10","124.01","92.6","97.0","102.9","241.8","138.9","0.0","$1","$1"
"","348","Keon Coleman","15.0","11.0","WR","BUF","7","117.06","87.0","51.0","102.4","245.8","138.7","0.0","$5","$1"
"","349","Colby Parkinson","15.0","8.0","TE","LAR","11","126.02","98.5","94.0","110.7","195.9","131.7","0.0","$1","$1"
"","350","Evan Engram","15.0","8.0","TE","DEN","10","128.03","103.2","95.0","112.2","188.5","131.4","0.0","$7","$1"
"","351","Greg Dulcich","15.0","8.0","TE","MIA","6","127.08","101.7","125.0","110.5","191.2","130.9","0.0","$1","$1"
"Injured","352","Nathaniel 'Tank' Dell","15.0","12.0","WR","HOU","8","123.02","64.9","93.0","92.7","268.8","135.7","0.0","$1","$1"
"","353","Ja'Kobi Lane","15.0","12.0","WR","BAL","13","26.05","86.8","81.0","98.6","241.6","135.5","0.0","$1","$1"
"","354","Kendrick Bourne","15.0","12.0","WR","ARI","14","112.01","90.4","83.0","106.4","223.4","135.4","0.0","$1","$1"
"","355","Kentrel Bullock","15.0","15.0","RB","CIN","6","128.07","4.9","0.0","5.6","19.6","9.3","0.0","$1","$1"
"","356","Kejon Owens","15.0","15.0","RB","MIN","6","128.07","5.0","0.0","5.6","17.9","8.9","0.0","$1","$1"
"","357","Mike Gesicki","15.0","8.0","TE","CIN","6","128.04","97.0","107.0","114.1","183.7","130.0","0.0","$5","$1"
"","358","Chad Ryland","15.0","5.0","K","ARI","14","126.04","103.4","111.0","106.6","147.1","117.1","0.0","$1","$1"
"","359","Chris Brazzell II","15.0","12.0","WR","CAR","5","117.01","83.3","73.0","94.7","246.2","134.0","0.0","$1","$1"
"","360","Jacob Saylors","15.0","15.0","RB","DET","6","41.04","0.0","11.0","5.6","7.8","6.3","0.0","$1","$1"
"","361","Kene Nwangwu","15.0","15.0","RB","NYJ","13","103.01","0.0","7.0","5.6","7.3","6.2","0.0","$1","$1"
"","362","Isaac TeSlaa","15.0","12.0","WR","DET","6","125.03","87.4","103.0","99.3","233.4","133.7","0.0","$1","$1"
"","363","Dylan Laube","15.0","15.0","RB","LVR","13","73.02","0.3","9.0","5.6","7.8","5.2","0.0","$1","$1"
"","364","Elijah Sarratt","15.0","12.0","WR","BAL","13","119.03","84.0","71.0","93.3","242.6","132.3","0.0","$1","$1"
"","365","Darnell Washington","15.0","9.0","TE","PIT","9","28.01","92.8","92.0","105.4","192.9","127.0","0.0","$1","$1"
"","366","Cordarrelle Patterson","15.0","15.0","RB","UNS","18","115.08","0.0","0.0","0.0","0.0","0.0","0.0","$1","$1"
"","367","Jamaal Williams","15.0","15.0","RB","UNS","18","113.01","0.0","0.0","0.0","0.0","0.0","0.0","$1","$1"
"","368","D'Onta Foreman","15.0","15.0","RB","UNS","18","85.02","0.0","0.0","0.0","0.0","0.0","0.0","$1","$1"
"","369","Ezekiel Elliott","15.0","15.0","RB","UNS","18","53.03","0.0","0.0","0.0","0.0","0.0","0.0","$1","$1"
"","370","Raheem Mostert","15.0","15.0","RB","UNS","18","87.07","0.0","13.0","0.0","0.0","0.0","0.0","$1","$1"
"","371","Ameer Abdullah","15.0","15.0","RB","JAC","7","114.07","0.0","4.0","0.0","0.0","0.0","0.0","$1","$1"
"","372","Myles Gaskin","15.0","15.0","RB","UNS","18","83.04","0.0","0.0","0.0","0.0","0.0","0.0","$1","$1"
"","373","Trayveon Williams","15.0","15.0","RB","CLE","11","97.08","0.0","0.0","0.0","0.0","0.0","0.0","$1","$1"
"","374","Travis Homer","15.0","15.0","RB","PIT","9","75.05","0.0","0.0","0.0","0.0","0.0","0.0","$1","$1"
"","375","La'Mical Perine","15.0","15.0","RB","PIT","9","128.07","0.0","0.0","0.0","0.0","0.0","0.0","$1","$1"
"","376","Zack Moss","15.0","15.0","RB","UNS","18","104.04","0.0","0.0","0.0","0.0","0.0","0.0","$1","$1"
"","377","Joshua Kelley","15.0","15.0","RB","TEN","9","102.01","0.0","0.0","0.0","0.0","0.0","0.0","$1","$1"
"","378","Darrynton Evans","15.0","15.0","RB","BUF","7","85.08","0.0","0.0","0.0","0.0","0.0","0.0","$1","$1"
"","379","Clyde Edwards-Helaire","15.0","15.0","RB","KC","5","75.04","0.0","0.0","0.0","0.0","0.0","0.0","$1","$1"
"","380","A.J. Dillon","15.0","15.0","RB","CAR","5","57.01","0.0","62.0","0.0","0.0","0.0","0.0","$1","$1"
"","381","DeeJay Dallas","15.0","15.0","RB","JAC","7","48.07","0.0","0.0","0.0","0.0","0.0","0.0","$1","$1"
"","382","Ke'Shawn Vaughn","15.0","15.0","RB","UNS","18","83.08","0.0","0.0","0.0","0.0","0.0","0.0","$1","$1"
"","383","Cam Akers","15.0","15.0","RB","SEA","11","74.03","0.0","4.0","0.0","0.0","0.0","0.0","$1","$1"
"","384","Dare Ogunbowale","15.0","15.0","RB","UNS","18","109.05","0.0","7.0","0.0","0.0","0.0","0.0","$1","$1"
"","385","Mike Boone","15.0","15.0","RB","UNS","18","63.01","0.0","0.0","0.0","0.0","0.0","0.0","$1","$1"
"","386","Gus Edwards","15.0","15.0","RB","UNS","18","94.03","0.0","0.0","0.0","0.0","0.0","0.0","$1","$1"
"","387","Jeffery 'Jeff' Wilson Jr.","15.0","15.0","RB","MIA","6","53.01","0.0","0.0","0.0","0.0","0.0","0.0","$1","$1"
"","388","Royce Freeman","15.0","15.0","RB","UNS","18","128.07","0.0","0.0","0.0","0.0","0.0","0.0","$1","$1"
"","389","John Kelly","15.0","15.0","RB","CLE","11","80.07","0.0","0.0","0.0","0.0","0.0","0.0","$1","$1"
"","390","Pierre Strong Jr.","15.0","15.0","RB","GB","11","111.08","0.0","10.0","0.0","0.0","0.0","0.0","$1","$1"
"","391","Tyrion Davis-Price","15.0","15.0","RB","UNS","18","74.02","0.0","0.0","0.0","0.0","0.0","0.0","$1","$1"
"","392","Hassan Haskins","15.0","15.0","RB","UNS","18","51.01","0.0","1.0","0.0","0.0","0.0","0.0","$1","$1"
"","393","Kevin Harris","15.0","15.0","RB","NE","11","128.07","0.0","0.0","0.0","0.0","0.0","0.0","$1","$1"
"","394","Keaontay Ingram","15.0","15.0","RB","KC","5","65.08","0.0","0.0","0.0","0.0","0.0","0.0","$1","$1"
"","395","Zonovan 'Bam' Knight","15.0","15.0","RB","ARI","14","53.05","0.0","0.0","0.0","0.0","0.0","0.0","$1","$1"
"","396","Ronnie Rivers","15.0","15.0","RB","LAR","11","51.06","0.0","14.0","0.0","0.0","0.0","0.0","$1","$1"
"","397","Raheem Blackshear","15.0","15.0","RB","NYJ","13","50.05","0.0","0.0","0.0","0.0","0.0","0.0","$1","$1"
"","398","Eric Gray","15.0","15.0","RB","NYG","8","43.03","0.0","0.0","0.0","0.0","0.0","0.0","$1","$1"
"","399","Deuce Vaughn","15.0","15.0","RB","UNS","18","63.04","0.0","0.0","0.0","0.0","0.0","0.0","$1","$1"
"","400","Evan Hull","15.0","15.0","RB","UNS","18","72.03","0.0","0.0","0.0","0.0","0.0","0.0","$1","$1"
"","401","Israel Abanikanda","15.0","15.0","RB","GB","11","79.01","0.0","23.0","0.0","0.0","0.0","0.0","$1","$1"
"","402","Zach Evans","15.0","15.0","RB","UNS","18","42.02","0.0","0.0","0.0","0.0","0.0","0.0","$1","$1"
"","403","DeWayne McBride","15.0","15.0","RB","UNS","18","73.08","0.0","0.0","0.0","0.0","0.0","0.0","$1","$1"
"","404","Khalil Herbert","15.0","15.0","RB","NYJ","13","61.02","0.0","2.0","0.0","0.0","0.0","0.0","$1","$1"
"","405","Elijah Mitchell","15.0","15.0","RB","NE","11","90.04","0.0","14.0","0.0","0.0","0.0","0.0","$1","$1"
"","406","Gary Brightwell","15.0","15.0","RB","CIN","6","69.03","0.0","0.0","0.0","0.0","0.0","0.0","$1","$1"
"","407","Craig Reynolds","15.0","15.0","RB","DET","6","53.04","0.0","4.0","0.0","0.0","0.0","0.0","$1","$1"
"","408","Isaiah Spiller","15.0","15.0","RB","UNS","18","128.07","0.0","0.0","0.0","0.0","0.0","0.0","$1","$1"
"","409","Zamir White","15.0","15.0","RB","UNS","18","51.05","0.0","5.0","0.0","0.0","0.0","0.0","$1","$1"
"","410","Dameon Pierce","15.0","15.0","RB","PHI","10","68.02","0.0","12.0","0.0","0.0","0.0","0.0","$1","$1"
"","411","Tony Jones Jr.","15.0","15.0","RB","ARI","14","85.07","0.0","0.0","0.0","0.0","0.0","0.0","$1","$1"
"","412","Patrick Taylor","15.0","15.0","RB","SF","8","97.04","0.0","0.0","0.0","0.0","0.0","0.0","$1","$1"
"","413","Deon Jackson","15.0","15.0","RB","UNS","18","128.07","0.0","0.0","0.0","0.0","0.0","0.0","$1","$1"
"","414","Jonathan Ward","15.0","15.0","RB","PIT","9","73.06","0.0","0.0","0.0","0.0","0.0","0.0","$1","$1"
"","415","Jake Funk","15.0","15.0","RB","IND","13","128.07","0.0","0.0","0.0","0.0","0.0","0.0","$1","$1"
"","416","JaMycal Hasty","15.0","15.0","RB","UNS","18","101.01","0.0","0.0","0.0","0.0","0.0","0.0","$1","$1"
"","417","Salvon Ahmed","15.0","15.0","RB","UNS","18","52.07","0.0","23.0","0.0","0.0","0.0","0.0","$1","$1"
"","418","Trey Sermon","15.0","15.0","RB","PIT","9","66.08","0.0","0.0","0.0","0.0","0.0","0.0","$1","$1"
"","419","Donovan Edwards","15.0","15.0","RB","WAS","7","44.04","0.0","11.0","0.0","0.0","0.0","0.0","$1","$1"
"","420","Ja'Quinden Jackson","15.0","15.0","RB","JAC","7","128.07","0.0","0.0","0.0","0.0","0.0","0.0","$1","$1"
"","421","Corey Kiner","15.0","15.0","RB","ARI","14","81.04","0.0","0.0","0.0","0.0","0.0","0.0","$1","$1"
"","422","Montrell Johnson Jr.","15.0","15.0","RB","UNS","18","128.07","0.0","0.0","0.0","0.0","0.0","0.0","$1","$1"
"","423","Ulysses Bentley IV","15.0","15.0","RB","IND","13","76.04","0.0","0.0","0.0","0.0","0.0","0.0","$1","$1"
"","424","Lan Larison","15.0","15.0","RB","NE","11","69.04","0.0","0.0","0.0","0.0","0.0","0.0","$1","$1"
"","425","Ian Wheeler","15.0","15.0","RB","CHI","10","128.07","0.0","0.0","0.0","0.0","0.0","0.0","$1","$1"
"","426","C.J. Ham","15.0","15.0","RB","MIN","6","56.06","0.0","0.0","0.0","0.0","0.0","0.0","$1","$1"
"","427","Patrick Ricard","15.0","15.0","RB","NYG","8","64.04","0.0","7.0","0.0","0.0","0.0","0.0","$1","$1"
"","428","ShunDerrick Powell","15.0","15.0","RB","UNS","18","128.07","0.0","0.0","0.0","0.0","0.0","0.0","$1","$1"
"","429","Nathan Carter","15.0","15.0","RB","ATL","11","86.03","0.0","0.0","0.0","0.0","0.0","0.0","$1","$1"
"","430","Zavier Scott","15.0","15.0","RB","MIN","6","32.03","0.0","0.0","0.0","0.0","0.0","0.0","$1","$1"
"","431","Aidan Robbins","15.0","15.0","RB","UNS","18","128.07","0.0","0.0","0.0","0.0","0.0","0.0","$1","$1"
"","432","Scottie Phillips","15.0","15.0","RB","UNS","18","128.07","0.0","0.0","0.0","0.0","0.0","0.0","$1","$1"
"","433","Jabari Small","15.0","15.0","RB","TEN","9","128.07","0.0","0.0","0.0","0.0","0.0","0.0","$1","$1"
"","434","Chris Collier","15.0","15.0","RB","LVR","13","31.02","0.0","0.0","0.0","0.0","0.0","0.0","$1","$1"
"","435","Dante Miller","15.0","15.0","RB","NYG","8","106.02","0.0","0.0","0.0","0.0","0.0","0.0","$1","$1"
"","436","British Brooks","15.0","15.0","RB","HOU","8","100.05","0.0","0.0","0.0","0.0","0.0","0.0","$1","$1"
"","437","Reggie Gilliam","15.0","15.0","RB","NE","11","75.06","0.0","7.0","0.0","0.0","0.0","0.0","$1","$1"
"","438","Alec Ingold","15.0","15.0","","LAC","7","116.03","0.0","14.0","0.0","0.0","0.0","0.0","$1","$1"
"","439","Sione Vaki","15.0","15.0","RB","DET","6","106.03","0.0","3.0","0.0","0.0","0.0","0.0","$1","$1"
"","440","Emani Bailey","15.0","15.0","RB","CAR","5","128.07","0.0","0.0","0.0","0.0","0.0","0.0","$1","$1"
"","441","Carson Steele","15.0","15.0","RB","UNS","18","66.02","0.0","0.0","0.0","0.0","0.0","0.0","$1","$1"
"","442","J.J. Taylor","15.0","15.0","RB","UNS","18","101.06","0.0","0.0","0.0","0.0","0.0","0.0","$1","$1"
"","443","Aaron Shampklin","15.0","15.0","RB","PIT","9","56.02","0.0","0.0","0.0","0.0","0.0","0.0","$1","$1"
"","444","Hunter Luepke","15.0","15.0","RB","DAL","14","115.04","0.0","0.0","0.0","0.0","0.0","0.0","$1","$1"
"","445","Tyreik McAllister","15.0","15.0","WR","LVR","13","65.03","0.0","0.0","0.0","0.0","0.0","0.0","$1","$1"
"","446","Sincere McCormick","15.0","15.0","RB","SF","8","46.03","0.0","0.0","0.0","0.0","0.0","0.0","$1","$1"
"","447","Terrell Jennings","15.0","15.0","RB","NE","11","65.05","0.0","0.0","0.0","0.0","0.0","0.0","$1","$1"
"","448","Jordan Mims","15.0","15.0","RB","UNS","18","81.02","0.0","0.0","0.0","0.0","0.0","0.0","$1","$1"
"","449","Damien Martinez","15.0","15.0","RB","GB","11","88.01","0.0","4.0","0.0","0.0","0.0","0.0","$1","$1"
"","450","Brittain Brown","15.0","15.0","RB","CHI","10","114.05","0.0","20.0","0.0","0.0","0.0","0.0","$1","$1"
"","451","Marcus Yarns","15.0","15.0","RB","UNS","18","128.07","0.0","0.0","0.0","0.0","0.0","0.0","$1","$1"
"","452","Daijun Edwards","15.0","15.0","RB","UNS","18","128.07","0.0","0.0","0.0","0.0","0.0","0.0","$1","$1"
"","453","Dillon Johnson","15.0","15.0","RB","UNS","18","128.07","0.0","0.0","0.0","0.0","0.0","0.0","$1","$1"
"","454","Lew Nichols","15.0","15.0","RB","UNS","18","55.01","0.0","0.0","0.0","0.0","0.0","0.0","$1","$1"
"","455","Avery Williams","15.0","15.0","RB","UNS","18","107.06","0.0","0.0","0.0","0.0","0.0","0.0","$1","$1"
"","456","Julius Chestnut","15.0","15.0","RB","TEN","9","115.05","0.0","4.0","0.0","0.0","0.0","0.0","$1","$1"
"","457","Louis Rees-Zammit","15.0","15.0","RB","UNS","18","70.07","0.0","0.0","0.0","0.0","0.0","0.0","$1","$1"
"","458","Blake Watson","15.0","15.0","RB","UNS","18","77.08","0.0","0.0","0.0","0.0","0.0","0.0","$1","$1"
"","459","Kendall Milton","15.0","15.0","RB","CIN","6","105.02","0.0","0.0","0.0","0.0","0.0","0.0","$1","$1"
"","460","Keilan Robinson","15.0","15.0","RB","UNS","18","88.06","0.0","0.0","0.0","0.0","0.0","0.0","$1","$1"
"","461","Cody Schrader","15.0","15.0","RB","LAR","11","102.04","0.0","0.0","0.0","0.0","0.0","0.0","$1","$1"
"","462","Frank Gore Jr.","15.0","15.0","RB","BUF","7","66.06","0.0","24.0","0.0","0.0","0.0","0.0","$1","$1"
"","463","Jase McClellan","15.0","15.0","RB","UNS","18","49.04","0.0","0.0","0.0","0.0","0.0","0.0","$1","$1"
"","464","Elijah Dotson","15.0","15.0","RB","UNS","18","106.08","0.0","0.0","0.0","0.0","0.0","0.0","$1","$1"
"","465","Xazavian Valladay","15.0","15.0","RB","PIT","9","59.04","0.0","0.0","0.0","0.0","0.0","0.0","$1","$1"
"","466","Deneric Prince","15.0","15.0","RB","UNS","18","88.05","0.0","0.0","0.0","0.0","0.0","0.0","$1","$1"
"","467","Joshua 'Josh' Palmer","15.0","12.0","WR","BUF","7","41.07","87.3","51.0","94.9","227.8","129.8","0.0","$2","$1"
"","468","Chris Bell","15.0","12.0","WR","MIA","6","37.01","68.9","109.0","81.0","255.2","126.3","0.0","$1","$1"
"","469","Graham Gano","15.0","6.0","K","UNS","18","28.05","112.3","106.0","112.3","112.3","112.3","0.0","$1","$1"
"","470","Jahan Dotson","15.0","12.0","WR","ATL","11","118.07","84.8","82.0","98.6","207.1","125.7","0.0","$1","$1"
"","471","Michael Mayer","15.0","9.0","TE","LVR","13","115.06","86.0","85.0","97.7","195.4","122.2","0.0","$1","$1"
"","472","Christian Kirk","15.0","13.0","WR","SF","8","128.02","80.5","85.0","91.5","219.6","124.4","0.0","$3","$1"
"","473","Andrei Iosivas","15.0","13.0","WR","CIN","6","51.02","84.3","95.0","93.7","210.8","123.9","0.0","$1","$1"
"","474","Darren Waller","15.0","9.0","TE","UNS","18","115.03","61.7","74.0","102.8","185.0","117.8","0.0","$4","$1"
"","475","Marquise 'Hollywood' Brown","15.0","13.0","WR","PHI","10","44.07","71.9","74.0","78.2","234.6","119.7","0.0","$3","$1"
"","476","Malik Washington","15.0","13.0","WR","MIA","6","124.06","96.1","110.0","102.2","168.6","119.2","0.0","$1","$1"
"","477","Caleb Douglas","15.0","13.0","WR","MIA","6","120.06","72.4","69.0","80.4","221.1","117.3","0.0","$1","$1"
"","478","Marvin Mims Jr.","15.0","13.0","WR","DEN","10","96.05","85.0","71.0","101.2","170.0","117.0","0.0","$2","$1"
"","479","KaVontae Turpin","15.0","13.0","WR","DAL","14","33.06","89.9","66.0","101.0","165.6","116.6","0.0","$1","$1"
"","480","Ted Hurst","15.0","13.0","WR","TB","10","120.02","67.3","75.0","79.2","221.8","115.9","0.0","$1","$1"
"","481","Eli Stowers","15.0","10.0","TE","PHI","10","114.06","67.3","60.0","82.1","203.6","112.6","0.0","$1","$1"
"","482","Curtis Samuel","15.0","14.0","WR","UNS","18","70.08","70.5","12.0","88.1","189.4","112.5","0.0","$1","$1"
"","483","DeAndre Hopkins","15.0","14.0","WR","UNS","18","32.08","71.0","10.0","88.8","186.5","112.2","0.0","$1","$1"
"","484","Dyami Brown","15.0","14.0","WR","WAS","7","118.08","64.3","45.0","74.8","216.9","111.7","0.0","$1","$1"
"","485","Ashton Dulin","15.0","14.0","WR","IND","13","57.06","61.4","37.0","76.7","214.8","111.6","0.0","$1","$1"
"","486","Tory Horton","15.0","14.0","WR","SEA","11","123.01","71.6","91.0","83.3","191.6","110.7","0.0","$1","$1"
"","487","Tutu Atwell","15.0","14.0","WR","MIA","6","31.04","68.1","56.0","75.7","208.2","110.5","0.0","$1","$1"
"","488","Isaiah Bond","15.0","14.0","WR","CLE","11","45.04","64.5","33.0","71.7","218.7","110.5","0.0","$1","$1"
"","489","Elijah Arroyo","15.0","10.0","TE","SEA","11","116.04","72.1","61.0","78.4","196.0","109.3","0.0","$1","$1"
"","490","Jonnu Smith","15.0","10.0","TE","UNS","18","73.03","62.7","62.0","89.6","179.2","109.2","0.0","$6","$1"
"","491","Xavier Legette","15.0","14.0","WR","CAR","5","117.08","67.5","64.0","71.1","213.3","109.2","0.0","$2","$1"
"","492","Malachi Fields","15.0","14.0","WR","NYG","8","41.08","58.1","60.0","68.3","222.0","108.4","0.0","$1","$1"
"","493","Kyle Williams","15.0","14.0","WR","NE","11","42.01","69.0","35.0","75.8","197.1","107.7","0.0","$1","$1"
"","494","Erick All","15.0","10.0","TE","CIN","6","40.04","68.1","46.0","81.1","186.5","107.5","0.0","$1","$1"
"","495","Olamide Zaccheaus","15.0","14.0","WR","ATL","11","45.07","71.5","79.0","83.1","179.5","107.3","0.0","$1","$1"
"","496","Jalen Tolbert","15.0","14.0","WR","MIA","6","122.01","63.4","84.0","70.4","204.2","105.6","0.0","$1","$1"
"","497","Bryce Lance","15.0","14.0","WR","NO","8","35.01","58.3","33.0","64.8","217.1","105.2","0.0","$1","$1"
"","498","Calvin Austin III","15.0","14.0","WR","NYG","8","40.01","75.7","49.0","79.7","175.3","105.1","0.0","$1","$1"
"","499","Treylon Burks","15.0","14.0","WR","WAS","7","45.03","61.8","47.0","67.2","208.3","104.7","0.0","$1","$1"
"","500","Sterling Shepard","15.0","14.0","WR","UNS","18","113.07","65.5","6.0","77.0","184.8","104.3","0.0","$1","$1"
"","501","Jalen Royals","15.0","14.0","WR","KC","5","43.01","54.5","49.0","60.5","223.9","104.0","0.0","$1","$1"
"","502","Tyler Lockett","15.0","15.0","WR","UNS","18","59.03","59.0","21.0","73.8","188.2","102.3","0.0","$1","$1"
"","503","Brenen Thompson","15.0","15.0","WR","LAC","7","82.03","58.0","31.0","64.4","206.1","101.9","0.0","$1","$1"
"","504","Cole Kmet","15.0","11.0","TE","CHI","10","27.02","71.3","76.0","75.0","176.3","102.0","0.0","$1","$1"
"","505","Noah Brown","15.0","15.0","WR","UNS","18","90.05","64.8","18.0","76.2","167.6","99.1","0.0","$1","$1"
"","506","Mason Taylor","15.0","11.0","TE","NYJ","13","34.05","70.4","97.0","73.3","173.7","100.2","0.0","$1","$1"
"","507","Kalif Raymond","15.0","15.0","WR","CHI","10","32.04","70.7","58.0","76.9","157.6","97.8","0.0","$1","$1"
"","508","Nick Westbrook-Ikhine","15.0","15.0","WR","IND","13","122.06","56.2","60.0","63.9","191.7","97.4","0.0","$1","$1"
"","509","Mack Hollins","15.0","15.0","WR","NE","11","43.05","61.2","53.0","68.0","180.2","97.4","0.0","$1","$1"
"","510","Dawson Knox","15.0","11.0","TE","BUF","7","30.05","70.1","78.0","73.8","169.7","99.3","0.0","$1","$1"
"","511","Ja'Tavion Sanders","15.0","11.0","TE","CAR","5","51.07","68.1","65.0","72.4","173.8","99.3","0.0","$4","$1"
"","512","Elic Ayomanor","15.0","15.0","WR","TEN","9","106.07","57.7","67.0","60.7","194.2","96.6","0.0","$1","$1"
"","513","Jimmy Horn Jr.","15.0","15.0","WR","CAR","5","68.01","56.1","22.0","59.0","188.8","93.9","0.0","$1","$1"
"","514","Luke McCaffrey","15.0","15.0","WR","WAS","7","49.02","66.0","34.0","69.5","155.0","92.2","0.0","$1","$1"
"","515","Zavion Thomas","15.0","15.0","WR","CHI","10","30.06","58.4","52.0","68.7","161.4","92.1","0.0","$1","$1"
"","516","Skyler Bell","15.0","15.0","WR","BUF","7","29.07","47.3","58.0","51.4","200.5","91.3","0.0","$1","$1"
"","517","Hunter Renfrow","15.0","15.0","WR","UNS","18","85.03","50.2","6.0","62.7","175.6","91.2","0.0","$1","$1"
"","518","Jaylin Lane","15.0","15.0","WR","WAS","7","58.06","61.4","58.0","68.2","156.9","91.2","0.0","$1","$1"
"","519","Xavier Hutchinson","15.0","15.0","WR","HOU","8","115.02","48.8","55.0","49.8","199.2","90.4","0.0","$1","$1"
"","520","Savion Williams","15.0","15.0","WR","GB","11","119.06","59.5","54.0","66.1","158.6","90.1","0.0","$1","$1"
"","521","Tez Johnson","15.0","15.0","WR","TB","10","100.06","48.0","43.0","50.0","195.0","89.2","0.0","$1","$1"
"","522","Chimere Dike","15.0","15.0","WR","TEN","9","128.01","58.1","82.0","63.1","162.2","89.2","0.0","$1","$1"
"","523","Noah Fant","15.0","12.0","TE","NO","8","33.01","59.4","63.0","64.6","168.0","91.9","0.0","$1","$1"
"","524","Noah Gray","15.0","12.0","TE","KC","5","35.03","69.2","61.0","69.2","152.2","91.8","0.0","$1","$1"
"","525","Max Klare","15.0","12.0","TE","LAR","11","52.02","55.2","43.0","62.7","172.4","91.3","0.0","$1","$1"
"","526","Cedric Tillman","15.0","15.0","WR","CLE","11","109.03","43.2","36.0","47.0","197.4","87.3","0.0","$2","$1"
"","527","Theo Johnson","15.0","12.0","TE","NYG","8","120.05","60.9","73.0","64.8","162.0","90.6","0.0","$4","$1"
"","528","Roman Wilson","15.0","15.0","WR","PIT","9","43.08","49.3","29.0","54.8","175.4","86.7","0.0","$1","$1"
"","529","Jordan Whittington","15.0","15.0","WR","LAR","11","31.03","59.8","30.0","62.9","151.0","86.4","0.0","$1","$1"
"","530","Tyler Higbee","15.0","12.0","TE","LAR","11","31.07","54.3","66.0","60.3","165.8","88.0","0.0","$1","$1"
"","531","Mitchell Evans","15.0","12.0","TE","CAR","5","42.08","55.6","43.0","59.2","165.8","87.6","0.0","$1","$1"
"","532","Demarcus Robinson","15.0","15.0","WR","SF","8","65.07","46.6","43.0","54.8","158.9","81.7","0.0","$1","$1"
"","533","Oscar Delp","15.0","12.0","TE","NO","8","70.03","47.5","24.0","55.9","173.3","86.4","0.0","$1","$1"
"","534","Taysom Hill","15.0","12.0","TE","UNS","18","74.04","46.4","14.0","58.0","168.2","86.0","0.0","$1","$1"
"","535","Ben Sinnott","15.0","12.0","TE","WAS","7","75.07","46.1","36.0","51.2","179.2","85.2","0.0","$1","$1"
"","536","Justin Joly","15.0","12.0","TE","DEN","10","114.03","43.9","41.0","51.7","178.4","84.8","0.0","$1","$1"
"","537","Reggie Virgil","15.0","15.0","WR","ARI","14","60.05","39.3","12.0","45.7","173.7","79.5","0.0","$1","$1"
"","538","Demario Douglas","15.0","15.0","WR","NE","11","34.03","50.9","56.0","53.6","150.1","79.4","0.0","$1","$1"
"","539","Austin Hooper","15.0","12.0","TE","ATL","11","39.08","58.1","58.0","63.1","145.1","84.6","0.0","$1","$1"
"","540","Van Jefferson","15.0","15.0","WR","WAS","7","67.06","45.9","53.0","51.0","158.1","79.3","0.0","$1","$1"
"","541","Colbie Young","15.0","15.0","WR","CIN","6","49.01","37.1","17.0","43.7","174.8","78.3","0.0","$1","$1"
"","542","Dont'e Thornton Jr.","15.0","15.0","WR","LVR","13","41.05","38.9","34.0","43.2","172.8","77.8","0.0","$1","$1"
"","543","Cyrus Allen","15.0","15.0","WR","KC","5","35.02","34.1","27.0","40.1","180.5","77.3","0.0","$1","$1"
"","544","DJ Rogers","15.0","12.0","TE","DAL","14","128.07","47.9","0.0","56.3","157.6","82.4","0.0","$1","$1"
"","545","Eric McAlister","15.0","15.0","WR","RK","18","128.07","32.9","24.0","36.6","183.0","75.9","0.0","$1","$1"
"","546","JuJu Smith-Schuster","15.0","15.0","WR","NYG","8","38.08","33.3","19.0","44.4","162.1","74.5","0.0","$1","$1"
"","547","John Metchie","15.0","15.0","WR","CAR","5","54.05","44.5","85.0","45.9","151.5","74.5","0.0","$1","$1"
"","548","Jordan Watkins","15.0","15.0","WR","SF","8","50.08","33.1","9.0","36.8","176.6","74.3","0.0","$1","$1"
"","549","Cade Stover","15.0","13.0","TE","HOU","8","57.04","47.3","30.0","52.5","157.5","80.2","0.0","$1","$1"
"","550","Tommy Tremble","15.0","13.0","TE","CAR","5","38.01","45.5","54.0","50.5","162.6","80.2","0.0","$1","$1"
"","551","Kevin Coleman Jr.","15.0","15.0","WR","MIA","6","62.03","35.8","50.0","39.8","167.2","73.8","0.0","$1","$1"
"","552","Nate Boerkircher","15.0","13.0","TE","JAC","7","56.03","43.6","35.0","51.3","161.6","80.0","0.0","$1","$1"
"","553","Greg Dortch","15.0","15.0","WR","DET","6","56.07","49.9","30.0","53.7","126.2","72.8","0.0","$1","$1"
"","554","Tai Felton","15.0","15.0","WR","MIN","6","46.01","44.6","25.0","46.9","140.7","72.1","0.0","$1","$1"
"","555","Elijah Higgins","15.0","13.0","TE","ARI","14","60.02","50.4","47.0","53.0","148.4","78.6","0.0","$1","$1"
"","556","Eli Raridon","15.0","13.0","TE","NE","11","38.04","44.0","35.0","51.8","155.4","78.6","0.0","$1","$1"
"","557","Marquez Valdes-Scantling","15.0","15.0","WR","DAL","14","37.06","33.5","22.0","44.7","152.0","71.9","0.0","$1","$1"
"","558","Will Dissly","15.0","13.0","TE","UNS","18","86.05","47.4","23.0","51.0","153.0","78.2","0.0","$1","$1"
"","559","Odell Beckham Jr.","15.0","15.0","WR","NYG","8","26.02","30.6","20.0","38.3","164.7","71.4","0.0","$1","$1"
"","560","Luke Musgrave","15.0","13.0","TE","GB","11","55.06","41.7","56.0","43.9","169.0","77.6","0.0","$1","$1"
"","561","Arian Smith","15.0","15.0","WR","NYJ","13","50.02","30.6","10.0","34.0","170.0","70.5","0.0","$1","$1"
"","562","Jonathan Mingo","15.0","15.0","WR","DAL","14","47.05","34.8","13.0","40.0","152.0","69.6","0.0","$1","$1"
"","563","KeAndre Lambert-Smith","15.0","15.0","WR","LAC","7","76.07","34.7","37.0","38.6","154.4","69.5","0.0","$1","$1"
"","564","Devontez Walker","15.0","15.0","WR","BAL","13","38.05","32.9","37.0","37.4","157.1","69.2","0.0","$1","$1"
"","565","Daniel Bellinger","15.0","13.0","TE","TEN","9","108.04","46.3","46.0","50.3","145.9","75.7","0.0","$1","$1"
"","566","Mitchell Tinsley","15.0","15.0","WR","CIN","6","45.08","29.7","37.0","33.0","165.0","68.4","0.0","$1","$1"
"","567","Konata Mumpfield","15.0","15.0","WR","LAR","11","38.02","31.1","43.0","32.7","163.5","68.1","0.0","$1","$1"
"","568","Charlie Kolar","15.0","13.0","TE","LAC","7","84.02","50.7","48.0","59.7","119.4","74.4","0.0","$1","$1"
"","569","Ja'Lynn Polk","15.0","15.0","WR","NO","8","58.05","29.5","6.0","36.9","147.6","65.8","0.0","$1","$1"
"","570","Jake Tonges","15.0","13.0","TE","SF","8","125.02","46.1","64.0","52.4","133.6","73.4","0.0","$1","$1"
"","571","Malik Benson","15.0","15.0","WR","LVR","13","64.02","31.1","13.0","36.6","146.4","65.6","0.0","$1","$1"
"","572","Theo Wease Jr.","15.0","15.0","WR","MIA","6","100.08","26.6","89.0","31.3","156.5","64.6","0.0","$1","$1"
"","573","Tanner Koziol","15.0","13.0","TE","JAC","7","90.07","33.8","26.0","39.8","163.2","72.4","0.0","$1","$1"
"","574","Jalin Hyatt","15.0","15.0","WR","NYG","8","96.02","26.2","6.0","29.1","160.1","64.3","0.0","$1","$1"
"","575","Jackson Hawes","15.0","13.0","TE","BUF","7","46.07","31.1","39.0","34.5","172.5","71.5","0.0","$1","$1"
"","576","K.J. Osborn","15.0","15.0","WR","TEN","9","75.02","34.0","0.0","41.5","116.2","60.5","0.0","$1","$1"
"","577","Tanner Hudson","15.0","14.0","TE","CIN","6","59.08","39.3","37.0","43.7","139.8","69.1","0.0","$1","$1"
"","578","Sam Roush","15.0","14.0","TE","CHI","10","36.06","39.2","20.0","44.0","138.6","68.9","0.0","$1","$1"
"","579","CJ Daniels","15.0","15.0","WR","LAR","11","31.01","26.9","39.0","30.6","137.7","59.1","0.0","$1","$1"
"","580","Malachi Corley","15.0","15.0","WR","CLE","11","48.03","23.7","15.0","26.3","136.8","56.0","0.0","$1","$1"
"","581","Jeff Caldwell","15.0","15.0","WR","KC","5","128.07","21.9","0.0","25.8","139.1","56.0","0.0","$1","$1"
"","582","Deion Burks","15.0","15.0","WR","IND","13","62.06","23.0","50.0","28.1","133.5","55.9","0.0","$1","$1"
"","583","Josh Cameron","15.0","15.0","WR","JAC","7","98.08","25.4","27.0","28.9","130.1","55.9","0.0","$1","$1"
"","584","Xavier Restrepo","15.0","15.0","WR","TEN","9","50.06","22.7","11.0","25.2","138.6","55.7","0.0","$1","$1"
"","585","Dominic Lovett","15.0","15.0","WR","DET","6","97.03","22.5","0.0","26.5","135.2","55.4","0.0","$1","$1"
"","586","David Sills V","15.0","15.0","WR","TB","10","92.04","25.2","17.0","26.5","132.5","55.2","0.0","$1","$1"
"","587","Josh Oliver","15.0","14.0","TE","MIN","6","110.01","37.6","54.0","39.6","130.7","64.1","0.0","$1","$1"
"","588","Brevyn Spann-Ford","15.0","14.0","TE","DAL","14","41.02","33.4","20.0","35.2","140.8","63.7","0.0","$1","$1"
"","589","Drew Sample","15.0","14.0","TE","CIN","6","40.02","33.3","38.0","35.0","140.0","63.3","0.0","$1","$1"
"","590","Derius Davis","15.0","15.0","WR","LAC","7","68.08","35.1","12.0","36.9","95.9","52.7","0.0","$1","$1"
"","591","Tim Patrick","15.0","15.0","WR","NYJ","13","41.06","30.4","22.0","34.2","102.6","52.2","0.0","$1","$1"
"","592","Matthew Hibner","15.0","14.0","TE","BAL","13","71.02","29.6","22.0","34.8","139.2","62.3","0.0","$1","$1"
"","593","Will Kacmarek","15.0","14.0","TE","MIA","6","52.08","33.1","50.0","34.8","135.7","62.0","0.0","$1","$1"
"","594","Isaiah Williams","15.0","15.0","WR","NYJ","13","71.07","30.9","24.0","32.5","104.0","51.7","0.0","$1","$1"
"","595","Tyler Conklin","15.0","14.0","TE","DET","6","109.07","37.6","12.0","39.6","122.8","61.9","0.0","$1","$1"
"","596","Bub Means","15.0","15.0","WR","NO","8","89.04","24.0","46.0","25.3","121.4","51.3","0.0","$1","$1"
"","597","Davis Allen","15.0","14.0","TE","LAR","11","58.07","32.0","33.0","35.5","133.1","61.5","0.0","$1","$1"
"","598","Adam Trautman","15.0","14.0","TE","DEN","10","37.04","35.8","43.0","44.7","111.8","61.4","0.0","$1","$1"
"","599","Luke Schoonmaker","15.0","14.0","TE","DAL","14","33.02","32.1","32.0","33.8","135.2","61.2","0.0","$1","$1"
"","600","Marlin Klein","15.0","14.0","TE","HOU","8","82.08","35.0","44.0","39.8","119.4","60.6","0.0","$1","$1"
"","601","Casey Washington","15.0","15.0","WR","ATL","11","75.08","22.1","24.0","24.5","120.1","50.1","0.0","$1","$1"
"","602","Mecole Hardman","15.0","15.0","WR","BUF","7","46.06","19.4","6.0","24.3","121.5","49.9","0.0","$1","$1"
"","603","Joe Royer","15.0","15.0","TE","CLE","11","47.08","27.9","25.0","32.8","131.2","58.8","0.0","$1","$1"
"","604","Quez Watkins","15.0","15.0","WR","PHI","10","50.03","19.6","0.0","23.1","115.5","47.7","0.0","$1","$1"
"","605","Jacob Cowing","15.0","15.0","WR","SF","8","72.05","29.5","7.0","31.1","90.2","46.9","0.0","$1","$1"
"","606","Joshua Karty","15.0","7.0","K","ARI","14","77.05","63.4","0.0","64.0","89.6","70.9","0.0","$1","$1"
"","607","Emmanuel Henderson Jr.","15.0","15.0","WR","SEA","11","81.03","19.2","7.0","22.6","113.0","46.6","0.0","$1","$1"
"","608","Brock Wright","15.0","15.0","TE","DET","6","48.02","35.7","55.0","37.6","112.8","57.8","0.0","$1","$1"
"","609","Barion Brown","15.0","15.0","WR","NO","8","72.01","26.4","26.0","29.3","90.8","45.6","0.0","$1","$1"
"","610","Spencer Shrader","15.0","7.0","K","IND","13","29.05","62.7","59.0","64.0","86.4","69.9","0.0","$1","$1"
"","611","Johnny Wilson","15.0","15.0","WR","PHI","10","92.07","20.0","6.0","25.0","100.0","44.6","0.0","$1","$1"
"","612","Tahj Washington","15.0","15.0","WR","MIA","6","40.07","18.1","0.0","20.1","110.6","44.4","0.0","$1","$1"
"","613","Harrison Wallace III","15.0","15.0","WR","ARI","14","128.07","18.1","0.0","20.1","110.6","44.4","0.0","$1","$1"
"","614","Kevin Austin Jr.","15.0","15.0","WR","NO","8","92.05","22.2","24.0","24.7","96.3","43.8","0.0","$1","$1"
"","615","Darius Cooper","15.0","15.0","WR","PHI","10","99.02","22.6","15.0","23.8","95.2","43.1","0.0","$1","$1"
"","616","Luke Farrell","15.0","15.0","TE","SF","8","44.08","23.8","18.0","26.4","132.0","54.7","0.0","$1","$1"
"","617","Eric Rivers","15.0","15.0","WR","TB","10","128.07","18.1","17.0","20.1","104.5","42.8","0.0","$1","$1"
"","618","Josh Cuevas","15.0","15.0","TE","BAL","13","83.06","23.5","18.0","26.7","130.8","54.5","0.0","$1","$1"
"","619","Jordan Hudson","15.0","15.0","WR","DAL","14","128.07","18.5","0.0","20.6","100.9","42.1","0.0","$1","$1"
"","620","Anthony Smith","15.0","15.0","WR","DAL","14","108.05","17.7","6.0","20.8","97.8","41.2","0.0","$1","$1"
"","621","Charlie Jones","15.0","15.0","WR","CIN","6","62.08","19.6","6.0","23.0","91.5","41.1","0.0","$1","$1"
"","622","Riley Nowakowski","15.0","15.0","TE","PIT","9","49.06","24.2","25.0","27.5","123.8","53.2","0.0","$1","$1"
"","623","Mason Tipton","15.0","15.0","WR","NO","8","72.02","21.2","19.0","23.5","84.6","39.8","0.0","$1","$1"
"","624","Devin Culp","15.0","15.0","TE","TB","10","102.03","24.2","14.0","26.9","121.1","52.1","0.0","$1","$1"
"","625","Lewis Bond","15.0","15.0","WR","HOU","8","79.02","17.6","6.0","19.6","94.1","39.6","0.0","$1","$1"
"","626","J. Michael Sturdivant","15.0","15.0","WR","GB","11","128.07","17.5","0.0","19.4","91.2","38.6","0.0","$1","$1"
"","627","CJ Williams","15.0","15.0","WR","JAC","7","83.07","16.9","0.0","19.9","89.6","38.4","0.0","$1","$1"
"","628","Kaden Wetjen","15.0","15.0","WR","PIT","9","69.01","25.4","9.0","29.9","63.1","38.1","0.0","$1","$1"
"","629","Efton Chism","15.0","15.0","WR","NE","11","35.06","19.1","22.0","20.1","82.4","36.9","0.0","$1","$1"
"","630","Tip Reiman","15.0","15.0","TE","ARI","14","96.04","21.4","19.0","23.8","119.0","49.3","0.0","$1","$1"
"","631","Jared Wiley","15.0","15.0","TE","KC","5","113.06","23.6","20.0","24.8","111.6","48.3","0.0","$1","$1"
"","632","Will Mallory","15.0","15.0","TE","IND","13","93.02","21.2","22.0","23.5","115.2","48.1","0.0","$1","$1"
"","633","John Bates","15.0","15.0","TE","WAS","7","78.02","23.0","37.0","25.5","109.7","48.0","0.0","$1","$1"
"","634","Anthony Gould","15.0","15.0","WR","IND","13","84.04","17.3","13.0","19.2","74.9","34.1","0.0","$1","$1"
"","635","Thomas Fidone II","15.0","15.0","TE","NYG","8","97.05","16.2","32.0","18.0","126.0","47.1","0.0","$1","$1"
"","636","Blake Grupe","15.0","7.0","K","IND","13","124.05","56.1","96.0","56.7","82.2","63.6","0.0","$1","$1"
"","637","Jake Briningstool","15.0","15.0","TE","KC","5","128.07","15.9","6.0","17.7","123.9","46.3","0.0","$1","$1"
"","638","Aaron Anderson","15.0","15.0","WR","CLE","11","128.07","13.1","23.0","14.6","81.0","32.4","0.0","$1","$1"
"","639","Jack Endries","15.0","15.0","TE","CIN","6","86.02","23.4","29.0","27.5","96.3","45.5","0.0","$1","$1"
"","640","Vinny Anthony II","15.0","15.0","WR","ATL","11","128.07","13.2","0.0","14.7","74.2","30.7","0.0","$1","$1"
"","641","Michael Trigg","15.0","15.0","TE","DAL","14","35.05","21.4","28.0","26.8","93.8","44.1","0.0","$1","$1"
"","642","Bauer Sharp","15.0","15.0","TE","TB","10","82.04","19.8","6.0","22.3","100.4","43.2","0.0","$1","$1"
"","643","Charlie Woerner","15.0","15.0","TE","ATL","11","56.04","21.2","23.0","23.5","94.0","42.3","0.0","$1","$1"
"","644","Seydou Traore","15.0","15.0","TE","MIA","6","67.01","16.3","22.0","19.2","96.0","39.6","0.0","$1","$1"
"","645","J.J. McCarthy","15.0","6.0","QB","MIN","6","28.06","30.8","15.0","31.4","125.6","57.0","0.0","$2","$1"
"","646","Payne Durham","15.0","15.0","TE","TB","10","45.06","19.5","17.0","20.1","88.4","38.6","0.0","$1","$1"
"","647","Dallen Bentley","15.0","15.0","TE","DEN","10","99.06","17.1","6.0","20.1","86.4","37.6","0.0","$1","$1"
"","648","Jeremy Ruckert","15.0","15.0","TE","NYJ","13","42.03","20.7","24.0","21.8","76.3","36.5","0.0","$1","$1"
"","649","Hunter Long","15.0","15.0","TE","JAC","7","97.02","15.1","21.0","16.8","87.4","35.8","0.0","$1","$1"
"","650","RJ Maryland","15.0","15.0","TE","GB","11","128.07","15.7","0.0","18.5","83.3","35.7","0.0","$1","$1"
"","651","John Michael Gyllenborg","15.0","15.0","TE","KC","5","128.07","15.6","23.0","18.4","82.8","35.5","0.0","$1","$1"
"","652","Johnny Mundt","15.0","15.0","TE","PHI","10","112.08","19.0","10.0","22.3","71.4","35.1","0.0","$1","$1"
"","653","Carsen Ryan","15.0","15.0","TE","CLE","11","64.05","14.0","6.0","17.5","78.8","33.6","0.0","$1","$1"
"","654","Grant Calcaterra","15.0","15.0","TE","PHI","10","37.02","20.7","24.0","23.5","58.8","32.6","0.0","$1","$1"
"","655","Ty Simpson","15.0","7.0","QB","LAR","11","28.04","25.0","14.0","27.8","91.7","44.7","0.0","$1","$1"
"","656","Jaren Kanak","15.0","15.0","TE","TEN","9","47.04","14.7","24.0","17.3","69.2","31.0","0.0","$1","$1"
"","657","Max Tomczak","15.0","15.0","WR","BUF","7","128.07","5.7","0.0","6.3","31.5","13.1","0.0","$1","$1"
"","658","Tyrell Shavers","15.0","15.0","WR","BUF","7","88.08","6.0","19.0","6.3","30.9","13.0","0.0","$1","$1"
"","659","Tyren Montgomery","15.0","15.0","WR","TEN","9","128.07","5.7","0.0","6.3","30.2","12.7","0.0","$1","$1"
"","660","Noah Thomas","15.0","15.0","WR","CIN","6","128.07","5.7","35.0","6.3","29.9","12.6","0.0","$1","$1"
"","661","Cade Klubnik","15.0","7.0","QB","NYJ","13","63.05","23.8","18.0","26.4","79.2","40.3","0.0","$1","$1"
"","662","Caullin Lacy","15.0","15.0","WR","NYJ","13","128.07","5.7","0.0","6.3","23.9","11.0","0.0","$1","$1"
"","663","Chris Hilton Jr.","15.0","15.0","WR","WAS","7","128.07","5.7","0.0","6.3","23.9","11.0","0.0","$1","$1"
"","664","Kendrick Law","15.0","15.0","WR","DET","6","80.01","5.5","6.0","6.3","22.4","10.6","0.0","$1","$1"
"","665","Mo Alie-Cox","15.0","15.0","TE","IND","13","91.07","28.2","25.0","28.2","28.2","28.2","0.0","$1","$1"
"","666","Skyy Moore","15.0","15.0","WR","GB","11","40.06","0.0","8.0","6.3","8.8","7.1","0.0","$1","$1"
"","667","Dareke Young","15.0","15.0","WR","LVR","13","98.02","0.0","9.0","6.3","8.2","6.9","0.0","$1","$1"
"","668","Xavier Smith","15.0","15.0","WR","LAR","11","39.05","0.0","22.0","6.3","8.2","6.9","0.0","$1","$1"
"","669","Braxton Berrios","15.0","15.0","WR","NYG","8","44.06","0.0","6.0","6.3","7.7","6.8","0.0","$1","$1"
"","670","Britain Covey","15.0","15.0","WR","PHI","10","70.01","0.0","7.0","6.3","7.7","6.8","0.0","$1","$1"
"","671","Chase Roberts","15.0","15.0","WR","LVR","13","128.07","6.3","9.0","6.3","6.3","6.3","0.0","$1","$1"
"","672","Jalen Walthall","15.0","15.0","WR","HOU","8","128.07","6.3","0.0","6.3","6.3","6.3","0.0","$1","$1"
"","673","Donaven McCulley","15.0","15.0","WR","MIA","6","128.07","6.3","0.0","6.3","6.3","6.3","0.0","$1","$1"
"","674","Gage Larvadain","15.0","15.0","WR","CLE","11","76.02","6.3","7.0","6.3","6.3","6.3","0.0","$1","$1"
"","675","Nikko Remigio","15.0","15.0","WR","KC","5","89.06","1.6","9.0","6.3","8.8","6.1","0.0","$1","$1"
"","676","Kameron Johnson","15.0","15.0","WR","TB","10","53.08","0.6","11.0","6.3","8.8","6.0","0.0","$1","$1"
"","677","LaJohntay Wester","15.0","15.0","WR","BAL","13","54.07","0.6","8.0","6.3","8.8","6.0","0.0","$1","$1"
"","678","Myles Price","15.0","15.0","WR","MIN","6","101.04","1.9","7.0","6.3","8.2","6.0","0.0","$1","$1"
"","679","Devin Duvernay","15.0","15.0","WR","ARI","14","92.01","0.6","9.0","6.3","8.2","5.8","0.0","$1","$1"
"","680","Andrew 'Drew' Ogletree","15.0","15.0","TE","IND","13","68.07","22.1","12.0","22.1","22.1","22.1","0.0","$1","$1"
"","681","Brandin Cooks","15.0","15.0","WR","BUF","7","92.08","0.0","19.0","0.0","0.0","0.0","0.0","$1","$1"
"","682","Robert Woods","15.0","15.0","WR","UNS","18","109.02","0.0","0.0","0.0","0.0","0.0","0.0","$1","$1"
"","683","Adam Thielen","15.0","15.0","WR","UNS","18","111.02","0.0","0.0","0.0","0.0","0.0","0.0","$1","$1"
"","684","Robbie Chosen","15.0","15.0","WR","UNS","18","94.08","0.0","0.0","0.0","0.0","0.0","0.0","$1","$1"
"","685","Zay Jones","15.0","15.0","WR","UNS","18","67.04","0.0","0.0","0.0","0.0","0.0","0.0","$1","$1"
"","686","Josh Reynolds","15.0","15.0","WR","UNS","18","91.05","0.0","3.0","0.0","0.0","0.0","0.0","$1","$1"
"","687","Alex Erickson","15.0","15.0","WR","LAC","7","110.05","0.0","0.0","0.0","0.0","0.0","0.0","$1","$1"
"","688","Tyler Boyd","15.0","15.0","WR","UNS","18","84.01","0.0","0.0","0.0","0.0","0.0","0.0","$1","$1"
"","689","Jamison Crowder","15.0","15.0","WR","WAS","7","93.06","0.0","0.0","0.0","0.0","0.0","0.0","$1","$1"
"","690","Nelson Agholor","15.0","15.0","WR","UNS","18","110.07","0.0","0.0","0.0","0.0","0.0","0.0","$1","$1"
"","691","Allen Robinson","15.0","15.0","WR","DET","6","112.07","0.0","0.0","0.0","0.0","0.0","0.0","$1","$1"
"","692","Diontae Johnson","15.0","15.0","WR","UNS","18","98.04","0.0","0.0","0.0","0.0","0.0","0.0","$1","$1"
"","693","Lil'Jordan Humphrey","15.0","15.0","WR","DEN","10","33.05","0.0","12.0","0.0","0.0","0.0","0.0","$1","$1"
"","694","Stanley Morgan","15.0","15.0","WR","CIN","6","128.07","0.0","0.0","0.0","0.0","0.0","0.0","$1","$1"
"","695","Scott 'Scotty' Miller","15.0","15.0","WR","UNS","18","34.08","0.0","0.0","0.0","0.0","0.0","0.0","$1","$1"
"","696","Justin Watson","15.0","15.0","WR","HOU","8","65.06","0.0","5.0","0.0","0.0","0.0","0.0","$1","$1"
"","697","Ray-Ray McCloud","15.0","15.0","WR","NYG","8","100.03","0.0","0.0","0.0","0.0","0.0","0.0","$1","$1"
"","698","Zach Pascal","15.0","15.0","WR","UNS","18","112.04","0.0","0.0","0.0","0.0","0.0","0.0","$1","$1"
"","699","Trent Sherfield","15.0","15.0","WR","BUF","7","76.01","0.0","3.0","0.0","0.0","0.0","0.0","$1","$1"
"","700","Hakeem Butler","15.0","15.0","WR","CIN","6","128.07","0.0","0.0","0.0","0.0","0.0","0.0","$1","$1"
"","701","Cedrick 'Ced' Wilson","15.0","15.0","WR","MIA","6","52.03","0.0","0.0","0.0","0.0","0.0","0.0","$1","$1"
"","702","Dante Pettis","15.0","15.0","WR","NO","8","67.03","0.0","3.0","0.0","0.0","0.0","0.0","$1","$1"
"","703","Allen Lazard","15.0","15.0","WR","UNS","18","48.06","0.0","3.0","0.0","0.0","0.0","0.0","$1","$1"
"","704","Tre'Quan Smith","15.0","15.0","WR","DET","6","128.07","0.0","0.0","0.0","0.0","0.0","0.0","$1","$1"
"","705","D.J. Chark Jr.","15.0","15.0","WR","UNS","18","71.08","0.0","0.0","0.0","0.0","0.0","0.0","$1","$1"
"","706","Equanimeous St. Brown","15.0","15.0","WR","SF","8","91.06","0.0","0.0","0.0","0.0","0.0","0.0","$1","$1"
"","707","Michael Gallup","15.0","15.0","WR","UNS","18","128.07","0.0","0.0","0.0","0.0","0.0","0.0","$1","$1"
"","708","Anthony Miller","15.0","15.0","WR","BAL","13","59.07","0.0","0.0","0.0","0.0","0.0","0.0","$1","$1"
"","709","David Moore","15.0","15.0","WR","CAR","5","112.02","0.0","3.0","0.0","0.0","0.0","0.0","$1","$1"
"","710","Velus Jones","15.0","15.0","RB","NO","8","104.03","0.0","0.0","0.0","0.0","0.0","0.0","$1","$1"
"","711","Danny Gray","15.0","15.0","WR","UNS","18","80.04","0.0","0.0","0.0","0.0","0.0","0.0","$1","$1"
"","712","Erik Ezukanma","15.0","15.0","WR","UNS","18","86.07","0.0","0.0","0.0","0.0","0.0","0.0","$1","$1"
"","713","Kyle Philips","15.0","15.0","WR","LVR","13","128.07","0.0","0.0","0.0","0.0","0.0","0.0","$1","$1"
"","714","Irvin Charles","15.0","15.0","WR","NYJ","13","79.07","0.0","0.0","0.0","0.0","0.0","0.0","$1","$1"
"","715","Brandon Johnson","15.0","15.0","WR","UNS","18","96.06","0.0","0.0","0.0","0.0","0.0","0.0","$1","$1"
"","716","Chris Moore","15.0","15.0","WR","UNS","18","111.07","0.0","3.0","0.0","0.0","0.0","0.0","$1","$1"
"","717","Samori Toure","15.0","15.0","WR","UNS","18","43.02","0.0","0.0","0.0","0.0","0.0","0.0","$1","$1"
"","718","Bo Melton","15.0","15.0","CB","GB","11","128.07","0.0","19.0","0.0","0.0","0.0","0.0","$1","$1"
"","719","Trey Palmer","15.0","15.0","WR","NO","8","33.07","0.0","0.0","0.0","0.0","0.0","0.0","$1","$1"
"","720","Justin Shorter","15.0","15.0","WR","UNS","18","104.08","0.0","0.0","0.0","0.0","0.0","0.0","$1","$1"
"","721","Ronnie Bell","15.0","15.0","WR","NO","8","79.05","0.0","0.0","0.0","0.0","0.0","0.0","$1","$1"
"","722","Jalen Moreno-Cropper","15.0","15.0","WR","UNS","18","77.03","0.0","0.0","0.0","0.0","0.0","0.0","$1","$1"
"","723","Jake Bobo","15.0","15.0","WR","SEA","11","37.03","0.0","3.0","0.0","0.0","0.0","0.0","$1","$1"
"","724","Tyler Scott","15.0","15.0","WR","LAR","11","76.03","0.0","0.0","0.0","0.0","0.0","0.0","$1","$1"
"","725","Rakim Jarrett","15.0","15.0","WR","UNS","18","104.06","0.0","0.0","0.0","0.0","0.0","0.0","$1","$1"
"","726","A.T. Perry","15.0","15.0","WR","UNS","18","36.07","0.0","0.0","0.0","0.0","0.0","0.0","$1","$1"
"","727","Kadarius Toney","15.0","15.0","WR","UNS","18","105.05","0.0","0.0","0.0","0.0","0.0","0.0","$1","$1"
"","728","Terrace Marshall","15.0","15.0","WR","MIA","6","37.08","0.0","0.0","0.0","0.0","0.0","0.0","$1","$1"
"","729","Elijah Moore","15.0","15.0","WR","PHI","10","86.06","0.0","0.0","0.0","0.0","0.0","0.0","$1","$1"
"","730","Tylan Wallace","15.0","15.0","WR","CLE","11","40.03","0.0","7.0","0.0","0.0","0.0","0.0","$1","$1"
"","731","D'Wayne 'Dee' Eskridge","15.0","15.0","WR","MIA","6","90.01","0.0","3.0","0.0","0.0","0.0","0.0","$1","$1"
"","732","Simi Fehoko","15.0","15.0","WR","ARI","14","73.04","0.0","0.0","0.0","0.0","0.0","0.0","$1","$1"
"","733","Ihmir Smith-Marsette","15.0","15.0","WR","UNS","18","61.01","0.0","0.0","0.0","0.0","0.0","0.0","$1","$1"
"","734","Frank Darby","15.0","15.0","WR","ATL","11","128.07","0.0","0.0","0.0","0.0","0.0","0.0","$1","$1"
"","735","Mike Strachan","15.0","15.0","WR","CAR","5","128.07","0.0","0.0","0.0","0.0","0.0","0.0","$1","$1"
"","736","Justyn Ross","15.0","15.0","WR","UNS","18","87.05","0.0","0.0","0.0","0.0","0.0","0.0","$1","$1"
"","737","DeAndre Carter","15.0","15.0","WR","CLE","11","83.01","0.0","0.0","0.0","0.0","0.0","0.0","$1","$1"
"","738","Brandon Powell","15.0","15.0","WR","MIN","6","90.03","0.0","0.0","0.0","0.0","0.0","0.0","$1","$1"
"","739","Tim Jones","15.0","15.0","WR","MIN","6","82.07","0.0","0.0","0.0","0.0","0.0","0.0","$1","$1"
"","740","Trenton Irwin","15.0","15.0","WR","UNS","18","106.04","0.0","0.0","0.0","0.0","0.0","0.0","$1","$1"
"","741","D.J. Montgomery","15.0","15.0","WR","IND","13","79.04","0.0","0.0","0.0","0.0","0.0","0.0","$1","$1"
"","742","Ben Skowronek","15.0","15.0","WR","PIT","9","60.01","0.0","7.0","0.0","0.0","0.0","0.0","$1","$1"
"","743","Austin Watkins Jr.","15.0","15.0","WR","CLE","11","128.07","0.0","0.0","0.0","0.0","0.0","0.0","$1","$1"
"","744","Austin Trammell","15.0","15.0","WR","JAC","7","42.05","0.0","0.0","0.0","0.0","0.0","0.0","$1","$1"
"","745","Kristian Wilkerson","15.0","15.0","WR","UNS","18","96.03","0.0","0.0","0.0","0.0","0.0","0.0","$1","$1"
"","746","KhaDarel Hodge","15.0","15.0","WR","ATL","11","94.01","0.0","0.0","0.0","0.0","0.0","0.0","$1","$1"
"","747","Deonte Harty","15.0","15.0","WR","BAL","13","85.05","0.0","0.0","0.0","0.0","0.0","0.0","$1","$1"
"","748","Cam Sims","15.0","15.0","WR","LVR","13","128.07","0.0","0.0","0.0","0.0","0.0","0.0","$1","$1"
"","749","Jalen Guyton","15.0","15.0","WR","LVR","13","128.07","0.0","0.0","0.0","0.0","0.0","0.0","$1","$1"
"","750","Malik Taylor","15.0","15.0","WR","UNS","18","128.07","0.0","0.0","0.0","0.0","0.0","0.0","$1","$1"
"","751","Jamal Agnew","15.0","15.0","WR","ATL","11","85.01","0.0","0.0","0.0","0.0","0.0","0.0","$1","$1"
"","752","Tyron Johnson","15.0","15.0","WR","SF","8","128.07","0.0","0.0","0.0","0.0","0.0","0.0","$1","$1"
"","753","Tyler Johnson","15.0","15.0","WR","NYJ","13","111.06","0.0","3.0","0.0","0.0","0.0","0.0","$1","$1"
"","754","Lynn Bowden","15.0","15.0","WR","UNS","18","128.07","0.0","0.0","0.0","0.0","0.0","0.0","$1","$1"
"","755","Laviska Shenault","15.0","15.0","WR","UNS","18","81.06","0.0","0.0","0.0","0.0","0.0","0.0","$1","$1"
"","756","K.J. Hamler","15.0","15.0","WR","UNS","18","128.07","0.0","0.0","0.0","0.0","0.0","0.0","$1","$1"
"","757","James Proche","15.0","15.0","WR","TEN","9","94.02","0.0","1.0","0.0","0.0","0.0","0.0","$1","$1"
"","758","Gabriel 'Gabe' Davis","15.0","15.0","WR","BUF","7","87.02","0.0","0.0","0.0","0.0","0.0","0.0","$1","$1"
"","759","Isaiah Hodgins","15.0","15.0","WR","NYG","8","103.02","0.0","8.0","0.0","0.0","0.0","0.0","$1","$1"
"","760","Marquez Callaway","15.0","15.0","WR","UNS","18","73.07","0.0","0.0","0.0","0.0","0.0","0.0","$1","$1"
"","761","Jalen Reagor","15.0","15.0","WR","UNS","18","55.05","0.0","0.0","0.0","0.0","0.0","0.0","$1","$1"
"","762","Chase Claypool","15.0","15.0","WR","UNS","18","128.07","0.0","0.0","0.0","0.0","0.0","0.0","$1","$1"
"","763","Donovan Peoples-Jones","15.0","15.0","WR","UNS","18","128.07","0.0","0.0","0.0","0.0","0.0","0.0","$1","$1"
"","764","Lideatrick Griffin","15.0","15.0","WR","GB","11","128.07","0.0","0.0","0.0","0.0","0.0","0.0","$1","$1"
"","765","Jared Wayne","15.0","15.0","WR","UNS","18","99.01","0.0","0.0","0.0","0.0","0.0","0.0","$1","$1"
"","766","Nick Nash","15.0","15.0","WR","UNS","18","103.04","0.0","0.0","0.0","0.0","0.0","0.0","$1","$1"
"","767","Ricky White","15.0","15.0","WR","SEA","11","79.08","0.0","1.0","0.0","0.0","0.0","0.0","$1","$1"
"","768","Daniel Jackson","15.0","15.0","WR","HOU","8","128.07","0.0","0.0","0.0","0.0","0.0","0.0","$1","$1"
"","769","Josh Kelly","15.0","15.0","WR","DAL","14","128.07","0.0","0.0","0.0","0.0","0.0","0.0","$1","$1"
"","770","Traeshon Holden","15.0","15.0","WR","DAL","14","128.07","0.0","0.0","0.0","0.0","0.0","0.0","$1","$1"
"","771","Roc Taylor","15.0","15.0","WR","PIT","9","128.07","0.0","0.0","0.0","0.0","0.0","0.0","$1","$1"
"","772","Isaiah Neyor","15.0","15.0","WR","GB","11","91.01","0.0","0.0","0.0","0.0","0.0","0.0","$1","$1"
"","773","Ja'Corey Brooks","15.0","15.0","WR","WAS","7","44.02","0.0","0.0","0.0","0.0","0.0","0.0","$1","$1"
"","774","Samuel Brown","15.0","15.0","WR","RK","18","128.07","0.0","0.0","0.0","0.0","0.0","0.0","$1","$1"
"","775","Elijhah Badger","15.0","15.0","WR","UNS","18","128.07","0.0","0.0","0.0","0.0","0.0","0.0","$1","$1"
"","776","Jacolby George","15.0","15.0","WR","CAR","5","128.07","0.0","0.0","0.0","0.0","0.0","0.0","$1","$1"
"","777","Beaux Collins","15.0","15.0","WR","NYG","8","107.03","0.0","0.0","0.0","0.0","0.0","0.0","$1","$1"
"","778","Andrew Armstrong","15.0","15.0","WR","UNS","18","128.07","0.0","0.0","0.0","0.0","0.0","0.0","$1","$1"
"","779","Junior Bergen","15.0","15.0","WR","SF","8","61.03","0.0","0.0","0.0","0.0","0.0","0.0","$1","$1"
"","780","Cole Burgess","15.0","15.0","WR","CIN","6","128.07","0.0","0.0","0.0","0.0","0.0","0.0","$1","$1"
"","781","Will Sheppard","15.0","15.0","WR","TB","10","128.07","0.0","0.0","0.0","0.0","0.0","0.0","$1","$1"
"","782","Brycen Tremayne","15.0","15.0","WR","CAR","5","97.01","0.0","0.0","0.0","0.0","0.0","0.0","$1","$1"
"","783","Gunner Olszewski","15.0","15.0","WR","NYG","8","40.08","0.0","0.0","0.0","0.0","0.0","0.0","$1","$1"
"","784","Xavier Johnson","15.0","15.0","WR","HOU","8","128.07","0.0","0.0","0.0","0.0","0.0","0.0","$1","$1"
"","785","Tejhaun Palmer","15.0","15.0","WR","ARI","14","80.03","0.0","0.0","0.0","0.0","0.0","0.0","$1","$1"
"","786","Terique Owens","15.0","15.0","WR","SF","8","128.07","0.0","0.0","0.0","0.0","0.0","0.0","$1","$1"
"","787","Dane Key","15.0","15.0","WR","DEN","10","128.07","0.0","3.0","0.0","0.0","0.0","0.0","$1","$1"
"","788","Will Pauling","15.0","15.0","WR","SF","8","128.07","0.0","0.0","0.0","0.0","0.0","0.0","$1","$1"
"","789","Jahdae Walker","15.0","15.0","WR","CHI","10","30.07","0.0","38.0","0.0","0.0","0.0","0.0","$1","$1"
"","790","Dillon Bell","15.0","15.0","WR","MIN","6","128.07","0.0","0.0","0.0","0.0","0.0","0.0","$1","$1"
"","791","Tom Kennedy","15.0","15.0","WR","DET","6","65.01","0.0","0.0","0.0","0.0","0.0","0.0","$1","$1"
"","792","Dylan Drummond","15.0","15.0","WR","ATL","11","42.06","0.0","0.0","0.0","0.0","0.0","0.0","$1","$1"
"","793","Mason Kinsey","15.0","15.0","WR","TEN","9","86.04","0.0","0.0","0.0","0.0","0.0","0.0","$1","$1"
"","794","Andre Baccellia","15.0","15.0","WR","UNS","18","52.05","0.0","0.0","0.0","0.0","0.0","0.0","$1","$1"
"","795","Cody White","15.0","15.0","WR","SEA","11","57.02","0.0","0.0","0.0","0.0","0.0","0.0","$1","$1"
"","796","Bryce Ford-Wheaton","15.0","15.0","WR","NYG","8","66.07","0.0","0.0","0.0","0.0","0.0","0.0","$1","$1"
"","797","Kwamie Lassiter II","15.0","15.0","WR","CIN","6","128.07","0.0","0.0","0.0","0.0","0.0","0.0","$1","$1"
"","798","Dax Milne","15.0","15.0","WR","UNS","18","128.07","0.0","0.0","0.0","0.0","0.0","0.0","$1","$1"
"","799","Steven Sims","15.0","15.0","WR","SEA","11","88.02","0.0","0.0","0.0","0.0","0.0","0.0","$1","$1"
"","800","Jha'Quan Jackson","15.0","15.0","WR","UNS","18","85.06","0.0","0.0","0.0","0.0","0.0","0.0","$1","$1"
"","801","DJ Turner","15.0","15.0","WR","LVR","13","80.08","0.0","0.0","0.0","0.0","0.0","0.0","$1","$1"
"","802","Xavier Weaver","15.0","15.0","WR","ARI","14","60.04","0.0","0.0","0.0","0.0","0.0","0.0","$1","$1"
"","803","Bryce Oliver","15.0","15.0","WR","TEN","9","91.04","0.0","3.0","0.0","0.0","0.0","0.0","$1","$1"
"","804","Jalen Virgil","15.0","15.0","WR","UNS","18","85.04","0.0","0.0","0.0","0.0","0.0","0.0","$1","$1"
"","805","Ramel Keyton","15.0","15.0","WR","LVR","13","74.05","0.0","0.0","0.0","0.0","0.0","0.0","$1","$1"
"","806","Ryan Miller","15.0","15.0","WR","TB","10","104.05","0.0","0.0","0.0","0.0","0.0","0.0","$1","$1"
"","807","Alex Bachman","15.0","15.0","WR","LVR","13","52.01","0.0","0.0","0.0","0.0","0.0","0.0","$1","$1"
"","808","Grant DuBose","15.0","15.0","WR","MIA","6","108.03","0.0","0.0","0.0","0.0","0.0","0.0","$1","$1"
"","809","Makai Polk","15.0","15.0","WR","UNS","18","128.07","0.0","0.0","0.0","0.0","0.0","0.0","$1","$1"
"","810","Cade Johnson","15.0","15.0","WR","UNS","18","128.07","0.0","0.0","0.0","0.0","0.0","0.0","$1","$1"
"","811","Seth Williams","15.0","15.0","WR","JAC","7","128.07","0.0","0.0","0.0","0.0","0.0","0.0","$1","$1"
"","812","Dez Fitzpatrick","15.0","15.0","WR","UNS","18","61.07","0.0","0.0","0.0","0.0","0.0","0.0","$1","$1"
"","813","Michael Woods II","15.0","15.0","WR","CLE","11","53.06","0.0","0.0","0.0","0.0","0.0","0.0","$1","$1"
"","814","Da'Quan Felton","15.0","15.0","WR","NYG","8","128.07","0.0","0.0","0.0","0.0","0.0","0.0","$1","$1"
"","815","Antwane Wells Jr.","15.0","15.0","WR","NYG","8","128.07","0.0","0.0","0.0","0.0","0.0","0.0","$1","$1"
"","816","Kaden Prather","15.0","15.0","WR","BUF","7","44.03","0.0","0.0","0.0","0.0","0.0","0.0","$1","$1"
"","817","Kobe Hudson","15.0","15.0","WR","CAR","5","128.07","0.0","0.0","0.0","0.0","0.0","0.0","$1","$1"
"","818","Jermaine Burton","15.0","15.0","WR","UNS","18","77.02","0.0","11.0","0.0","0.0","0.0","0.0","$1","$1"
"","819","Brenden Rice","15.0","15.0","WR","GB","11","48.04","0.0","0.0","0.0","0.0","0.0","0.0","$1","$1"
"","820","Jamari Thrash","15.0","15.0","WR","UNS","18","100.02","0.0","0.0","0.0","0.0","0.0","0.0","$1","$1"
"","821","Ainias Smith","15.0","15.0","WR","UNS","18","97.07","0.0","0.0","0.0","0.0","0.0","0.0","$1","$1"
"","822","Javon Baker","15.0","15.0","WR","UNS","18","68.04","0.0","0.0","0.0","0.0","0.0","0.0","$1","$1"
"","823","Marcus Rosemy-Jacksaint","15.0","15.0","WR","UNS","18","128.07","0.0","0.0","0.0","0.0","0.0","0.0","$1","$1"
"","824","Cornelius Johnson","15.0","15.0","WR","GB","11","113.02","0.0","0.0","0.0","0.0","0.0","0.0","$1","$1"
"","825","Joshua Cephus","15.0","15.0","WR","UNS","18","48.08","0.0","0.0","0.0","0.0","0.0","0.0","$1","$1"
"","826","Antoine Green","15.0","15.0","WR","DET","6","100.04","0.0","0.0","0.0","0.0","0.0","0.0","$1","$1"
"","827","Kirk Merritt","15.0","15.0","WR","UNS","18","128.07","0.0","0.0","0.0","0.0","0.0","0.0","$1","$1"
"","828","Colton Dowell","15.0","15.0","WR","TEN","9","108.07","0.0","0.0","0.0","0.0","0.0","0.0","$1","$1"
"","829","Xavier Gipson","15.0","15.0","WR","NYG","8","51.03","0.0","0.0","0.0","0.0","0.0","0.0","$1","$1"
"","830","Jalen Brooks","15.0","15.0","WR","ARI","14","58.03","0.0","3.0","0.0","0.0","0.0","0.0","$1","$1"
"","831","Malik Heath","15.0","15.0","WR","UNS","18","79.03","0.0","0.0","0.0","0.0","0.0","0.0","$1","$1"
"","832","Jason Brownlee","15.0","15.0","WR","NYJ","13","89.02","0.0","0.0","0.0","0.0","0.0","0.0","$1","$1"
"","833","Durham Smythe","15.0","15.0","TE","BAL","13","39.04","17.7","24.0","17.7","17.7","17.7","0.0","$1","$1"
"","834","Taylen Green","15.0","8.0","QB","CLE","11","42.07","11.3","31.0","13.3","46.6","22.0","0.0","$1","$1"
"","835","Drew Allar","15.0","8.0","QB","PIT","9","34.06","12.3","8.0","13.7","42.5","21.3","0.0","$1","$1"
"","836","Dillon Gabriel","15.0","8.0","QB","CLE","11","61.08","11.4","13.0","12.7","40.6","20.1","0.0","$1","$1"
"","837","Julian Hill","15.0","15.0","TE","NE","11","32.02","5.3","12.0","5.6","19.0","9.2","0.0","$1","$1"
"","838","Max Bredeson","15.0","15.0","TE","MIN","6","70.04","9.0","9.0","9.0","9.0","9.0","0.0","$1","$1"
"","839","Lake McRee","15.0","15.0","TE","PIT","9","128.07","4.8","0.0","5.6","15.1","8.1","0.0","$1","$1"
"","840","Joe Flacco","15.0","9.0","QB","CIN","6","30.03","0.0","20.0","0.0","0.0","0.0","0.0","$1","$1"
"","841","Philip Rivers","15.0","9.0","QB","IND","13","27.03","0.0","0.0","0.0","0.0","0.0","0.0","$1","$1"
"","842","Derek Carr","15.0","9.0","QB","UNS","18","55.07","0.0","21.0","0.0","0.0","0.0","0.0","$1","$1"
"","843","Teddy Bridgewater","15.0","9.0","QB","DET","6","71.05","0.0","14.0","0.0","0.0","0.0","0.0","$1","$1"
"","844","Case Keenum","15.0","9.0","QB","CHI","10","99.08","0.0","0.0","0.0","0.0","0.0","0.0","$1","$1"
"","845","Russell Wilson","15.0","9.0","QB","UNS","18","41.01","0.0","0.0","0.0","0.0","0.0","0.0","$1","$1"
"","846","Ryan Tannehill","15.0","9.0","QB","UNS","18","128.07","0.0","0.0","0.0","0.0","0.0","0.0","$1","$1"
"","847","Tyrod Taylor","15.0","9.0","QB","GB","11","66.03","0.0","12.0","0.0","0.0","0.0","0.0","$1","$1"
"","848","Andy Dalton","15.0","9.0","QB","PHI","10","64.06","0.0","13.0","0.0","0.0","0.0","0.0","$1","$1"
"","849","Blaine Gabbert","15.0","9.0","QB","KC","5","128.07","0.0","0.0","0.0","0.0","0.0","0.0","$1","$1"
"","850","Mitchell 'Mitch' Trubisky","15.0","9.0","QB","TEN","9","72.06","0.0","12.0","0.0","0.0","0.0","0.0","$1","$1"
"","851","Taylor Heinicke","15.0","9.0","QB","UNS","18","110.02","0.0","0.0","0.0","0.0","0.0","0.0","$1","$1"
"","852","C.J. Beathard","15.0","9.0","QB","UNS","18","128.07","0.0","0.0","0.0","0.0","0.0","0.0","$1","$1"
"","853","Jeff Driskel","15.0","9.0","QB","UNS","18","112.05","0.0","0.0","0.0","0.0","0.0","0.0","$1","$1"
"","854","Carson Wentz","15.0","9.0","QB","MIN","6","113.05","0.0","3.0","0.0","0.0","0.0","0.0","$1","$1"
"","855","Trevor Siemian","15.0","9.0","QB","ATL","11","69.06","0.0","0.0","0.0","0.0","0.0","0.0","$1","$1"
"","856","Marcus Mariota","15.0","9.0","QB","WAS","7","56.08","0.0","13.0","0.0","0.0","0.0","0.0","$1","$1"
"","857","Jameis Winston","15.0","9.0","QB","NYG","8","28.07","0.0","11.0","0.0","0.0","0.0","0.0","$1","$1"
"","858","Jimmy Garoppolo","15.0","9.0","QB","UNS","18","115.01","0.0","11.0","0.0","0.0","0.0","0.0","$1","$1"
"","859","Drew Lock","15.0","9.0","QB","SEA","11","46.05","0.0","5.0","0.0","0.0","0.0","0.0","$1","$1"
"","860","Will Grier","15.0","9.0","QB","CAR","5","128.07","0.0","0.0","0.0","0.0","0.0","0.0","$1","$1"
"","861","Jarrett Stidham","15.0","9.0","QB","DEN","10","43.06","0.0","13.0","0.0","0.0","0.0","0.0","$1","$1"
"","862","Easton Stick","15.0","9.0","QB","UNS","18","63.03","0.0","0.0","0.0","0.0","0.0","0.0","$1","$1"
"","863","Gardner Minshew","15.0","9.0","QB","ARI","14","39.07","0.0","23.0","0.0","0.0","0.0","0.0","$1","$1"
"","864","Jake Browning","15.0","9.0","QB","TB","10","83.03","0.0","5.0","0.0","0.0","0.0","0.0","$1","$1"
"","865","Brett Rypien","15.0","9.0","QB","IND","13","104.02","0.0","0.0","0.0","0.0","0.0","0.0","$1","$1"
"","866","Mike White","15.0","9.0","QB","UNS","18","84.07","0.0","0.0","0.0","0.0","0.0","0.0","$1","$1"
"","867","Nick Mullens","15.0","9.0","QB","JAC","7","70.06","0.0","12.0","0.0","0.0","0.0","0.0","$1","$1"
"","868","Cooper Rush","15.0","9.0","QB","UNS","18","101.03","0.0","0.0","0.0","0.0","0.0","0.0","$1","$1"
"","869","Mason Rudolph","15.0","9.0","QB","PIT","9","39.01","0.0","12.0","0.0","0.0","0.0","0.0","$1","$1"
"","870","Bailey Zappe","15.0","9.0","QB","UNS","18","47.06","0.0","0.0","0.0","0.0","0.0","0.0","$1","$1"
"","871","Anthony Richardson","15.0","9.0","QB","IND","13","49.08","0.0","15.0","0.0","0.0","0.0","0.0","$1","$1"
"","872","Will Levis","15.0","9.0","QB","TEN","9","42.04","0.0","12.0","0.0","0.0","0.0","0.0","$1","$1"
"","873","Stetson Bennett","15.0","9.0","QB","LAR","11","29.03","0.0","0.0","0.0","0.0","0.0","0.0","$1","$1"
"","874","Jake Haener","15.0","9.0","QB","UNS","18","66.01","0.0","0.0","0.0","0.0","0.0","0.0","$1","$1"
"","875","Dorian Thompson-Robinson","15.0","9.0","QB","UNS","18","101.05","0.0","0.0","0.0","0.0","0.0","0.0","$1","$1"
"","876","Tyson Bagent","15.0","9.0","QB","CHI","10","33.04","0.0","7.0","0.0","0.0","0.0","0.0","$1","$1"
"","877","Clayton Tune","15.0","9.0","QB","GB","11","45.01","0.0","10.0","0.0","0.0","0.0","0.0","$1","$1"
"","878","Jaren Hall","15.0","9.0","QB","SEA","11","103.06","0.0","0.0","0.0","0.0","0.0","0.0","$1","$1"
"","879","Malik Cunningham","15.0","9.0","QB","BAL","13","98.05","0.0","0.0","0.0","0.0","0.0","0.0","$1","$1"
"","880","Hendon Hooker","15.0","9.0","QB","TEN","9","61.06","0.0","0.0","0.0","0.0","0.0","0.0","$1","$1"
"","881","Kyle Trask","15.0","9.0","QB","UNS","18","92.06","0.0","0.0","0.0","0.0","0.0","0.0","$1","$1"
"","882","Davis Mills","15.0","9.0","QB","HOU","8","60.03","0.0","15.0","0.0","0.0","0.0","0.0","$1","$1"
"","883","Tyler Huntley","15.0","9.0","QB","BAL","13","60.07","0.0","12.0","0.0","0.0","0.0","0.0","$1","$1"
"","884","Sam Howell","15.0","9.0","QB","DAL","14","76.05","0.0","4.0","0.0","0.0","0.0","0.0","$1","$1"
"","885","Kenny Pickett","15.0","9.0","QB","CAR","5","39.02","0.0","6.0","0.0","0.0","0.0","0.0","$1","$1"
"","886","Desmond Ridder","15.0","9.0","QB","GB","11","51.08","0.0","0.0","0.0","0.0","0.0","0.0","$1","$1"
"","887","Joshua Dobbs","15.0","9.0","QB","UNS","18","49.07","0.0","10.0","0.0","0.0","0.0","0.0","$1","$1"
"","888","Tim Boyle","15.0","9.0","QB","UNS","18","83.05","0.0","0.0","0.0","0.0","0.0","0.0","$1","$1"
"","889","Zach Wilson","15.0","9.0","QB","NO","8","60.06","0.0","0.0","0.0","0.0","0.0","0.0","$1","$1"
"","890","Justin Fields","15.0","9.0","QB","KC","5","32.05","0.0","16.0","0.0","0.0","0.0","0.0","$1","$1"
"","891","Trey Lance","15.0","9.0","QB","LAC","7","47.01","0.0","14.0","0.0","0.0","0.0","0.0","$1","$1"
"","892","Mac Jones","15.0","9.0","QB","SF","8","33.03","0.0","23.0","0.0","0.0","0.0","0.0","$1","$1"
"","893","Jacob Eason","15.0","9.0","QB","NYG","8","128.07","0.0","0.0","0.0","0.0","0.0","0.0","$1","$1"
"","894","Will Howard","15.0","9.0","QB","PIT","9","45.05","0.0","11.0","0.0","0.0","0.0","0.0","$1","$1"
"","895","Kyle McCord","15.0","9.0","QB","PHI","10","111.04","0.0","0.0","0.0","0.0","0.0","0.0","$1","$1"
"","896","Kurtis Rourke","15.0","9.0","QB","SF","8","95.07","0.0","0.0","0.0","0.0","0.0","0.0","$1","$1"
"","897","Max Brosmer","15.0","9.0","QB","MIN","6","111.05","0.0","0.0","0.0","0.0","0.0","0.0","$1","$1"
"","898","Seth Henigan","15.0","9.0","QB","JAC","7","128.07","0.0","0.0","0.0","0.0","0.0","0.0","$1","$1"
"","899","Brady Cook","15.0","9.0","QB","NYJ","13","43.07","0.0","0.0","0.0","0.0","0.0","0.0","$1","$1"
"","900","Graham Mertz","15.0","9.0","QB","HOU","8","95.06","0.0","0.0","0.0","0.0","0.0","0.0","$1","$1"
"","901","Cam Miller","15.0","9.0","QB","UNS","18","49.05","0.0","0.0","0.0","0.0","0.0","0.0","$1","$1"
"","902","Tommy Mellott","15.0","9.0","WR","UNS","18","50.01","0.0","0.0","0.0","0.0","0.0","0.0","$1","$1"
"","903","Hunter Dekkers","15.0","9.0","QB","NO","8","128.07","0.0","0.0","0.0","0.0","0.0","0.0","$1","$1"
"","904","DJ Uiagalelei","15.0","9.0","QB","LAC","7","128.07","0.0","0.0","0.0","0.0","0.0","0.0","$1","$1"
"","905","Kyle Allen","15.0","9.0","QB","BUF","7","55.04","0.0","0.0","0.0","0.0","0.0","0.0","$1","$1"
"","906","Vernon Adams Jr.","15.0","9.0","QB","UNS","18","128.07","0.0","0.0","0.0","0.0","0.0","0.0","$1","$1"
"","907","Jack Plummer","15.0","9.0","QB","CAR","5","128.07","0.0","0.0","0.0","0.0","0.0","0.0","$1","$1"
"","908","Haynes King","15.0","9.0","QB","CAR","5","128.07","0.0","0.0","0.0","0.0","0.0","0.0","$1","$1"
"","909","Luke Altmyer","15.0","9.0","QB","DET","6","128.07","0.0","0.0","0.0","0.0","0.0","0.0","$1","$1"
"","910","Cole Payton","15.0","9.0","QB","PHI","10","114.02","0.0","0.0","0.0","0.0","0.0","0.0","$1","$1"
"","911","Behren Morton","15.0","9.0","QB","NE","11","79.06","0.0","0.0","0.0","0.0","0.0","0.0","$1","$1"
"","912","Jalon Daniels","15.0","9.0","QB","TB","10","128.07","0.0","0.0","0.0","0.0","0.0","0.0","$1","$1"
"","913","Mark Gronowski","15.0","9.0","QB","MIA","6","128.07","0.0","0.0","0.0","0.0","0.0","0.0","$1","$1"
"","914","Athan Kaliakmanis","15.0","9.0","QB","WAS","7","98.07","0.0","0.0","0.0","0.0","0.0","0.0","$1","$1"
"","915","Joey Aguilar","15.0","9.0","QB","JAC","7","128.07","0.0","0.0","0.0","0.0","0.0","0.0","$1","$1"
"","916","Joe Fagnano","15.0","9.0","QB","BAL","13","128.07","0.0","0.0","0.0","0.0","0.0","0.0","$1","$1"
"","917","Sawyer Robertson","15.0","9.0","QB","LVR","13","128.07","0.0","0.0","0.0","0.0","0.0","0.0","$1","$1"
"","918","Diego Pavia","15.0","9.0","QB","BAL","13","128.07","0.0","4.0","0.0","0.0","0.0","0.0","$1","$1"
"","919","Garrett Nussmeier","15.0","9.0","QB","KC","5","98.06","0.0","3.0","0.0","0.0","0.0","0.0","$1","$1"
"","920","Dresser Winn","15.0","9.0","QB","LAR","11","128.07","0.0","0.0","0.0","0.0","0.0","0.0","$1","$1"
"","921","Chris Oladokun","15.0","9.0","QB","KC","5","108.08","0.0","12.0","0.0","0.0","0.0","0.0","$1","$1"
"","922","Brandon Allen","15.0","9.0","QB","NYG","8","89.03","0.0","0.0","0.0","0.0","0.0","0.0","$1","$1"
"","923","Riley Leonard","15.0","9.0","QB","IND","13","36.05","0.0","12.0","0.0","0.0","0.0","0.0","$1","$1"
"","924","Quinn Ewers","15.0","9.0","QB","MIA","6","39.03","0.0","14.0","0.0","0.0","0.0","0.0","$1","$1"
"","925","Jalen Milroe","15.0","9.0","QB","SEA","11","57.08","0.0","11.0","0.0","0.0","0.0","0.0","$1","$1"
"","926","Tanner McKee","15.0","9.0","QB","PHI","10","62.05","0.0","0.0","0.0","0.0","0.0","0.0","$1","$1"
"","927","Sam Ehlinger","15.0","9.0","QB","UNS","18","94.06","0.0","0.0","0.0","0.0","0.0","0.0","$1","$1"
"","928","Kedon Slovis","15.0","9.0","QB","UNS","18","97.06","0.0","0.0","0.0","0.0","0.0","0.0","$1","$1"
"","929","Austin Reed","15.0","9.0","QB","CHI","10","128.07","0.0","0.0","0.0","0.0","0.0","0.0","$1","$1"
"","930","Ian Book","15.0","9.0","QB","UNS","18","128.07","0.0","0.0","0.0","0.0","0.0","0.0","$1","$1"
"","931","Skylar Thompson","15.0","9.0","QB","PIT","9","52.06","0.0","0.0","0.0","0.0","0.0","0.0","$1","$1"
"","932","Sean Clifford","15.0","9.0","QB","UNS","18","82.06","0.0","0.0","0.0","0.0","0.0","0.0","$1","$1"
"","933","Max Duggan","15.0","9.0","QB","UNS","18","77.07","0.0","0.0","0.0","0.0","0.0","0.0","$1","$1"
"","934","Ben DiNucci","15.0","9.0","QB","UNS","18","128.07","0.0","0.0","0.0","0.0","0.0","0.0","$1","$1"
"","935","Nathan Rourke","15.0","9.0","QB","NE","11","104.07","0.0","0.0","0.0","0.0","0.0","0.0","$1","$1"
"","936","Josh Johnson","15.0","9.0","QB","CIN","6","60.08","0.0","0.0","0.0","0.0","0.0","0.0","$1","$1"
"","937","Sam Hartman","15.0","9.0","QB","UNS","18","128.07","0.0","0.0","0.0","0.0","0.0","0.0","$1","$1"
"","938","Devin Leary","15.0","9.0","QB","BAL","13","36.01","0.0","0.0","0.0","0.0","0.0","0.0","$1","$1"
"","939","Joe Milton III","15.0","9.0","QB","DAL","14","31.08","0.0","12.0","0.0","0.0","0.0","0.0","$1","$1"
"","940","Michael Pratt","15.0","9.0","QB","TB","10","34.01","0.0","0.0","0.0","0.0","0.0","0.0","$1","$1"
"","941","Spencer Rattler","15.0","9.0","QB","NO","8","56.05","0.0","13.0","0.0","0.0","0.0","0.0","$1","$1"
"","942","Tommy DeVito","15.0","9.0","QB","NE","11","31.06","0.0","12.0","0.0","0.0","0.0","0.0","$1","$1"
"","943","Aidan O'Connell","15.0","9.0","QB","LVR","13","47.03","0.0","0.0","0.0","0.0","0.0","0.0","$1","$1"
"","944","Pharaoh Brown","15.0","15.0","TE","UNS","18","109.06","0.0","0.0","0.0","0.0","0.0","0.0","$1","$1"
"","945","Brevin Jordan","15.0","15.0","TE","HOU","8","89.08","0.0","2.0","0.0","0.0","0.0","0.0","$1","$1"
"","946","Brycen Hopkins","15.0","15.0","TE","LAR","11","128.07","0.0","0.0","0.0","0.0","0.0","0.0","$1","$1"
"","947","Albert Okwuegbunam","15.0","15.0","TE","LVR","13","95.08","0.0","0.0","0.0","0.0","0.0","0.0","$1","$1"
"","948","Josiah Deguara","15.0","15.0","TE","ARI","14","94.04","0.0","0.0","0.0","0.0","0.0","0.0","$1","$1"
"","949","Harrison Bryant","15.0","15.0","TE","SEA","11","87.01","0.0","3.0","0.0","0.0","0.0","0.0","$1","$1"
"","950","CJ Dippre","15.0","15.0","TE","NE","11","58.08","0.0","0.0","0.0","0.0","0.0","0.0","$1","$1"
"","951","Moliki Matavao","15.0","15.0","TE","NO","8","58.02","0.0","9.0","0.0","0.0","0.0","0.0","$1","$1"
"","952","Jalin Conyers","15.0","15.0","TE","MIA","6","128.07","0.0","0.0","0.0","0.0","0.0","0.0","$1","$1"
"","953","Robbie Ouzts","15.0","15.0","RB","SEA","11","82.01","0.0","0.0","0.0","0.0","0.0","0.0","$1","$1"
"","954","Bryson Nesbit","15.0","15.0","TE","MIN","6","128.07","0.0","0.0","0.0","0.0","0.0","0.0","$1","$1"
"","955","Joshua Simon","15.0","15.0","TE","ATL","11","128.07","0.0","0.0","0.0","0.0","0.0","0.0","$1","$1"
"","956","Benjamin Yurosek","15.0","15.0","TE","MIN","6","54.04","0.0","0.0","0.0","0.0","0.0","0.0","$1","$1"
"","957","Luke Lachey","15.0","15.0","TE","HOU","8","55.08","0.0","0.0","0.0","0.0","0.0","0.0","$1","$1"
"","958","Zach Davidson","15.0","15.0","TE","BUF","7","99.04","0.0","0.0","0.0","0.0","0.0","0.0","$1","$1"
"","959","David Martin-Robinson","15.0","15.0","TE","TEN","9","58.04","0.0","0.0","0.0","0.0","0.0","0.0","$1","$1"
"","960","Tucker Fisk","15.0","15.0","TE","LAC","7","103.05","0.0","0.0","0.0","0.0","0.0","0.0","$1","$1"
"","961","Tanner Conner","15.0","15.0","TE","UNS","18","95.05","0.0","0.0","0.0","0.0","0.0","0.0","$1","$1"
"","962","Caleb Lohner","15.0","15.0","TE","DEN","10","90.08","0.0","0.0","0.0","0.0","0.0","0.0","$1","$1"
"","963","Gavin Bartholomew","15.0","15.0","TE","MIN","6","81.05","0.0","0.0","0.0","0.0","0.0","0.0","$1","$1"
"","964","Blake Whiteheart","15.0","15.0","TE","CLE","11","66.04","0.0","0.0","0.0","0.0","0.0","0.0","$1","$1"
"","965","E.J. Jenkins","15.0","15.0","TE","PHI","10","101.07","0.0","0.0","0.0","0.0","0.0","0.0","$1","$1"
"","966","Feleipe Franks","15.0","15.0","TE","CAR","5","92.02","0.0","1.0","0.0","0.0","0.0","0.0","$1","$1"
"","967","John FitzPatrick","15.0","15.0","TE","GB","11","98.01","0.0","0.0","0.0","0.0","0.0","0.0","$1","$1"
"","968","Jack Westover","15.0","15.0","TE","NE","11","102.02","0.0","0.0","0.0","0.0","0.0","0.0","$1","$1"
"","969","Briley Moore","15.0","15.0","TE","TEN","9","128.07","0.0","0.0","0.0","0.0","0.0","0.0","$1","$1"
"","970","Kenny Yeboah","15.0","15.0","TE","UNS","18","78.01","0.0","0.0","0.0","0.0","0.0","0.0","$1","$1"
"","971","Cameron Latu","15.0","15.0","TE","UNS","18","64.03","0.0","2.0","0.0","0.0","0.0","0.0","$1","$1"
"","972","Jaheim Bell","15.0","15.0","TE","UNS","18","78.04","0.0","26.0","0.0","0.0","0.0","0.0","$1","$1"
"","973","Tanner McLachlan","15.0","15.0","TE","CIN","6","63.02","0.0","0.0","0.0","0.0","0.0","0.0","$1","$1"
"","974","Chris Manhertz","15.0","15.0","TE","NYG","8","111.01","0.0","3.0","0.0","0.0","0.0","0.0","$1","$1"
"","975","Nate Adkins","15.0","15.0","TE","DEN","10","74.01","0.0","12.0","0.0","0.0","0.0","0.0","$1","$1"
"","976","Shane Zylstra","15.0","15.0","TE","DET","6","55.02","0.0","0.0","0.0","0.0","0.0","0.0","$1","$1"
"","977","Nick Vannett","15.0","15.0","TE","UNS","18","110.08","0.0","0.0","0.0","0.0","0.0","0.0","$1","$1"
"","978","MyCole Pruitt","15.0","15.0","TE","PIT","9","109.01","0.0","0.0","0.0","0.0","0.0","0.0","$1","$1"
"","979","Sal Cannella","15.0","15.0","TE","CLE","11","35.04","0.0","0.0","0.0","0.0","0.0","0.0","$1","$1"
"","980","Dan Villari","15.0","15.0","TE","LAR","11","128.07","0.0","0.0","0.0","0.0","0.0","0.0","$1","$1"
"","981","Khalil Dinkins","15.0","15.0","TE","SF","8","128.07","0.0","0.0","0.0","0.0","0.0","0.0","$1","$1"
"","982","Miles Kitselman","15.0","15.0","TE","DET","6","128.07","0.0","0.0","0.0","0.0","0.0","0.0","$1","$1"
"","983","Dae'Quan Wright","15.0","15.0","TE","PHI","10","128.07","0.0","0.0","0.0","0.0","0.0","0.0","$1","$1"
"","984","Cody Hardy","15.0","15.0","TE","NO","8","128.07","0.0","0.0","0.0","0.0","0.0","0.0","$1","$1"
"","985","Tanner Arkin","15.0","15.0","TE","NE","11","128.07","0.0","0.0","0.0","0.0","0.0","0.0","$1","$1"
"","986","Anthony Firkser","15.0","15.0","TE","DET","6","70.02","0.0","28.0","0.0","0.0","0.0","0.0","$1","$1"
"","987","Jordan Akins","15.0","15.0","TE","UNS","18","104.01","0.0","0.0","0.0","0.0","0.0","0.0","$1","$1"
"","988","Jelani Woods","15.0","15.0","TE","UNS","18","86.01","0.0","0.0","0.0","0.0","0.0","0.0","$1","$1"
"","989","Josh Whyle","15.0","15.0","TE","GB","11","67.02","0.0","12.0","0.0","0.0","0.0","0.0","$1","$1"
"","990","Peyton Hendershot","15.0","15.0","TE","UNS","18","95.02","0.0","0.0","0.0","0.0","0.0","0.0","$1","$1"
"","991","Stone Smartt","15.0","15.0","TE","PHI","10","105.08","0.0","5.0","0.0","0.0","0.0","0.0","$1","$1"
"","992","Lucas Krull","15.0","15.0","TE","DEN","10","88.04","0.0","11.0","0.0","0.0","0.0","0.0","$1","$1"
"","993","Ko Kieft","15.0","15.0","TE","TB","10","69.07","0.0","1.0","0.0","0.0","0.0","0.0","$1","$1"
"","994","Connor Heyward","15.0","15.0","TE","LVR","13","116.06","0.0","22.0","0.0","0.0","0.0","0.0","$1","$1"
"","995","James Mitchell","15.0","15.0","TE","UNS","18","82.05","0.0","20.0","0.0","0.0","0.0","0.0","$1","$1"
"","996","Teagan Quitoriano","15.0","15.0","TE","ARI","14","80.06","0.0","29.0","0.0","0.0","0.0","0.0","$1","$1"
"","997","Cole Turner","15.0","15.0","TE","UNS","18","77.01","0.0","8.0","0.0","0.0","0.0","0.0","$1","$1"
"","998","Tyler Davis","15.0","15.0","TE","GB","11","128.07","0.0","0.0","0.0","0.0","0.0","0.0","$1","$1"
"","999","Quintin Morris","15.0","15.0","TE","JAC","7","72.08","0.0","2.0","0.0","0.0","0.0","0.0","$1","$1"
"","1000","Mitchell Wilcox","15.0","15.0","TE","NE","11","78.05","0.0","0.0","0.0","0.0","0.0","0.0","$1","$1"
"","1001","Lawrence Cager","15.0","15.0","TE","UNS","18","87.08","0.0","0.0","0.0","0.0","0.0","0.0","$1","$1"
"","1002","Eric Saubert","15.0","15.0","TE","SEA","11","114.08","0.0","8.0","0.0","0.0","0.0","0.0","$1","$1"
"","1003","Jack Stoll","15.0","15.0","TE","CLE","11","91.02","0.0","2.0","0.0","0.0","0.0","0.0","$1","$1"
"","1004","Stephen Sullivan","15.0","15.0","TE","CAR","5","101.02","0.0","0.0","0.0","0.0","0.0","0.0","$1","$1"
"","1005","Kylen Granson","15.0","15.0","TE","TEN","9","72.04","0.0","8.0","0.0","0.0","0.0","0.0","$1","$1"
"","1006","Gerald Everett","15.0","15.0","TE","UNS","18","99.05","0.0","0.0","0.0","0.0","0.0","0.0","$1","$1"
"","1007","Geoff Swaim","15.0","15.0","TE","UNS","18","107.01","0.0","0.0","0.0","0.0","0.0","0.0","$1","$1"
"","1008","C.J. Uzomah","15.0","15.0","TE","UNS","18","90.02","0.0","0.0","0.0","0.0","0.0","0.0","$1","$1"
"","1009","Tyler Kroft","15.0","15.0","TE","MIA","6","128.07","0.0","0.0","0.0","0.0","0.0","0.0","$1","$1"
"","1010","Irv Smith","15.0","15.0","TE","HOU","8","71.01","0.0","0.0","0.0","0.0","0.0","0.0","$1","$1"
"","1011","Ian Thomas","15.0","15.0","TE","LVR","13","94.07","0.0","10.0","0.0","0.0","0.0","0.0","$1","$1"
"","1012","Robert Tonyan","15.0","15.0","TE","KC","5","110.04","0.0","1.0","0.0","0.0","0.0","0.0","$1","$1"
"","1013","Ross Dwelley","15.0","15.0","TE","UNS","18","105.04","0.0","0.0","0.0","0.0","0.0","0.0","$1","$1"
"","1014","Blake Bell","15.0","15.0","TE","KC","5","128.07","0.0","0.0","0.0","0.0","0.0","0.0","$1","$1"
"","1015","Donald Parham","15.0","15.0","TE","PIT","9","56.01","0.0","0.0","0.0","0.0","0.0","0.0","$1","$1"
"","1016","Foster Moreau","15.0","15.0","TE","HOU","8","110.03","0.0","25.0","0.0","0.0","0.0","0.0","$1","$1"
"","1017","Jordan Matthews","15.0","15.0","TE","UNS","18","112.06","0.0","0.0","0.0","0.0","0.0","0.0","$1","$1"
"","1018","Zach Ertz","15.0","15.0","TE","UNS","18","62.07","0.0","22.0","0.0","0.0","0.0","0.0","$1","$1"
"","1019","Jason Sanders","15.0","8.0","K","NYG","8","117.07","10.1","98.0","10.1","10.1","10.1","0.0","$1","$1"
"","1020","Anders Carlson","15.0","9.0","K","UNS","18","48.05","0.0","0.0","0.0","0.0","0.0","0.0","$1","$1"
"","1021","Ramiz Ahmed","15.0","9.0","K","WAS","7","128.07","0.0","0.0","0.0","0.0","0.0","0.0","$1","$1"
"","1022","Tristan Vizcaino","15.0","9.0","K","UNS","18","128.07","0.0","0.0","0.0","0.0","0.0","0.0","$1","$1"
"","1023","Jude McAtamney","15.0","9.0","K","UNS","18","32.01","0.0","0.0","0.0","0.0","0.0","0.0","$1","$1"
"","1024","John Parker Romo","15.0","9.0","K","ATL","11","37.07","0.0","0.0","0.0","0.0","0.0","0.0","$1","$1"
"","1025","Brayden Narveson","15.0","9.0","K","TEN","9","44.01","0.0","0.0","0.0","0.0","0.0","0.0","$1","$1"
"","1026","Dominic Zvada","15.0","9.0","K","NYG","8","128.07","0.0","72.0","0.0","0.0","0.0","0.0","$1","$1"
"","1027","Corliss Waitman","15.0","9.0","K","SF","8","128.07","0.0","0.0","0.0","0.0","0.0","0.0","$1","$1"
"","1028","Ryan Rehkow","15.0","9.0","K","CIN","6","128.07","0.0","0.0","0.0","0.0","0.0","0.0","$1","$1"
"","1029","Rigoberto Sanchez","15.0","9.0","K","IND","13","128.07","0.0","0.0","0.0","0.0","0.0","0.0","$1","$1"
"","1030","Jack Fox","15.0","9.0","K","DET","6","128.07","0.0","0.0","0.0","0.0","0.0","0.0","$1","$1"
"","1031","Thomas Morstead","15.0","9.0","K","NYJ","13","128.07","0.0","0.0","0.0","0.0","0.0","0.0","$1","$1"
"","1032","Michael Dickson","15.0","9.0","K","SEA","11","128.07","0.0","0.0","0.0","0.0","0.0","0.0","$1","$1"
"","1033","Logan Cooke","15.0","9.0","K","JAC","7","128.07","0.0","0.0","0.0","0.0","0.0","0.0","$1","$1"
"","1034","Riley Dixon","15.0","9.0","K","DEN","10","128.07","0.0","0.0","0.0","0.0","0.0","0.0","$1","$1"
"","1035","Corey Bojorquez","15.0","9.0","K","CLE","11","128.07","0.0","0.0","0.0","0.0","0.0","0.0","$1","$1"
"","1036","Tory Taylor","15.0","9.0","K","CHI","10","128.07","0.0","0.0","0.0","0.0","0.0","0.0","$1","$1"
"","1037","Matthew Hayball","15.0","9.0","K","NO","8","128.07","0.0","0.0","0.0","0.0","0.0","0.0","$1","$1"
"","1038","Bradley Pinion","15.0","9.0","K","ATL","11","128.07","0.0","0.0","0.0","0.0","0.0","0.0","$1","$1"
"","1039","Blake Gillikin","15.0","9.0","K","ARI","14","128.07","0.0","0.0","0.0","0.0","0.0","0.0","$1","$1"
"","1040","Tommy Townsend","15.0","9.0","K","HOU","8","128.07","0.0","0.0","0.0","0.0","0.0","0.0","$1","$1"
"","1041","Tucker McCann","15.0","9.0","K","UNS","18","128.07","0.0","0.0","0.0","0.0","0.0","0.0","$1","$1"
"","1042","Mike Meyer","15.0","9.0","K","UNS","18","128.07","0.0","0.0","0.0","0.0","0.0","0.0","$1","$1"
"","1043","Jamie Gillan","15.0","9.0","K","UNS","18","128.07","0.0","0.0","0.0","0.0","0.0","0.0","$1","$1"
"","1044","Lenny Krieg","15.0","9.0","K","ATL","11","128.07","0.0","113.0","0.0","0.0","0.0","0.0","$1","$1"
"","1045","Maddux Trujillo","15.0","9.0","K","IND","13","128.07","0.0","0.0","0.0","0.0","0.0","0.0","$1","$1"
"","1046","Caden Davis","15.0","9.0","K","UNS","18","29.02","0.0","0.0","0.0","0.0","0.0","0.0","$1","$1"
"","1047","John Hoyland","15.0","9.0","K","BAL","13","128.07","0.0","0.0","0.0","0.0","0.0","0.0","$1","$1"
"","1048","Daniel Whelan","15.0","9.0","K","GB","11","128.07","0.0","0.0","0.0","0.0","0.0","0.0","$1","$1"
"","1049","Jordan Stout","15.0","9.0","K","BAL","13","128.07","0.0","0.0","0.0","0.0","0.0","0.0","$1","$1"
"","1050","Tress Way","15.0","9.0","K","WAS","7","128.07","0.0","0.0","0.0","0.0","0.0","0.0","$1","$1"
"","1051","Jake Bailey","15.0","9.0","K","ATL","11","128.07","0.0","0.0","0.0","0.0","0.0","0.0","$1","$1"
"","1052","Elliott Fry","15.0","9.0","K","DEN","10","128.07","0.0","0.0","0.0","0.0","0.0","0.0","$1","$1"
"","1053","Matt Ammendola","15.0","9.0","K","HOU","8","128.07","0.0","0.0","0.0","0.0","0.0","0.0","$1","$1"
"","1054","Riley Patterson","15.0","9.0","K","MIA","6","110.06","0.0","65.0","0.0","0.0","0.0","0.0","$1","$1"
"","1055","Lucas Havrisik","15.0","9.0","K","GB","11","37.05","0.0","0.0","0.0","0.0","0.0","0.0","$1","$1"
"","1056","Younghoe Koo","15.0","9.0","K","NYJ","13","29.04","0.0","106.0","0.0","0.0","0.0","0.0","$1","$1"
"","1057","Michael 'Mike' Badgley","15.0","9.0","K","BUF","7","53.02","0.0","106.0","0.0","0.0","0.0","0.0","$1","$1"
"","1058","Greg Joseph","15.0","9.0","K","UNS","18","38.03","0.0","0.0","0.0","0.0","0.0","0.0","$1","$1"
"","1059","Brett Maher","15.0","9.0","K","LAR","11","128.07","0.0","0.0","0.0","0.0","0.0","0.0","$1","$1"
"","1060","Daniel Carlson","15.0","9.0","K","LVR","13","46.04","0.0","79.0","0.0","0.0","0.0","0.0","$1","$1"
"","1061","Matthew Wright","15.0","9.0","K","BUF","7","76.08","0.0","0.0","0.0","0.0","0.0","0.0","$1","$1"
"","1062","Austin Seibert","15.0","9.0","K","WAS","7","54.03","0.0","0.0","0.0","0.0","0.0","0.0","$1","$1"
"","1063","Greg Zuerlein","15.0","9.0","K","UNS","18","32.06","0.0","0.0","0.0","0.0","0.0","0.0","$1","$1"
"","1064","Randy Bullock","15.0","9.0","K","NYG","8","128.07","0.0","0.0","0.0","0.0","0.0","0.0","$1","$1"
"","1065","Justin Tucker","15.0","9.0","K","UNS","18","27.04","0.0","0.0","0.0","0.0","0.0","0.0","$1","$1"
"","1066","Dustin Hopkins","15.0","9.0","K","UNS","18","64.01","0.0","0.0","0.0","0.0","0.0","0.0","$1","$1"
"","1067","Matt Prater","15.0","9.0","K","BUF","7","27.08","0.0","106.0","0.0","0.0","0.0","0.0","$1","$1"