"","Rank","Player","Overall Tier","Pos. Tier","Pos","Team","Bye","ADP","Floor","Consensus","DS Proj","Ceiling","3D Proj","3d Value","Market $","Auction $"
"","1","Puka Nacua","1.0","1.0","WR","LAR","11","1.03","298.7","316.0","364.3","400.7","362.3","100.0","$61","$62"
"","2","Ja'Marr Chase","1.0","1.0","WR","CIN","6","1.04","303.7","324.0","345.1","407.2","354.5","95.1","$59","$59"
"","3","Jahmyr Gibbs","1.0","1.0","RB","DET","6","1.01","296.9","346.0","357.7","418.5","363.2","92.4","$61","$57"
"","4","Bijan Robinson","1.0","1.0","RB","ATL","11","1.02","298.8","352.0","351.5","411.3","358.2","89.5","$62","$55"
"","5","Christian McCaffrey","1.0","1.0","RB","SF","8","1.05","279.6","325.0","336.9","421.1","349.5","84.5","$51","$52"
"","6","Jaxon Smith-Njigba","2.0","2.0","WR","SEA","11","1.06","292.4","300.0","321.3","382.3","332.7","81.4","$50","$50"
"","7","Amon-Ra St. Brown","2.0","2.0","WR","DET","6","1.07","292.2","300.0","324.7","360.4","328.5","78.7","$46","$49"
"","8","CeeDee Lamb","2.0","2.0","WR","DAL","14","1.09","270.7","267.0","307.6","369.1","317.7","71.9","$45","$45"
"","9","Justin Jefferson","2.0","2.0","WR","MIN","6","2.01","255.2","270.0","296.7","385.7","313.4","69.2","$38","$43"
"","10","Jonathan Taylor","2.0","2.0","RB","IND","13","1.08","266.7","308.0","310.1","365.9","317.4","65.8","$54","$41"
"","11","Ashton Jeanty","2.0","2.0","RB","LVR","13","2.03","265.8","272.0","298.6","382.2","315.4","64.6","$41","$40"
"","12","James Cook","2.0","2.0","RB","BUF","7","2.02","256.0","269.0","294.3","359.0","305.0","58.6","$46","$36"
"","13","Drake London","3.0","3.0","WR","ATL","11","2.07","260.6","271.0","283.3","340.0","294.6","57.3","$36","$36"
"","14","A.J. Brown","3.0","3.0","WR","NE","11","3.06","240.5","258.0","282.9","350.8","293.7","56.8","$33","$35"
"","15","Rashee Rice","3.0","3.0","WR","KC","5","3.03","213.3","237.0","296.3","340.7","293.3","56.5","$28","$35"
"","16","Nico Collins","3.0","3.0","WR","HOU","8","3.01","253.1","241.0","281.2","340.3","292.2","55.8","$33","$35"
"Injured","17","De'Von Achane","3.0","2.0","RB","MIA","6","1.10","255.0","289.0","280.2","358.7","297.0","53.9","$38","$33"
"","18","Saquon Barkley","3.0","2.0","RB","PHI","10","2.04","248.6","257.0","273.2","377.0","297.0","53.9","$39","$33"
"","19","Josh Allen","3.0","1.0","QB","BUF","7","3.02","306.7","362.0","378.7","439.3","382.1","52.4","$39","$32"
"","20","Brock Bowers","3.0","1.0","TE","LVR","13","2.10","242.6","240.0","260.9","315.7","272.5","50.0","$28","$31"
"","21","George Pickens","3.0","3.0","WR","DAL","14","3.07","241.2","248.0","268.0","335.0","281.4","49.0","$31","$30"
"","22","Trey McBride","3.0","1.0","TE","ARI","14","2.09","240.9","254.0","259.0","310.8","269.8","48.9","$26","$30"
"","23","Kenneth Walker III","3.0","3.0","RB","KC","5","3.08","237.4","248.0","266.7","365.4","288.3","48.9","$30","$30"
"","24","Chase Brown","3.0","3.0","RB","CIN","6","3.05","228.7","268.0","272.3","356.7","287.4","48.4","$33","$30"
"","25","Omarion Hampton","3.0","3.0","RB","LAC","7","2.08","230.3","261.0","264.7","370.6","287.3","48.3","$34","$30"
"","26","Derrick Henry","3.0","3.0","RB","BAL","13","2.06","227.9","261.0","268.1","340.5","280.5","44.3","$41","$27"
"","27","Jeremiyah Love","3.0","3.0","RB","ARI","14","2.05","227.1","250.0","255.2","362.4","279.3","43.6","$33","$27"
"","28","Colston Loveland","3.0","2.0","TE","CHI","10","4.09","202.0","226.0","246.3","290.6","250.3","40.9","$22","$25"
"Value","29","Zay Flowers","4.0","4.0","WR","BAL","13","5.01","229.7","235.0","261.0","302.8","266.7","39.8","$24","$25"
"Injured","30","Chris Olave","4.0","4.0","WR","NO","8","3.10","222.0","244.0","258.1","307.1","264.9","38.6","$25","$24"
"Value","31","DeVonta Smith","4.0","4.0","WR","PHI","10","4.03","228.5","233.0","248.4","313.0","262.4","37.0","$20","$23"
"","32","Breece Hall","4.0","4.0","RB","NYJ","13","4.01","220.5","244.0","253.5","327.0","267.6","36.8","$26","$23"
"","33","Tee Higgins","4.0","4.0","WR","CIN","6","5.06","222.6","237.0","250.1","310.1","261.5","36.5","$20","$23"
"","34","Garrett Wilson","4.0","4.0","WR","NYJ","13","4.06","224.9","233.0","249.9","307.4","261.0","36.2","$22","$22"
"","35","Tyler Warren","4.0","2.0","TE","IND","13","5.03","194.6","207.0","234.5","272.0","237.5","35.6","$19","$22"
"Injured","36","Malik Nabers","4.0","4.0","WR","NYG","8","3.09","194.5","223.0","240.1","340.9","259.3","35.1","$19","$22"
"Value","37","Josh Jacobs","4.0","4.0","RB","GB","11","3.04","188.1","251.0","261.2","316.1","262.9","34.1","$25","$21"
"","38","Lamar Jackson","4.0","1.0","QB","BAL","13","4.02","298.7","329.0","339.4","437.8","358.8","33.2","$21","$21"
"","39","Javonte Williams","4.0","4.0","RB","DAL","14","4.04","213.7","231.0","248.5","310.6","259.1","31.9","$22","$20"
"","40","Travis Etienne","4.0","4.0","RB","NO","8","4.10","216.8","225.0","238.2","324.0","257.7","31.5","$21","$20"
"","41","Drake Maye","4.0","1.0","QB","NE","11","5.04","296.0","317.0","340.2","428.7","356.3","31.4","$21","$19"
"","42","Joe Burrow","4.0","2.0","QB","CIN","6","5.10","293.8","315.0","341.6","423.6","355.3","31.1","$15","$19"
"","43","Kyren Williams","4.0","4.0","RB","LAR","11","4.05","221.3","232.0","240.5","307.8","255.4","30.9","$23","$19"
"","44","Jalen Hurts","4.0","2.0","QB","PHI","10","6.03","292.8","320.0","332.7","432.5","352.7","30.0","$16","$19"
"Injured","45","Cameron 'Cam' Skattebo","4.0","4.0","RB","NYG","8","4.08","197.9","230.0","235.6","311.0","249.3","29.4","$18","$18"
"","46","Jayden Daniels","4.0","2.0","QB","WAS","7","5.07","285.9","314.0","332.4","432.1","351.1","29.4","$17","$18"
"Value","47","Jaylen Waddle","4.0","4.0","WR","DEN","10","6.06","204.7","213.0","235.3","303.5","248.3","28.9","$14","$18"
"Value","48","Davante Adams","5.0","5.0","WR","LAR","11","5.02","205.9","214.0","236.7","298.2","247.9","28.7","$14","$18"
"Injured","49","Tucker Kraft","5.0","3.0","TE","GB","11","10.10","177.2","191.0","213.5","271.1","222.6","28.4","$16","$18"
"","50","D'Andre Swift","5.0","5.0","RB","CHI","10","7.02","199.6","212.0","226.8","297.1","241.0","27.4","$16","$17"
"Value","51","Terry McLaurin","5.0","5.0","WR","WAS","7","5.08","205.8","222.0","231.2","298.2","244.9","27.2","$17","$17"
"","52","Emeka Egbuka","5.0","5.0","WR","TB","10","5.05","199.4","205.0","229.2","304.8","244.4","27.0","$19","$17"
"Injured","53","Tetairoa McMillan","5.0","5.0","WR","CAR","5","4.07","206.6","226.0","229.5","298.4","244.1","26.8","$20","$17"
"Value","54","Christian Watson","5.0","5.0","WR","GB","11","9.04","198.1","189.0","233.0","295.9","243.8","26.7","$14","$17"
"","55","Luther Burden III","5.0","5.0","WR","CHI","10","7.06","196.3","209.0","228.2","305.8","243.6","26.6","$13","$16"
"","56","Ladd McConkey","5.0","5.0","WR","LAC","7","6.02","199.8","218.0","227.1","304.3","243.2","26.4","$14","$16"
"","57","Caleb Williams","5.0","2.0","QB","CHI","10","9.09","282.4","299.0","324.6","418.7","342.6","26.1","$11","$16"
"Injured","58","Bucky Irving","5.0","5.0","RB","TB","10","5.09","190.4","213.0","213.9","308.0","235.3","26.0","$17","$16"
"Value","59","Trevor Lawrence","5.0","2.0","QB","JAC","7","11.09","278.3","303.0","327.4","412.5","341.7","25.7","$14","$16"
"","60","Justin Herbert","5.0","2.0","QB","LAC","7","12.06","279.1","305.0","324.5","415.4","341.0","25.4","$14","$16"
"","61","David Montgomery","5.0","5.0","RB","HOU","8","7.03","181.5","199.0","213.5","296.8","230.4","24.8","$14","$15"
"","62","TreVeyon Henderson","5.0","5.0","RB","NE","11","6.04","179.7","199.0","199.7","319.5","228.7","24.4","$9","$15"
"","63","Brock Purdy","5.0","2.0","QB","SF","8","10.03","278.2","297.0","323.5","407.6","338.2","24.4","$9","$15"
"","64","Dak Prescott","5.0","2.0","QB","DAL","14","9.06","281.1","307.0","323.1","403.9","337.5","24.1","$14","$15"
"Injured","65","Quinshon Judkins","5.0","5.0","RB","CLE","11","6.01","187.2","209.0","205.7","296.2","227.0","24.0","$19","$15"
"","66","Jaxson Dart","5.0","2.0","QB","NYG","8","7.04","278.2","302.0","316.1","417.3","336.8","23.8","$11","$15"
"","67","Harold Fannin Jr.","5.0","3.0","TE","CLE","11","6.09","183.2","193.0","203.6","256.5","214.3","23.3","$11","$14"
"","68","Sam LaPorta","5.0","3.0","TE","DET","6","7.07","181.2","195.0","201.3","259.7","213.6","22.9","$13","$14"
"","69","Jaylen Warren","6.0","6.0","RB","PIT","9","9.03","177.6","192.0","208.9","271.6","220.3","22.4","$6","$14"
"Injured","70","Bo Nix","6.0","2.0","QB","DEN","10","12.05","279.2","290.0","310.2","409.5","331.7","21.8","$11","$14"
"Injured","71","Patrick Mahomes","6.0","2.0","QB","KC","5","11.07","276.2","306.0","306.9","417.4","331.5","21.7","$9","$13"
"Value","72","Kyler Murray","6.0","2.0","QB","MIN","6","16.03","271.3","290.0","308.3","416.2","331.0","21.5","$8","$13"
"","73","Jameson Williams","6.0","5.0","WR","DET","6","7.01","195.4","202.0","217.1","286.6","232.1","20.9","$18","$13"
"","74","Rhamondre Stevenson","6.0","6.0","RB","NE","11","11.05","168.8","183.0","194.0","283.2","213.8","20.8","$6","$13"
"","75","Bhayshul Tuten","6.0","6.0","RB","JAC","7","7.08","158.5","194.0","182.2","307.9","212.2","20.4","$10","$13"
"Value","76","Mike Evans","6.0","5.0","WR","SF","8","7.10","185.9","203.0","216.2","289.7","230.7","20.2","$14","$13"
"","77","Tony Pollard","6.0","6.0","RB","TEN","9","8.10","164.3","186.0","186.7","281.9","208.6","19.6","$6","$12"
"","78","Chuba Hubbard","6.0","6.0","RB","CAR","5","8.03","155.9","179.0","183.4","291.6","207.9","19.4","$6","$12"
"","79","Jared Goff","6.0","3.0","QB","DET","6","15.08","278.2","289.0","302.4","402.2","325.2","19.3","$5","$12"
"","80","Rome Odunze","6.0","6.0","WR","CHI","10","7.05","184.1","195.0","209.2","295.0","228.0","18.8","$11","$12"
"","81","Jadarian Price","7.0","7.0","RB","SEA","11","6.07","145.6","183.0","173.3","306.7","204.7","18.6","$11","$12"
"Value","82","D.K. Metcalf","7.0","6.0","WR","PIT","9","8.05","184.2","196.0","219.3","269.7","226.7","18.2","$7","$11"
"","83","Jordan Love","7.0","3.0","QB","GB","11","17.05","279.6","276.0","294.3","406.1","322.1","18.0","$4","$11"
"","84","Matthew Stafford","7.0","3.0","QB","LAR","11","9.05","276.1","286.0","296.9","400.8","321.5","17.8","$4","$11"
"","85","Parker Washington","7.0","6.0","WR","JAC","7","10.06","180.7","181.0","215.1","275.3","225.3","17.5","$9","$11"
"","86","Rico Dowdle","7.0","7.0","RB","PIT","9","9.10","154.5","181.0","175.6","279.2","200.0","17.5","$6","$11"
"Sleeper","87","Tyler Shough","7.0","3.0","QB","NO","8","16.02","269.0","269.0","295.6","405.0","320.6","17.4","$6","$11"
"Injured","88","RJ Harvey","7.0","7.0","RB","DEN","10","11.08","145.7","164.0","173.4","287.8","199.6","17.4","$5","$11"
"","89","J.K. Dobbins","7.0","7.0","RB","DEN","10","10.08","149.7","170.0","176.1","278.2","199.2","17.3","$5","$11"
"","90","Kyle Pitts","7.0","4.0","TE","ATL","11","6.10","175.9","186.0","191.2","248.6","204.1","17.1","$9","$11"
"","91","D.J. Moore","7.0","6.0","WR","BUF","7","6.08","180.2","191.0","207.1","283.7","223.1","16.4","$7","$10"
"","92","Baker Mayfield","7.0","3.0","QB","TB","10","16.07","274.8","277.0","289.3","402.1","317.4","16.2","$6","$10"
"Sleeper","93","Jonathon Brooks","7.0","7.0","RB","CAR","5","13.03","131.2","123.0","156.2","307.7","193.0","15.8","$6","$10"
"Injured","94","George Kittle","7.0","4.0","TE","SF","8","8.01","113.9","183.0","189.8","282.8","201.4","15.5","$9","$10"
"","95","Rachaad White","7.0","7.0","RB","WAS","7","11.01","126.4","159.0","168.5","281.4","191.6","15.4","$4","$10"
"Value","96","Michael Pittman Jr.","7.0","6.0","WR","PIT","9","8.06","182.7","189.0","210.0","266.7","220.5","15.1","$6","$9"
"","97","Marvin Harrison Jr.","7.0","6.0","WR","ARI","14","7.09","177.6","191.0","201.8","282.5","219.4","14.5","$6","$9"
"","98","Carnell Tate","7.0","6.0","WR","TEN","9","6.05","169.3","193.0","201.6","284.3","218.3","14.0","$8","$9"
"","99","Courtland Sutton","7.0","6.0","WR","DEN","10","8.07","178.1","183.0","207.1","267.2","218.2","14.0","$5","$9"
"","100","Kyle Monangai","8.0","8.0","RB","CHI","10","11.10","141.1","153.0","155.0","271.3","184.2","13.6","$4","$8"
"","101","Jordyn Tyson","8.0","6.0","WR","NO","8","8.09","166.9","176.0","201.1","283.6","217.4","13.5","$5","$8"
"","102","Brandon Aubrey","8.0","1.0","K","DAL","14","8.02","157.4","147.0","176.8","190.9","177.1","13.5","$6","$8"
"","103","Malik Willis","8.0","3.0","QB","MIA","6","19.05","266.7","266.0","274.9","409.6","310.2","13.4","$3","$8"
"Value","104","Jayden Reed","8.0","6.0","WR","GB","11","14.07","173.0","175.0","203.5","270.7","216.3","13.0","$4","$8"
"Injured","105","Alec Pierce","8.0","6.0","WR","IND","13","8.08","174.2","195.0","202.6","271.5","216.2","13.0","$9","$8"
"","106","Jordan Addison","8.0","6.0","WR","MIN","6","13.06","172.6","170.0","203.1","270.1","215.8","12.8","$4","$8"
"","107","Kenneth Gainwell","8.0","8.0","RB","TB","10","10.09","136.1","158.0","156.4","256.5","180.0","12.6","$4","$8"
"Value","108","Jakobi Meyers","8.0","6.0","WR","JAC","7","10.07","178.5","172.0","205.2","260.6","215.5","12.6","$3","$8"
"","109","Brian Thomas Jr.","8.0","6.0","WR","JAC","7","10.02","169.8","176.0","193.0","289.5","215.1","12.4","$9","$8"
"","110","Jordan Mason","8.0","8.0","RB","MIN","6","15.07","131.0","136.0","156.0","255.8","178.7","12.3","$4","$8"
"","111","Blake Corum","8.0","8.0","RB","LAR","11","12.10","134.8","141.0","141.9","281.0","178.6","12.3","$5","$8"
"","112","C.J. Stroud","8.0","3.0","QB","HOU","8","19.01","269.9","265.0","278.2","389.5","307.1","12.2","$5","$8"
"","113","Tyjae Spears","8.0","8.0","RB","TEN","9","15.01","129.5","141.0","154.2","248.3","175.4","11.5","$2","$7"
"","114","Travis Kelce","8.0","4.0","TE","KC","5","9.02","162.7","186.0","189.2","227.0","194.7","11.4","$5","$7"
"","115","Ricky Pearsall","8.0","6.0","WR","SF","8","12.04","161.4","165.0","199.2","274.9","213.0","11.4","$4","$7"
"","116","Aaron Jones","8.0","8.0","RB","MIN","6","9.07","123.6","165.0","154.5","248.7","174.6","11.3","$4","$7"
"Injured","117","Daniel Jones","8.0","3.0","QB","IND","13","18.08","259.1","255.0","275.6","394.1","304.9","11.3","$3","$7"
"","118","Quentin Johnston","8.0","6.0","WR","LAC","7","14.02","161.7","168.0","194.8","280.5","212.2","11.0","$4","$7"
"","119","Jacory Croskey-Merritt","9.0","9.0","RB","WAS","7","13.09","117.0","136.0","132.9","279.1","169.9","10.2","$5","$6"
"","120","Cameron Dicker","9.0","1.0","K","LAC","7","11.02","151.3","139.0","170.0","181.9","169.9","10.0","$5","$6"
"","121","Josh Downs","9.0","7.0","WR","IND","13","13.07","161.0","179.0","191.7","276.0","209.1","9.4","$3","$6"
"","122","Chris Godwin","9.0","7.0","WR","TB","10","10.05","160.4","182.0","190.9","276.8","208.8","9.3","$2","$6"
"","123","Xavier Worthy","9.0","7.0","WR","KC","5","13.05","157.6","169.0","189.9","279.2","208.4","9.1","$3","$6"
"Injured","124","Zach Charbonnet","9.0","9.0","RB","SEA","11","14.06","101.3","159.0","126.6","284.9","165.2","9.0","$3","$6"
"","125","Woody Marks","9.0","9.0","RB","HOU","8","14.08","117.8","116.0","130.9","251.3","161.4","8.1","$3","$5"
"","126","Seattle Seahawks","9.0","1.0","DEF","SEA","11","9.08","119.0","77.0","119.0","119.0","119.0","7.9","$2","$5"
"","127","Denver Broncos","9.0","1.0","DEF","DEN","10","9.01","118.6","82.0","118.6","118.6","118.6","7.7","$1","$5"
"","128","Dylan Sampson","9.0","9.0","RB","CLE","11","102.02","116.0","102.0","133.3","239.9","159.2","7.6","$2","$5"
"","129","Isiah Pacheco","9.0","9.0","RB","DET","6","14.10","111.3","103.0","125.1","256.5","158.4","7.4","$3","$5"
"","130","Houston Texans","9.0","1.0","DEF","HOU","8","8.04","116.9","82.0","116.9","116.9","116.9","7.0","$1","$4"
"","131","Sam Darnold","9.0","4.0","QB","SEA","11","18.01","256.3","260.0","258.9","388.4","293.8","6.9","$1","$4"
"Sleeper","132","Cameron 'Cam' Ward","9.0","4.0","QB","TEN","9","19.10","252.8","239.0","258.0","392.2","293.7","6.9","$2","$4"
"","133","Alvin Kamara","10.0","10.0","RB","NO","8","15.04","105.8","105.0","117.6","264.6","155.6","6.7","$2","$4"
"","134","Aaron Rodgers","10.0","4.0","QB","PIT","9","96.10","254.1","228.0","259.3","386.4","293.0","6.6","$1","$4"
"","135","Ka'imi Fairbairn","10.0","2.0","K","HOU","8","12.09","148.6","140.0","159.8","177.4","162.6","6.5","$4","$4"
"","136","Makai Lemon","10.0","7.0","WR","PHI","10","11.03","151.9","158.0","178.7","285.9","203.1","6.4","$2","$4"
"Injured","137","Chris Rodriguez","10.0","10.0","RB","JAC","7","18.02","103.5","112.0","112.5","267.8","153.2","6.1","$3","$4"
"","138","Tyrone Tracy Jr.","10.0","10.0","RB","NYG","8","19.09","103.0","113.0","113.2","260.4","151.5","5.7","$2","$4"
"","139","New England Patriots","10.0","1.0","DEF","NE","11","13.01","112.7","71.0","112.7","112.7","112.7","5.2","$1","$3"
"","140","Stefon Diggs","10.0","7.0","WR","UNS","18","17.08","135.5","167.0","190.8","263.3","200.5","5.1","$1","$3"
"","141","Romeo Doubs","10.0","7.0","WR","NE","11","14.09","155.5","169.0","185.1","261.0","200.4","5.1","$2","$3"
"","142","Tyler Loop","10.0","2.0","K","BAL","13","17.02","143.6","129.0","152.8","178.8","158.2","4.4","$2","$3"
"","143","KC Concepcion","10.0","7.0","WR","CLE","11","13.02","146.4","151.0","183.0","265.4","198.8","4.3","$2","$3"
"","144","Cam Little","10.0","2.0","K","JAC","7","14.01","145.2","125.0","151.3","178.5","157.6","4.0","$1","$2"
"","145","Michael Wilson","10.0","7.0","WR","ARI","14","12.03","147.8","182.0","180.2","264.9","197.4","3.6","$1","$2"
"Sleeper","146","Jayden Higgins","10.0","7.0","WR","HOU","8","16.09","152.4","157.0","173.2","275.4","197.3","3.6","$1","$2"
"","147","Wan'Dale Robinson","10.0","7.0","WR","TEN","9","11.06","158.9","173.0","178.5","260.6","197.3","3.6","$1","$2"
"","148","Minnesota Vikings","10.0","1.0","DEF","MIN","6","16.01","109.1","78.0","109.1","109.1","109.1","3.6","$1","$2"
"","149","Green Bay Packers","10.0","2.0","DEF","GB","11","20.02","108.6","65.0","108.6","108.6","108.6","3.4","$1","$2"
"","150","Baltimore Ravens","10.0","2.0","DEF","BAL","13","14.04","108.6","70.0","108.6","108.6","108.6","3.4","$1","$2"
"","151","Bryce Young","10.0","4.0","QB","CAR","5","20.07","242.3","244.0","244.7","391.5","284.3","3.2","$1","$2"
"Sleeper","152","Dalton Kincaid","10.0","5.0","TE","BUF","7","15.09","155.6","162.0","167.3","225.9","181.2","3.2","$3","$2"
"","153","Matthew Golden","10.0","7.0","WR","GB","11","12.01","151.2","155.0","166.1","284.0","195.6","2.7","$2","$2"
"","154","Kaytron Allen","11.0","11.0","RB","WAS","7","93.01","85.6","37.0","93.0","265.1","138.6","2.6","$2","$2"
"","155","Cairo Santos","11.0","2.0","K","CHI","10","18.04","142.5","128.0","151.6","174.3","156.1","2.4","$1","$1"
"","156","Mark Andrews","11.0","5.0","TE","BAL","13","14.05","153.7","158.0","167.1","222.2","179.7","2.3","$2","$1"
"","157","Jake Bates","11.0","2.0","K","DET","6","15.05","146.6","130.0","149.6","175.0","156.0","2.3","$1","$1"
"","158","Khalil Shakir","11.0","7.0","WR","BUF","7","13.10","158.3","169.0","179.9","248.3","194.6","2.2","$1","$1"
"","159","Pittsburgh Steelers","11.0","2.0","DEF","PIT","9","12.08","107.1","77.0","107.1","107.1","107.1","2.2","$1","$1"
"","160","Jacoby Brissett","11.0","4.0","QB","ARI","14","102.04","234.1","245.0","246.4","381.9","281.1","2.0","$1","$1"
"","161","Eddy Pineiro","11.0","2.0","K","SF","8","15.02","143.7","130.0","151.3","172.5","155.7","2.0","$1","$1"
"","162","Harrison Mevis","11.0","2.0","K","LAR","11","14.03","145.1","133.0","149.6","175.0","155.7","2.0","$1","$1"
"","163","Jake Ferguson","11.0","5.0","TE","DAL","14","11.04","161.8","170.0","170.3","206.1","178.5","1.6","$1","$1"
"","164","Dallas Goedert","11.0","5.0","TE","PHI","10","10.04","152.3","166.0","167.4","217.6","178.4","1.5","$2","$1"
"","165","Trey Smack","11.0","2.0","K","GB","11","22.09","143.3","134.0","149.3","174.7","155.1","1.4","$1","$1"
"","166","Keaton Mitchell","11.0","11.0","RB","LAC","7","100.06","94.7","80.0","105.2","211.5","132.3","1.1","$1","$1"
"","167","Fernando Mendoza","11.0","4.0","QB","LVR","13","18.06","232.7","243.0","237.4","391.7","278.6","1.0","$1","$1"
"","168","Los Angeles Rams","11.0","2.0","DEF","LAR","11","10.01","105.7","78.0","105.7","105.7","105.7","1.0","$1","$1"
"","169","Tyler Allgeier","11.0","11.0","RB","ARI","14","18.05","87.7","92.0","107.0","210.8","131.8","0.9","$1","$1"
"","170","Brian Robinson Jr.","11.0","11.0","RB","ATL","11","19.06","86.8","97.0","105.9","211.8","131.3","0.8","$1","$1"
"","171","Kansas City Chiefs","11.0","2.0","DEF","KC","5","18.07","105.5","66.0","105.5","105.5","105.5","0.8","$1","$1"
"","172","Jonah Coleman","11.0","11.0","RB","DEN","10","90.01","75.4","50.0","83.8","259.8","130.3","0.6","$1","$1"
"","173","Deshaun Watson","11.0","4.0","QB","CLE","11","96.09","207.8","174.0","218.7","437.4","276.4","0.1","$1","$1"
"","174","Geno Smith","11.0","4.0","QB","NYJ","13","103.01","228.1","240.0","237.6","384.9","276.1","0.0","$1","$1"
"","175","Jacksonville Jaguars","11.0","2.0","DEF","JAC","7","16.05","104.5","69.0","104.5","104.5","104.5","0.0","$1","$1"
"","176","Wil Lutz","11.0","2.0","K","DEN","10","98.09","144.9","121.0","147.9","171.6","153.8","0.0","$1","$1"
"","177","Justice Hill","12.0","12.0","RB","BAL","13","98.05","91.2","98.0","101.3","202.6","127.1","0.0","$1","$1"
"","178","Harrison Butker","12.0","2.0","K","KC","5","15.10","145.0","124.0","148.0","170.2","153.5","0.0","$1","$1"
"","179","MarShawn Lloyd","12.0","12.0","RB","GB","11","98.10","64.1","50.0","82.2","254.8","126.0","0.0","$1","$1"
"","180","Charlie Smyth","12.0","2.0","K","NO","8","100.09","143.5","119.0","147.9","170.1","153.2","0.0","$1","$1"
"","181","New York Giants","12.0","2.0","DEF","NYG","8","23.05","103.6","64.0","103.6","103.6","103.6","0.0","$1","$1"
"","182","Emmett Johnson","12.0","12.0","RB","KC","5","23.04","70.0","40.0","83.3","237.4","122.9","0.0","$1","$1"
"","183","Brenton Strange","12.0","5.0","TE","JAC","7","18.10","146.8","155.0","164.9","209.4","173.8","0.0","$2","$1"
"","184","Philadelphia Eagles","12.0","2.0","DEF","PHI","10","13.08","102.7","68.0","102.7","102.7","102.7","0.0","$2","$1"
"","185","Nicholas Singleton","12.0","12.0","RB","TEN","9","24.02","59.9","29.0","70.5","260.9","120.5","0.0","$1","$1"
"","186","Chris Boswell","12.0","2.0","K","PIT","9","17.04","142.9","122.0","145.8","170.6","152.0","0.0","$1","$1"
"","187","Los Angeles Chargers","12.0","2.0","DEF","LAC","7","17.06","102.2","66.0","102.2","102.2","102.2","0.0","$1","$1"
"","188","Calvin Ridley","12.0","8.0","WR","TEN","9","18.03","141.8","113.0","164.9","257.2","185.9","0.0","$2","$1"
"","189","Buffalo Bills","12.0","2.0","DEF","BUF","7","98.03","102.0","71.0","102.0","102.0","102.0","0.0","$1","$1"
"Sleeper","190","Jalen McMillan","12.0","8.0","WR","TB","10","17.07","135.6","126.0","159.5","271.2","185.6","0.0","$2","$1"
"","191","Andres Borregales","12.0","2.0","K","NE","11","99.07","141.8","120.0","146.2","168.1","151.4","0.0","$1","$1"
"","192","Chicago Bears","12.0","2.0","DEF","CHI","10","22.04","101.5","68.0","101.5","101.5","101.5","0.0","$1","$1"
"","193","Rashid Shaheed","12.0","8.0","WR","SEA","11","16.10","141.4","139.0","164.4","254.8","184.9","0.0","$2","$1"
"","194","Braelon Allen","13.0","13.0","RB","NYJ","13","99.02","72.9","83.0","76.7","226.3","116.8","0.0","$1","$1"
"","195","Omar Cooper Jr.","13.0","8.0","WR","NYJ","13","17.03","139.6","131.0","153.4","276.1","184.4","0.0","$2","$1"
"","196","Mike Washington Jr.","13.0","13.0","RB","LVR","13","99.06","63.9","68.0","76.1","228.3","115.4","0.0","$1","$1"
"Injured","197","James Conner","13.0","13.0","RB","ARI","14","21.06","76.4","56.0","92.1","184.2","114.4","0.0","$1","$1"
"","198","Deebo Samuel","13.0","8.0","WR","UNS","18","28.10","119.3","131.0","170.4","252.2","183.4","0.0","$3","$1"
"Injured","199","Kenyon Sadiq","13.0","5.0","TE","NYJ","13","15.03","139.7","143.0","155.2","220.4","170.2","0.0","$2","$1"
"","200","Jason Myers","13.0","3.0","K","SEA","11","12.07","142.1","143.0","145.0","166.8","150.4","0.0","$1","$1"
"Sleeper","201","Isaiah Likely","13.0","5.0","TE","NYG","8","13.04","147.1","158.0","158.2","208.8","170.0","0.0","$4","$1"
"","202","Tampa Bay Buccaneers","13.0","2.0","DEF","TB","10","24.04","100.0","63.0","100.0","100.0","100.0","0.0","$1","$1"
"","203","Chase McLaughlin","13.0","3.0","K","TB","10","19.08","140.2","128.0","144.5","167.6","150.0","0.0","$1","$1"
"","204","Hunter Henry","13.0","5.0","TE","NE","11","17.01","147.3","154.0","158.4","205.9","169.3","0.0","$4","$1"
"","205","Sean Tucker","13.0","13.0","RB","TB","10","97.03","68.5","55.0","74.5","212.3","111.0","0.0","$1","$1"
"","206","Detroit Lions","13.0","2.0","DEF","DET","6","16.06","99.4","70.0","99.4","99.4","99.4","0.0","$1","$1"
"","207","Jaydon Blue","13.0","13.0","RB","DAL","14","95.09","62.3","44.0","73.3","216.2","110.3","0.0","$1","$1"
"","208","George Holani","13.0","13.0","RB","SEA","11","97.07","65.7","42.0","82.1","192.9","109.3","0.0","$1","$1"
"","209","Denzel Boston","13.0","8.0","WR","CLE","11","19.02","130.3","133.0","151.5","272.7","180.7","0.0","$2","$1"
"","210","Will Reichard","13.0","3.0","K","MIN","6","17.09","139.9","123.0","142.8","168.5","149.3","0.0","$1","$1"
"","211","San Francisco 49ers","13.0","2.0","DEF","SF","8","20.09","98.8","63.0","98.8","98.8","98.8","0.0","$1","$1"
"","212","Isaiah Davis","13.0","13.0","RB","NYJ","13","96.03","75.4","51.0","79.4","186.6","107.9","0.0","$1","$1"
"","213","Christopher 'Chris' Brooks","13.0","13.0","RB","GB","11","29.08","60.3","61.0","67.0","217.8","106.9","0.0","$1","$1"
"","214","Samaje Perine","14.0","14.0","RB","CIN","6","101.03","77.9","92.0","91.6","155.7","106.6","0.0","$1","$1"
"Injured","215","Trey Benson","14.0","14.0","RB","ARI","14","92.09","65.4","14.0","76.0","193.8","106.2","0.0","$1","$1"
"","216","Ty Johnson","14.0","14.0","RB","BUF","7","97.08","74.7","83.0","87.9","162.6","105.9","0.0","$1","$1"
"","217","Nick Chubb","14.0","14.0","RB","UNS","18","49.09","57.8","24.0","82.6","181.7","105.1","0.0","$1","$1"
"","218","Juwan Johnson","14.0","6.0","TE","NO","8","17.10","143.4","152.0","157.6","200.2","166.6","0.0","$2","$1"
"","219","Tyler Bass","14.0","3.0","K","BUF","7","99.08","138.5","121.0","142.8","164.2","147.9","0.0","$1","$1"
"","220","Jake Moody","14.0","3.0","K","WAS","7","95.05","138.3","115.0","141.1","167.9","147.9","0.0","$1","$1"
"Injured","221","Najee Harris","14.0","14.0","RB","UNS","18","54.09","52.5","37.0","80.7","177.5","102.0","0.0","$1","$1"
"","222","Tre Tucker","14.0","8.0","WR","LVR","13","20.06","133.6","133.0","155.4","250.2","177.3","0.0","$2","$1"
"","223","Jake Elliott","14.0","3.0","K","PHI","10","21.08","138.5","116.0","142.8","162.8","147.5","0.0","$1","$1"
"","224","Brashard Smith","14.0","14.0","RB","KC","5","90.10","63.1","39.0","77.0","169.4","99.7","0.0","$1","$1"
"","225","Emanuel Wilson","14.0","14.0","RB","SEA","11","99.01","53.8","52.0","67.2","194.9","99.6","0.0","$1","$1"
"","226","Jalen Coker","14.0","8.0","WR","CAR","5","16.04","135.9","156.0","151.0","252.2","175.9","0.0","$1","$1"
"","227","Jordan James","14.0","14.0","RB","SF","8","97.04","52.9","69.0","58.8","205.8","97.8","0.0","$1","$1"
"","228","Cleveland Browns","14.0","3.0","DEF","CLE","11","16.08","95.6","65.0","95.6","95.6","95.6","0.0","$1","$1"
"","229","Joe Mixon","14.0","14.0","RB","UNS","18","62.09","45.9","21.0","76.5","172.1","97.0","0.0","$1","$1"
"","230","Tua Tagovailoa","14.0","5.0","QB","ATL","11","102.03","201.7","238.0","207.9","390.9","256.7","0.0","$1","$1"
"","231","Tank Bigsby","15.0","15.0","RB","PHI","10","19.07","53.0","71.0","55.8","206.5","96.4","0.0","$1","$1"
"","232","Keenan Allen","15.0","8.0","WR","UNS","18","93.10","112.9","95.0","159.0","246.5","174.5","0.0","$1","$1"
"","233","LeQuint Allen","15.0","15.0","RB","JAC","7","97.01","69.7","44.0","75.8","151.6","95.4","0.0","$1","$1"
"","234","Austin Ekeler","15.0","15.0","RB","UNS","18","57.06","52.1","29.0","69.5","173.8","94.8","0.0","$6","$1"
"","235","Kaelon Black","15.0","15.0","RB","SF","8","24.10","49.6","59.0","55.1","203.9","94.7","0.0","$1","$1"
"Injured","236","Michael Penix Jr.","15.0","5.0","QB","ATL","11","94.03","205.7","186.0","209.9","379.9","255.5","0.0","$1","$1"
"","237","Adonai Mitchell","15.0","8.0","WR","NYJ","13","99.04","128.4","107.0","139.6","272.2","173.7","0.0","$1","$1"
"","238","T.J. Hockenson","15.0","6.0","TE","MIN","6","15.06","139.0","145.0","152.8","197.1","162.4","0.0","$1","$1"
"Injured","239","Tyreek Hill","15.0","8.0","WR","UNS","18","19.04","82.4","132.0","149.8","281.6","173.5","0.0","$1","$1"
"","240","Dalton Schultz","15.0","6.0","TE","HOU","8","20.04","143.2","144.0","154.0","191.0","162.1","0.0","$1","$1"
"","241","Kareem Hunt","15.0","15.0","RB","UNS","18","56.02","50.8","22.0","72.6","156.1","91.4","0.0","$1","$1"
"","242","Jaylen Wright","15.0","15.0","RB","MIA","6","95.06","48.9","53.0","57.5","186.9","91.2","0.0","$1","$1"
"","243","Kendre Miller","15.0","15.0","RB","NO","8","54.03","44.1","33.0","55.1","192.9","90.7","0.0","$1","$1"
"","244","Demond Claiborne","15.0","15.0","RB","MIN","6","96.06","44.3","24.0","52.1","198.0","90.5","0.0","$1","$1"
"","245","Jerry Jeudy","15.0","9.0","WR","CLE","11","18.09","123.8","122.0","143.9","259.0","171.6","0.0","$1","$1"
"","246","Jauan Jennings","15.0","9.0","WR","MIN","6","21.01","122.1","136.0","138.7","270.5","171.6","0.0","$1","$1"
"","247","Antonio Gibson","15.0","15.0","RB","UNS","18","43.05","48.3","9.0","74.3","148.6","89.8","0.0","$1","$1"
"","248","Chigoziem 'Chig' Okonkwo","15.0","6.0","TE","WAS","7","20.05","138.7","137.0","144.5","206.6","160.4","0.0","$1","$1"
"","249","Ryan Fitzgerald","15.0","3.0","K","CAR","5","100.02","133.9","111.0","139.5","161.8","144.6","0.0","$1","$1"
"","250","Brandon Aiyuk","15.0","9.0","WR","UNS","18","96.01","86.2","109.0","143.7","280.2","170.5","0.0","$1","$1"
"","251","Germie Bernard","15.0","9.0","WR","PIT","9","23.10","124.6","113.0","141.6","257.7","170.2","0.0","$1","$1"
"","252","Evan McPherson","15.0","3.0","K","CIN","6","20.03","135.0","124.0","136.4","166.4","144.3","0.0","$2","$1"
"","253","Tennessee Titans","15.0","3.0","DEF","TEN","9","94.08","92.6","62.0","92.6","92.6","92.6","0.0","$1","$1"
"","254","Ollie Gordon II","15.0","15.0","RB","MIA","6","96.02","46.8","39.0","49.3","187.3","86.5","0.0","$1","$1"
"","255","Oronde Gadsden II","15.0","6.0","TE","LAC","7","20.01","132.9","132.0","138.4","218.7","159.3","0.0","$1","$1"
"","256","Kimani Vidal","15.0","15.0","RB","LAC","7","97.02","59.0","56.0","64.1","141.0","84.2","0.0","$1","$1"
"","257","Adam Randall","15.0","15.0","RB","BAL","13","94.01","41.7","46.0","49.0","181.3","83.8","0.0","$1","$1"
"","258","Arizona Cardinals","15.0","3.0","DEF","ARI","14","24.03","91.7","59.0","91.7","91.7","91.7","0.0","$1","$1"
"","259","Devin Singletary","15.0","15.0","RB","NYG","8","70.01","49.2","33.0","54.7","164.1","83.5","0.0","$1","$1"
"","260","Malik Davis","15.0","15.0","RB","DAL","14","103.03","45.1","56.0","50.1","175.4","83.4","0.0","$1","$1"
"","261","Ben Sauls","15.0","3.0","K","NYG","8","98.02","130.9","72.0","137.8","162.6","143.3","0.0","$1","$1"
"","262","Dallas Cowboys","15.0","3.0","DEF","DAL","14","19.03","91.5","65.0","91.5","91.5","91.5","0.0","$1","$1"
"","263","New Orleans Saints","15.0","3.0","DEF","NO","8","101.08","91.0","66.0","91.0","91.0","91.0","0.0","$1","$1"
"","264","Indianapolis Colts","15.0","3.0","DEF","IND","13","102.05","91.0","61.0","91.0","91.0","91.0","0.0","$1","$1"
"","265","Shedeur Sanders","15.0","5.0","QB","CLE","11","21.09","185.5","223.0","195.3","390.6","246.8","0.0","$1","$1"
"","266","New York Jets","15.0","3.0","DEF","NYJ","13","97.05","90.7","58.0","90.7","90.7","90.7","0.0","$1","$1"
"","267","DJ Giddens","15.0","15.0","RB","IND","13","95.08","43.7","42.0","48.6","165.2","79.5","0.0","$1","$1"
"","268","Alexander Mattison","15.0","15.0","RB","UNS","18","49.04","48.7","6.0","57.3","143.3","79.2","0.0","$1","$1"
"","269","Nick Folk","15.0","3.0","K","ATL","11","98.01","133.1","116.0","135.8","161.6","142.4","0.0","$1","$1"
"","270","Carson Beck","15.0","5.0","QB","ARI","14","31.02","185.9","162.0","191.7","393.0","245.6","0.0","$1","$1"
"","271","Cincinnati Bengals","15.0","3.0","DEF","CIN","6","75.04","90.3","64.0","90.3","90.3","90.3","0.0","$1","$1"
"","272","Antonio Williams","15.0","9.0","WR","WAS","7","100.10","116.7","123.0","126.8","276.4","165.8","0.0","$1","$1"
"","273","Miles Sanders","15.0","15.0","RB","UNS","18","74.10","49.4","0.0","56.1","138.6","77.4","0.0","$1","$1"
"","274","Las Vegas Raiders","15.0","3.0","DEF","LVR","13","22.08","89.9","61.0","89.9","89.9","89.9","0.0","$1","$1"
"","275","Kaleb Johnson","15.0","15.0","RB","PIT","9","94.07","37.1","18.0","42.2","173.0","77.0","0.0","$5","$1"
"","276","Kyle Juszczyk","15.0","15.0","RB","SF","8","29.04","55.3","51.0","61.4","122.8","77.0","0.0","$1","$1"
"","277","Carolina Panthers","15.0","3.0","DEF","CAR","5","95.02","89.8","58.0","89.8","89.8","89.8","0.0","$1","$1"
"","278","Miami Dolphins","15.0","3.0","DEF","MIA","6","21.07","89.7","60.0","89.7","89.7","89.7","0.0","$1","$1"
"","279","Jerome Ford","15.0","15.0","RB","WAS","7","27.08","39.3","29.0","47.4","151.7","74.4","0.0","$1","$1"
"","280","Jalen Nailor","15.0","9.0","WR","LVR","13","24.06","120.9","126.0","134.3","251.1","163.7","0.0","$1","$1"
"","281","Jeremy McNichols","15.0","15.0","RB","WAS","7","73.08","45.1","25.0","50.1","137.8","73.1","0.0","$1","$1"
"","282","Kirk Cousins","15.0","5.0","QB","LVR","13","94.09","186.2","187.0","190.0","380.0","241.1","0.0","$1","$1"
"","283","Ray Davis","15.0","15.0","RB","BUF","7","101.06","38.1","50.0","50.8","132.1","70.7","0.0","$1","$1"
"","284","Seth McGowan","15.0","15.0","RB","IND","13","96.05","33.2","30.0","39.1","156.4","70.0","0.0","$1","$1"
"","285","Joey Slye","15.0","3.0","K","TEN","9","100.07","130.3","109.0","134.3","158.5","140.2","0.0","$1","$1"
"","286","Jarquez Hunter","15.0","15.0","RB","LAR","11","69.08","29.2","18.0","34.3","161.2","68.0","0.0","$1","$1"
"","287","Cade Otton","15.0","7.0","TE","TB","10","102.01","134.8","121.0","140.4","186.7","152.0","0.0","$1","$1"
"","288","Tre Harris","15.0","9.0","WR","LAC","7","101.09","110.0","97.0","122.2","268.8","160.0","0.0","$1","$1"
"","289","Eli Heidenreich","15.0","15.0","WR","PIT","9","37.08","36.9","16.0","43.4","130.2","65.9","0.0","$1","$1"
"","290","Phil Mafah","15.0","15.0","RB","DAL","14","52.06","33.6","33.0","36.5","146.0","65.8","0.0","$1","$1"
"Injured","291","AJ Barner","15.0","7.0","TE","SEA","11","20.10","128.1","121.0","133.4","198.8","150.3","0.0","$1","$1"
"","292","Emari Demercado","15.0","15.0","RB","KC","5","95.01","36.8","59.0","43.3","121.2","63.4","0.0","$1","$1"
"","293","Cooper Kupp","15.0","10.0","WR","SEA","11","21.03","111.5","102.0","126.7","253.4","158.5","0.0","$6","$1"
"","294","Washington Commanders","15.0","3.0","DEF","WAS","7","22.05","85.7","65.0","85.7","85.7","85.7","0.0","$1","$1"
"","295","Trevor Etienne","15.0","15.0","RB","CAR","5","87.08","40.9","28.0","45.4","109.0","61.9","0.0","$1","$1"
"","296","Matt Gay","15.0","4.0","K","LVR","13","49.10","129.9","124.0","132.5","155.0","138.2","0.0","$1","$1"
"","297","Devin Neal","15.0","15.0","RB","NO","8","26.05","36.5","31.0","43.5","108.8","60.0","0.0","$1","$1"
"","298","Ty Chandler","15.0","15.0","RB","NO","8","91.05","34.9","30.0","43.6","109.0","59.9","0.0","$1","$1"
"","299","Kenny McIntosh","15.0","15.0","RB","SEA","11","64.04","29.6","9.0","32.9","131.6","59.2","0.0","$1","$1"
"","300","Jaydn Ott","15.0","15.0","RB","KC","5","103.03","23.9","14.0","29.9","140.5","59.0","0.0","$1","$1"
"","301","Darius Slayton","15.0","10.0","WR","NYG","8","94.10","112.1","95.0","124.6","249.2","156.3","0.0","$1","$1"
"","302","Gunnar Helm","15.0","7.0","TE","TEN","9","25.05","124.1","123.0","133.4","193.4","148.1","0.0","$1","$1"
"","303","Cade York","15.0","4.0","K","NYJ","13","28.09","129.4","78.0","132.0","154.4","137.6","0.0","$1","$1"
"","304","Andre Szmyt","15.0","4.0","K","CLE","11","47.05","127.9","104.0","131.9","155.6","137.6","0.0","$1","$1"
"","305","Raheim Sanders","15.0","15.0","RB","CLE","11","84.09","24.5","22.0","27.8","139.0","57.5","0.0","$1","$1"
"","306","Ryan Flournoy","15.0","10.0","WR","DAL","14","101.01","107.0","106.0","121.6","255.4","155.4","0.0","$1","$1"
"","307","Roschon Johnson","15.0","15.0","RB","CHI","10","33.03","23.0","28.0","25.5","140.3","56.4","0.0","$1","$1"
"","308","Jamarion 'Jam' Miller","15.0","15.0","RB","NE","11","31.10","26.7","24.0","30.3","125.7","55.7","0.0","$1","$1"
"","309","Tahj Brooks","15.0","15.0","RB","CIN","6","63.03","23.7","22.0","26.3","131.5","54.5","0.0","$1","$1"
"","310","Audric Estime","15.0","15.0","RB","NO","8","58.05","31.7","29.0","36.0","104.4","53.9","0.0","$1","$1"
"","311","Tyler Goodson","15.0","15.0","RB","ATL","11","35.09","22.7","18.0","25.8","129.0","53.4","0.0","$1","$1"
"","312","Pat Freiermuth","15.0","7.0","TE","PIT","9","21.04","120.9","132.0","131.4","191.8","146.0","0.0","$1","$1"
"","313","Travis Hunter","15.0","10.0","WR","JAC","7","12.02","92.6","102.0","100.7","298.1","153.1","0.0","$3","$1"
"","314","Jaylin Noel","15.0","10.0","WR","HOU","8","100.01","116.3","93.0","130.7","222.2","153.0","0.0","$1","$1"
"","315","Will Shipley","15.0","15.0","RB","PHI","10","52.04","38.5","30.0","40.5","81.0","51.2","0.0","$1","$1"
"","316","J'Mari Taylor","15.0","15.0","RB","JAC","7","103.03","22.2","22.0","27.7","116.3","50.9","0.0","$1","$1"
"Injured","317","Isaac Guerendo","15.0","15.0","RB","SF","8","43.03","32.9","20.0","37.4","89.8","50.9","0.0","$1","$1"
"","318","Michael Carter","15.0","15.0","RB","TEN","9","86.05","33.2","10.0","38.2","84.0","49.8","0.0","$1","$1"
"","319","Robert Henry Jr.","15.0","15.0","RB","WAS","7","103.03","18.7","0.0","26.3","115.7","49.3","0.0","$1","$1"
"","320","Roman Hemby","15.0","15.0","RB","LVR","13","103.03","21.0","0.0","26.3","111.8","48.7","0.0","$1","$1"
"","321","Tyler Badie","15.0","15.0","RB","DEN","10","93.05","24.9","20.0","27.7","97.0","46.1","0.0","$1","$1"
"","322","Jawhar Jordan","15.0","15.0","RB","HOU","8","43.06","26.7","48.0","29.7","89.1","45.4","0.0","$1","$1"
"","323","Jack Bech","15.0","10.0","WR","LVR","13","101.07","102.1","89.0","116.0","249.4","149.9","0.0","$1","$1"
"","324","Darnell Mooney","15.0","10.0","WR","NYG","8","99.03","105.0","92.0","114.1","251.0","149.8","0.0","$1","$1"
"","325","Rashod Bateman","15.0","10.0","WR","BAL","13","103.03","103.0","112.0","117.1","245.9","149.7","0.0","$1","$1"
"","326","Noah Whittington","15.0","15.0","RB","HOU","8","103.03","20.2","6.0","25.3","99.9","44.7","0.0","$1","$1"
"","327","Zane Gonzalez","15.0","4.0","K","MIA","6","100.08","126.1","103.0","127.4","152.9","134.1","0.0","$1","$1"
"","328","Kalel Mullings","15.0","15.0","RB","TEN","9","87.02","18.6","10.0","21.9","98.6","42.2","0.0","$1","$1"
"","329","Desmond Reid","15.0","15.0","RB","BUF","7","103.03","17.7","20.0","19.7","97.5","40.6","0.0","$1","$1"
"","330","De'Zhaun Stribling","15.0","11.0","WR","SF","8","98.06","96.8","90.0","108.8","255.7","146.7","0.0","$1","$1"
"","331","Pat Bryant","15.0","11.0","WR","DEN","10","101.05","100.7","84.0","113.2","243.4","146.4","0.0","$1","$1"
"","332","CJ Donaldson","15.0","15.0","RB","NO","8","103.03","15.6","0.0","17.3","95.2","38.2","0.0","$1","$1"
"","333","Rasheen Ali","15.0","15.0","RB","BAL","13","54.05","19.7","24.0","21.9","81.0","37.6","0.0","$1","$1"
"","334","Jamal Haynes","15.0","15.0","RB","CIN","6","103.03","13.7","12.0","16.1","88.6","35.4","0.0","$1","$1"
"","335","Kayshon Boutte","15.0","11.0","WR","NE","11","103.02","96.6","78.0","111.0","244.2","144.7","0.0","$1","$1"
"","336","Jaleel McLaughlin","15.0","15.0","RB","DEN","10","55.02","21.3","17.0","22.4","67.2","34.4","0.0","$1","$1"
"","337","Chip Trayanum","15.0","15.0","RB","NYJ","13","103.03","14.4","10.0","16.0","80.0","33.2","0.0","$1","$1"
"","338","Terrance Ferguson","15.0","8.0","TE","LAR","11","20.08","97.5","101.0","110.8","216.1","137.1","0.0","$1","$1"
"","339","David Njoku","15.0","8.0","TE","LAC","7","97.10","111.0","95.0","115.6","196.5","136.8","0.0","$1","$1"
"","340","Devaughn Vele","15.0","11.0","WR","NO","8","101.10","102.6","95.0","119.3","214.7","142.3","0.0","$1","$1"
"","341","Tyquan Thornton","15.0","11.0","WR","KC","5","90.09","91.8","94.0","106.7","245.4","141.8","0.0","$1","$1"
"","342","Dontayvion Wicks","15.0","11.0","WR","PHI","10","97.06","93.5","76.0","106.3","244.5","141.7","0.0","$1","$1"
"","343","Jaret Patterson","15.0","15.0","RB","LAC","7","71.09","12.8","19.0","14.6","65.7","28.2","0.0","$1","$1"
"","344","Zachariah Branch","15.0","11.0","WR","ATL","11","22.03","102.3","93.0","119.0","205.9","139.7","0.0","$1","$1"
"","345","Troy Franklin","15.0","11.0","WR","DEN","10","99.05","92.6","97.0","102.9","241.8","138.9","0.0","$1","$1"
"","346","Keon Coleman","15.0","11.0","WR","BUF","7","94.04","87.0","51.0","102.4","245.8","138.7","0.0","$5","$1"
"","347","Colby Parkinson","15.0","8.0","TE","LAR","11","101.02","98.5","94.0","110.7","195.9","131.7","0.0","$1","$1"
"","348","Evan Engram","15.0","8.0","TE","DEN","10","102.09","103.2","95.0","112.2","188.5","131.4","0.0","$7","$1"
"Injured","349","Nathaniel 'Tank' Dell","15.0","12.0","WR","HOU","8","98.08","64.9","93.0","92.7","268.8","135.7","0.0","$1","$1"
"","350","Ja'Kobi Lane","15.0","12.0","WR","BAL","13","21.05","86.8","81.0","98.6","241.6","135.5","0.0","$1","$1"
"","351","Kendrick Bourne","15.0","12.0","WR","ARI","14","89.09","90.4","83.0","106.4","223.4","135.4","0.0","$1","$1"
"","352","Greg Dulcich","15.0","8.0","TE","MIA","6","102.06","101.7","125.0","110.5","191.2","130.9","0.0","$1","$1"
"","353","Atlanta Falcons","15.0","4.0","DEF","ATL","11","100.03","71.8","68.0","71.8","71.8","71.8","0.0","$1","$1"
"","354","Chris Brazzell II","15.0","12.0","WR","CAR","5","93.09","83.3","73.0","94.7","246.2","134.0","0.0","$1","$1"
"","355","Mike Gesicki","15.0","8.0","TE","CIN","6","102.10","97.0","107.0","114.1","183.7","130.0","0.0","$5","$1"
"","356","Isaac TeSlaa","15.0","12.0","WR","DET","6","100.05","87.4","103.0","99.3","233.4","133.7","0.0","$1","$1"
"","357","Kentrel Bullock","15.0","15.0","RB","CIN","6","103.03","4.9","0.0","5.6","19.6","9.3","0.0","$1","$1"
"","358","Elijah Sarratt","15.0","12.0","WR","BAL","13","95.07","84.0","71.0","93.3","242.6","132.3","0.0","$1","$1"
"","359","Kejon Owens","15.0","15.0","RB","MIN","6","103.03","5.0","0.0","5.6","17.9","8.9","0.0","$1","$1"
"","360","Jacob Saylors","15.0","15.0","RB","DET","6","33.04","0.0","11.0","5.6","7.8","6.3","0.0","$1","$1"
"","361","Kene Nwangwu","15.0","15.0","RB","NYJ","13","82.07","0.0","7.0","5.6","7.3","6.2","0.0","$1","$1"
"","362","Dylan Laube","15.0","15.0","RB","LVR","13","58.08","0.3","9.0","5.6","7.8","5.2","0.0","$1","$1"
"","363","Darnell Washington","15.0","9.0","TE","PIT","9","22.07","92.8","92.0","105.4","192.9","127.0","0.0","$1","$1"
"","364","Joshua 'Josh' Palmer","15.0","12.0","WR","BUF","7","33.07","87.3","51.0","94.9","227.8","129.8","0.0","$2","$1"
"","365","Cordarrelle Patterson","15.0","15.0","RB","UNS","18","92.10","0.0","0.0","0.0","0.0","0.0","0.0","$1","$1"
"","366","Jamaal Williams","15.0","15.0","RB","UNS","18","90.07","0.0","0.0","0.0","0.0","0.0","0.0","$1","$1"
"","367","D'Onta Foreman","15.0","15.0","RB","UNS","18","68.04","0.0","0.0","0.0","0.0","0.0","0.0","$1","$1"
"","368","Ezekiel Elliott","15.0","15.0","RB","UNS","18","42.09","0.0","0.0","0.0","0.0","0.0","0.0","$1","$1"
"","369","Raheem Mostert","15.0","15.0","RB","UNS","18","70.05","0.0","13.0","0.0","0.0","0.0","0.0","$1","$1"
"","370","Ameer Abdullah","15.0","15.0","RB","JAC","7","92.01","0.0","4.0","0.0","0.0","0.0","0.0","$1","$1"
"","371","Myles Gaskin","15.0","15.0","RB","UNS","18","66.10","0.0","0.0","0.0","0.0","0.0","0.0","$1","$1"
"","372","Trayveon Williams","15.0","15.0","RB","CLE","11","78.06","0.0","0.0","0.0","0.0","0.0","0.0","$1","$1"
"","373","Travis Homer","15.0","15.0","RB","PIT","9","60.07","0.0","0.0","0.0","0.0","0.0","0.0","$1","$1"
"","374","La'Mical Perine","15.0","15.0","RB","PIT","9","103.03","0.0","0.0","0.0","0.0","0.0","0.0","$1","$1"
"","375","Zack Moss","15.0","15.0","RB","UNS","18","83.08","0.0","0.0","0.0","0.0","0.0","0.0","$1","$1"
"","376","Joshua Kelley","15.0","15.0","RB","TEN","9","81.09","0.0","0.0","0.0","0.0","0.0","0.0","$1","$1"
"","377","Darrynton Evans","15.0","15.0","RB","BUF","7","68.10","0.0","0.0","0.0","0.0","0.0","0.0","$1","$1"
"","378","Clyde Edwards-Helaire","15.0","15.0","RB","KC","5","60.06","0.0","0.0","0.0","0.0","0.0","0.0","$1","$1"
"","379","A.J. Dillon","15.0","15.0","RB","CAR","5","45.09","0.0","62.0","0.0","0.0","0.0","0.0","$1","$1"
"","380","DeeJay Dallas","15.0","15.0","RB","JAC","7","39.03","0.0","0.0","0.0","0.0","0.0","0.0","$1","$1"
"","381","Ke'Shawn Vaughn","15.0","15.0","RB","UNS","18","67.04","0.0","0.0","0.0","0.0","0.0","0.0","$1","$1"
"","382","Cam Akers","15.0","15.0","RB","SEA","11","59.07","0.0","4.0","0.0","0.0","0.0","0.0","$1","$1"
"","383","Dare Ogunbowale","15.0","15.0","RB","UNS","18","87.09","0.0","7.0","0.0","0.0","0.0","0.0","$1","$1"
"","384","Mike Boone","15.0","15.0","RB","UNS","18","50.07","0.0","0.0","0.0","0.0","0.0","0.0","$1","$1"
"","385","Gus Edwards","15.0","15.0","RB","UNS","18","75.07","0.0","0.0","0.0","0.0","0.0","0.0","$1","$1"
"","386","Jeffery 'Jeff' Wilson Jr.","15.0","15.0","RB","MIA","6","42.07","0.0","0.0","0.0","0.0","0.0","0.0","$1","$1"
"","387","Royce Freeman","15.0","15.0","RB","UNS","18","103.03","0.0","0.0","0.0","0.0","0.0","0.0","$1","$1"
"","388","John Kelly","15.0","15.0","RB","CLE","11","64.09","0.0","0.0","0.0","0.0","0.0","0.0","$1","$1"
"","389","Pierre Strong Jr.","15.0","15.0","RB","GB","11","89.08","0.0","10.0","0.0","0.0","0.0","0.0","$1","$1"
"","390","Tyrion Davis-Price","15.0","15.0","RB","UNS","18","59.06","0.0","0.0","0.0","0.0","0.0","0.0","$1","$1"
"","391","Hassan Haskins","15.0","15.0","RB","UNS","18","41.01","0.0","1.0","0.0","0.0","0.0","0.0","$1","$1"
"","392","Kevin Harris","15.0","15.0","RB","NE","11","103.03","0.0","0.0","0.0","0.0","0.0","0.0","$1","$1"
"","393","Keaontay Ingram","15.0","15.0","RB","KC","5","52.10","0.0","0.0","0.0","0.0","0.0","0.0","$1","$1"
"","394","Zonovan 'Bam' Knight","15.0","15.0","RB","ARI","14","43.01","0.0","0.0","0.0","0.0","0.0","0.0","$1","$1"
"","395","Ronnie Rivers","15.0","15.0","RB","LAR","11","41.06","0.0","14.0","0.0","0.0","0.0","0.0","$1","$1"
"","396","Raheem Blackshear","15.0","15.0","RB","NYJ","13","40.07","0.0","0.0","0.0","0.0","0.0","0.0","$1","$1"
"","397","Eric Gray","15.0","15.0","RB","NYG","8","34.09","0.0","0.0","0.0","0.0","0.0","0.0","$1","$1"
"","398","Deuce Vaughn","15.0","15.0","RB","UNS","18","50.10","0.0","0.0","0.0","0.0","0.0","0.0","$1","$1"
"","399","Evan Hull","15.0","15.0","RB","UNS","18","58.01","0.0","0.0","0.0","0.0","0.0","0.0","$1","$1"
"","400","Israel Abanikanda","15.0","15.0","RB","GB","11","63.05","0.0","23.0","0.0","0.0","0.0","0.0","$1","$1"
"","401","Zach Evans","15.0","15.0","RB","UNS","18","33.10","0.0","0.0","0.0","0.0","0.0","0.0","$1","$1"
"","402","DeWayne McBride","15.0","15.0","RB","UNS","18","59.04","0.0","0.0","0.0","0.0","0.0","0.0","$1","$1"
"","403","Khalil Herbert","15.0","15.0","RB","NYJ","13","49.02","0.0","2.0","0.0","0.0","0.0","0.0","$1","$1"
"","404","Elijah Mitchell","15.0","15.0","RB","NE","11","72.06","0.0","14.0","0.0","0.0","0.0","0.0","$1","$1"
"","405","Gary Brightwell","15.0","15.0","RB","CIN","6","55.07","0.0","0.0","0.0","0.0","0.0","0.0","$1","$1"
"","406","Craig Reynolds","15.0","15.0","RB","DET","6","42.10","0.0","4.0","0.0","0.0","0.0","0.0","$1","$1"
"","407","Isaiah Spiller","15.0","15.0","RB","UNS","18","103.03","0.0","0.0","0.0","0.0","0.0","0.0","$1","$1"
"","408","Zamir White","15.0","15.0","RB","UNS","18","41.05","0.0","5.0","0.0","0.0","0.0","0.0","$1","$1"
"","409","Dameon Pierce","15.0","15.0","RB","PHI","10","54.08","0.0","12.0","0.0","0.0","0.0","0.0","$1","$1"
"","410","Tony Jones Jr.","15.0","15.0","RB","ARI","14","68.09","0.0","0.0","0.0","0.0","0.0","0.0","$1","$1"
"","411","Patrick Taylor","15.0","15.0","RB","SF","8","78.02","0.0","0.0","0.0","0.0","0.0","0.0","$1","$1"
"","412","Deon Jackson","15.0","15.0","RB","UNS","18","103.03","0.0","0.0","0.0","0.0","0.0","0.0","$1","$1"
"","413","Jonathan Ward","15.0","15.0","RB","PIT","9","59.02","0.0","0.0","0.0","0.0","0.0","0.0","$1","$1"
"","414","Jake Funk","15.0","15.0","RB","IND","13","103.03","0.0","0.0","0.0","0.0","0.0","0.0","$1","$1"
"","415","JaMycal Hasty","15.0","15.0","RB","UNS","18","81.01","0.0","0.0","0.0","0.0","0.0","0.0","$1","$1"
"","416","Salvon Ahmed","15.0","15.0","RB","UNS","18","42.05","0.0","23.0","0.0","0.0","0.0","0.0","$1","$1"
"","417","Trey Sermon","15.0","15.0","RB","PIT","9","53.08","0.0","0.0","0.0","0.0","0.0","0.0","$1","$1"
"","418","Donovan Edwards","15.0","15.0","RB","WAS","7","35.08","0.0","11.0","0.0","0.0","0.0","0.0","$1","$1"
"","419","Ja'Quinden Jackson","15.0","15.0","RB","JAC","7","103.03","0.0","0.0","0.0","0.0","0.0","0.0","$1","$1"
"","420","Corey Kiner","15.0","15.0","RB","ARI","14","65.04","0.0","0.0","0.0","0.0","0.0","0.0","$1","$1"
"","421","Montrell Johnson Jr.","15.0","15.0","RB","UNS","18","103.03","0.0","0.0","0.0","0.0","0.0","0.0","$1","$1"
"","422","Ulysses Bentley IV","15.0","15.0","RB","IND","13","61.04","0.0","0.0","0.0","0.0","0.0","0.0","$1","$1"
"","423","Lan Larison","15.0","15.0","RB","NE","11","55.08","0.0","0.0","0.0","0.0","0.0","0.0","$1","$1"
"","424","Ian Wheeler","15.0","15.0","RB","CHI","10","103.03","0.0","0.0","0.0","0.0","0.0","0.0","$1","$1"
"","425","C.J. Ham","15.0","15.0","RB","MIN","6","45.06","0.0","0.0","0.0","0.0","0.0","0.0","$1","$1"
"","426","Patrick Ricard","15.0","15.0","RB","NYG","8","51.08","0.0","7.0","0.0","0.0","0.0","0.0","$1","$1"
"","427","ShunDerrick Powell","15.0","15.0","RB","UNS","18","103.03","0.0","0.0","0.0","0.0","0.0","0.0","$1","$1"
"","428","Nathan Carter","15.0","15.0","RB","ATL","11","69.03","0.0","0.0","0.0","0.0","0.0","0.0","$1","$1"
"","429","Zavier Scott","15.0","15.0","RB","MIN","6","26.01","0.0","0.0","0.0","0.0","0.0","0.0","$1","$1"
"","430","Aidan Robbins","15.0","15.0","RB","UNS","18","103.03","0.0","0.0","0.0","0.0","0.0","0.0","$1","$1"
"","431","Scottie Phillips","15.0","15.0","RB","UNS","18","103.03","0.0","0.0","0.0","0.0","0.0","0.0","$1","$1"
"","432","Jabari Small","15.0","15.0","RB","TEN","9","103.03","0.0","0.0","0.0","0.0","0.0","0.0","$1","$1"
"","433","Chris Collier","15.0","15.0","RB","LVR","13","25.02","0.0","0.0","0.0","0.0","0.0","0.0","$1","$1"
"","434","Dante Miller","15.0","15.0","RB","NYG","8","85.02","0.0","0.0","0.0","0.0","0.0","0.0","$1","$1"
"","435","British Brooks","15.0","15.0","RB","HOU","8","80.07","0.0","0.0","0.0","0.0","0.0","0.0","$1","$1"
"","436","Reggie Gilliam","15.0","15.0","RB","NE","11","60.08","0.0","7.0","0.0","0.0","0.0","0.0","$1","$1"
"","437","Alec Ingold","15.0","15.0","","LAC","7","93.03","0.0","14.0","0.0","0.0","0.0","0.0","$1","$1"
"","438","Sione Vaki","15.0","15.0","RB","DET","6","85.03","0.0","3.0","0.0","0.0","0.0","0.0","$1","$1"
"","439","Emani Bailey","15.0","15.0","RB","CAR","5","103.03","0.0","0.0","0.0","0.0","0.0","0.0","$1","$1"
"","440","Carson Steele","15.0","15.0","RB","UNS","18","53.02","0.0","0.0","0.0","0.0","0.0","0.0","$1","$1"
"","441","J.J. Taylor","15.0","15.0","RB","UNS","18","81.06","0.0","0.0","0.0","0.0","0.0","0.0","$1","$1"
"","442","Aaron Shampklin","15.0","15.0","RB","PIT","9","45.02","0.0","0.0","0.0","0.0","0.0","0.0","$1","$1"
"","443","Hunter Luepke","15.0","15.0","RB","DAL","14","92.06","0.0","0.0","0.0","0.0","0.0","0.0","$1","$1"
"","444","Tyreik McAllister","15.0","15.0","WR","LVR","13","52.05","0.0","0.0","0.0","0.0","0.0","0.0","$1","$1"
"","445","Sincere McCormick","15.0","15.0","RB","SF","8","37.03","0.0","0.0","0.0","0.0","0.0","0.0","$1","$1"
"","446","Terrell Jennings","15.0","15.0","RB","NE","11","52.07","0.0","0.0","0.0","0.0","0.0","0.0","$1","$1"
"","447","Jordan Mims","15.0","15.0","RB","UNS","18","65.02","0.0","0.0","0.0","0.0","0.0","0.0","$1","$1"
"","448","Damien Martinez","15.0","15.0","RB","GB","11","70.07","0.0","4.0","0.0","0.0","0.0","0.0","$1","$1"
"","449","Brittain Brown","15.0","15.0","RB","CHI","10","91.09","0.0","20.0","0.0","0.0","0.0","0.0","$1","$1"
"","450","Marcus Yarns","15.0","15.0","RB","UNS","18","103.03","0.0","0.0","0.0","0.0","0.0","0.0","$1","$1"
"","451","Daijun Edwards","15.0","15.0","RB","UNS","18","103.03","0.0","0.0","0.0","0.0","0.0","0.0","$1","$1"
"","452","Dillon Johnson","15.0","15.0","RB","UNS","18","103.03","0.0","0.0","0.0","0.0","0.0","0.0","$1","$1"
"","453","Lew Nichols","15.0","15.0","RB","UNS","18","44.03","0.0","0.0","0.0","0.0","0.0","0.0","$1","$1"
"","454","Avery Williams","15.0","15.0","RB","UNS","18","86.04","0.0","0.0","0.0","0.0","0.0","0.0","$1","$1"
"","455","Julius Chestnut","15.0","15.0","RB","TEN","9","92.07","0.0","4.0","0.0","0.0","0.0","0.0","$1","$1"
"","456","Louis Rees-Zammit","15.0","15.0","RB","UNS","18","56.09","0.0","0.0","0.0","0.0","0.0","0.0","$1","$1"
"","457","Blake Watson","15.0","15.0","RB","UNS","18","62.06","0.0","0.0","0.0","0.0","0.0","0.0","$1","$1"
"","458","Kendall Milton","15.0","15.0","RB","CIN","6","84.04","0.0","0.0","0.0","0.0","0.0","0.0","$1","$1"
"","459","Keilan Robinson","15.0","15.0","RB","UNS","18","71.02","0.0","0.0","0.0","0.0","0.0","0.0","$1","$1"
"","460","Cody Schrader","15.0","15.0","RB","LAR","11","82.02","0.0","0.0","0.0","0.0","0.0","0.0","$1","$1"
"","461","Frank Gore Jr.","15.0","15.0","RB","BUF","7","53.06","0.0","24.0","0.0","0.0","0.0","0.0","$1","$1"
"","462","Jase McClellan","15.0","15.0","RB","UNS","18","39.08","0.0","0.0","0.0","0.0","0.0","0.0","$1","$1"
"","463","Elijah Dotson","15.0","15.0","RB","UNS","18","85.08","0.0","0.0","0.0","0.0","0.0","0.0","$1","$1"
"","464","Xazavian Valladay","15.0","15.0","RB","PIT","9","47.08","0.0","0.0","0.0","0.0","0.0","0.0","$1","$1"
"","465","Deneric Prince","15.0","15.0","RB","UNS","18","71.01","0.0","0.0","0.0","0.0","0.0","0.0","$1","$1"
"","466","Chris Bell","15.0","12.0","WR","MIA","6","29.09","68.9","109.0","81.0","255.2","126.3","0.0","$1","$1"
"","467","Brandon McManus","15.0","5.0","K","UNS","18","93.08","123.0","103.0","123.0","123.0","123.0","0.0","$1","$1"
"","468","Jahan Dotson","15.0","12.0","WR","ATL","11","95.03","84.8","82.0","98.6","207.1","125.7","0.0","$1","$1"
"","469","Michael Mayer","15.0","9.0","TE","LVR","13","92.08","86.0","85.0","97.7","195.4","122.2","0.0","$1","$1"
"","470","Christian Kirk","15.0","13.0","WR","SF","8","102.08","80.5","85.0","91.5","219.6","124.4","0.0","$3","$1"
"","471","Andrei Iosivas","15.0","13.0","WR","CIN","6","41.02","84.3","95.0","93.7","210.8","123.9","0.0","$1","$1"
"","472","Marquise 'Hollywood' Brown","15.0","13.0","WR","PHI","10","36.01","71.9","74.0","78.2","234.6","119.7","0.0","$3","$1"
"","473","Malik Washington","15.0","13.0","WR","MIA","6","99.10","96.1","110.0","102.2","168.6","119.2","0.0","$1","$1"
"","474","Darren Waller","15.0","9.0","TE","UNS","18","92.05","61.7","74.0","102.8","185.0","117.8","0.0","$4","$1"
"","475","Caleb Douglas","15.0","13.0","WR","MIA","6","96.08","72.4","69.0","80.4","221.1","117.3","0.0","$1","$1"
"","476","Marvin Mims Jr.","15.0","13.0","WR","DEN","10","77.05","85.0","71.0","101.2","170.0","117.0","0.0","$2","$1"
"","477","KaVontae Turpin","15.0","13.0","WR","DAL","14","27.02","89.9","66.0","101.0","165.6","116.6","0.0","$1","$1"
"","478","Ted Hurst","15.0","13.0","WR","TB","10","96.04","67.3","75.0","79.2","221.8","115.9","0.0","$1","$1"
"","479","Chad Ryland","15.0","5.0","K","ARI","14","101.04","103.4","111.0","106.6","147.1","117.1","0.0","$1","$1"
"","480","Eli Stowers","15.0","10.0","TE","PHI","10","91.10","67.3","60.0","82.1","203.6","112.6","0.0","$1","$1"
"","481","Curtis Samuel","15.0","14.0","WR","UNS","18","56.10","70.5","12.0","88.1","189.4","112.5","0.0","$1","$1"
"","482","DeAndre Hopkins","15.0","14.0","WR","UNS","18","26.06","71.0","10.0","88.8","186.5","112.2","0.0","$1","$1"
"","483","Dyami Brown","15.0","14.0","WR","WAS","7","95.04","64.3","45.0","74.8","216.9","111.7","0.0","$1","$1"
"","484","Ashton Dulin","15.0","14.0","WR","IND","13","46.04","61.4","37.0","76.7","214.8","111.6","0.0","$1","$1"
"","485","Tory Horton","15.0","14.0","WR","SEA","11","98.07","71.6","91.0","83.3","191.6","110.7","0.0","$1","$1"
"","486","Tutu Atwell","15.0","14.0","WR","MIA","6","25.04","68.1","56.0","75.7","208.2","110.5","0.0","$1","$1"
"","487","Isaiah Bond","15.0","14.0","WR","CLE","11","36.06","64.5","33.0","71.7","218.7","110.5","0.0","$1","$1"
"","488","Xavier Legette","15.0","14.0","WR","CAR","5","94.06","67.5","64.0","71.1","213.3","109.2","0.0","$2","$1"
"","489","Elijah Arroyo","15.0","10.0","TE","SEA","11","93.04","72.1","61.0","78.4","196.0","109.3","0.0","$1","$1"
"","490","Jonnu Smith","15.0","10.0","TE","UNS","18","58.09","62.7","62.0","89.6","179.2","109.2","0.0","$6","$1"
"","491","Malachi Fields","15.0","14.0","WR","NYG","8","33.08","58.1","60.0","68.3","222.0","108.4","0.0","$1","$1"
"","492","Kyle Williams","15.0","14.0","WR","NE","11","33.09","69.0","35.0","75.8","197.1","107.7","0.0","$1","$1"
"","493","Olamide Zaccheaus","15.0","14.0","WR","ATL","11","36.09","71.5","79.0","83.1","179.5","107.3","0.0","$1","$1"
"","494","Erick All","15.0","10.0","TE","CIN","6","32.06","68.1","46.0","81.1","186.5","107.5","0.0","$1","$1"
"","495","Jalen Tolbert","15.0","14.0","WR","MIA","6","97.09","63.4","84.0","70.4","204.2","105.6","0.0","$1","$1"
"","496","Bryce Lance","15.0","14.0","WR","NO","8","28.03","58.3","33.0","64.8","217.1","105.2","0.0","$1","$1"
"","497","Calvin Austin III","15.0","14.0","WR","NYG","8","32.03","75.7","49.0","79.7","175.3","105.1","0.0","$1","$1"
"","498","Treylon Burks","15.0","14.0","WR","WAS","7","36.05","61.8","47.0","67.2","208.3","104.7","0.0","$1","$1"
"","499","Sterling Shepard","15.0","14.0","WR","UNS","18","91.03","65.5","6.0","77.0","184.8","104.3","0.0","$1","$1"
"","500","Jalen Royals","15.0","14.0","WR","KC","5","34.07","54.5","49.0","60.5","223.9","104.0","0.0","$1","$1"
"","501","Graham Gano","15.0","6.0","K","UNS","18","23.01","112.3","106.0","112.3","112.3","112.3","0.0","$1","$1"
"","502","Tyler Lockett","15.0","15.0","WR","UNS","18","47.07","59.0","21.0","73.8","188.2","102.3","0.0","$1","$1"
"","503","Brenen Thompson","15.0","15.0","WR","LAC","7","66.01","58.0","31.0","64.4","206.1","101.9","0.0","$1","$1"
"","504","Cole Kmet","15.0","11.0","TE","CHI","10","21.10","71.3","76.0","75.0","176.3","102.0","0.0","$1","$1"
"","505","Noah Brown","15.0","15.0","WR","UNS","18","72.07","64.8","18.0","76.2","167.6","99.1","0.0","$1","$1"
"","506","Kalif Raymond","15.0","15.0","WR","CHI","10","26.02","70.7","58.0","76.9","157.6","97.8","0.0","$1","$1"
"","507","Mason Taylor","15.0","11.0","TE","NYJ","13","27.09","70.4","97.0","73.3","173.7","100.2","0.0","$1","$1"
"","508","Nick Westbrook-Ikhine","15.0","15.0","WR","IND","13","98.04","56.2","60.0","63.9","191.7","97.4","0.0","$1","$1"
"","509","Mack Hollins","15.0","15.0","WR","NE","11","35.01","61.2","53.0","68.0","180.2","97.4","0.0","$1","$1"
"","510","Elic Ayomanor","15.0","15.0","WR","TEN","9","85.07","57.7","67.0","60.7","194.2","96.6","0.0","$1","$1"
"","511","Dawson Knox","15.0","11.0","TE","BUF","7","24.07","70.1","78.0","73.8","169.7","99.3","0.0","$1","$1"
"","512","Ja'Tavion Sanders","15.0","11.0","TE","CAR","5","41.07","68.1","65.0","72.4","173.8","99.3","0.0","$4","$1"
"","513","Jimmy Horn Jr.","15.0","15.0","WR","CAR","5","54.07","56.1","22.0","59.0","188.8","93.9","0.0","$1","$1"
"","514","Luke McCaffrey","15.0","15.0","WR","WAS","7","39.06","66.0","34.0","69.5","155.0","92.2","0.0","$1","$1"
"","515","Zavion Thomas","15.0","15.0","WR","CHI","10","24.08","58.4","52.0","68.7","161.4","92.1","0.0","$1","$1"
"","516","Skyler Bell","15.0","15.0","WR","BUF","7","24.01","47.3","58.0","51.4","200.5","91.3","0.0","$1","$1"
"","517","Hunter Renfrow","15.0","15.0","WR","UNS","18","68.05","50.2","6.0","62.7","175.6","91.2","0.0","$1","$1"
"","518","Jaylin Lane","15.0","15.0","WR","WAS","7","47.02","61.4","58.0","68.2","156.9","91.2","0.0","$1","$1"
"","519","Xavier Hutchinson","15.0","15.0","WR","HOU","8","92.04","48.8","55.0","49.8","199.2","90.4","0.0","$1","$1"
"","520","Savion Williams","15.0","15.0","WR","GB","11","95.10","59.5","54.0","66.1","158.6","90.1","0.0","$1","$1"
"","521","Tez Johnson","15.0","15.0","WR","TB","10","80.08","48.0","43.0","50.0","195.0","89.2","0.0","$1","$1"
"","522","Chimere Dike","15.0","15.0","WR","TEN","9","102.07","58.1","82.0","63.1","162.2","89.2","0.0","$1","$1"
"","523","Noah Fant","15.0","12.0","TE","NO","8","26.07","59.4","63.0","64.6","168.0","91.9","0.0","$1","$1"
"","524","Cedric Tillman","15.0","15.0","WR","CLE","11","87.07","43.2","36.0","47.0","197.4","87.3","0.0","$2","$1"
"","525","Noah Gray","15.0","12.0","TE","KC","5","28.05","69.2","61.0","69.2","152.2","91.8","0.0","$1","$1"
"","526","Roman Wilson","15.0","15.0","WR","PIT","9","35.04","49.3","29.0","54.8","175.4","86.7","0.0","$1","$1"
"","527","Max Klare","15.0","12.0","TE","LAR","11","41.10","55.2","43.0","62.7","172.4","91.3","0.0","$1","$1"
"","528","Jordan Whittington","15.0","15.0","WR","LAR","11","25.03","59.8","30.0","62.9","151.0","86.4","0.0","$1","$1"
"","529","Theo Johnson","15.0","12.0","TE","NYG","8","96.07","60.9","73.0","64.8","162.0","90.6","0.0","$4","$1"
"","530","Tyler Higbee","15.0","12.0","TE","LAR","11","25.07","54.3","66.0","60.3","165.8","88.0","0.0","$1","$1"
"","531","Mitchell Evans","15.0","12.0","TE","CAR","5","34.06","55.6","43.0","59.2","165.8","87.6","0.0","$1","$1"
"","532","Demarcus Robinson","15.0","15.0","WR","SF","8","52.09","46.6","43.0","54.8","158.9","81.7","0.0","$1","$1"
"","533","Oscar Delp","15.0","12.0","TE","NO","8","56.05","47.5","24.0","55.9","173.3","86.4","0.0","$1","$1"
"","534","Taysom Hill","15.0","12.0","TE","UNS","18","59.08","46.4","14.0","58.0","168.2","86.0","0.0","$1","$1"
"","535","Reggie Virgil","15.0","15.0","WR","ARI","14","48.07","39.3","12.0","45.7","173.7","79.5","0.0","$1","$1"
"","536","Demario Douglas","15.0","15.0","WR","NE","11","27.07","50.9","56.0","53.6","150.1","79.4","0.0","$1","$1"
"","537","Van Jefferson","15.0","15.0","WR","WAS","7","54.04","45.9","53.0","51.0","158.1","79.3","0.0","$1","$1"
"","538","Ben Sinnott","15.0","12.0","TE","WAS","7","60.09","46.1","36.0","51.2","179.2","85.2","0.0","$1","$1"
"","539","Justin Joly","15.0","12.0","TE","DEN","10","91.07","43.9","41.0","51.7","178.4","84.8","0.0","$1","$1"
"","540","Austin Hooper","15.0","12.0","TE","ATL","11","32.02","58.1","58.0","63.1","145.1","84.6","0.0","$1","$1"
"","541","Colbie Young","15.0","15.0","WR","CIN","6","39.05","37.1","17.0","43.7","174.8","78.3","0.0","$1","$1"
"","542","Dont'e Thornton Jr.","15.0","15.0","WR","LVR","13","33.05","38.9","34.0","43.2","172.8","77.8","0.0","$1","$1"
"","543","Cyrus Allen","15.0","15.0","WR","KC","5","28.04","34.1","27.0","40.1","180.5","77.3","0.0","$1","$1"
"","544","Eric McAlister","15.0","15.0","WR","RK","18","103.03","32.9","24.0","36.6","183.0","75.9","0.0","$1","$1"
"","545","DJ Rogers","15.0","12.0","TE","DAL","14","103.03","47.9","0.0","56.3","157.6","82.4","0.0","$1","$1"
"","546","JuJu Smith-Schuster","15.0","15.0","WR","NYG","8","31.04","33.3","19.0","44.4","162.1","74.5","0.0","$1","$1"
"","547","John Metchie","15.0","15.0","WR","CAR","5","43.09","44.5","85.0","45.9","151.5","74.5","0.0","$1","$1"
"","548","Jordan Watkins","15.0","15.0","WR","SF","8","40.10","33.1","9.0","36.8","176.6","74.3","0.0","$1","$1"
"","549","Kevin Coleman Jr.","15.0","15.0","WR","MIA","6","50.01","35.8","50.0","39.8","167.2","73.8","0.0","$1","$1"
"","550","Cade Stover","15.0","13.0","TE","HOU","8","46.02","47.3","30.0","52.5","157.5","80.2","0.0","$1","$1"
"","551","Tommy Tremble","15.0","13.0","TE","CAR","5","30.07","45.5","54.0","50.5","162.6","80.2","0.0","$1","$1"
"","552","Nate Boerkircher","15.0","13.0","TE","JAC","7","45.03","43.6","35.0","51.3","161.6","80.0","0.0","$1","$1"
"","553","Greg Dortch","15.0","15.0","WR","DET","6","45.07","49.9","30.0","53.7","126.2","72.8","0.0","$1","$1"
"","554","Tai Felton","15.0","15.0","WR","MIN","6","37.01","44.6","25.0","46.9","140.7","72.1","0.0","$1","$1"
"","555","Marquez Valdes-Scantling","15.0","15.0","WR","DAL","14","30.04","33.5","22.0","44.7","152.0","71.9","0.0","$1","$1"
"","556","Odell Beckham Jr.","15.0","15.0","WR","NYG","8","21.02","30.6","20.0","38.3","164.7","71.4","0.0","$1","$1"
"","557","Elijah Higgins","15.0","13.0","TE","ARI","14","48.04","50.4","47.0","53.0","148.4","78.6","0.0","$1","$1"
"","558","Eli Raridon","15.0","13.0","TE","NE","11","30.10","44.0","35.0","51.8","155.4","78.6","0.0","$1","$1"
"","559","Will Dissly","15.0","13.0","TE","UNS","18","69.05","47.4","23.0","51.0","153.0","78.2","0.0","$1","$1"
"","560","Arian Smith","15.0","15.0","WR","NYJ","13","40.04","30.6","10.0","34.0","170.0","70.5","0.0","$1","$1"
"","561","Luke Musgrave","15.0","13.0","TE","GB","11","44.08","41.7","56.0","43.9","169.0","77.6","0.0","$1","$1"
"","562","Jonathan Mingo","15.0","15.0","WR","DAL","14","38.03","34.8","13.0","40.0","152.0","69.6","0.0","$1","$1"
"","563","KeAndre Lambert-Smith","15.0","15.0","WR","LAC","7","61.07","34.7","37.0","38.6","154.4","69.5","0.0","$1","$1"
"","564","Devontez Walker","15.0","15.0","WR","BAL","13","31.01","32.9","37.0","37.4","157.1","69.2","0.0","$1","$1"
"","565","Mitchell Tinsley","15.0","15.0","WR","CIN","6","36.10","29.7","37.0","33.0","165.0","68.4","0.0","$1","$1"
"","566","Konata Mumpfield","15.0","15.0","WR","LAR","11","30.08","31.1","43.0","32.7","163.5","68.1","0.0","$1","$1"
"","567","Daniel Bellinger","15.0","13.0","TE","TEN","9","86.10","46.3","46.0","50.3","145.9","75.7","0.0","$1","$1"
"","568","Charlie Kolar","15.0","13.0","TE","LAC","7","67.06","50.7","48.0","59.7","119.4","74.4","0.0","$1","$1"
"","569","Ja'Lynn Polk","15.0","15.0","WR","NO","8","47.01","29.5","6.0","36.9","147.6","65.8","0.0","$1","$1"
"","570","Malik Benson","15.0","15.0","WR","LVR","13","51.06","31.1","13.0","36.6","146.4","65.6","0.0","$1","$1"
"","571","Jake Tonges","15.0","13.0","TE","SF","8","100.04","46.1","64.0","52.4","133.6","73.4","0.0","$1","$1"
"","572","Theo Wease Jr.","15.0","15.0","WR","MIA","6","80.10","26.6","89.0","31.3","156.5","64.6","0.0","$1","$1"
"","573","Jalin Hyatt","15.0","15.0","WR","NYG","8","77.02","26.2","6.0","29.1","160.1","64.3","0.0","$1","$1"
"","574","Tanner Koziol","15.0","13.0","TE","JAC","7","72.09","33.8","26.0","39.8","163.2","72.4","0.0","$1","$1"
"","575","Jackson Hawes","15.0","13.0","TE","BUF","7","37.07","31.1","39.0","34.5","172.5","71.5","0.0","$1","$1"
"","576","K.J. Osborn","15.0","15.0","WR","TEN","9","60.04","34.0","0.0","41.5","116.2","60.5","0.0","$1","$1"
"","577","Tanner Hudson","15.0","14.0","TE","CIN","6","48.02","39.3","37.0","43.7","139.8","69.1","0.0","$1","$1"
"","578","Sam Roush","15.0","14.0","TE","CHI","10","29.06","39.2","20.0","44.0","138.6","68.9","0.0","$1","$1"
"","579","CJ Daniels","15.0","15.0","WR","LAR","11","25.01","26.9","39.0","30.6","137.7","59.1","0.0","$1","$1"
"","580","Malachi Corley","15.0","15.0","WR","CLE","11","38.09","23.7","15.0","26.3","136.8","56.0","0.0","$1","$1"
"","581","Jeff Caldwell","15.0","15.0","WR","KC","5","103.03","21.9","0.0","25.8","139.1","56.0","0.0","$1","$1"
"","582","Deion Burks","15.0","15.0","WR","IND","13","50.04","23.0","50.0","28.1","133.5","55.9","0.0","$1","$1"
"","583","Josh Cameron","15.0","15.0","WR","JAC","7","79.04","25.4","27.0","28.9","130.1","55.9","0.0","$1","$1"
"","584","Xavier Restrepo","15.0","15.0","WR","TEN","9","40.08","22.7","11.0","25.2","138.6","55.7","0.0","$1","$1"
"","585","Dominic Lovett","15.0","15.0","WR","DET","6","78.01","22.5","0.0","26.5","135.2","55.4","0.0","$1","$1"
"","586","David Sills V","15.0","15.0","WR","TB","10","74.02","25.2","17.0","26.5","132.5","55.2","0.0","$1","$1"
"","587","Josh Oliver","15.0","14.0","TE","MIN","6","88.03","37.6","54.0","39.6","130.7","64.1","0.0","$1","$1"
"","588","Brevyn Spann-Ford","15.0","14.0","TE","DAL","14","33.02","33.4","20.0","35.2","140.8","63.7","0.0","$1","$1"
"","589","Derius Davis","15.0","15.0","WR","LAC","7","55.04","35.1","12.0","36.9","95.9","52.7","0.0","$1","$1"
"","590","Drew Sample","15.0","14.0","TE","CIN","6","32.04","33.3","38.0","35.0","140.0","63.3","0.0","$1","$1"
"","591","Tim Patrick","15.0","15.0","WR","NYJ","13","33.06","30.4","22.0","34.2","102.6","52.2","0.0","$1","$1"
"","592","Isaiah Williams","15.0","15.0","WR","NYJ","13","57.07","30.9","24.0","32.5","104.0","51.7","0.0","$1","$1"
"","593","Bub Means","15.0","15.0","WR","NO","8","71.08","24.0","46.0","25.3","121.4","51.3","0.0","$1","$1"
"","594","Matthew Hibner","15.0","14.0","TE","BAL","13","57.02","29.6","22.0","34.8","139.2","62.3","0.0","$1","$1"
"","595","Tyler Conklin","15.0","14.0","TE","DET","6","88.01","37.6","12.0","39.6","122.8","61.9","0.0","$1","$1"
"","596","Will Kacmarek","15.0","14.0","TE","MIA","6","42.06","33.1","50.0","34.8","135.7","62.0","0.0","$1","$1"
"","597","Davis Allen","15.0","14.0","TE","LAR","11","47.03","32.0","33.0","35.5","133.1","61.5","0.0","$1","$1"
"","598","Casey Washington","15.0","15.0","WR","ATL","11","60.10","22.1","24.0","24.5","120.1","50.1","0.0","$1","$1"
"","599","Adam Trautman","15.0","14.0","TE","DEN","10","30.02","35.8","43.0","44.7","111.8","61.4","0.0","$1","$1"
"","600","Mecole Hardman","15.0","15.0","WR","BUF","7","37.06","19.4","6.0","24.3","121.5","49.9","0.0","$1","$1"
"","601","Luke Schoonmaker","15.0","14.0","TE","DAL","14","26.08","32.1","32.0","33.8","135.2","61.2","0.0","$1","$1"
"","602","Marlin Klein","15.0","14.0","TE","HOU","8","66.06","35.0","44.0","39.8","119.4","60.6","0.0","$1","$1"
"","603","Quez Watkins","15.0","15.0","WR","PHI","10","40.05","19.6","0.0","23.1","115.5","47.7","0.0","$1","$1"
"","604","Jacob Cowing","15.0","15.0","WR","SF","8","58.03","29.5","7.0","31.1","90.2","46.9","0.0","$1","$1"
"","605","Joe Royer","15.0","15.0","TE","CLE","11","38.06","27.9","25.0","32.8","131.2","58.8","0.0","$1","$1"
"","606","Emmanuel Henderson Jr.","15.0","15.0","WR","SEA","11","65.03","19.2","7.0","22.6","113.0","46.6","0.0","$1","$1"
"","607","Brock Wright","15.0","15.0","TE","DET","6","38.08","35.7","55.0","37.6","112.8","57.8","0.0","$1","$1"
"","608","Barion Brown","15.0","15.0","WR","NO","8","57.09","26.4","26.0","29.3","90.8","45.6","0.0","$1","$1"
"","609","Johnny Wilson","15.0","15.0","WR","PHI","10","74.05","20.0","6.0","25.0","100.0","44.6","0.0","$1","$1"
"","610","Tahj Washington","15.0","15.0","WR","MIA","6","32.09","18.1","0.0","20.1","110.6","44.4","0.0","$1","$1"
"","611","Harrison Wallace III","15.0","15.0","WR","ARI","14","103.03","18.1","0.0","20.1","110.6","44.4","0.0","$1","$1"
"","612","Kevin Austin Jr.","15.0","15.0","WR","NO","8","74.03","22.2","24.0","24.7","96.3","43.8","0.0","$1","$1"
"","613","Darius Cooper","15.0","15.0","WR","PHI","10","79.06","22.6","15.0","23.8","95.2","43.1","0.0","$1","$1"
"","614","Eric Rivers","15.0","15.0","WR","TB","10","103.03","18.1","17.0","20.1","104.5","42.8","0.0","$1","$1"
"","615","Jordan Hudson","15.0","15.0","WR","DAL","14","103.03","18.5","0.0","20.6","100.9","42.1","0.0","$1","$1"
"","616","Luke Farrell","15.0","15.0","TE","SF","8","36.02","23.8","18.0","26.4","132.0","54.7","0.0","$1","$1"
"","617","Josh Cuevas","15.0","15.0","TE","BAL","13","67.02","23.5","18.0","26.7","130.8","54.5","0.0","$1","$1"
"","618","Anthony Smith","15.0","15.0","WR","DAL","14","87.01","17.7","6.0","20.8","97.8","41.2","0.0","$1","$1"
"","619","Charlie Jones","15.0","15.0","WR","CIN","6","50.06","19.6","6.0","23.0","91.5","41.1","0.0","$1","$1"
"","620","Riley Nowakowski","15.0","15.0","TE","PIT","9","39.10","24.2","25.0","27.5","123.8","53.2","0.0","$1","$1"
"","621","Mason Tipton","15.0","15.0","WR","NO","8","57.10","21.2","19.0","23.5","84.6","39.8","0.0","$1","$1"
"","622","Lewis Bond","15.0","15.0","WR","HOU","8","63.06","17.6","6.0","19.6","94.1","39.6","0.0","$1","$1"
"","623","Devin Culp","15.0","15.0","TE","TB","10","82.01","24.2","14.0","26.9","121.1","52.1","0.0","$1","$1"
"","624","J. Michael Sturdivant","15.0","15.0","WR","GB","11","103.03","17.5","0.0","19.4","91.2","38.6","0.0","$1","$1"
"","625","CJ Williams","15.0","15.0","WR","JAC","7","67.03","16.9","0.0","19.9","89.6","38.4","0.0","$1","$1"
"","626","Kaden Wetjen","15.0","15.0","WR","PIT","9","55.05","25.4","9.0","29.9","63.1","38.1","0.0","$1","$1"
"","627","Efton Chism","15.0","15.0","WR","NE","11","28.08","19.1","22.0","20.1","82.4","36.9","0.0","$1","$1"
"","628","Tip Reiman","15.0","15.0","TE","ARI","14","77.04","21.4","19.0","23.8","119.0","49.3","0.0","$1","$1"
"","629","Anthony Gould","15.0","15.0","WR","IND","13","67.08","17.3","13.0","19.2","74.9","34.1","0.0","$1","$1"
"","630","Jared Wiley","15.0","15.0","TE","KC","5","91.02","23.6","20.0","24.8","111.6","48.3","0.0","$1","$1"
"","631","Will Mallory","15.0","15.0","TE","IND","13","74.08","21.2","22.0","23.5","115.2","48.1","0.0","$1","$1"
"","632","John Bates","15.0","15.0","TE","WAS","7","62.08","23.0","37.0","25.5","109.7","48.0","0.0","$1","$1"
"","633","Thomas Fidone II","15.0","15.0","TE","NYG","8","78.03","16.2","32.0","18.0","126.0","47.1","0.0","$1","$1"
"","634","Aaron Anderson","15.0","15.0","WR","CLE","11","103.03","13.1","23.0","14.6","81.0","32.4","0.0","$1","$1"
"","635","Jake Briningstool","15.0","15.0","TE","KC","5","103.03","15.9","6.0","17.7","123.9","46.3","0.0","$1","$1"
"","636","Vinny Anthony II","15.0","15.0","WR","ATL","11","103.03","13.2","0.0","14.7","74.2","30.7","0.0","$1","$1"
"","637","Jack Endries","15.0","15.0","TE","CIN","6","69.02","23.4","29.0","27.5","96.3","45.5","0.0","$1","$1"
"","638","Michael Trigg","15.0","15.0","TE","DAL","14","28.07","21.4","28.0","26.8","93.8","44.1","0.0","$1","$1"
"","639","Bauer Sharp","15.0","15.0","TE","TB","10","66.02","19.8","6.0","22.3","100.4","43.2","0.0","$1","$1"
"","640","Charlie Woerner","15.0","15.0","TE","ATL","11","45.04","21.2","23.0","23.5","94.0","42.3","0.0","$1","$1"
"","641","Seydou Traore","15.0","15.0","TE","MIA","6","53.09","16.3","22.0","19.2","96.0","39.6","0.0","$1","$1"
"","642","Payne Durham","15.0","15.0","TE","TB","10","36.08","19.5","17.0","20.1","88.4","38.6","0.0","$1","$1"
"","643","Dallen Bentley","15.0","15.0","TE","DEN","10","79.10","17.1","6.0","20.1","86.4","37.6","0.0","$1","$1"
"","644","Jeremy Ruckert","15.0","15.0","TE","NYJ","13","34.01","20.7","24.0","21.8","76.3","36.5","0.0","$1","$1"
"","645","Hunter Long","15.0","15.0","TE","JAC","7","77.10","15.1","21.0","16.8","87.4","35.8","0.0","$1","$1"
"","646","RJ Maryland","15.0","15.0","TE","GB","11","103.03","15.7","0.0","18.5","83.3","35.7","0.0","$1","$1"
"","647","John Michael Gyllenborg","15.0","15.0","TE","KC","5","103.03","15.6","23.0","18.4","82.8","35.5","0.0","$1","$1"
"","648","Johnny Mundt","15.0","15.0","TE","PHI","10","90.06","19.0","10.0","22.3","71.4","35.1","0.0","$1","$1"
"","649","J.J. McCarthy","15.0","6.0","QB","MIN","6","23.02","30.8","15.0","31.4","125.6","57.0","0.0","$2","$1"
"","650","Joshua Karty","15.0","7.0","K","ARI","14","62.03","63.4","0.0","64.0","89.6","70.9","0.0","$1","$1"
"","651","Carsen Ryan","15.0","15.0","TE","CLE","11","51.09","14.0","6.0","17.5","78.8","33.6","0.0","$1","$1"
"","652","Grant Calcaterra","15.0","15.0","TE","PHI","10","29.10","20.7","24.0","23.5","58.8","32.6","0.0","$1","$1"
"","653","Spencer Shrader","15.0","7.0","K","IND","13","23.09","62.7","59.0","64.0","86.4","69.9","0.0","$1","$1"
"","654","Max Tomczak","15.0","15.0","WR","BUF","7","103.03","5.7","0.0","6.3","31.5","13.1","0.0","$1","$1"
"","655","Tyrell Shavers","15.0","15.0","WR","BUF","7","71.04","6.0","19.0","6.3","30.9","13.0","0.0","$1","$1"
"","656","Jaren Kanak","15.0","15.0","TE","TEN","9","38.02","14.7","24.0","17.3","69.2","31.0","0.0","$1","$1"
"","657","Tyren Montgomery","15.0","15.0","WR","TEN","9","103.03","5.7","0.0","6.3","30.2","12.7","0.0","$1","$1"
"","658","Noah Thomas","15.0","15.0","WR","CIN","6","103.03","5.7","35.0","6.3","29.9","12.6","0.0","$1","$1"
"","659","Caullin Lacy","15.0","15.0","WR","NYJ","13","103.03","5.7","0.0","6.3","23.9","11.0","0.0","$1","$1"
"","660","Chris Hilton Jr.","15.0","15.0","WR","WAS","7","103.03","5.7","0.0","6.3","23.9","11.0","0.0","$1","$1"
"","661","Kendrick Law","15.0","15.0","WR","DET","6","64.03","5.5","6.0","6.3","22.4","10.6","0.0","$1","$1"
"","662","Mo Alie-Cox","15.0","15.0","TE","IND","13","73.07","28.2","25.0","28.2","28.2","28.2","0.0","$1","$1"
"","663","Ty Simpson","15.0","7.0","QB","LAR","11","22.10","25.0","14.0","27.8","91.7","44.7","0.0","$1","$1"
"","664","Skyy Moore","15.0","15.0","WR","GB","11","32.08","0.0","8.0","6.3","8.8","7.1","0.0","$1","$1"
"","665","Dareke Young","15.0","15.0","WR","LVR","13","78.08","0.0","9.0","6.3","8.2","6.9","0.0","$1","$1"
"","666","Xavier Smith","15.0","15.0","WR","LAR","11","31.09","0.0","22.0","6.3","8.2","6.9","0.0","$1","$1"
"","667","Braxton Berrios","15.0","15.0","WR","NYG","8","35.10","0.0","6.0","6.3","7.7","6.8","0.0","$1","$1"
"","668","Britain Covey","15.0","15.0","WR","PHI","10","56.03","0.0","7.0","6.3","7.7","6.8","0.0","$1","$1"
"","669","Chase Roberts","15.0","15.0","WR","LVR","13","103.03","6.3","9.0","6.3","6.3","6.3","0.0","$1","$1"
"","670","Jalen Walthall","15.0","15.0","WR","HOU","8","103.03","6.3","0.0","6.3","6.3","6.3","0.0","$1","$1"
"","671","Donaven McCulley","15.0","15.0","WR","MIA","6","103.03","6.3","0.0","6.3","6.3","6.3","0.0","$1","$1"
"","672","Gage Larvadain","15.0","15.0","WR","CLE","11","61.02","6.3","7.0","6.3","6.3","6.3","0.0","$1","$1"
"","673","Nikko Remigio","15.0","15.0","WR","KC","5","71.10","1.6","9.0","6.3","8.8","6.1","0.0","$1","$1"
"","674","Kameron Johnson","15.0","15.0","WR","TB","10","43.04","0.6","11.0","6.3","8.8","6.0","0.0","$1","$1"
"","675","LaJohntay Wester","15.0","15.0","WR","BAL","13","44.01","0.6","8.0","6.3","8.8","6.0","0.0","$1","$1"
"","676","Myles Price","15.0","15.0","WR","MIN","6","81.04","1.9","7.0","6.3","8.2","6.0","0.0","$1","$1"
"","677","Devin Duvernay","15.0","15.0","WR","ARI","14","73.09","0.6","9.0","6.3","8.2","5.8","0.0","$1","$1"
"","678","Cade Klubnik","15.0","7.0","QB","NYJ","13","51.01","23.8","18.0","26.4","79.2","40.3","0.0","$1","$1"
"","679","Andrew 'Drew' Ogletree","15.0","15.0","TE","IND","13","55.03","22.1","12.0","22.1","22.1","22.1","0.0","$1","$1"
"","680","Blake Grupe","15.0","7.0","K","IND","13","99.09","56.1","96.0","56.7","82.2","63.6","0.0","$1","$1"
"","681","Brandin Cooks","15.0","15.0","WR","BUF","7","74.06","0.0","19.0","0.0","0.0","0.0","0.0","$1","$1"
"","682","Robert Woods","15.0","15.0","WR","UNS","18","87.06","0.0","0.0","0.0","0.0","0.0","0.0","$1","$1"
"","683","Adam Thielen","15.0","15.0","WR","UNS","18","89.02","0.0","0.0","0.0","0.0","0.0","0.0","$1","$1"
"","684","Robbie Chosen","15.0","15.0","WR","UNS","18","76.02","0.0","0.0","0.0","0.0","0.0","0.0","$1","$1"
"","685","Zay Jones","15.0","15.0","WR","UNS","18","54.02","0.0","0.0","0.0","0.0","0.0","0.0","$1","$1"
"","686","Josh Reynolds","15.0","15.0","WR","UNS","18","73.05","0.0","3.0","0.0","0.0","0.0","0.0","$1","$1"
"","687","Alex Erickson","15.0","15.0","WR","LAC","7","88.07","0.0","0.0","0.0","0.0","0.0","0.0","$1","$1"
"","688","Tyler Boyd","15.0","15.0","WR","UNS","18","67.05","0.0","0.0","0.0","0.0","0.0","0.0","$1","$1"
"","689","Jamison Crowder","15.0","15.0","WR","WAS","7","75.02","0.0","0.0","0.0","0.0","0.0","0.0","$1","$1"
"","690","Nelson Agholor","15.0","15.0","WR","UNS","18","88.09","0.0","0.0","0.0","0.0","0.0","0.0","$1","$1"
"","691","Allen Robinson","15.0","15.0","WR","DET","6","90.05","0.0","0.0","0.0","0.0","0.0","0.0","$1","$1"
"","692","Diontae Johnson","15.0","15.0","WR","UNS","18","78.10","0.0","0.0","0.0","0.0","0.0","0.0","$1","$1"
"","693","Lil'Jordan Humphrey","15.0","15.0","WR","DEN","10","27.01","0.0","12.0","0.0","0.0","0.0","0.0","$1","$1"
"","694","Stanley Morgan","15.0","15.0","WR","CIN","6","103.03","0.0","0.0","0.0","0.0","0.0","0.0","$1","$1"
"","695","Scott 'Scotty' Miller","15.0","15.0","WR","UNS","18","28.02","0.0","0.0","0.0","0.0","0.0","0.0","$1","$1"
"","696","Justin Watson","15.0","15.0","WR","HOU","8","52.08","0.0","5.0","0.0","0.0","0.0","0.0","$1","$1"
"","697","Ray-Ray McCloud","15.0","15.0","WR","NYG","8","80.05","0.0","0.0","0.0","0.0","0.0","0.0","$1","$1"
"","698","Zach Pascal","15.0","15.0","WR","UNS","18","90.02","0.0","0.0","0.0","0.0","0.0","0.0","$1","$1"
"","699","Trent Sherfield","15.0","15.0","WR","BUF","7","61.01","0.0","3.0","0.0","0.0","0.0","0.0","$1","$1"
"","700","Hakeem Butler","15.0","15.0","WR","CIN","6","103.03","0.0","0.0","0.0","0.0","0.0","0.0","$1","$1"
"","701","Cedrick 'Ced' Wilson","15.0","15.0","WR","MIA","6","42.01","0.0","0.0","0.0","0.0","0.0","0.0","$1","$1"
"","702","Dante Pettis","15.0","15.0","WR","NO","8","54.01","0.0","3.0","0.0","0.0","0.0","0.0","$1","$1"
"","703","Allen Lazard","15.0","15.0","WR","UNS","18","39.02","0.0","3.0","0.0","0.0","0.0","0.0","$1","$1"
"","704","Tre'Quan Smith","15.0","15.0","WR","DET","6","103.03","0.0","0.0","0.0","0.0","0.0","0.0","$1","$1"
"","705","D.J. Chark Jr.","15.0","15.0","WR","UNS","18","57.08","0.0","0.0","0.0","0.0","0.0","0.0","$1","$1"
"","706","Equanimeous St. Brown","15.0","15.0","WR","SF","8","73.06","0.0","0.0","0.0","0.0","0.0","0.0","$1","$1"
"","707","Michael Gallup","15.0","15.0","WR","UNS","18","103.03","0.0","0.0","0.0","0.0","0.0","0.0","$1","$1"
"","708","Anthony Miller","15.0","15.0","WR","BAL","13","48.01","0.0","0.0","0.0","0.0","0.0","0.0","$1","$1"
"","709","David Moore","15.0","15.0","WR","CAR","5","89.10","0.0","3.0","0.0","0.0","0.0","0.0","$1","$1"
"","710","Velus Jones","15.0","15.0","RB","NO","8","83.07","0.0","0.0","0.0","0.0","0.0","0.0","$1","$1"
"","711","Danny Gray","15.0","15.0","WR","UNS","18","64.06","0.0","0.0","0.0","0.0","0.0","0.0","$1","$1"
"","712","Erik Ezukanma","15.0","15.0","WR","UNS","18","69.07","0.0","0.0","0.0","0.0","0.0","0.0","$1","$1"
"","713","Kyle Philips","15.0","15.0","WR","LVR","13","103.03","0.0","0.0","0.0","0.0","0.0","0.0","$1","$1"
"","714","Irvin Charles","15.0","15.0","WR","NYJ","13","64.01","0.0","0.0","0.0","0.0","0.0","0.0","$1","$1"
"","715","Brandon Johnson","15.0","15.0","WR","UNS","18","77.06","0.0","0.0","0.0","0.0","0.0","0.0","$1","$1"
"","716","Chris Moore","15.0","15.0","WR","UNS","18","89.07","0.0","3.0","0.0","0.0","0.0","0.0","$1","$1"
"","717","Samori Toure","15.0","15.0","WR","UNS","18","34.08","0.0","0.0","0.0","0.0","0.0","0.0","$1","$1"
"","718","Bo Melton","15.0","15.0","CB","GB","11","103.03","0.0","19.0","0.0","0.0","0.0","0.0","$1","$1"
"","719","Trey Palmer","15.0","15.0","WR","NO","8","27.03","0.0","0.0","0.0","0.0","0.0","0.0","$1","$1"
"","720","Justin Shorter","15.0","15.0","WR","UNS","18","84.02","0.0","0.0","0.0","0.0","0.0","0.0","$1","$1"
"","721","Ronnie Bell","15.0","15.0","WR","NO","8","63.09","0.0","0.0","0.0","0.0","0.0","0.0","$1","$1"
"","722","Jalen Moreno-Cropper","15.0","15.0","WR","UNS","18","62.01","0.0","0.0","0.0","0.0","0.0","0.0","$1","$1"
"","723","Jake Bobo","15.0","15.0","WR","SEA","11","30.01","0.0","3.0","0.0","0.0","0.0","0.0","$1","$1"
"","724","Tyler Scott","15.0","15.0","WR","LAR","11","61.03","0.0","0.0","0.0","0.0","0.0","0.0","$1","$1"
"","725","Rakim Jarrett","15.0","15.0","WR","UNS","18","83.10","0.0","0.0","0.0","0.0","0.0","0.0","$1","$1"
"","726","A.T. Perry","15.0","15.0","WR","UNS","18","29.07","0.0","0.0","0.0","0.0","0.0","0.0","$1","$1"
"","727","Kadarius Toney","15.0","15.0","WR","UNS","18","84.07","0.0","0.0","0.0","0.0","0.0","0.0","$1","$1"
"","728","Terrace Marshall","15.0","15.0","WR","MIA","6","30.06","0.0","0.0","0.0","0.0","0.0","0.0","$1","$1"
"","729","Elijah Moore","15.0","15.0","WR","PHI","10","69.06","0.0","0.0","0.0","0.0","0.0","0.0","$1","$1"
"","730","Tylan Wallace","15.0","15.0","WR","CLE","11","32.05","0.0","7.0","0.0","0.0","0.0","0.0","$1","$1"
"","731","D'Wayne 'Dee' Eskridge","15.0","15.0","WR","MIA","6","72.03","0.0","3.0","0.0","0.0","0.0","0.0","$1","$1"
"","732","Simi Fehoko","15.0","15.0","WR","ARI","14","58.10","0.0","0.0","0.0","0.0","0.0","0.0","$1","$1"
"","733","Ihmir Smith-Marsette","15.0","15.0","WR","UNS","18","49.01","0.0","0.0","0.0","0.0","0.0","0.0","$1","$1"
"","734","Frank Darby","15.0","15.0","WR","ATL","11","103.03","0.0","0.0","0.0","0.0","0.0","0.0","$1","$1"
"","735","Mike Strachan","15.0","15.0","WR","CAR","5","103.03","0.0","0.0","0.0","0.0","0.0","0.0","$1","$1"
"","736","Justyn Ross","15.0","15.0","WR","UNS","18","70.03","0.0","0.0","0.0","0.0","0.0","0.0","$1","$1"
"","737","DeAndre Carter","15.0","15.0","WR","CLE","11","66.07","0.0","0.0","0.0","0.0","0.0","0.0","$1","$1"
"","738","Brandon Powell","15.0","15.0","WR","MIN","6","72.05","0.0","0.0","0.0","0.0","0.0","0.0","$1","$1"
"","739","Tim Jones","15.0","15.0","WR","MIN","6","66.05","0.0","0.0","0.0","0.0","0.0","0.0","$1","$1"
"","740","Trenton Irwin","15.0","15.0","WR","UNS","18","85.04","0.0","0.0","0.0","0.0","0.0","0.0","$1","$1"
"","741","D.J. Montgomery","15.0","15.0","WR","IND","13","63.08","0.0","0.0","0.0","0.0","0.0","0.0","$1","$1"
"","742","Ben Skowronek","15.0","15.0","WR","PIT","9","48.03","0.0","7.0","0.0","0.0","0.0","0.0","$1","$1"
"","743","Austin Watkins Jr.","15.0","15.0","WR","CLE","11","103.03","0.0","0.0","0.0","0.0","0.0","0.0","$1","$1"
"","744","Austin Trammell","15.0","15.0","WR","JAC","7","34.03","0.0","0.0","0.0","0.0","0.0","0.0","$1","$1"
"","745","Kristian Wilkerson","15.0","15.0","WR","UNS","18","77.03","0.0","0.0","0.0","0.0","0.0","0.0","$1","$1"
"","746","KhaDarel Hodge","15.0","15.0","WR","ATL","11","75.05","0.0","0.0","0.0","0.0","0.0","0.0","$1","$1"
"","747","Deonte Harty","15.0","15.0","WR","BAL","13","68.07","0.0","0.0","0.0","0.0","0.0","0.0","$1","$1"
"","748","Cam Sims","15.0","15.0","WR","LVR","13","103.03","0.0","0.0","0.0","0.0","0.0","0.0","$1","$1"
"","749","Jalen Guyton","15.0","15.0","WR","LVR","13","103.03","0.0","0.0","0.0","0.0","0.0","0.0","$1","$1"
"","750","Malik Taylor","15.0","15.0","WR","UNS","18","103.03","0.0","0.0","0.0","0.0","0.0","0.0","$1","$1"
"","751","Jamal Agnew","15.0","15.0","WR","ATL","11","68.03","0.0","0.0","0.0","0.0","0.0","0.0","$1","$1"
"","752","Tyron Johnson","15.0","15.0","WR","SF","8","103.03","0.0","0.0","0.0","0.0","0.0","0.0","$1","$1"
"","753","Tyler Johnson","15.0","15.0","WR","NYJ","13","89.06","0.0","3.0","0.0","0.0","0.0","0.0","$1","$1"
"","754","Lynn Bowden","15.0","15.0","WR","UNS","18","103.03","0.0","0.0","0.0","0.0","0.0","0.0","$1","$1"
"","755","Laviska Shenault","15.0","15.0","WR","UNS","18","65.06","0.0","0.0","0.0","0.0","0.0","0.0","$1","$1"
"","756","K.J. Hamler","15.0","15.0","WR","UNS","18","103.03","0.0","0.0","0.0","0.0","0.0","0.0","$1","$1"
"","757","James Proche","15.0","15.0","WR","TEN","9","75.06","0.0","1.0","0.0","0.0","0.0","0.0","$1","$1"
"","758","Gabriel 'Gabe' Davis","15.0","15.0","WR","BUF","7","69.10","0.0","0.0","0.0","0.0","0.0","0.0","$1","$1"
"","759","Isaiah Hodgins","15.0","15.0","WR","NYG","8","82.08","0.0","8.0","0.0","0.0","0.0","0.0","$1","$1"
"","760","Marquez Callaway","15.0","15.0","WR","UNS","18","59.03","0.0","0.0","0.0","0.0","0.0","0.0","$1","$1"
"","761","Jalen Reagor","15.0","15.0","WR","UNS","18","44.07","0.0","0.0","0.0","0.0","0.0","0.0","$1","$1"
"","762","Chase Claypool","15.0","15.0","WR","UNS","18","103.03","0.0","0.0","0.0","0.0","0.0","0.0","$1","$1"
"","763","Donovan Peoples-Jones","15.0","15.0","WR","UNS","18","103.03","0.0","0.0","0.0","0.0","0.0","0.0","$1","$1"
"","764","Lideatrick Griffin","15.0","15.0","WR","GB","11","103.03","0.0","0.0","0.0","0.0","0.0","0.0","$1","$1"
"","765","Jared Wayne","15.0","15.0","WR","UNS","18","79.05","0.0","0.0","0.0","0.0","0.0","0.0","$1","$1"
"","766","Nick Nash","15.0","15.0","WR","UNS","18","82.10","0.0","0.0","0.0","0.0","0.0","0.0","$1","$1"
"","767","Ricky White","15.0","15.0","WR","SEA","11","64.02","0.0","1.0","0.0","0.0","0.0","0.0","$1","$1"
"","768","Daniel Jackson","15.0","15.0","WR","HOU","8","103.03","0.0","0.0","0.0","0.0","0.0","0.0","$1","$1"
"","769","Josh Kelly","15.0","15.0","WR","DAL","14","103.03","0.0","0.0","0.0","0.0","0.0","0.0","$1","$1"
"","770","Traeshon Holden","15.0","15.0","WR","DAL","14","103.03","0.0","0.0","0.0","0.0","0.0","0.0","$1","$1"
"","771","Roc Taylor","15.0","15.0","WR","PIT","9","103.03","0.0","0.0","0.0","0.0","0.0","0.0","$1","$1"
"","772","Isaiah Neyor","15.0","15.0","WR","GB","11","73.01","0.0","0.0","0.0","0.0","0.0","0.0","$1","$1"
"","773","Ja'Corey Brooks","15.0","15.0","WR","WAS","7","35.06","0.0","0.0","0.0","0.0","0.0","0.0","$1","$1"
"","774","Samuel Brown","15.0","15.0","WR","RK","18","103.03","0.0","0.0","0.0","0.0","0.0","0.0","$1","$1"
"","775","Elijhah Badger","15.0","15.0","WR","UNS","18","103.03","0.0","0.0","0.0","0.0","0.0","0.0","$1","$1"
"","776","Jacolby George","15.0","15.0","WR","CAR","5","103.03","0.0","0.0","0.0","0.0","0.0","0.0","$1","$1"
"","777","Beaux Collins","15.0","15.0","WR","NYG","8","86.01","0.0","0.0","0.0","0.0","0.0","0.0","$1","$1"
"","778","Andrew Armstrong","15.0","15.0","WR","UNS","18","103.03","0.0","0.0","0.0","0.0","0.0","0.0","$1","$1"
"","779","Junior Bergen","15.0","15.0","WR","SF","8","49.03","0.0","0.0","0.0","0.0","0.0","0.0","$1","$1"
"","780","Cole Burgess","15.0","15.0","WR","CIN","6","103.03","0.0","0.0","0.0","0.0","0.0","0.0","$1","$1"
"","781","Will Sheppard","15.0","15.0","WR","TB","10","103.03","0.0","0.0","0.0","0.0","0.0","0.0","$1","$1"
"","782","Brycen Tremayne","15.0","15.0","WR","CAR","5","77.09","0.0","0.0","0.0","0.0","0.0","0.0","$1","$1"
"","783","Gunner Olszewski","15.0","15.0","WR","NYG","8","32.10","0.0","0.0","0.0","0.0","0.0","0.0","$1","$1"
"","784","Xavier Johnson","15.0","15.0","WR","HOU","8","103.03","0.0","0.0","0.0","0.0","0.0","0.0","$1","$1"
"","785","Tejhaun Palmer","15.0","15.0","WR","ARI","14","64.05","0.0","0.0","0.0","0.0","0.0","0.0","$1","$1"
"","786","Terique Owens","15.0","15.0","WR","SF","8","103.03","0.0","0.0","0.0","0.0","0.0","0.0","$1","$1"
"","787","Dane Key","15.0","15.0","WR","DEN","10","103.03","0.0","3.0","0.0","0.0","0.0","0.0","$1","$1"
"","788","Will Pauling","15.0","15.0","WR","SF","8","103.03","0.0","0.0","0.0","0.0","0.0","0.0","$1","$1"
"","789","Jahdae Walker","15.0","15.0","WR","CHI","10","24.09","0.0","38.0","0.0","0.0","0.0","0.0","$1","$1"
"","790","Dillon Bell","15.0","15.0","WR","MIN","6","103.03","0.0","0.0","0.0","0.0","0.0","0.0","$1","$1"
"","791","Tom Kennedy","15.0","15.0","WR","DET","6","52.03","0.0","0.0","0.0","0.0","0.0","0.0","$1","$1"
"","792","Dylan Drummond","15.0","15.0","WR","ATL","11","34.04","0.0","0.0","0.0","0.0","0.0","0.0","$1","$1"
"","793","Mason Kinsey","15.0","15.0","WR","TEN","9","69.04","0.0","0.0","0.0","0.0","0.0","0.0","$1","$1"
"","794","Andre Baccellia","15.0","15.0","WR","UNS","18","42.03","0.0","0.0","0.0","0.0","0.0","0.0","$1","$1"
"","795","Cody White","15.0","15.0","WR","SEA","11","45.10","0.0","0.0","0.0","0.0","0.0","0.0","$1","$1"
"","796","Bryce Ford-Wheaton","15.0","15.0","WR","NYG","8","53.07","0.0","0.0","0.0","0.0","0.0","0.0","$1","$1"
"","797","Kwamie Lassiter II","15.0","15.0","WR","CIN","6","103.03","0.0","0.0","0.0","0.0","0.0","0.0","$1","$1"
"","798","Dax Milne","15.0","15.0","WR","UNS","18","103.03","0.0","0.0","0.0","0.0","0.0","0.0","$1","$1"
"","799","Steven Sims","15.0","15.0","WR","SEA","11","70.08","0.0","0.0","0.0","0.0","0.0","0.0","$1","$1"
"","800","Jha'Quan Jackson","15.0","15.0","WR","UNS","18","68.08","0.0","0.0","0.0","0.0","0.0","0.0","$1","$1"
"","801","DJ Turner","15.0","15.0","WR","LVR","13","64.10","0.0","0.0","0.0","0.0","0.0","0.0","$1","$1"
"","802","Xavier Weaver","15.0","15.0","WR","ARI","14","48.06","0.0","0.0","0.0","0.0","0.0","0.0","$1","$1"
"","803","Bryce Oliver","15.0","15.0","WR","TEN","9","73.04","0.0","3.0","0.0","0.0","0.0","0.0","$1","$1"
"","804","Jalen Virgil","15.0","15.0","WR","UNS","18","68.06","0.0","0.0","0.0","0.0","0.0","0.0","$1","$1"
"","805","Ramel Keyton","15.0","15.0","WR","LVR","13","59.09","0.0","0.0","0.0","0.0","0.0","0.0","$1","$1"
"","806","Ryan Miller","15.0","15.0","WR","TB","10","83.09","0.0","0.0","0.0","0.0","0.0","0.0","$1","$1"
"","807","Alex Bachman","15.0","15.0","WR","LVR","13","41.09","0.0","0.0","0.0","0.0","0.0","0.0","$1","$1"
"","808","Grant DuBose","15.0","15.0","WR","MIA","6","86.09","0.0","0.0","0.0","0.0","0.0","0.0","$1","$1"
"","809","Makai Polk","15.0","15.0","WR","UNS","18","103.03","0.0","0.0","0.0","0.0","0.0","0.0","$1","$1"
"","810","Cade Johnson","15.0","15.0","WR","UNS","18","103.03","0.0","0.0","0.0","0.0","0.0","0.0","$1","$1"
"","811","Seth Williams","15.0","15.0","WR","JAC","7","103.03","0.0","0.0","0.0","0.0","0.0","0.0","$1","$1"
"","812","Dez Fitzpatrick","15.0","15.0","WR","UNS","18","49.07","0.0","0.0","0.0","0.0","0.0","0.0","$1","$1"
"","813","Michael Woods II","15.0","15.0","WR","CLE","11","43.02","0.0","0.0","0.0","0.0","0.0","0.0","$1","$1"
"","814","Da'Quan Felton","15.0","15.0","WR","NYG","8","103.03","0.0","0.0","0.0","0.0","0.0","0.0","$1","$1"
"","815","Antwane Wells Jr.","15.0","15.0","WR","NYG","8","103.03","0.0","0.0","0.0","0.0","0.0","0.0","$1","$1"
"","816","Kaden Prather","15.0","15.0","WR","BUF","7","35.07","0.0","0.0","0.0","0.0","0.0","0.0","$1","$1"
"","817","Kobe Hudson","15.0","15.0","WR","CAR","5","103.03","0.0","0.0","0.0","0.0","0.0","0.0","$1","$1"
"","818","Jermaine Burton","15.0","15.0","WR","UNS","18","61.10","0.0","11.0","0.0","0.0","0.0","0.0","$1","$1"
"","819","Brenden Rice","15.0","15.0","WR","GB","11","38.10","0.0","0.0","0.0","0.0","0.0","0.0","$1","$1"
"","820","Jamari Thrash","15.0","15.0","WR","UNS","18","80.04","0.0","0.0","0.0","0.0","0.0","0.0","$1","$1"
"","821","Ainias Smith","15.0","15.0","WR","UNS","18","78.05","0.0","0.0","0.0","0.0","0.0","0.0","$1","$1"
"","822","Javon Baker","15.0","15.0","WR","UNS","18","54.10","0.0","0.0","0.0","0.0","0.0","0.0","$1","$1"
"","823","Marcus Rosemy-Jacksaint","15.0","15.0","WR","UNS","18","103.03","0.0","0.0","0.0","0.0","0.0","0.0","$1","$1"
"","824","Cornelius Johnson","15.0","15.0","WR","GB","11","90.08","0.0","0.0","0.0","0.0","0.0","0.0","$1","$1"
"","825","Joshua Cephus","15.0","15.0","WR","UNS","18","39.04","0.0","0.0","0.0","0.0","0.0","0.0","$1","$1"
"","826","Antoine Green","15.0","15.0","WR","DET","6","80.06","0.0","0.0","0.0","0.0","0.0","0.0","$1","$1"
"","827","Kirk Merritt","15.0","15.0","WR","UNS","18","103.03","0.0","0.0","0.0","0.0","0.0","0.0","$1","$1"
"","828","Colton Dowell","15.0","15.0","WR","TEN","9","87.03","0.0","0.0","0.0","0.0","0.0","0.0","$1","$1"
"","829","Xavier Gipson","15.0","15.0","WR","NYG","8","41.03","0.0","0.0","0.0","0.0","0.0","0.0","$1","$1"
"","830","Jalen Brooks","15.0","15.0","WR","ARI","14","46.09","0.0","3.0","0.0","0.0","0.0","0.0","$1","$1"
"","831","Malik Heath","15.0","15.0","WR","UNS","18","63.07","0.0","0.0","0.0","0.0","0.0","0.0","$1","$1"
"","832","Jason Brownlee","15.0","15.0","WR","NYJ","13","71.06","0.0","0.0","0.0","0.0","0.0","0.0","$1","$1"
"","833","Durham Smythe","15.0","15.0","TE","BAL","13","31.08","17.7","24.0","17.7","17.7","17.7","0.0","$1","$1"
"","834","Taylen Green","15.0","8.0","QB","CLE","11","34.05","11.3","31.0","13.3","46.6","22.0","0.0","$1","$1"
"","835","Drew Allar","15.0","8.0","QB","PIT","9","27.10","12.3","8.0","13.7","42.5","21.3","0.0","$1","$1"
"","836","Dillon Gabriel","15.0","8.0","QB","CLE","11","49.08","11.4","13.0","12.7","40.6","20.1","0.0","$1","$1"
"","837","Julian Hill","15.0","15.0","TE","NE","11","25.10","5.3","12.0","5.6","19.0","9.2","0.0","$1","$1"
"","838","Max Bredeson","15.0","15.0","TE","MIN","6","56.06","9.0","9.0","9.0","9.0","9.0","0.0","$1","$1"
"","839","Lake McRee","15.0","15.0","TE","PIT","9","103.03","4.8","0.0","5.6","15.1","8.1","0.0","$1","$1"
"","840","Jordan Matthews","15.0","15.0","TE","UNS","18","90.04","0.0","0.0","0.0","0.0","0.0","0.0","$1","$1"
"","841","Zach Ertz","15.0","15.0","TE","UNS","18","50.05","0.0","22.0","0.0","0.0","0.0","0.0","$1","$1"
"","842","Gerald Everett","15.0","15.0","TE","UNS","18","79.09","0.0","0.0","0.0","0.0","0.0","0.0","$1","$1"
"","843","Geoff Swaim","15.0","15.0","TE","UNS","18","85.09","0.0","0.0","0.0","0.0","0.0","0.0","$1","$1"
"","844","C.J. Uzomah","15.0","15.0","TE","UNS","18","72.04","0.0","0.0","0.0","0.0","0.0","0.0","$1","$1"
"","845","Tyler Kroft","15.0","15.0","TE","MIA","6","103.03","0.0","0.0","0.0","0.0","0.0","0.0","$1","$1"
"","846","Irv Smith","15.0","15.0","TE","HOU","8","57.01","0.0","0.0","0.0","0.0","0.0","0.0","$1","$1"
"","847","Foster Moreau","15.0","15.0","TE","HOU","8","88.05","0.0","25.0","0.0","0.0","0.0","0.0","$1","$1"
"","848","Donald Parham","15.0","15.0","TE","PIT","9","45.01","0.0","0.0","0.0","0.0","0.0","0.0","$1","$1"
"","849","Blake Bell","15.0","15.0","TE","KC","5","103.03","0.0","0.0","0.0","0.0","0.0","0.0","$1","$1"
"","850","Ross Dwelley","15.0","15.0","TE","UNS","18","84.06","0.0","0.0","0.0","0.0","0.0","0.0","$1","$1"
"","851","Robert Tonyan","15.0","15.0","TE","KC","5","88.06","0.0","1.0","0.0","0.0","0.0","0.0","$1","$1"
"","852","Ian Thomas","15.0","15.0","TE","LVR","13","76.01","0.0","10.0","0.0","0.0","0.0","0.0","$1","$1"
"","853","Anthony Firkser","15.0","15.0","TE","DET","6","56.04","0.0","28.0","0.0","0.0","0.0","0.0","$1","$1"
"","854","Jordan Akins","15.0","15.0","TE","UNS","18","83.05","0.0","0.0","0.0","0.0","0.0","0.0","$1","$1"
"","855","Jelani Woods","15.0","15.0","TE","UNS","18","69.01","0.0","0.0","0.0","0.0","0.0","0.0","$1","$1"
"","856","Cole Turner","15.0","15.0","TE","UNS","18","61.09","0.0","8.0","0.0","0.0","0.0","0.0","$1","$1"
"","857","Teagan Quitoriano","15.0","15.0","TE","ARI","14","64.08","0.0","29.0","0.0","0.0","0.0","0.0","$1","$1"
"","858","James Mitchell","15.0","15.0","TE","UNS","18","66.03","0.0","20.0","0.0","0.0","0.0","0.0","$1","$1"
"","859","Connor Heyward","15.0","15.0","TE","LVR","13","93.06","0.0","22.0","0.0","0.0","0.0","0.0","$1","$1"
"","860","Ko Kieft","15.0","15.0","TE","TB","10","56.01","0.0","1.0","0.0","0.0","0.0","0.0","$1","$1"
"","861","Lucas Krull","15.0","15.0","TE","DEN","10","70.10","0.0","11.0","0.0","0.0","0.0","0.0","$1","$1"
"","862","Stone Smartt","15.0","15.0","TE","PHI","10","84.10","0.0","5.0","0.0","0.0","0.0","0.0","$1","$1"
"","863","Peyton Hendershot","15.0","15.0","TE","UNS","18","76.04","0.0","0.0","0.0","0.0","0.0","0.0","$1","$1"
"","864","Josh Whyle","15.0","15.0","TE","GB","11","53.10","0.0","12.0","0.0","0.0","0.0","0.0","$1","$1"
"","865","Kylen Granson","15.0","15.0","TE","TEN","9","58.02","0.0","8.0","0.0","0.0","0.0","0.0","$1","$1"
"","866","Tyler Davis","15.0","15.0","TE","GB","11","103.03","0.0","0.0","0.0","0.0","0.0","0.0","$1","$1"
"","867","Quintin Morris","15.0","15.0","TE","JAC","7","58.06","0.0","2.0","0.0","0.0","0.0","0.0","$1","$1"
"","868","Mitchell Wilcox","15.0","15.0","TE","NE","11","63.01","0.0","0.0","0.0","0.0","0.0","0.0","$1","$1"
"","869","Lawrence Cager","15.0","15.0","TE","UNS","18","70.06","0.0","0.0","0.0","0.0","0.0","0.0","$1","$1"
"","870","Eric Saubert","15.0","15.0","TE","SEA","11","92.02","0.0","8.0","0.0","0.0","0.0","0.0","$1","$1"
"","871","Jack Stoll","15.0","15.0","TE","CLE","11","73.02","0.0","2.0","0.0","0.0","0.0","0.0","$1","$1"
"","872","Stephen Sullivan","15.0","15.0","TE","CAR","5","81.02","0.0","0.0","0.0","0.0","0.0","0.0","$1","$1"
"","873","Pharaoh Brown","15.0","15.0","TE","UNS","18","87.10","0.0","0.0","0.0","0.0","0.0","0.0","$1","$1"
"","874","Brevin Jordan","15.0","15.0","TE","HOU","8","72.02","0.0","2.0","0.0","0.0","0.0","0.0","$1","$1"
"","875","Brycen Hopkins","15.0","15.0","TE","LAR","11","103.03","0.0","0.0","0.0","0.0","0.0","0.0","$1","$1"
"","876","Albert Okwuegbunam","15.0","15.0","TE","LVR","13","76.10","0.0","0.0","0.0","0.0","0.0","0.0","$1","$1"
"","877","Josiah Deguara","15.0","15.0","TE","ARI","14","75.08","0.0","0.0","0.0","0.0","0.0","0.0","$1","$1"
"","878","Harrison Bryant","15.0","15.0","TE","SEA","11","69.09","0.0","3.0","0.0","0.0","0.0","0.0","$1","$1"
"","879","Zach Davidson","15.0","15.0","TE","BUF","7","79.08","0.0","0.0","0.0","0.0","0.0","0.0","$1","$1"
"","880","Luke Lachey","15.0","15.0","TE","HOU","8","44.10","0.0","0.0","0.0","0.0","0.0","0.0","$1","$1"
"","881","Benjamin Yurosek","15.0","15.0","TE","MIN","6","43.08","0.0","0.0","0.0","0.0","0.0","0.0","$1","$1"
"","882","Joshua Simon","15.0","15.0","TE","ATL","11","103.03","0.0","0.0","0.0","0.0","0.0","0.0","$1","$1"
"","883","Bryson Nesbit","15.0","15.0","TE","MIN","6","103.03","0.0","0.0","0.0","0.0","0.0","0.0","$1","$1"
"","884","Robbie Ouzts","15.0","15.0","RB","SEA","11","65.09","0.0","0.0","0.0","0.0","0.0","0.0","$1","$1"
"","885","Jalin Conyers","15.0","15.0","TE","MIA","6","103.03","0.0","0.0","0.0","0.0","0.0","0.0","$1","$1"
"","886","Moliki Matavao","15.0","15.0","TE","NO","8","46.08","0.0","9.0","0.0","0.0","0.0","0.0","$1","$1"
"","887","CJ Dippre","15.0","15.0","TE","NE","11","47.04","0.0","0.0","0.0","0.0","0.0","0.0","$1","$1"
"","888","Gavin Bartholomew","15.0","15.0","TE","MIN","6","65.05","0.0","0.0","0.0","0.0","0.0","0.0","$1","$1"
"","889","Caleb Lohner","15.0","15.0","TE","DEN","10","72.10","0.0","0.0","0.0","0.0","0.0","0.0","$1","$1"
"","890","Tanner Conner","15.0","15.0","TE","UNS","18","76.07","0.0","0.0","0.0","0.0","0.0","0.0","$1","$1"
"","891","Tucker Fisk","15.0","15.0","TE","LAC","7","83.01","0.0","0.0","0.0","0.0","0.0","0.0","$1","$1"
"","892","David Martin-Robinson","15.0","15.0","TE","TEN","9","46.10","0.0","0.0","0.0","0.0","0.0","0.0","$1","$1"
"","893","Tanner Arkin","15.0","15.0","TE","NE","11","103.03","0.0","0.0","0.0","0.0","0.0","0.0","$1","$1"
"","894","Cody Hardy","15.0","15.0","TE","NO","8","103.03","0.0","0.0","0.0","0.0","0.0","0.0","$1","$1"
"","895","Dae'Quan Wright","15.0","15.0","TE","PHI","10","103.03","0.0","0.0","0.0","0.0","0.0","0.0","$1","$1"
"","896","Miles Kitselman","15.0","15.0","TE","DET","6","103.03","0.0","0.0","0.0","0.0","0.0","0.0","$1","$1"
"","897","Khalil Dinkins","15.0","15.0","TE","SF","8","103.03","0.0","0.0","0.0","0.0","0.0","0.0","$1","$1"
"","898","Dan Villari","15.0","15.0","TE","LAR","11","103.03","0.0","0.0","0.0","0.0","0.0","0.0","$1","$1"
"","899","Sal Cannella","15.0","15.0","TE","CLE","11","28.06","0.0","0.0","0.0","0.0","0.0","0.0","$1","$1"
"","900","MyCole Pruitt","15.0","15.0","TE","PIT","9","87.05","0.0","0.0","0.0","0.0","0.0","0.0","$1","$1"
"","901","Chris Manhertz","15.0","15.0","TE","NYG","8","89.01","0.0","3.0","0.0","0.0","0.0","0.0","$1","$1"
"","902","Nate Adkins","15.0","15.0","TE","DEN","10","59.05","0.0","12.0","0.0","0.0","0.0","0.0","$1","$1"
"","903","Shane Zylstra","15.0","15.0","TE","DET","6","44.04","0.0","0.0","0.0","0.0","0.0","0.0","$1","$1"
"","904","Nick Vannett","15.0","15.0","TE","UNS","18","88.10","0.0","0.0","0.0","0.0","0.0","0.0","$1","$1"
"","905","Blake Whiteheart","15.0","15.0","TE","CLE","11","53.04","0.0","0.0","0.0","0.0","0.0","0.0","$1","$1"
"","906","E.J. Jenkins","15.0","15.0","TE","PHI","10","81.07","0.0","0.0","0.0","0.0","0.0","0.0","$1","$1"
"","907","Feleipe Franks","15.0","15.0","TE","CAR","5","73.10","0.0","1.0","0.0","0.0","0.0","0.0","$1","$1"
"","908","John FitzPatrick","15.0","15.0","TE","GB","11","78.07","0.0","0.0","0.0","0.0","0.0","0.0","$1","$1"
"","909","Jack Westover","15.0","15.0","TE","NE","11","81.10","0.0","0.0","0.0","0.0","0.0","0.0","$1","$1"
"","910","Briley Moore","15.0","15.0","TE","TEN","9","103.03","0.0","0.0","0.0","0.0","0.0","0.0","$1","$1"
"","911","Kenny Yeboah","15.0","15.0","TE","UNS","18","62.07","0.0","0.0","0.0","0.0","0.0","0.0","$1","$1"
"","912","Tanner McLachlan","15.0","15.0","TE","CIN","6","50.08","0.0","0.0","0.0","0.0","0.0","0.0","$1","$1"
"","913","Jaheim Bell","15.0","15.0","TE","UNS","18","62.10","0.0","26.0","0.0","0.0","0.0","0.0","$1","$1"
"","914","Cameron Latu","15.0","15.0","TE","UNS","18","51.07","0.0","2.0","0.0","0.0","0.0","0.0","$1","$1"
"","915","Zach Wilson","15.0","9.0","QB","NO","8","48.08","0.0","0.0","0.0","0.0","0.0","0.0","$1","$1"
"","916","Justin Fields","15.0","9.0","QB","KC","5","26.03","0.0","16.0","0.0","0.0","0.0","0.0","$1","$1"
"","917","Trey Lance","15.0","9.0","QB","LAC","7","37.09","0.0","14.0","0.0","0.0","0.0","0.0","$1","$1"
"","918","Mac Jones","15.0","9.0","QB","SF","8","26.09","0.0","23.0","0.0","0.0","0.0","0.0","$1","$1"
"","919","Jacob Eason","15.0","9.0","QB","NYG","8","103.03","0.0","0.0","0.0","0.0","0.0","0.0","$1","$1"
"","920","Graham Mertz","15.0","9.0","QB","HOU","8","76.08","0.0","0.0","0.0","0.0","0.0","0.0","$1","$1"
"","921","Brady Cook","15.0","9.0","QB","NYJ","13","35.03","0.0","0.0","0.0","0.0","0.0","0.0","$1","$1"
"","922","Seth Henigan","15.0","9.0","QB","JAC","7","103.03","0.0","0.0","0.0","0.0","0.0","0.0","$1","$1"
"","923","Max Brosmer","15.0","9.0","QB","MIN","6","89.05","0.0","0.0","0.0","0.0","0.0","0.0","$1","$1"
"","924","Kurtis Rourke","15.0","9.0","QB","SF","8","76.09","0.0","0.0","0.0","0.0","0.0","0.0","$1","$1"
"","925","Kyle McCord","15.0","9.0","QB","PHI","10","89.04","0.0","0.0","0.0","0.0","0.0","0.0","$1","$1"
"","926","Will Howard","15.0","9.0","QB","PIT","9","36.07","0.0","11.0","0.0","0.0","0.0","0.0","$1","$1"
"","927","Kyle Allen","15.0","9.0","QB","BUF","7","44.06","0.0","0.0","0.0","0.0","0.0","0.0","$1","$1"
"","928","Vernon Adams Jr.","15.0","9.0","QB","UNS","18","103.03","0.0","0.0","0.0","0.0","0.0","0.0","$1","$1"
"","929","Jack Plummer","15.0","9.0","QB","CAR","5","103.03","0.0","0.0","0.0","0.0","0.0","0.0","$1","$1"
"","930","Haynes King","15.0","9.0","QB","CAR","5","103.03","0.0","0.0","0.0","0.0","0.0","0.0","$1","$1"
"","931","Luke Altmyer","15.0","9.0","QB","DET","6","103.03","0.0","0.0","0.0","0.0","0.0","0.0","$1","$1"
"","932","DJ Uiagalelei","15.0","9.0","QB","LAC","7","103.03","0.0","0.0","0.0","0.0","0.0","0.0","$1","$1"
"","933","Hunter Dekkers","15.0","9.0","QB","NO","8","103.03","0.0","0.0","0.0","0.0","0.0","0.0","$1","$1"
"","934","Tommy Mellott","15.0","9.0","WR","UNS","18","40.03","0.0","0.0","0.0","0.0","0.0","0.0","$1","$1"
"","935","Cam Miller","15.0","9.0","QB","UNS","18","39.09","0.0","0.0","0.0","0.0","0.0","0.0","$1","$1"
"","936","Tanner McKee","15.0","9.0","QB","PHI","10","50.03","0.0","0.0","0.0","0.0","0.0","0.0","$1","$1"
"","937","Sam Ehlinger","15.0","9.0","QB","UNS","18","75.10","0.0","0.0","0.0","0.0","0.0","0.0","$1","$1"
"","938","Kedon Slovis","15.0","9.0","QB","UNS","18","78.04","0.0","0.0","0.0","0.0","0.0","0.0","$1","$1"
"","939","Austin Reed","15.0","9.0","QB","CHI","10","103.03","0.0","0.0","0.0","0.0","0.0","0.0","$1","$1"
"","940","Ian Book","15.0","9.0","QB","UNS","18","103.03","0.0","0.0","0.0","0.0","0.0","0.0","$1","$1"
"","941","Tommy DeVito","15.0","9.0","QB","NE","11","25.06","0.0","12.0","0.0","0.0","0.0","0.0","$1","$1"
"","942","Aidan O'Connell","15.0","9.0","QB","LVR","13","38.01","0.0","0.0","0.0","0.0","0.0","0.0","$1","$1"
"","943","Spencer Rattler","15.0","9.0","QB","NO","8","45.05","0.0","13.0","0.0","0.0","0.0","0.0","$1","$1"
"","944","Michael Pratt","15.0","9.0","QB","TB","10","27.05","0.0","0.0","0.0","0.0","0.0","0.0","$1","$1"
"","945","Joe Milton III","15.0","9.0","QB","DAL","14","25.08","0.0","12.0","0.0","0.0","0.0","0.0","$1","$1"
"","946","Devin Leary","15.0","9.0","QB","BAL","13","29.01","0.0","0.0","0.0","0.0","0.0","0.0","$1","$1"
"","947","Sam Hartman","15.0","9.0","QB","UNS","18","103.03","0.0","0.0","0.0","0.0","0.0","0.0","$1","$1"
"","948","Josh Johnson","15.0","9.0","QB","CIN","6","48.10","0.0","0.0","0.0","0.0","0.0","0.0","$1","$1"
"","949","Nathan Rourke","15.0","9.0","QB","NE","11","84.01","0.0","0.0","0.0","0.0","0.0","0.0","$1","$1"
"","950","Ben DiNucci","15.0","9.0","QB","UNS","18","103.03","0.0","0.0","0.0","0.0","0.0","0.0","$1","$1"
"","951","Max Duggan","15.0","9.0","QB","UNS","18","62.05","0.0","0.0","0.0","0.0","0.0","0.0","$1","$1"
"","952","Sean Clifford","15.0","9.0","QB","UNS","18","66.04","0.0","0.0","0.0","0.0","0.0","0.0","$1","$1"
"","953","Skylar Thompson","15.0","9.0","QB","PIT","9","42.04","0.0","0.0","0.0","0.0","0.0","0.0","$1","$1"
"","954","Brandon Allen","15.0","9.0","QB","NYG","8","71.07","0.0","0.0","0.0","0.0","0.0","0.0","$1","$1"
"","955","Riley Leonard","15.0","9.0","QB","IND","13","29.05","0.0","12.0","0.0","0.0","0.0","0.0","$1","$1"
"","956","Quinn Ewers","15.0","9.0","QB","MIA","6","31.07","0.0","14.0","0.0","0.0","0.0","0.0","$1","$1"
"","957","Jalen Milroe","15.0","9.0","QB","SEA","11","46.06","0.0","11.0","0.0","0.0","0.0","0.0","$1","$1"
"","958","Chris Oladokun","15.0","9.0","QB","KC","5","87.04","0.0","12.0","0.0","0.0","0.0","0.0","$1","$1"
"","959","Dresser Winn","15.0","9.0","QB","LAR","11","103.03","0.0","0.0","0.0","0.0","0.0","0.0","$1","$1"
"","960","Garrett Nussmeier","15.0","9.0","QB","KC","5","79.02","0.0","3.0","0.0","0.0","0.0","0.0","$1","$1"
"","961","Diego Pavia","15.0","9.0","QB","BAL","13","103.03","0.0","4.0","0.0","0.0","0.0","0.0","$1","$1"
"","962","Sawyer Robertson","15.0","9.0","QB","LVR","13","103.03","0.0","0.0","0.0","0.0","0.0","0.0","$1","$1"
"","963","Joe Fagnano","15.0","9.0","QB","BAL","13","103.03","0.0","0.0","0.0","0.0","0.0","0.0","$1","$1"
"","964","Joey Aguilar","15.0","9.0","QB","JAC","7","103.03","0.0","0.0","0.0","0.0","0.0","0.0","$1","$1"
"","965","Athan Kaliakmanis","15.0","9.0","QB","WAS","7","79.03","0.0","0.0","0.0","0.0","0.0","0.0","$1","$1"
"","966","Mark Gronowski","15.0","9.0","QB","MIA","6","103.03","0.0","0.0","0.0","0.0","0.0","0.0","$1","$1"
"","967","Jalon Daniels","15.0","9.0","QB","TB","10","103.03","0.0","0.0","0.0","0.0","0.0","0.0","$1","$1"
"","968","Behren Morton","15.0","9.0","QB","NE","11","63.10","0.0","0.0","0.0","0.0","0.0","0.0","$1","$1"
"","969","Cole Payton","15.0","9.0","QB","PHI","10","91.06","0.0","0.0","0.0","0.0","0.0","0.0","$1","$1"
"","970","Nick Mullens","15.0","9.0","QB","JAC","7","56.08","0.0","12.0","0.0","0.0","0.0","0.0","$1","$1"
"","971","Cooper Rush","15.0","9.0","QB","UNS","18","81.03","0.0","0.0","0.0","0.0","0.0","0.0","$1","$1"
"","972","Mason Rudolph","15.0","9.0","QB","PIT","9","31.05","0.0","12.0","0.0","0.0","0.0","0.0","$1","$1"
"","973","Stetson Bennett","15.0","9.0","QB","LAR","11","23.07","0.0","0.0","0.0","0.0","0.0","0.0","$1","$1"
"","974","Will Levis","15.0","9.0","QB","TEN","9","34.02","0.0","12.0","0.0","0.0","0.0","0.0","$1","$1"
"","975","Anthony Richardson","15.0","9.0","QB","IND","13","40.02","0.0","15.0","0.0","0.0","0.0","0.0","$1","$1"
"","976","Bailey Zappe","15.0","9.0","QB","UNS","18","38.04","0.0","0.0","0.0","0.0","0.0","0.0","$1","$1"
"","977","Sam Howell","15.0","9.0","QB","DAL","14","61.05","0.0","4.0","0.0","0.0","0.0","0.0","$1","$1"
"","978","Kenny Pickett","15.0","9.0","QB","CAR","5","31.06","0.0","6.0","0.0","0.0","0.0","0.0","$1","$1"
"","979","Desmond Ridder","15.0","9.0","QB","GB","11","41.08","0.0","0.0","0.0","0.0","0.0","0.0","$1","$1"
"","980","Joshua Dobbs","15.0","9.0","QB","UNS","18","40.01","0.0","10.0","0.0","0.0","0.0","0.0","$1","$1"
"","981","Tim Boyle","15.0","9.0","QB","UNS","18","67.01","0.0","0.0","0.0","0.0","0.0","0.0","$1","$1"
"","982","Tyler Huntley","15.0","9.0","QB","BAL","13","48.09","0.0","12.0","0.0","0.0","0.0","0.0","$1","$1"
"","983","Davis Mills","15.0","9.0","QB","HOU","8","48.05","0.0","15.0","0.0","0.0","0.0","0.0","$1","$1"
"","984","Kyle Trask","15.0","9.0","QB","UNS","18","74.04","0.0","0.0","0.0","0.0","0.0","0.0","$1","$1"
"","985","Hendon Hooker","15.0","9.0","QB","TEN","9","49.06","0.0","0.0","0.0","0.0","0.0","0.0","$1","$1"
"","986","Malik Cunningham","15.0","9.0","QB","BAL","13","79.01","0.0","0.0","0.0","0.0","0.0","0.0","$1","$1"
"","987","Jaren Hall","15.0","9.0","QB","SEA","11","83.02","0.0","0.0","0.0","0.0","0.0","0.0","$1","$1"
"","988","Clayton Tune","15.0","9.0","QB","GB","11","36.03","0.0","10.0","0.0","0.0","0.0","0.0","$1","$1"
"","989","Tyson Bagent","15.0","9.0","QB","CHI","10","26.10","0.0","7.0","0.0","0.0","0.0","0.0","$1","$1"
"","990","Dorian Thompson-Robinson","15.0","9.0","QB","UNS","18","81.05","0.0","0.0","0.0","0.0","0.0","0.0","$1","$1"
"","991","Jake Haener","15.0","9.0","QB","UNS","18","53.01","0.0","0.0","0.0","0.0","0.0","0.0","$1","$1"
"","992","Mitchell 'Mitch' Trubisky","15.0","9.0","QB","TEN","9","58.04","0.0","12.0","0.0","0.0","0.0","0.0","$1","$1"
"","993","Taylor Heinicke","15.0","9.0","QB","UNS","18","88.04","0.0","0.0","0.0","0.0","0.0","0.0","$1","$1"
"","994","C.J. Beathard","15.0","9.0","QB","UNS","18","103.03","0.0","0.0","0.0","0.0","0.0","0.0","$1","$1"
"","995","Jeff Driskel","15.0","9.0","QB","UNS","18","90.03","0.0","0.0","0.0","0.0","0.0","0.0","$1","$1"
"","996","Carson Wentz","15.0","9.0","QB","MIN","6","91.01","0.0","3.0","0.0","0.0","0.0","0.0","$1","$1"
"","997","Trevor Siemian","15.0","9.0","QB","ATL","11","55.10","0.0","0.0","0.0","0.0","0.0","0.0","$1","$1"
"","998","Marcus Mariota","15.0","9.0","QB","WAS","7","45.08","0.0","13.0","0.0","0.0","0.0","0.0","$1","$1"
"","999","Jameis Winston","15.0","9.0","QB","NYG","8","23.03","0.0","11.0","0.0","0.0","0.0","0.0","$1","$1"
"","1000","Jimmy Garoppolo","15.0","9.0","QB","UNS","18","92.03","0.0","11.0","0.0","0.0","0.0","0.0","$1","$1"
"","1001","Drew Lock","15.0","9.0","QB","SEA","11","37.05","0.0","5.0","0.0","0.0","0.0","0.0","$1","$1"
"","1002","Will Grier","15.0","9.0","QB","CAR","5","103.03","0.0","0.0","0.0","0.0","0.0","0.0","$1","$1"
"","1003","Jarrett Stidham","15.0","9.0","QB","DEN","10","35.02","0.0","13.0","0.0","0.0","0.0","0.0","$1","$1"
"","1004","Mike White","15.0","9.0","QB","UNS","18","68.01","0.0","0.0","0.0","0.0","0.0","0.0","$1","$1"
"","1005","Brett Rypien","15.0","9.0","QB","IND","13","83.06","0.0","0.0","0.0","0.0","0.0","0.0","$1","$1"
"","1006","Jake Browning","15.0","9.0","QB","TB","10","66.09","0.0","5.0","0.0","0.0","0.0","0.0","$1","$1"
"","1007","Gardner Minshew","15.0","9.0","QB","ARI","14","32.01","0.0","23.0","0.0","0.0","0.0","0.0","$1","$1"
"","1008","Easton Stick","15.0","9.0","QB","UNS","18","50.09","0.0","0.0","0.0","0.0","0.0","0.0","$1","$1"
"","1009","Joe Flacco","15.0","9.0","QB","CIN","6","24.05","0.0","20.0","0.0","0.0","0.0","0.0","$1","$1"
"","1010","Philip Rivers","15.0","9.0","QB","IND","13","22.01","0.0","0.0","0.0","0.0","0.0","0.0","$1","$1"
"","1011","Derek Carr","15.0","9.0","QB","UNS","18","44.09","0.0","21.0","0.0","0.0","0.0","0.0","$1","$1"
"","1012","Teddy Bridgewater","15.0","9.0","QB","DET","6","57.05","0.0","14.0","0.0","0.0","0.0","0.0","$1","$1"
"","1013","Case Keenum","15.0","9.0","QB","CHI","10","80.02","0.0","0.0","0.0","0.0","0.0","0.0","$1","$1"
"","1014","Russell Wilson","15.0","9.0","QB","UNS","18","33.01","0.0","0.0","0.0","0.0","0.0","0.0","$1","$1"
"","1015","Ryan Tannehill","15.0","9.0","QB","UNS","18","103.03","0.0","0.0","0.0","0.0","0.0","0.0","$1","$1"
"","1016","Tyrod Taylor","15.0","9.0","QB","GB","11","53.03","0.0","12.0","0.0","0.0","0.0","0.0","$1","$1"
"","1017","Andy Dalton","15.0","9.0","QB","PHI","10","51.10","0.0","13.0","0.0","0.0","0.0","0.0","$1","$1"
"","1018","Blaine Gabbert","15.0","9.0","QB","KC","5","103.03","0.0","0.0","0.0","0.0","0.0","0.0","$1","$1"
"","1019","Jason Sanders","15.0","8.0","K","NYG","8","94.05","10.1","98.0","10.1","10.1","10.1","0.0","$1","$1"
"","1020","Jake Bailey","15.0","9.0","K","ATL","11","103.03","0.0","0.0","0.0","0.0","0.0","0.0","$1","$1"
"","1021","Tress Way","15.0","9.0","K","WAS","7","103.03","0.0","0.0","0.0","0.0","0.0","0.0","$1","$1"
"","1022","Jordan Stout","15.0","9.0","K","BAL","13","103.03","0.0","0.0","0.0","0.0","0.0","0.0","$1","$1"
"","1023","Daniel Whelan","15.0","9.0","K","GB","11","103.03","0.0","0.0","0.0","0.0","0.0","0.0","$1","$1"
"","1024","John Hoyland","15.0","9.0","K","BAL","13","103.03","0.0","0.0","0.0","0.0","0.0","0.0","$1","$1"
"","1025","Caden Davis","15.0","9.0","K","UNS","18","23.06","0.0","0.0","0.0","0.0","0.0","0.0","$1","$1"
"","1026","Maddux Trujillo","15.0","9.0","K","IND","13","103.03","0.0","0.0","0.0","0.0","0.0","0.0","$1","$1"
"","1027","Lenny Krieg","15.0","9.0","K","ATL","11","103.03","0.0","113.0","0.0","0.0","0.0","0.0","$1","$1"
"","1028","Jamie Gillan","15.0","9.0","K","UNS","18","103.03","0.0","0.0","0.0","0.0","0.0","0.0","$1","$1"
"","1029","Mike Meyer","15.0","9.0","K","UNS","18","103.03","0.0","0.0","0.0","0.0","0.0","0.0","$1","$1"
"","1030","Tucker McCann","15.0","9.0","K","UNS","18","103.03","0.0","0.0","0.0","0.0","0.0","0.0","$1","$1"
"","1031","Tommy Townsend","15.0","9.0","K","HOU","8","103.03","0.0","0.0","0.0","0.0","0.0","0.0","$1","$1"
"","1032","Blake Gillikin","15.0","9.0","K","ARI","14","103.03","0.0","0.0","0.0","0.0","0.0","0.0","$1","$1"
"","1033","Bradley Pinion","15.0","9.0","K","ATL","11","103.03","0.0","0.0","0.0","0.0","0.0","0.0","$1","$1"
"","1034","Matthew Hayball","15.0","9.0","K","NO","8","103.03","0.0","0.0","0.0","0.0","0.0","0.0","$1","$1"
"","1035","Tory Taylor","15.0","9.0","K","CHI","10","103.03","0.0","0.0","0.0","0.0","0.0","0.0","$1","$1"
"","1036","Corey Bojorquez","15.0","9.0","K","CLE","11","103.03","0.0","0.0","0.0","0.0","0.0","0.0","$1","$1"
"","1037","Riley Dixon","15.0","9.0","K","DEN","10","103.03","0.0","0.0","0.0","0.0","0.0","0.0","$1","$1"
"","1038","Logan Cooke","15.0","9.0","K","JAC","7","103.03","0.0","0.0","0.0","0.0","0.0","0.0","$1","$1"
"","1039","Michael Dickson","15.0","9.0","K","SEA","11","103.03","0.0","0.0","0.0","0.0","0.0","0.0","$1","$1"
"","1040","Thomas Morstead","15.0","9.0","K","NYJ","13","103.03","0.0","0.0","0.0","0.0","0.0","0.0","$1","$1"
"","1041","Jack Fox","15.0","9.0","K","DET","6","103.03","0.0","0.0","0.0","0.0","0.0","0.0","$1","$1"
"","1042","Rigoberto Sanchez","15.0","9.0","K","IND","13","103.03","0.0","0.0","0.0","0.0","0.0","0.0","$1","$1"
"","1043","Ryan Rehkow","15.0","9.0","K","CIN","6","103.03","0.0","0.0","0.0","0.0","0.0","0.0","$1","$1"
"","1044","Corliss Waitman","15.0","9.0","K","SF","8","103.03","0.0","0.0","0.0","0.0","0.0","0.0","$1","$1"
"","1045","Dominic Zvada","15.0","9.0","K","NYG","8","103.03","0.0","72.0","0.0","0.0","0.0","0.0","$1","$1"
"","1046","Brayden Narveson","15.0","9.0","K","TEN","9","35.05","0.0","0.0","0.0","0.0","0.0","0.0","$1","$1"
"","1047","John Parker Romo","15.0","9.0","K","ATL","11","30.05","0.0","0.0","0.0","0.0","0.0","0.0","$1","$1"
"","1048","Jude McAtamney","15.0","9.0","K","UNS","18","25.09","0.0","0.0","0.0","0.0","0.0","0.0","$1","$1"
"","1049","Tristan Vizcaino","15.0","9.0","K","UNS","18","103.03","0.0","0.0","0.0","0.0","0.0","0.0","$1","$1"
"","1050","Ramiz Ahmed","15.0","9.0","K","WAS","7","103.03","0.0","0.0","0.0","0.0","0.0","0.0","$1","$1"
"","1051","Anders Carlson","15.0","9.0","K","UNS","18","39.01","0.0","0.0","0.0","0.0","0.0","0.0","$1","$1"
"","1052","Elliott Fry","15.0","9.0","K","DEN","10","103.03","0.0","0.0","0.0","0.0","0.0","0.0","$1","$1"
"","1053","Matt Ammendola","15.0","9.0","K","HOU","8","103.03","0.0","0.0","0.0","0.0","0.0","0.0","$1","$1"
"","1054","Riley Patterson","15.0","9.0","K","MIA","6","88.08","0.0","65.0","0.0","0.0","0.0","0.0","$1","$1"
"","1055","Lucas Havrisik","15.0","9.0","K","GB","11","30.03","0.0","0.0","0.0","0.0","0.0","0.0","$1","$1"
"","1056","Younghoe Koo","15.0","9.0","K","NYJ","13","23.08","0.0","106.0","0.0","0.0","0.0","0.0","$1","$1"
"","1057","Michael 'Mike' Badgley","15.0","9.0","K","BUF","7","42.08","0.0","106.0","0.0","0.0","0.0","0.0","$1","$1"
"","1058","Greg Joseph","15.0","9.0","K","UNS","18","30.09","0.0","0.0","0.0","0.0","0.0","0.0","$1","$1"
"","1059","Brett Maher","15.0","9.0","K","LAR","11","103.03","0.0","0.0","0.0","0.0","0.0","0.0","$1","$1"
"","1060","Daniel Carlson","15.0","9.0","K","LVR","13","37.04","0.0","79.0","0.0","0.0","0.0","0.0","$1","$1"
"","1061","Matthew Wright","15.0","9.0","K","BUF","7","61.08","0.0","0.0","0.0","0.0","0.0","0.0","$1","$1"
"","1062","Austin Seibert","15.0","9.0","K","WAS","7","43.07","0.0","0.0","0.0","0.0","0.0","0.0","$1","$1"
"","1063","Greg Zuerlein","15.0","9.0","K","UNS","18","26.04","0.0","0.0","0.0","0.0","0.0","0.0","$1","$1"
"","1064","Randy Bullock","15.0","9.0","K","NYG","8","103.03","0.0","0.0","0.0","0.0","0.0","0.0","$1","$1"
"","1065","Justin Tucker","15.0","9.0","K","UNS","18","22.02","0.0","0.0","0.0","0.0","0.0","0.0","$1","$1"
"","1066","Dustin Hopkins","15.0","9.0","K","UNS","18","51.05","0.0","0.0","0.0","0.0","0.0","0.0","$1","$1"
"","1067","Matt Prater","15.0","9.0","K","BUF","7","22.06","0.0","106.0","0.0","0.0","0.0","0.0","$1","$1"