"","Rank","Player","Overall Tier","Pos. Tier","Pos","Team","Bye","ADP","Floor","Consensus","DS Proj","Ceiling","3D Proj","3d Value","Market $","Auction $"
"","1","Jahmyr Gibbs","1.0","1.0","RB","DET","6","1.01","236.6","277.0","285.0","333.5","289.4","100.0","$65","$61"
"","2","Bijan Robinson","1.0","1.0","RB","ATL","11","1.02","238.4","278.0","280.5","328.2","285.9","97.6","$68","$60"
"","3","Puka Nacua","1.0","1.0","WR","LAR","11","1.03","191.0","201.0","232.9","256.2","231.6","90.5","$54","$55"
"","4","Jonathan Taylor","1.0","1.0","RB","IND","13","1.08","227.6","265.0","264.6","312.2","270.9","87.4","$69","$53"
"","5","Christian McCaffrey","2.0","2.0","RB","SF","8","1.05","214.9","248.0","258.9","323.6","268.6","85.8","$51","$52"
"","6","Ja'Marr Chase","2.0","1.0","WR","CIN","6","1.04","192.5","208.0","218.8","258.2","224.8","85.5","$52","$52"
"","7","James Cook","2.0","2.0","RB","BUF","7","1.12","222.4","236.0","255.6","311.8","264.9","83.3","$66","$51"
"","8","Jaxon Smith-Njigba","2.0","1.0","WR","SEA","11","1.06","194.5","195.0","213.7","254.3","221.3","82.9","$51","$51"
"","9","Derrick Henry","2.0","2.0","RB","BAL","13","2.02","210.9","243.0","248.1","315.1","259.6","79.7","$75","$49"
"","10","Saquon Barkley","2.0","2.0","RB","PHI","10","1.14","211.8","218.0","232.8","321.3","253.1","75.3","$54","$46"
"","11","Amon-Ra St. Brown","2.0","2.0","WR","DET","6","1.07","186.2","186.0","206.9","229.7","209.4","74.1","$42","$45"
"","12","Ashton Jeanty","3.0","3.0","RB","LVR","13","1.13","209.8","214.0","235.7","301.7","249.0","72.5","$45","$44"
"","13","CeeDee Lamb","3.0","2.0","WR","DAL","14","1.09","176.1","170.0","200.1","240.1","206.7","72.2","$44","$44"
"","14","Justin Jefferson","3.0","2.0","WR","MIN","6","1.11","165.9","170.0","192.9","250.8","203.8","70.0","$38","$43"
"","15","Nico Collins","3.0","2.0","WR","HOU","8","2.07","170.0","160.0","188.9","228.6","196.3","64.5","$37","$39"
"","16","Kenneth Walker III","3.0","3.0","RB","KC","5","2.14","194.6","202.0","218.6","299.5","236.3","63.8","$39","$39"
"","17","Omarion Hampton","3.0","3.0","RB","LAC","7","2.04","189.2","208.0","217.5","304.5","236.1","63.7","$44","$39"
"","18","A.J. Brown","3.0","3.0","WR","NE","11","2.12","157.7","172.0","185.5","230.0","192.6","61.8","$36","$38"
"Injured","19","De'Von Achane","3.0","3.0","RB","MIA","6","1.10","199.7","224.0","219.4","280.8","232.6","61.3","$42","$37"
"","20","Josh Allen","3.0","1.0","QB","BUF","7","2.08","306.7","362.0","378.7","439.3","382.1","60.6","$46","$37"
"","21","George Pickens","3.0","3.0","WR","DAL","14","2.13","162.8","166.0","180.9","226.1","189.9","59.8","$37","$36"
"","22","Drake London","3.0","3.0","WR","ATL","11","2.03","167.9","178.0","182.5","219.0","189.8","59.7","$36","$36"
"","23","Rashee Rice","3.0","3.0","WR","KC","5","2.09","134.1","145.0","186.2","214.1","184.3","55.6","$28","$34"
"","24","Jeremiyah Love","4.0","4.0","RB","ARI","14","2.01","182.1","193.0","204.6","290.5","223.9","55.4","$42","$34"
"","25","Chase Brown","4.0","4.0","RB","CIN","6","2.11","177.7","203.0","211.5","277.1","223.3","55.0","$37","$34"
"Value","26","Josh Jacobs","4.0","4.0","RB","GB","11","2.10","158.5","213.0","220.1","266.3","221.5","53.8","$39","$33"
"","27","Kyren Williams","4.0","4.0","RB","LAR","11","3.07","190.3","199.0","206.9","264.8","219.7","52.5","$38","$32"
"","28","Javonte Williams","4.0","4.0","RB","DAL","14","3.06","180.4","195.0","209.8","262.3","218.8","51.9","$35","$32"
"","29","Tee Higgins","4.0","4.0","WR","CIN","6","4.04","151.0","159.0","169.7","210.4","177.4","50.5","$26","$31"
"","30","Brock Bowers","4.0","1.0","TE","LVR","13","2.06","148.6","144.0","159.8","193.4","166.9","49.9","$27","$30"
"Value","31","Christian Watson","4.0","4.0","WR","GB","11","6.14","141.1","130.0","166.0","210.8","173.7","47.8","$23","$29"
"","32","Travis Etienne","4.0","4.0","RB","NO","8","3.12","178.5","184.0","196.1","266.7","212.2","47.4","$30","$29"
"","33","Colston Loveland","4.0","1.0","TE","CHI","10","3.11","129.2","143.0","157.5","185.9","160.1","46.6","$25","$28"
"","34","Breece Hall","4.0","4.0","RB","NYJ","13","3.03","173.6","197.0","199.5","257.4","210.6","46.3","$31","$28"
"Value","35","Zay Flowers","4.0","4.0","WR","BAL","13","3.13","147.0","153.0","167.0","193.7","170.7","45.6","$27","$28"
"","36","Trey McBride","4.0","1.0","TE","ARI","14","2.05","140.9","149.0","151.5","181.8","157.8","45.5","$24","$28"
"Injured","37","Chris Olave","4.0","4.0","WR","NO","8","3.02","142.6","156.0","165.8","197.3","170.2","45.2","$29","$28"
"Value","38","DeVonta Smith","4.0","4.0","WR","PHI","10","3.05","146.7","149.0","159.5","201.0","168.5","44.0","$23","$27"
"Value","39","Davante Adams","4.0","4.0","WR","LAR","11","3.14","138.9","146.0","159.7","201.2","167.2","43.0","$20","$26"
"Injured","40","Malik Nabers","4.0","4.0","WR","NYG","8","3.01","124.9","144.0","154.2","219.0","166.6","42.6","$22","$26"
"","41","D'Andre Swift","5.0","5.0","RB","CHI","10","5.06","168.6","177.0","191.6","251.0","203.6","41.6","$24","$25"
"","42","Tyler Warren","5.0","2.0","TE","IND","13","4.01","120.9","121.0","145.7","169.0","147.6","40.6","$22","$25"
"","43","Jameson Williams","5.0","5.0","WR","DET","6","5.05","136.8","138.0","152.0","200.6","162.5","39.5","$32","$24"
"Injured","44","Tucker Kraft","5.0","2.0","TE","GB","11","8.02","114.9","123.0","138.4","175.8","144.3","39.0","$21","$24"
"Value","45","Terry McLaurin","5.0","5.0","WR","WAS","7","4.06","135.7","147.0","152.5","196.7","161.5","38.8","$24","$24"
"Injured","46","Cameron 'Cam' Skattebo","5.0","5.0","RB","NYG","8","3.10","158.3","185.0","188.4","248.7","199.4","38.7","$24","$24"
"","47","Garrett Wilson","5.0","5.0","WR","NYJ","13","3.08","139.0","140.0","154.4","189.9","161.3","38.7","$24","$24"
"","48","Lamar Jackson","5.0","1.0","QB","BAL","13","3.04","298.7","329.0","339.4","437.8","358.8","38.2","$23","$23"
"Injured","49","Tetairoa McMillan","5.0","5.0","WR","CAR","5","3.09","135.7","150.0","150.8","196.0","160.4","38.0","$26","$23"
"Value","50","Jaylen Waddle","5.0","5.0","WR","DEN","10","4.14","131.8","135.0","151.5","195.4","159.9","37.6","$18","$23"
"","51","Emeka Egbuka","5.0","5.0","WR","TB","10","4.03","129.5","137.0","148.8","197.9","158.7","36.7","$24","$22"
"","52","David Montgomery","5.0","5.0","RB","HOU","8","5.07","154.4","166.0","181.6","252.4","196.0","36.4","$21","$22"
"Injured","53","Quinshon Judkins","5.0","5.0","RB","CLE","11","4.09","161.3","178.0","177.3","255.3","195.7","36.2","$28","$22"
"","54","Luther Burden III","5.0","5.0","WR","CHI","10","5.10","127.1","133.0","147.8","198.1","157.8","36.1","$18","$22"
"","55","Drake Maye","5.0","1.0","QB","NE","11","4.02","296.0","317.0","340.2","428.7","356.3","35.8","$24","$22"
"","56","Ladd McConkey","5.0","5.0","WR","LAC","7","4.10","129.1","141.0","146.7","196.6","157.1","35.6","$20","$22"
"Value","57","Mike Evans","5.0","5.0","WR","SF","8","5.14","126.3","137.0","146.9","196.8","156.8","35.3","$23","$22"
"","58","Sam LaPorta","5.0","3.0","TE","DET","6","5.11","115.0","122.0","127.8","164.9","135.6","34.8","$20","$21"
"","59","Joe Burrow","5.0","2.0","QB","CIN","6","4.08","293.8","315.0","341.6","423.6","355.3","34.8","$16","$21"
"","60","Rome Odunze","5.0","5.0","WR","CHI","10","5.09","125.2","134.0","142.3","200.6","155.1","34.1","$20","$21"
"","61","Jalen Hurts","5.0","2.0","QB","PHI","10","4.11","292.8","320.0","332.7","432.5","352.7","32.7","$16","$20"
"Injured","62","Bucky Irving","6.0","6.0","RB","TB","10","4.07","152.9","172.0","171.8","247.4","189.0","32.5","$21","$20"
"","63","TreVeyon Henderson","6.0","6.0","RB","NE","11","4.12","148.0","162.0","164.4","263.0","188.3","32.3","$13","$20"
"","64","Jayden Daniels","6.0","2.0","QB","WAS","7","4.05","285.9","314.0","332.4","432.1","351.1","32.0","$19","$20"
"","65","Harold Fannin Jr.","6.0","3.0","TE","CLE","11","5.03","111.3","115.0","123.7","155.9","130.2","31.8","$15","$19"
"Value","66","D.K. Metcalf","6.0","6.0","WR","PIT","9","6.05","122.4","132.0","145.7","179.2","150.6","31.3","$13","$19"
"","67","Jadarian Price","6.0","6.0","RB","SEA","11","5.01","130.7","159.0","155.6","275.4","183.8","31.0","$17","$19"
"Injured","68","Alec Pierce","6.0","6.0","WR","IND","13","6.08","119.9","135.0","139.4","186.8","148.8","30.2","$19","$18"
"","69","Bhayshul Tuten","6.0","6.0","RB","JAC","7","5.12","135.2","163.0","155.4","262.6","181.0","30.2","$14","$18"
"","70","Parker Washington","6.0","6.0","WR","JAC","7","7.12","118.9","116.0","141.5","181.1","148.2","29.9","$14","$18"
"","71","D.J. Moore","6.0","6.0","WR","BUF","7","5.02","119.1","125.0","136.9","187.6","147.5","29.4","$13","$18"
"","72","Marvin Harrison Jr.","6.0","6.0","WR","ARI","14","5.13","119.2","129.0","135.4","189.6","147.2","29.3","$12","$18"
"","73","Tony Pollard","6.0","6.0","RB","TEN","9","6.10","139.2","155.0","158.2","238.9","176.8","29.0","$10","$18"
"","74","J.K. Dobbins","6.0","6.0","RB","DEN","10","7.14","132.7","151.0","156.1","246.6","176.5","28.9","$8","$18"
"","75","Caleb Williams","6.0","2.0","QB","CHI","10","7.05","282.4","299.0","324.6","418.7","342.6","28.0","$11","$17"
"Injured","76","George Kittle","6.0","4.0","TE","SF","8","6.01","70.4","113.0","117.3","174.8","124.5","27.7","$15","$17"
"","77","Brian Thomas Jr.","7.0","6.0","WR","JAC","7","7.08","114.0","117.0","129.6","194.4","144.4","27.6","$20","$17"
"Value","78","Trevor Lawrence","6.0","2.0","QB","JAC","7","8.11","278.3","303.0","327.4","412.5","341.7","27.6","$15","$17"
"","79","Chuba Hubbard","7.0","7.0","RB","CAR","5","6.03","128.8","145.0","151.5","240.9","171.8","27.6","$8","$17"
"","80","Courtland Sutton","7.0","6.0","WR","DEN","10","6.07","117.7","119.0","136.9","176.6","144.2","27.5","$10","$17"
"","81","Rhamondre Stevenson","7.0","7.0","RB","NE","11","8.07","135.1","147.0","155.3","226.7","171.1","27.4","$7","$17"
"","82","Justin Herbert","7.0","2.0","QB","LAC","7","9.04","279.1","305.0","324.5","415.4","341.0","27.3","$15","$17"
"","83","Quentin Johnston","7.0","6.0","WR","LAC","7","10.06","109.1","113.0","131.4","189.2","143.1","26.9","$8","$16"
"Value","84","Jayden Reed","7.0","6.0","WR","GB","11","10.11","114.4","111.0","134.6","179.0","143.0","26.8","$8","$16"
"","85","Carnell Tate","7.0","6.0","WR","TEN","9","4.13","110.4","124.0","131.4","185.3","142.3","26.4","$15","$16"
"","86","Brock Purdy","7.0","2.0","QB","SF","8","7.09","278.2","297.0","323.5","407.6","338.2","26.0","$10","$16"
"","87","Jordyn Tyson","7.0","6.0","WR","NO","8","6.09","108.6","112.0","130.9","184.6","141.5","26.0","$11","$16"
"","88","Kyle Pitts","7.0","4.0","TE","ATL","11","5.04","105.2","110.0","114.3","148.6","122.0","25.9","$13","$16"
"","89","Jordan Addison","7.0","6.0","WR","MIN","6","9.14","113.1","110.0","133.1","177.0","141.4","25.9","$8","$16"
"","90","Dak Prescott","7.0","2.0","QB","DAL","14","7.02","281.1","307.0","323.1","403.9","337.5","25.7","$15","$16"
"","91","Jaxson Dart","7.0","2.0","QB","NYG","8","5.08","278.2","302.0","316.1","417.3","336.8","25.4","$11","$15"
"","92","Jaylen Warren","7.0","7.0","RB","PIT","9","6.13","131.7","147.0","154.9","201.4","163.4","25.2","$6","$15"
"","93","Blake Corum","7.0","7.0","RB","LAR","11","9.08","122.3","128.0","128.7","254.8","161.9","24.8","$10","$15"
"","94","Rico Dowdle","7.0","7.0","RB","PIT","9","7.06","125.0","145.0","142.0","225.8","161.8","24.7","$8","$15"
"","95","Jordan Mason","7.0","7.0","RB","MIN","6","11.07","118.5","119.0","141.1","231.4","161.6","24.7","$7","$15"
"","96","Ricky Pearsall","7.0","7.0","WR","SF","8","9.02","105.2","105.0","129.9","179.3","138.9","24.4","$8","$15"
"","97","Xavier Worthy","7.0","7.0","WR","KC","5","9.13","105.0","112.0","126.5","186.0","138.8","24.4","$7","$15"
"","98","Kyle Monangai","8.0","8.0","RB","CHI","10","8.12","121.3","130.0","133.3","233.3","158.4","23.8","$7","$15"
"Injured","99","Bo Nix","8.0","2.0","QB","DEN","10","9.03","279.2","290.0","310.2","409.5","331.7","23.1","$11","$14"
"Injured","100","Patrick Mahomes","8.0","2.0","QB","KC","5","8.09","276.2","306.0","306.9","417.4","331.5","23.0","$10","$14"
"","101","Jacory Croskey-Merritt","8.0","8.0","RB","WAS","7","10.03","106.8","122.0","121.4","254.9","155.2","22.9","$12","$14"
"Value","102","Kyler Murray","8.0","2.0","QB","MIN","6","11.13","271.3","290.0","308.3","416.2","331.0","22.7","$9","$14"
"","103","Mark Andrews","8.0","4.0","TE","BAL","13","10.09","100.2","101.0","108.9","144.8","117.1","22.5","$28","$14"
"Sleeper","104","Jonathon Brooks","8.0","8.0","RB","CAR","5","9.11","104.4","100.0","124.3","244.9","153.6","22.4","$8","$14"
"Value","105","Jakobi Meyers","8.0","7.0","WR","JAC","7","7.13","110.1","106.0","126.5","160.7","132.9","20.9","$5","$13"
"","106","Travis Kelce","8.0","4.0","TE","KC","5","6.12","95.8","111.0","111.4","133.7","114.7","20.8","$10","$13"
"","107","Jared Goff","8.0","3.0","QB","DET","6","11.08","278.2","289.0","302.4","402.2","325.2","20.1","$5","$12"
"Injured","108","RJ Harvey","9.0","9.0","RB","DEN","10","8.10","106.0","119.0","126.2","209.5","145.3","20.1","$5","$12"
"","109","Makai Lemon","9.0","7.0","WR","PHI","10","8.05","98.0","101.0","115.3","184.5","131.0","19.8","$6","$12"
"Value","110","Michael Pittman Jr.","9.0","7.0","WR","PIT","9","6.06","108.3","114.0","124.5","158.1","130.7","19.7","$7","$12"
"Sleeper","111","Dalton Kincaid","9.0","5.0","TE","BUF","7","11.09","96.7","103.0","104.0","140.4","112.6","19.3","$18","$12"
"","112","Romeo Doubs","9.0","7.0","WR","NE","11","10.13","100.8","110.0","120.0","169.2","129.9","19.2","$7","$12"
"Injured","113","Chris Rodriguez","9.0","9.0","RB","JAC","7","13.04","96.0","102.0","104.4","248.5","142.2","19.2","$10","$12"
"","114","Jordan Love","9.0","3.0","QB","GB","11","12.11","279.6","276.0","294.3","406.1","322.1","18.6","$4","$11"
"","115","Rachaad White","9.0","9.0","RB","WAS","7","8.03","92.3","118.0","123.0","205.4","139.9","18.5","$4","$11"
"","116","Matthew Golden","9.0","8.0","WR","GB","11","8.13","99.3","98.0","109.1","186.6","128.5","18.4","$9","$11"
"","117","Matthew Stafford","9.0","3.0","QB","LAR","11","7.01","276.1","286.0","296.9","400.8","321.5","18.4","$4","$11"
"Sleeper","118","Tyler Shough","9.0","3.0","QB","NO","8","11.12","269.0","269.0","295.6","405.0","320.6","18.0","$6","$11"
"","119","KC Concepcion","9.0","8.0","WR","CLE","11","9.10","94.0","95.0","117.5","170.4","127.7","17.9","$7","$11"
"Sleeper","120","Jayden Higgins","9.0","8.0","WR","HOU","8","12.05","98.1","102.0","111.5","177.3","127.0","17.5","$6","$11"
"","121","Isiah Pacheco","9.0","9.0","RB","DET","6","10.14","95.1","86.0","106.8","218.9","135.3","17.2","$7","$10"
"","122","Michael Wilson","9.0","8.0","WR","ARI","14","9.01","94.4","118.0","115.1","169.2","126.1","17.0","$5","$10"
"","123","Kenneth Gainwell","10.0","10.0","RB","TB","10","8.01","100.9","109.0","116.0","190.2","133.5","16.7","$4","$10"
"","124","Baker Mayfield","10.0","3.0","QB","TB","10","12.03","274.8","277.0","289.3","402.1","317.4","16.5","$6","$10"
"","125","Josh Downs","10.0","8.0","WR","IND","13","10.01","96.3","105.0","114.6","165.0","125.0","16.4","$4","$10"
"","126","Chris Godwin","10.0","8.0","WR","TB","10","7.11","95.7","112.0","113.9","165.2","124.6","16.1","$3","$10"
"Injured","127","Zach Charbonnet","10.0","10.0","RB","SEA","11","10.10","79.7","128.0","99.6","224.1","129.9","15.7","$4","$10"
"Sleeper","128","Jalen McMillan","10.0","8.0","WR","TB","10","12.13","90.4","80.0","106.3","180.7","123.7","15.6","$20","$10"
"","129","Aaron Jones","10.0","10.0","RB","MIN","6","7.03","91.4","123.0","114.3","184.0","129.2","15.5","$5","$9"
"","130","Dallas Goedert","10.0","5.0","TE","PHI","10","7.10","91.6","99.0","100.7","130.9","107.3","15.5","$15","$9"
"","131","Brandon Aubrey","10.0","1.0","K","DAL","14","6.02","157.4","147.0","176.8","190.9","177.1","15.3","$7","$9"
"","132","Hunter Henry","10.0","5.0","TE","NE","11","12.07","93.2","97.0","100.2","130.3","107.1","15.3","$36","$9"
"","133","Stefon Diggs","10.0","8.0","WR","UNS","18","12.14","83.2","102.0","117.2","161.7","123.2","15.3","$4","$9"
"","134","Rashid Shaheed","10.0","8.0","WR","SEA","11","12.06","94.2","93.0","109.5","169.7","123.1","15.2","$14","$9"
"","135","Tyrone Tracy Jr.","10.0","10.0","RB","NYG","8","14.07","84.6","90.0","93.0","213.9","124.5","14.2","$5","$9"
"","136","Brenton Strange","10.0","5.0","TE","JAC","7","13.12","88.9","93.0","99.9","126.9","105.3","14.1","$18","$9"
"","137","Woody Marks","10.0","10.0","RB","HOU","8","10.12","90.6","92.0","100.7","193.3","124.1","14.0","$5","$9"
"","138","Deebo Samuel","10.0","8.0","WR","UNS","18","20.14","78.5","85.0","112.1","165.9","120.7","13.9","$20","$8"
"Sleeper","139","Isaiah Likely","10.0","5.0","TE","NYG","8","9.12","90.8","98.0","97.6","128.8","104.9","13.8","$32","$8"
"","140","Calvin Ridley","10.0","8.0","WR","TEN","9","13.05","91.7","74.0","106.6","166.3","120.2","13.6","$12","$8"
"","141","Tyjae Spears","11.0","11.0","RB","TEN","9","11.01","89.9","97.0","107.0","172.3","121.7","13.4","$2","$8"
"","142","Kaytron Allen","11.0","11.0","RB","WAS","7","66.11","75.0","32.0","81.5","232.3","121.5","13.3","$8","$8"
"","143","Malik Willis","11.0","3.0","QB","MIA","6","14.03","266.7","266.0","274.9","409.6","310.2","13.2","$3","$8"
"","144","Omar Cooper Jr.","11.0","9.0","WR","NYJ","13","12.09","89.6","84.0","98.5","177.3","118.4","12.5","$16","$8"
"Injured","145","Kenyon Sadiq","11.0","6.0","TE","NYJ","13","11.03","84.2","83.0","93.6","132.9","102.6","12.1","$14","$7"
"","146","C.J. Stroud","11.0","3.0","QB","HOU","8","13.13","269.9","265.0","278.2","389.5","307.1","11.8","$4","$7"
"","147","Cameron Dicker","11.0","1.0","K","LAC","7","8.04","151.3","139.0","170.0","181.9","169.9","11.6","$6","$7"
"","148","Tre Tucker","11.0","9.0","WR","LVR","13","14.14","87.9","86.0","102.2","164.5","116.6","11.5","$14","$7"
"","149","Jake Ferguson","11.0","6.0","TE","DAL","14","8.06","92.0","97.0","96.8","117.1","101.5","11.4","$5","$7"
"","150","Brian Robinson Jr.","11.0","11.0","RB","ATL","11","14.04","75.4","86.0","91.9","183.8","114.0","11.2","$7","$7"
"","151","Tyler Allgeier","11.0","11.0","RB","ARI","14","13.07","75.9","76.0","92.5","182.2","114.0","11.2","$7","$7"
"","152","Wan'Dale Robinson","11.0","9.0","WR","TEN","9","8.08","93.4","99.0","104.9","153.2","116.0","11.1","$4","$7"
"","153","Denzel Boston","11.0","9.0","WR","CLE","11","13.14","83.3","84.0","96.9","174.4","115.6","10.9","$14","$7"
"Injured","154","Daniel Jones","11.0","3.0","QB","IND","13","13.10","259.1","255.0","275.6","394.1","304.9","10.8","$3","$7"
"","155","Alvin Kamara","12.0","12.0","RB","NO","8","11.04","75.6","77.0","84.0","189.0","111.1","10.4","$2","$6"
"","156","Seattle Seahawks","12.0","1.0","DEF","SEA","11","7.04","119.0","77.0","119.0","119.0","119.0","10.2","$2","$6"
"","157","Dylan Sampson","12.0","12.0","RB","CLE","11","73.04","80.4","68.0","92.4","166.3","110.4","10.2","$2","$6"
"","158","Juwan Johnson","12.0","6.0","TE","NO","8","13.02","85.8","90.0","94.3","119.8","99.7","10.1","$12","$6"
"","159","Denver Broncos","12.0","1.0","DEF","DEN","10","6.11","118.6","82.0","118.6","118.6","118.6","10.0","$1","$6"
"","160","Khalil Shakir","12.0","9.0","WR","BUF","7","10.04","92.0","98.0","104.6","144.3","113.1","9.4","$2","$6"
"","161","Houston Texans","12.0","1.0","DEF","HOU","8","6.04","116.9","82.0","116.9","116.9","116.9","9.1","$1","$6"
"","162","Oronde Gadsden II","12.0","6.0","TE","LAC","7","14.09","81.9","81.0","85.3","134.8","98.2","9.0","$5","$5"
"","163","Jalen Coker","12.0","9.0","WR","CAR","5","11.14","86.5","98.0","96.1","160.5","111.9","8.7","$5","$5"
"","164","Adonai Mitchell","12.0","9.0","WR","NYJ","13","71.04","82.6","69.0","89.8","175.1","111.8","8.7","$5","$5"
"","165","Keaton Mitchell","12.0","12.0","RB","LAC","7","72.02","75.2","66.0","83.5","167.8","105.0","8.6","$3","$5"
"Injured","166","Tyreek Hill","12.0","9.0","WR","UNS","18","14.02","52.7","84.0","95.8","180.1","111.0","8.2","$5","$5"
"","167","Ka'imi Fairbairn","12.0","2.0","K","HOU","8","9.07","148.6","140.0","159.8","177.4","162.6","7.9","$5","$5"
"","168","Jonah Coleman","12.0","12.0","RB","DEN","10","64.09","59.0","37.0","65.5","203.1","101.9","7.8","$3","$5"
"","169","MarShawn Lloyd","12.0","12.0","RB","GB","11","70.14","51.8","40.0","66.4","205.8","101.8","7.7","$5","$5"
"","170","Jauan Jennings","12.0","9.0","WR","MIN","6","15.05","78.2","87.0","88.9","173.4","110.0","7.6","$5","$5"
"","171","Chigoziem 'Chig' Okonkwo","12.0","6.0","TE","WAS","7","14.13","82.8","80.0","86.3","123.4","95.8","7.3","$4","$4"
"","172","Brandon Aiyuk","12.0","9.0","WR","UNS","18","68.13","55.3","70.0","92.2","179.8","109.4","7.3","$4","$4"
"","173","New England Patriots","12.0","1.0","DEF","NE","11","9.09","112.7","71.0","112.7","112.7","112.7","7.0","$2","$4"
"","174","Braelon Allen","13.0","13.0","RB","NYJ","13","71.02","61.9","69.0","65.2","192.3","99.3","7.0","$4","$4"
"","175","Mike Washington Jr.","13.0","13.0","RB","LVR","13","71.06","54.3","53.0","64.6","193.8","98.0","6.6","$4","$4"
"","176","Germie Bernard","13.0","10.0","WR","PIT","9","17.06","79.3","69.0","90.1","164.0","108.3","6.6","$4","$4"
"","177","Sean Tucker","13.0","13.0","RB","TB","10","69.11","59.5","49.0","64.7","184.4","96.4","6.2","$4","$4"
"","178","Dalton Schultz","13.0","6.0","TE","HOU","8","14.12","82.8","81.0","89.0","110.4","93.7","5.8","$4","$4"
"","179","Nicholas Singleton","13.0","13.0","RB","TEN","9","17.08","47.3","22.0","55.6","205.7","95.0","5.8","$4","$4"
"","180","Tyler Loop","13.0","2.0","K","BAL","13","12.08","143.6","129.0","152.8","178.8","158.2","5.7","$2","$3"
"","181","Nick Chubb","13.0","13.0","RB","UNS","18","35.13","52.2","19.0","74.5","163.9","94.8","5.7","$3","$3"
"","182","Sam Darnold","13.0","4.0","QB","SEA","11","13.03","256.3","260.0","258.9","388.4","293.8","5.7","$1","$3"
"Sleeper","183","Cameron 'Cam' Ward","13.0","4.0","QB","TEN","9","14.08","252.8","239.0","258.0","392.2","293.7","5.6","$1","$3"
"","184","Jerry Jeudy","13.0","10.0","WR","CLE","11","13.11","76.8","77.0","89.3","160.7","106.5","5.6","$3","$3"
"","185","T.J. Hockenson","13.0","6.0","TE","MIN","6","11.06","79.9","79.0","87.8","113.3","93.3","5.5","$3","$3"
"","186","Cam Little","13.0","2.0","K","JAC","7","10.05","145.2","125.0","151.3","178.5","157.6","5.4","$2","$3"
"","187","Aaron Rodgers","13.0","4.0","QB","PIT","9","69.08","254.1","228.0","259.3","386.4","293.0","5.3","$1","$3"
"","188","Minnesota Vikings","13.0","1.0","DEF","MIN","6","11.11","109.1","78.0","109.1","109.1","109.1","5.2","$1","$3"
"","189","Green Bay Packers","13.0","2.0","DEF","GB","11","14.10","108.6","65.0","108.6","108.6","108.6","5.0","$1","$3"
"","190","Baltimore Ravens","13.0","2.0","DEF","BAL","13","10.08","108.6","70.0","108.6","108.6","108.6","5.0","$2","$3"
"","191","Jalen Nailor","13.0","10.0","WR","LVR","13","17.12","77.6","81.0","86.2","161.2","105.1","4.8","$3","$3"
"","192","Cairo Santos","13.0","2.0","K","CHI","10","13.06","142.5","128.0","151.6","174.3","156.1","4.7","$3","$3"
"","193","Jake Bates","13.0","2.0","K","DET","6","11.05","146.6","130.0","149.6","175.0","156.0","4.6","$3","$3"
"","194","Eddy Pineiro","13.0","2.0","K","SF","8","11.02","143.7","130.0","151.3","172.5","155.7","4.5","$2","$3"
"","195","Harrison Mevis","13.0","2.0","K","LAR","11","10.07","145.1","133.0","149.6","175.0","155.7","4.5","$2","$3"
"","196","Jaydon Blue","13.0","13.0","RB","DAL","14","68.11","51.1","36.0","60.1","177.3","90.4","4.5","$3","$3"
"","197","Pittsburgh Steelers","13.0","2.0","DEF","PIT","9","9.06","107.1","77.0","107.1","107.1","107.1","4.2","$1","$3"
"Injured","198","James Conner","13.0","13.0","RB","ARI","14","15.10","59.8","40.0","72.1","144.2","89.5","4.2","$3","$3"
"","199","Trey Smack","13.0","2.0","K","GB","11","16.09","143.3","134.0","149.3","174.7","155.1","4.1","$3","$3"
"","200","Emmett Johnson","14.0","14.0","RB","KC","5","16.14","50.3","33.0","59.9","170.7","88.4","3.9","$2","$2"
"","201","Los Angeles Rams","14.0","2.0","DEF","LAR","11","7.07","105.7","78.0","105.7","105.7","105.7","3.5","$1","$2"
"","202","Keenan Allen","14.0","10.0","WR","UNS","18","67.06","66.7","55.0","93.9","145.5","103.0","3.5","$2","$2"
"","203","Kansas City Chiefs","14.0","2.0","DEF","KC","5","13.09","105.5","66.0","105.5","105.5","105.5","3.4","$1","$2"
"Injured","204","AJ Barner","14.0","7.0","TE","SEA","11","15.04","77.1","70.0","80.3","119.6","90.4","3.4","$2","$2"
"","205","George Holani","14.0","14.0","RB","SEA","11","70.01","51.9","33.0","64.9","152.5","86.4","3.4","$2","$2"
"","206","Darius Slayton","14.0","10.0","WR","NYG","8","68.02","73.6","62.0","81.8","163.6","102.6","3.3","$2","$2"
"","207","Tank Bigsby","14.0","14.0","RB","PHI","10","14.05","46.9","66.0","49.4","182.8","85.3","3.0","$2","$2"
"","208","Tre Harris","14.0","10.0","WR","LAC","7","73.01","69.8","60.0","77.5","170.5","101.5","2.7","$2","$2"
"","209","Wil Lutz","14.0","2.0","K","DEN","10","70.13","144.9","121.0","147.9","171.6","153.8","2.6","$2","$2"
"","210","Jaylen Wright","14.0","14.0","RB","MIA","6","68.08","44.9","43.0","52.8","171.6","83.8","2.6","$2","$2"
"","211","Samaje Perine","14.0","14.0","RB","CIN","6","72.09","60.9","72.0","71.6","121.7","83.3","2.5","$2","$2"
"","212","Jacksonville Jaguars","14.0","2.0","DEF","JAC","7","12.01","104.5","69.0","104.5","104.5","104.5","2.4","$1","$1"
"Injured","213","Trey Benson","14.0","14.0","RB","ARI","14","66.09","51.1","11.0","59.4","151.5","83.0","2.4","$1","$1"
"","214","Pat Freiermuth","14.0","7.0","TE","PIT","9","15.08","73.6","80.0","80.0","116.8","88.9","2.4","$1","$1"
"","215","Harrison Butker","14.0","2.0","K","KC","5","11.10","145.0","124.0","148.0","170.2","153.5","2.3","$1","$1"
"","216","Emanuel Wilson","14.0","14.0","RB","SEA","11","71.01","44.6","43.0","55.8","161.8","82.7","2.3","$1","$1"
"","217","Antonio Williams","14.0","10.0","WR","WAS","7","72.06","70.8","78.0","77.0","167.9","100.7","2.2","$1","$1"
"","218","Charlie Smyth","14.0","2.0","K","NO","8","72.05","143.5","119.0","147.9","170.1","153.2","2.0","$1","$1"
"","219","Terrance Ferguson","14.0","7.0","TE","LAR","11","15.02","62.7","65.0","71.3","139.0","88.2","1.9","$1","$1"
"Injured","220","Najee Harris","14.0","14.0","RB","UNS","18","39.07","41.7","31.0","64.1","141.0","81.0","1.8","$1","$1"
"","221","Justice Hill","14.0","14.0","RB","BAL","13","70.09","57.9","64.0","64.3","128.6","80.7","1.7","$1","$1"
"","222","New York Giants","14.0","2.0","DEF","NYG","8","17.01","103.6","64.0","103.6","103.6","103.6","1.6","$1","$1"
"","223","Kayshon Boutte","14.0","10.0","WR","NE","11","73.14","66.6","52.0","76.5","168.3","99.7","1.6","$1","$1"
"","224","Bryce Young","14.0","4.0","QB","CAR","5","15.01","242.3","244.0","244.7","391.5","284.3","1.3","$1","$1"
"","225","Rashod Bateman","14.0","10.0","WR","BAL","13","74.01","68.2","77.0","77.5","162.8","99.1","1.3","$1","$1"
"","226","Cade Otton","14.0","7.0","TE","TB","10","73.03","77.3","67.0","80.5","107.1","87.2","1.2","$1","$1"
"","227","Jordan James","14.0","14.0","RB","SF","8","69.12","42.6","57.0","47.3","165.6","78.7","1.2","$1","$1"
"","228","Ollie Gordon II","15.0","15.0","RB","MIA","6","68.14","42.4","32.0","44.6","169.5","78.3","1.1","$1","$1"
"","229","Kaelon Black","15.0","15.0","RB","SF","8","18.02","40.8","50.0","45.3","167.6","77.8","0.9","$1","$1"
"","230","Cooper Kupp","15.0","11.0","WR","SEA","11","15.07","69.2","62.0","78.6","157.2","98.3","0.8","$6","$1"
"","231","Philadelphia Eagles","15.0","2.0","DEF","PHI","10","10.02","102.7","68.0","102.7","102.7","102.7","0.7","$2","$1"
"","232","Chris Boswell","15.0","2.0","K","PIT","9","12.10","142.9","122.0","145.8","170.6","152.0","0.7","$1","$1"
"","233","Kareem Hunt","15.0","15.0","RB","UNS","18","40.06","42.8","18.0","61.1","131.4","77.0","0.7","$1","$1"
"","234","Isaiah Davis","15.0","15.0","RB","NYJ","13","69.01","53.2","38.0","56.0","131.6","76.1","0.4","$1","$1"
"","235","Joe Mixon","15.0","15.0","RB","UNS","18","45.03","35.9","16.0","59.9","134.8","76.0","0.4","$1","$1"
"","236","Ty Johnson","15.0","15.0","RB","BUF","7","70.02","53.4","59.0","62.8","116.2","75.7","0.3","$1","$1"
"","237","Los Angeles Chargers","15.0","2.0","DEF","LAC","7","12.12","102.2","66.0","102.2","102.2","102.2","0.2","$1","$1"
"","238","Buffalo Bills","15.0","2.0","DEF","BUF","7","70.07","102.0","71.0","102.0","102.0","102.0","0.0","$1","$1"
"","239","Andres Borregales","15.0","2.0","K","NE","11","71.07","141.8","120.0","146.2","168.1","151.4","0.0","$1","$1"
"","240","Kendre Miller","15.0","15.0","RB","NO","8","39.01","36.2","29.0","45.3","158.6","74.6","0.0","$1","$1"
"","241","Christopher 'Chris' Brooks","15.0","15.0","RB","GB","11","21.08","41.9","45.0","46.6","151.5","74.4","0.0","$1","$1"
"","242","Gunnar Helm","15.0","7.0","TE","TEN","9","18.07","71.5","69.0","76.9","111.5","85.4","0.0","$1","$1"
"","243","Jaylin Noel","15.0","11.0","WR","HOU","8","71.11","73.5","58.0","82.6","140.4","96.7","0.0","$1","$1"
"","244","Jacoby Brissett","15.0","4.0","QB","ARI","14","73.06","234.1","245.0","246.4","381.9","281.1","0.0","$1","$1"
"","245","Demond Claiborne","15.0","15.0","RB","MIN","6","69.04","36.0","18.0","42.3","160.7","73.5","0.0","$1","$1"
"","246","Chicago Bears","15.0","2.0","DEF","CHI","10","16.04","101.5","68.0","101.5","101.5","101.5","0.0","$1","$1"
"","247","Ryan Flournoy","15.0","11.0","WR","DAL","14","72.07","66.2","65.0","75.2","157.9","96.1","0.0","$1","$1"
"","248","Tyquan Thornton","15.0","11.0","WR","KC","5","65.03","62.1","64.0","72.2","166.1","96.0","0.0","$1","$1"
"","249","Darnell Mooney","15.0","11.0","WR","NYG","8","71.03","67.0","59.0","72.8","160.2","95.6","0.0","$1","$1"
"","250","Travis Hunter","15.0","11.0","WR","JAC","7","8.14","57.8","62.0","62.8","185.9","95.5","0.0","$3","$1"
"","251","David Njoku","15.0","7.0","TE","LAC","7","70.04","68.2","58.0","71.0","120.7","84.1","0.0","$1","$1"
"","252","Jason Myers","15.0","3.0","K","SEA","11","9.05","142.1","143.0","145.0","166.8","150.4","0.0","$1","$1"
"","253","Fernando Mendoza","15.0","4.0","QB","LVR","13","13.08","232.7","243.0","237.4","391.7","278.6","0.0","$1","$1"
"","254","Malik Davis","15.0","15.0","RB","DAL","14","74.01","37.8","48.0","42.0","147.0","69.9","0.0","$1","$1"
"","255","Chase McLaughlin","15.0","3.0","K","TB","10","14.06","140.2","128.0","144.5","167.6","150.0","0.0","$1","$1"
"","256","Brashard Smith","15.0","15.0","RB","KC","5","65.04","44.0","23.0","53.6","117.9","69.4","0.0","$1","$1"
"","257","Devin Singletary","15.0","15.0","RB","NYG","8","50.05","40.4","27.0","44.9","134.7","68.6","0.0","$1","$1"
"","258","Kaleb Johnson","15.0","15.0","RB","PIT","9","67.13","33.0","14.0","37.5","153.8","68.4","0.0","$5","$1"
"","259","Tampa Bay Buccaneers","15.0","2.0","DEF","TB","10","17.10","100.0","63.0","100.0","100.0","100.0","0.0","$1","$1"
"","260","De'Zhaun Stribling","15.0","11.0","WR","SF","8","70.10","61.9","58.0","69.5","163.3","93.7","0.0","$1","$1"
"","261","Antonio Gibson","15.0","15.0","RB","UNS","18","31.05","36.4","6.0","56.0","112.0","67.7","0.0","$1","$1"
"","262","Austin Ekeler","15.0","15.0","RB","UNS","18","41.06","37.1","20.0","49.5","123.8","67.5","0.0","$6","$1"
"","263","Colby Parkinson","15.0","7.0","TE","LAR","11","72.08","61.9","56.0","69.5","123.0","82.7","0.0","$1","$1"
"","264","Will Reichard","15.0","3.0","K","MIN","6","13.01","139.9","123.0","142.8","168.5","149.3","0.0","$1","$1"
"","265","Pat Bryant","15.0","11.0","WR","DEN","10","72.11","64.0","51.0","71.9","154.6","93.0","0.0","$1","$1"
"","266","Deshaun Watson","15.0","4.0","QB","CLE","11","69.07","207.8","174.0","218.7","437.4","276.4","0.0","$1","$1"
"","267","Geno Smith","15.0","4.0","QB","NYJ","13","73.13","228.1","240.0","237.6","384.9","276.1","0.0","$1","$1"
"","268","Detroit Lions","15.0","2.0","DEF","DET","6","12.02","99.4","70.0","99.4","99.4","99.4","0.0","$1","$1"
"","269","Alexander Mattison","15.0","15.0","RB","UNS","18","35.08","40.4","4.0","47.5","118.8","65.7","0.0","$1","$1"
"","270","Jack Bech","15.0","11.0","WR","LVR","13","72.13","62.7","52.0","71.3","153.3","92.1","0.0","$1","$1"
"","271","Keon Coleman","15.0","11.0","WR","BUF","7","67.10","57.7","33.0","67.9","163.0","92.0","0.0","$5","$1"
"","272","Isaac TeSlaa","15.0","11.0","WR","DET","6","72.01","60.0","71.0","68.2","160.3","91.8","0.0","$1","$1"
"","273","Adam Randall","15.0","15.0","RB","BAL","13","67.07","31.9","36.0","37.5","138.8","64.1","0.0","$1","$1"
"","274","Miles Sanders","15.0","15.0","RB","UNS","18","53.12","40.7","0.0","46.3","114.4","63.9","0.0","$1","$1"
"","275","San Francisco 49ers","15.0","2.0","DEF","SF","8","15.03","98.8","63.0","98.8","98.8","98.8","0.0","$1","$1"
"","276","LeQuint Allen","15.0","15.0","RB","JAC","7","69.09","46.6","24.0","50.7","101.4","63.8","0.0","$1","$1"
"","277","DJ Giddens","15.0","15.0","RB","IND","13","68.10","34.9","33.0","38.8","131.9","63.5","0.0","$1","$1"
"","278","Dontayvion Wicks","15.0","11.0","WR","PHI","10","69.14","60.2","48.0","68.4","157.3","91.2","0.0","$1","$1"
"","279","Tyler Bass","15.0","3.0","K","BUF","7","71.08","138.5","121.0","142.8","164.2","147.9","0.0","$1","$1"
"","280","Jake Moody","15.0","3.0","K","WAS","7","68.07","138.3","115.0","141.1","167.9","147.9","0.0","$1","$1"
"","281","Greg Dulcich","15.0","8.0","TE","MIA","6","73.08","62.2","72.0","67.6","116.9","80.1","0.0","$1","$1"
"","282","Troy Franklin","15.0","11.0","WR","DEN","10","71.05","60.0","63.0","66.7","156.7","90.0","0.0","$1","$1"
"","283","Kimani Vidal","15.0","15.0","RB","LAC","7","69.10","42.1","43.0","45.8","100.8","60.1","0.0","$1","$1"
"","284","Jake Elliott","15.0","3.0","K","PHI","10","15.12","138.5","116.0","142.8","162.8","147.5","0.0","$1","$1"
"","285","Devaughn Vele","15.0","11.0","WR","NO","8","73.02","64.2","58.0","74.7","134.5","89.1","0.0","$1","$1"
"","286","Ray Davis","15.0","15.0","RB","BUF","7","72.12","30.8","41.0","41.0","106.6","57.0","0.0","$1","$1"
"","287","Jerome Ford","15.0","15.0","RB","WAS","7","20.02","29.8","20.0","35.9","114.9","56.3","0.0","$1","$1"
"","288","Ja'Kobi Lane","15.0","12.0","WR","BAL","13","15.09","56.4","54.0","64.1","157.0","88.0","0.0","$1","$1"
"Injured","289","Nathaniel 'Tank' Dell","15.0","12.0","WR","HOU","8","70.12","41.9","59.0","59.9","173.7","87.7","0.0","$1","$1"
"","290","Seth McGowan","15.0","15.0","RB","IND","13","69.03","26.4","24.0","31.0","124.0","55.5","0.0","$1","$1"
"","291","Chris Brazzell II","15.0","12.0","WR","CAR","5","67.05","54.5","48.0","61.9","160.9","87.6","0.0","$1","$1"
"","292","Jarquez Hunter","15.0","15.0","RB","LAR","11","50.02","23.7","16.0","27.9","131.1","55.3","0.0","$1","$1"
"","293","Zachariah Branch","15.0","12.0","WR","ATL","11","16.03","63.9","58.0","74.3","128.5","87.2","0.0","$1","$1"
"","294","Jeremy McNichols","15.0","15.0","RB","WAS","7","52.14","33.2","18.0","36.9","101.5","53.9","0.0","$1","$1"
"","295","Darnell Washington","15.0","8.0","TE","PIT","9","16.07","56.5","55.0","64.2","117.5","77.3","0.0","$1","$1"
"","296","Mike Gesicki","15.0","8.0","TE","CIN","6","73.12","57.6","64.0","67.8","109.2","77.2","0.0","$5","$1"
"","297","Cleveland Browns","15.0","3.0","DEF","CLE","11","12.04","95.6","65.0","95.6","95.6","95.6","0.0","$1","$1"
"","298","Elijah Sarratt","15.0","12.0","WR","BAL","13","68.09","54.5","47.0","60.5","157.3","85.8","0.0","$1","$1"
"","299","Kendrick Bourne","15.0","12.0","WR","ARI","14","64.07","56.8","52.0","66.8","140.3","85.0","0.0","$1","$1"
"","300","Ryan Fitzgerald","15.0","3.0","K","CAR","5","71.12","133.9","111.0","139.5","161.8","144.6","0.0","$1","$1"
"","301","Phil Mafah","15.0","15.0","RB","DAL","14","37.12","24.6","27.0","26.7","106.8","48.2","0.0","$1","$1"
"","302","Raheim Sanders","15.0","15.0","RB","CLE","11","60.13","20.3","16.0","23.1","115.5","47.8","0.0","$1","$1"
"","303","Kyle Juszczyk","15.0","15.0","RB","SF","8","21.04","34.2","29.0","38.0","76.0","47.7","0.0","$1","$1"
"","304","Evan McPherson","15.0","3.0","K","CIN","6","14.11","135.0","124.0","136.4","166.4","144.3","0.0","$2","$1"
"","305","Eli Heidenreich","15.0","15.0","WR","PIT","9","27.04","26.4","14.0","31.0","93.0","47.1","0.0","$1","$1"
"","306","Ty Chandler","15.0","15.0","RB","NO","8","65.09","27.1","19.0","33.9","84.8","46.6","0.0","$1","$1"
"","307","Devin Neal","15.0","15.0","RB","NO","8","19.03","28.3","25.0","33.7","84.3","46.5","0.0","$1","$1"
"","308","Emari Demercado","15.0","15.0","RB","KC","5","68.03","27.0","46.0","31.8","89.0","46.5","0.0","$1","$1"
"","309","Jaydn Ott","15.0","15.0","RB","KC","5","74.01","18.8","11.0","23.5","110.5","46.4","0.0","$1","$1"
"","310","Trevor Etienne","15.0","15.0","RB","CAR","5","62.14","30.5","21.0","33.9","81.4","46.2","0.0","$1","$1"
"","311","Andrei Iosivas","15.0","12.0","WR","CIN","6","29.10","56.3","59.0","62.6","140.9","82.8","0.0","$1","$1"
"","312","Joshua 'Josh' Palmer","15.0","12.0","WR","BUF","7","24.05","55.6","33.0","60.4","145.0","82.6","0.0","$2","$1"
"","313","Audric Estime","15.0","15.0","RB","NO","8","42.01","26.0","25.0","29.6","85.8","44.3","0.0","$1","$1"
"","314","Jamarion 'Jam' Miller","15.0","15.0","RB","NE","11","23.02","21.0","20.0","23.9","99.2","43.9","0.0","$1","$1"
"","315","Tyler Goodson","15.0","15.0","RB","ATL","11","25.13","18.6","13.0","21.1","105.5","43.7","0.0","$1","$1"
"","316","Evan Engram","15.0","8.0","TE","DEN","10","73.11","57.5","49.0","62.5","105.0","73.2","0.0","$7","$1"
"","317","Ben Sauls","15.0","3.0","K","NYG","8","70.06","130.9","72.0","137.8","162.6","143.3","0.0","$1","$1"
"","318","Tennessee Titans","15.0","3.0","DEF","TEN","9","67.14","92.6","62.0","92.6","92.6","92.6","0.0","$1","$1"
"","319","Roschon Johnson","15.0","15.0","RB","CHI","10","24.01","17.2","23.0","19.1","105.1","42.2","0.0","$1","$1"
"","320","Chris Bell","15.0","12.0","WR","MIA","6","21.09","44.2","68.0","52.0","163.8","81.1","0.0","$1","$1"
"","321","Darren Waller","15.0","8.0","TE","UNS","18","66.05","38.0","46.0","63.3","113.9","72.5","0.0","$4","$1"
"","322","KaVontae Turpin","15.0","12.0","WR","DAL","14","19.10","62.2","45.0","69.9","114.6","80.7","0.0","$1","$1"
"","323","Tahj Brooks","15.0","15.0","RB","CIN","6","45.07","17.9","19.0","19.9","99.5","41.3","0.0","$1","$1"
"","324","Kenny McIntosh","15.0","15.0","RB","SEA","11","46.04","20.3","7.0","22.5","90.0","40.5","0.0","$1","$1"
"","325","Robert Henry Jr.","15.0","15.0","RB","WAS","7","74.01","15.3","0.0","21.6","95.0","40.5","0.0","$1","$1"
"","326","Roman Hemby","15.0","15.0","RB","LVR","13","74.01","17.3","0.0","21.6","91.8","40.0","0.0","$1","$1"
"Injured","327","Isaac Guerendo","15.0","15.0","RB","SF","8","31.03","25.8","16.0","29.3","70.3","39.9","0.0","$1","$1"
"","328","Nick Folk","15.0","3.0","K","ATL","11","70.05","133.1","116.0","135.8","161.6","142.4","0.0","$1","$1"
"","329","Arizona Cardinals","15.0","3.0","DEF","ARI","14","17.09","91.7","59.0","91.7","91.7","91.7","0.0","$1","$1"
"","330","Jahan Dotson","15.0","12.0","WR","ATL","11","68.05","53.7","53.0","62.4","131.0","79.5","0.0","$1","$1"
"","331","Dallas Cowboys","15.0","3.0","DEF","DAL","14","14.01","91.5","65.0","91.5","91.5","91.5","0.0","$1","$1"
"","332","Jawhar Jordan","15.0","15.0","RB","HOU","8","31.06","22.5","38.0","25.0","75.0","38.2","0.0","$1","$1"
"","333","Michael Mayer","15.0","8.0","TE","LVR","13","66.08","49.7","46.0","56.5","113.0","70.7","0.0","$1","$1"
"","334","Indianapolis Colts","15.0","3.0","DEF","IND","13","73.07","91.0","61.0","91.0","91.0","91.0","0.0","$1","$1"
"","335","New Orleans Saints","15.0","3.0","DEF","NO","8","72.14","91.0","66.0","91.0","91.0","91.0","0.0","$1","$1"
"","336","Michael Carter","15.0","15.0","RB","TEN","9","62.01","24.7","8.0","28.4","62.5","37.0","0.0","$1","$1"
"","337","Will Shipley","15.0","15.0","RB","PHI","10","37.10","27.6","18.0","29.0","58.0","36.7","0.0","$1","$1"
"","338","Noah Whittington","15.0","15.0","RB","HOU","8","74.01","16.5","4.0","20.6","81.4","36.4","0.0","$1","$1"
"","339","J'Mari Taylor","15.0","15.0","RB","JAC","7","74.01","15.7","16.0","19.6","82.3","36.0","0.0","$1","$1"
"","340","Christian Kirk","15.0","12.0","WR","SF","8","73.10","50.5","53.0","57.4","137.8","78.1","0.0","$3","$1"
"","341","New York Jets","15.0","3.0","DEF","NYJ","13","69.13","90.7","58.0","90.7","90.7","90.7","0.0","$1","$1"
"","342","Eli Stowers","15.0","9.0","TE","PHI","10","65.14","41.9","34.0","51.1","126.7","70.1","0.0","$1","$1"
"","343","Tua Tagovailoa","15.0","5.0","QB","ATL","11","73.05","201.7","238.0","207.9","390.9","256.7","0.0","$1","$1"
"","344","Cincinnati Bengals","15.0","3.0","DEF","CIN","6","54.02","90.3","64.0","90.3","90.3","90.3","0.0","$1","$1"
"","345","Jonnu Smith","15.0","9.0","TE","UNS","18","42.05","39.8","36.0","56.9","113.8","69.3","0.0","$6","$1"
"","346","Caleb Douglas","15.0","13.0","WR","MIA","6","69.06","47.4","42.0","52.7","144.9","76.9","0.0","$1","$1"
"","347","Kalel Mullings","15.0","15.0","RB","TEN","9","62.08","14.6","7.0","17.2","77.4","33.2","0.0","$1","$1"
"","348","Las Vegas Raiders","15.0","3.0","DEF","LVR","13","16.08","89.9","61.0","89.9","89.9","89.9","0.0","$1","$1"
"Injured","349","Michael Penix Jr.","15.0","5.0","QB","ATL","11","67.09","205.7","186.0","209.9","379.9","255.5","0.0","$1","$1"
"","350","Carolina Panthers","15.0","3.0","DEF","CAR","5","68.04","89.8","58.0","89.8","89.8","89.8","0.0","$1","$1"
"","351","Tyler Badie","15.0","15.0","RB","DEN","10","67.01","17.6","12.0","19.6","68.6","32.6","0.0","$1","$1"
"","352","Miami Dolphins","15.0","3.0","DEF","MIA","6","15.11","89.7","60.0","89.7","89.7","89.7","0.0","$1","$1"
"","353","Elijah Arroyo","15.0","9.0","TE","SEA","11","66.14","45.2","36.0","49.1","122.8","68.5","0.0","$1","$1"
"","354","CJ Donaldson","15.0","15.0","RB","NO","8","74.01","12.9","0.0","14.3","78.7","31.6","0.0","$1","$1"
"","355","Joey Slye","15.0","3.0","K","TEN","9","72.03","130.3","109.0","134.3","158.5","140.2","0.0","$1","$1"
"","356","Desmond Reid","15.0","15.0","RB","BUF","7","74.01","13.5","15.0","15.0","74.3","30.9","0.0","$1","$1"
"","357","Ted Hurst","15.0","13.0","WR","TB","10","69.02","43.8","49.0","51.5","144.2","75.4","0.0","$1","$1"
"","358","Marvin Mims Jr.","15.0","13.0","WR","DEN","10","55.09","54.6","43.0","65.0","109.2","75.2","0.0","$2","$1"
"","359","Rasheen Ali","15.0","15.0","RB","BAL","13","39.03","15.5","18.0","17.2","63.6","29.6","0.0","$1","$1"
"","360","Marquise 'Hollywood' Brown","15.0","13.0","WR","PHI","10","26.01","44.9","47.0","48.8","146.4","74.7","0.0","$3","$1"
"","361","Jamal Haynes","15.0","15.0","RB","CIN","6","74.01","11.1","10.0","13.1","72.1","28.8","0.0","$1","$1"
"","362","Tory Horton","15.0","13.0","WR","SEA","11","70.11","47.8","60.0","55.6","127.9","73.9","0.0","$1","$1"
"","363","Jaleel McLaughlin","15.0","15.0","RB","DEN","10","39.10","16.8","11.0","17.7","53.1","27.2","0.0","$1","$1"
"","364","Ashton Dulin","15.0","13.0","WR","IND","13","33.06","40.6","23.0","50.7","142.0","73.8","0.0","$1","$1"
"","365","Chip Trayanum","15.0","15.0","RB","NYJ","13","74.01","11.7","8.0","13.0","65.0","27.0","0.0","$1","$1"
"","366","Tutu Atwell","15.0","13.0","WR","MIA","6","18.06","45.2","36.0","50.2","138.1","73.3","0.0","$1","$1"
"","367","Isaiah Bond","15.0","13.0","WR","CLE","11","26.06","42.8","20.0","47.5","144.9","73.2","0.0","$1","$1"
"","368","DeAndre Hopkins","15.0","13.0","WR","UNS","18","19.04","46.2","7.0","57.7","121.2","72.9","0.0","$1","$1"
"","369","Matt Gay","15.0","4.0","K","LVR","13","35.14","129.9","124.0","132.5","155.0","138.2","0.0","$1","$1"
"","370","Taysom Hill","15.0","9.0","TE","UNS","18","42.14","35.2","9.0","44.0","127.6","65.2","0.0","$1","$1"
"","371","Jaret Patterson","15.0","15.0","RB","LAC","7","51.09","10.2","14.0","11.6","52.2","22.4","0.0","$1","$1"
"","372","Malachi Fields","15.0","13.0","WR","NYG","8","24.06","38.2","37.0","44.9","145.9","71.2","0.0","$1","$1"
"","373","Dawson Knox","15.0","9.0","TE","BUF","7","17.13","45.5","48.0","47.9","110.2","64.5","0.0","$1","$1"
"","374","Cade York","15.0","4.0","K","NYJ","13","20.13","129.4","78.0","132.0","154.4","137.6","0.0","$1","$1"
"","375","Andre Szmyt","15.0","4.0","K","CLE","11","34.03","127.9","104.0","131.9","155.6","137.6","0.0","$1","$1"
"","376","Kyle Williams","15.0","13.0","WR","NE","11","24.07","45.3","24.0","49.8","129.5","70.7","0.0","$1","$1"
"","377","Curtis Samuel","15.0","13.0","WR","UNS","18","40.14","44.2","8.0","55.3","118.9","70.6","0.0","$1","$1"
"","378","Dyami Brown","15.0","13.0","WR","WAS","7","68.06","40.5","29.0","47.1","136.6","70.3","0.0","$1","$1"
"","379","Shedeur Sanders","15.0","5.0","QB","CLE","11","15.13","185.5","223.0","195.3","390.6","246.8","0.0","$1","$1"
"","380","Washington Commanders","15.0","3.0","DEF","WAS","7","16.05","85.7","65.0","85.7","85.7","85.7","0.0","$1","$1"
"","381","Malik Washington","15.0","13.0","WR","MIA","6","71.10","55.6","65.0","59.2","97.7","69.1","0.0","$1","$1"
"","382","Brenen Thompson","15.0","13.0","WR","LAC","7","47.07","39.2","18.0","43.5","139.2","68.8","0.0","$1","$1"
"","383","Calvin Austin III","15.0","13.0","WR","NYG","8","23.05","49.4","31.0","52.0","114.4","68.6","0.0","$1","$1"
"","384","Carson Beck","15.0","5.0","QB","ARI","14","22.08","185.9","162.0","191.7","393.0","245.6","0.0","$1","$1"
"","385","Bryce Lance","15.0","13.0","WR","NO","8","20.07","38.0","18.0","42.2","141.4","68.5","0.0","$1","$1"
"","386","Cole Kmet","15.0","9.0","TE","CHI","10","15.14","43.5","46.0","45.8","107.6","62.2","0.0","$1","$1"
"","387","Erick All","15.0","9.0","TE","CIN","6","23.08","39.2","26.0","46.7","107.4","61.9","0.0","$1","$1"
"","388","Olamide Zaccheaus","15.0","13.0","WR","ATL","11","26.09","44.7","48.0","52.0","112.3","67.1","0.0","$1","$1"
"","389","Treylon Burks","15.0","14.0","WR","WAS","7","26.05","39.5","30.0","42.9","133.0","66.9","0.0","$1","$1"
"","390","Xavier Legette","15.0","14.0","WR","CAR","5","67.12","41.2","38.0","43.4","130.2","66.7","0.0","$2","$1"
"","391","Jalen Tolbert","15.0","14.0","WR","MIA","6","70.03","39.9","52.0","44.3","128.5","66.5","0.0","$1","$1"
"","392","Jalen Royals","15.0","14.0","WR","KC","5","25.01","34.1","30.0","37.9","140.2","65.1","0.0","$1","$1"
"","393","Kirk Cousins","15.0","5.0","QB","LVR","13","68.01","186.2","187.0","190.0","380.0","241.1","0.0","$1","$1"
"","394","Zane Gonzalez","15.0","4.0","K","MIA","6","72.04","126.1","103.0","127.4","152.9","134.1","0.0","$1","$1"
"","395","Kentrel Bullock","15.0","15.0","RB","CIN","6","74.01","3.8","0.0","4.3","15.1","7.2","0.0","$1","$1"
"","396","Kejon Owens","15.0","15.0","RB","MIN","6","74.01","3.9","0.0","4.3","13.8","6.8","0.0","$1","$1"
"","397","Elic Ayomanor","15.0","14.0","WR","TEN","9","61.07","37.8","45.0","39.8","127.4","63.3","0.0","$1","$1"
"","398","Noah Brown","15.0","14.0","WR","UNS","18","52.03","41.2","11.0","48.5","106.7","63.1","0.0","$1","$1"
"","399","Mason Taylor","15.0","10.0","TE","NYJ","13","20.03","40.6","49.0","42.3","100.3","57.8","0.0","$1","$1"
"","400","Jacob Saylors","15.0","15.0","RB","DET","6","24.02","0.0","8.0","4.3","6.0","4.9","0.0","$1","$1"
"","401","Nick Westbrook-Ikhine","15.0","14.0","WR","IND","13","70.08","36.3","36.0","41.3","123.9","62.9","0.0","$1","$1"
"","402","Kene Nwangwu","15.0","15.0","RB","NYJ","13","59.05","0.0","5.0","4.3","5.6","4.7","0.0","$1","$1"
"","403","Mack Hollins","15.0","14.0","WR","NE","11","25.05","39.3","33.0","43.7","115.8","62.6","0.0","$1","$1"
"","404","Kalif Raymond","15.0","14.0","WR","CHI","10","18.14","45.3","35.0","49.2","100.9","62.6","0.0","$1","$1"
"","405","Dylan Laube","15.0","15.0","RB","LVR","13","42.04","0.2","6.0","4.3","6.0","4.0","0.0","$1","$1"
"","406","Sterling Shepard","15.0","14.0","WR","UNS","18","65.07","39.0","4.0","45.9","110.2","62.2","0.0","$1","$1"
"","407","Ja'Tavion Sanders","15.0","10.0","TE","CAR","5","30.01","38.9","34.0","41.4","99.4","56.8","0.0","$4","$1"
"","408","Tyler Lockett","15.0","14.0","WR","UNS","18","34.05","35.5","12.0","44.4","113.2","61.6","0.0","$1","$1"
"","409","Jaylin Lane","15.0","14.0","WR","WAS","7","33.14","41.0","36.0","45.6","104.9","60.9","0.0","$1","$1"
"","410","Max Klare","15.0","10.0","TE","LAR","11","30.04","33.9","26.0","38.5","105.9","56.1","0.0","$1","$1"
"","411","Theo Johnson","15.0","10.0","TE","NYG","8","69.05","37.6","45.0","40.0","100.0","55.9","0.0","$4","$1"
"","412","Jimmy Horn Jr.","15.0","14.0","WR","CAR","5","39.05","36.2","13.0","38.1","121.9","60.6","0.0","$1","$1"
"","413","Cordarrelle Patterson","15.0","15.0","RB","UNS","18","66.10","0.0","0.0","0.0","0.0","0.0","0.0","$1","$1"
"","414","Jamaal Williams","15.0","15.0","RB","UNS","18","65.01","0.0","0.0","0.0","0.0","0.0","0.0","$1","$1"
"","415","D'Onta Foreman","15.0","15.0","RB","UNS","18","49.02","0.0","0.0","0.0","0.0","0.0","0.0","$1","$1"
"","416","Ezekiel Elliott","15.0","15.0","RB","UNS","18","30.13","0.0","0.0","0.0","0.0","0.0","0.0","$1","$1"
"","417","Raheem Mostert","15.0","15.0","RB","UNS","18","50.09","0.0","9.0","0.0","0.0","0.0","0.0","$1","$1"
"","418","Ameer Abdullah","15.0","15.0","RB","JAC","7","66.01","0.0","3.0","0.0","0.0","0.0","0.0","$1","$1"
"","419","Myles Gaskin","15.0","15.0","RB","UNS","18","48.02","0.0","0.0","0.0","0.0","0.0","0.0","$1","$1"
"","420","Trayveon Williams","15.0","15.0","RB","CLE","11","56.06","0.0","0.0","0.0","0.0","0.0","0.0","$1","$1"
"","421","Travis Homer","15.0","15.0","RB","PIT","9","43.09","0.0","0.0","0.0","0.0","0.0","0.0","$1","$1"
"","422","La'Mical Perine","15.0","15.0","RB","PIT","9","74.01","0.0","0.0","0.0","0.0","0.0","0.0","$1","$1"
"","423","Zack Moss","15.0","15.0","RB","UNS","18","60.02","0.0","0.0","0.0","0.0","0.0","0.0","$1","$1"
"","424","Joshua Kelley","15.0","15.0","RB","TEN","9","58.11","0.0","0.0","0.0","0.0","0.0","0.0","$1","$1"
"","425","Darrynton Evans","15.0","15.0","RB","BUF","7","49.08","0.0","0.0","0.0","0.0","0.0","0.0","$1","$1"
"","426","Clyde Edwards-Helaire","15.0","15.0","RB","KC","5","43.08","0.0","0.0","0.0","0.0","0.0","0.0","$1","$1"
"","427","A.J. Dillon","15.0","15.0","RB","CAR","5","33.01","0.0","50.0","0.0","0.0","0.0","0.0","$1","$1"
"","428","DeeJay Dallas","15.0","15.0","RB","JAC","7","28.05","0.0","0.0","0.0","0.0","0.0","0.0","$1","$1"
"","429","Ke'Shawn Vaughn","15.0","15.0","RB","UNS","18","48.06","0.0","0.0","0.0","0.0","0.0","0.0","$1","$1"
"","430","Cam Akers","15.0","15.0","RB","SEA","11","42.13","0.0","3.0","0.0","0.0","0.0","0.0","$1","$1"
"","431","Dare Ogunbowale","15.0","15.0","RB","UNS","18","63.01","0.0","4.0","0.0","0.0","0.0","0.0","$1","$1"
"","432","Mike Boone","15.0","15.0","RB","UNS","18","36.07","0.0","0.0","0.0","0.0","0.0","0.0","$1","$1"
"","433","Gus Edwards","15.0","15.0","RB","UNS","18","54.05","0.0","0.0","0.0","0.0","0.0","0.0","$1","$1"
"","434","Jeffery 'Jeff' Wilson Jr.","15.0","15.0","RB","MIA","6","30.11","0.0","0.0","0.0","0.0","0.0","0.0","$1","$1"
"","435","Royce Freeman","15.0","15.0","RB","UNS","18","74.01","0.0","0.0","0.0","0.0","0.0","0.0","$1","$1"
"","436","John Kelly","15.0","15.0","RB","CLE","11","46.09","0.0","0.0","0.0","0.0","0.0","0.0","$1","$1"
"","437","Pierre Strong Jr.","15.0","15.0","RB","GB","11","64.06","0.0","9.0","0.0","0.0","0.0","0.0","$1","$1"
"","438","Tyrion Davis-Price","15.0","15.0","RB","UNS","18","42.12","0.0","0.0","0.0","0.0","0.0","0.0","$1","$1"
"","439","Hassan Haskins","15.0","15.0","RB","UNS","18","29.09","0.0","1.0","0.0","0.0","0.0","0.0","$1","$1"
"","440","Kevin Harris","15.0","15.0","RB","NE","11","74.01","0.0","0.0","0.0","0.0","0.0","0.0","$1","$1"
"","441","Keaontay Ingram","15.0","15.0","RB","KC","5","38.02","0.0","0.0","0.0","0.0","0.0","0.0","$1","$1"
"","442","Zonovan 'Bam' Knight","15.0","15.0","RB","ARI","14","31.01","0.0","0.0","0.0","0.0","0.0","0.0","$1","$1"
"","443","Ronnie Rivers","15.0","15.0","RB","LAR","11","29.14","0.0","11.0","0.0","0.0","0.0","0.0","$1","$1"
"","444","Raheem Blackshear","15.0","15.0","RB","NYJ","13","29.05","0.0","0.0","0.0","0.0","0.0","0.0","$1","$1"
"","445","Eric Gray","15.0","15.0","RB","NYG","8","25.03","0.0","0.0","0.0","0.0","0.0","0.0","$1","$1"
"","446","Deuce Vaughn","15.0","15.0","RB","UNS","18","36.10","0.0","0.0","0.0","0.0","0.0","0.0","$1","$1"
"","447","Evan Hull","15.0","15.0","RB","UNS","18","41.11","0.0","0.0","0.0","0.0","0.0","0.0","$1","$1"
"","448","Israel Abanikanda","15.0","15.0","RB","GB","11","45.09","0.0","22.0","0.0","0.0","0.0","0.0","$1","$1"
"","449","Zach Evans","15.0","15.0","RB","UNS","18","24.08","0.0","0.0","0.0","0.0","0.0","0.0","$1","$1"
"","450","DeWayne McBride","15.0","15.0","RB","UNS","18","42.10","0.0","0.0","0.0","0.0","0.0","0.0","$1","$1"
"","451","Khalil Herbert","15.0","15.0","RB","NYJ","13","35.06","0.0","2.0","0.0","0.0","0.0","0.0","$1","$1"
"","452","Elijah Mitchell","15.0","15.0","RB","NE","11","52.02","0.0","13.0","0.0","0.0","0.0","0.0","$1","$1"
"","453","Gary Brightwell","15.0","15.0","RB","CIN","6","40.01","0.0","0.0","0.0","0.0","0.0","0.0","$1","$1"
"","454","Craig Reynolds","15.0","15.0","RB","DET","6","30.14","0.0","3.0","0.0","0.0","0.0","0.0","$1","$1"
"","455","Isaiah Spiller","15.0","15.0","RB","UNS","18","74.01","0.0","0.0","0.0","0.0","0.0","0.0","$1","$1"
"","456","Zamir White","15.0","15.0","RB","UNS","18","29.13","0.0","4.0","0.0","0.0","0.0","0.0","$1","$1"
"","457","Dameon Pierce","15.0","15.0","RB","PHI","10","39.06","0.0","12.0","0.0","0.0","0.0","0.0","$1","$1"
"","458","Tony Jones Jr.","15.0","15.0","RB","ARI","14","49.07","0.0","0.0","0.0","0.0","0.0","0.0","$1","$1"
"","459","Patrick Taylor","15.0","15.0","RB","SF","8","56.02","0.0","0.0","0.0","0.0","0.0","0.0","$1","$1"
"","460","Deon Jackson","15.0","15.0","RB","UNS","18","74.01","0.0","0.0","0.0","0.0","0.0","0.0","$1","$1"
"","461","Jonathan Ward","15.0","15.0","RB","PIT","9","42.08","0.0","0.0","0.0","0.0","0.0","0.0","$1","$1"
"","462","Jake Funk","15.0","15.0","RB","IND","13","74.01","0.0","0.0","0.0","0.0","0.0","0.0","$1","$1"
"","463","JaMycal Hasty","15.0","15.0","RB","UNS","18","58.03","0.0","0.0","0.0","0.0","0.0","0.0","$1","$1"
"","464","Salvon Ahmed","15.0","15.0","RB","UNS","18","30.09","0.0","22.0","0.0","0.0","0.0","0.0","$1","$1"
"","465","Trey Sermon","15.0","15.0","RB","PIT","9","38.10","0.0","0.0","0.0","0.0","0.0","0.0","$1","$1"
"","466","Donovan Edwards","15.0","15.0","RB","WAS","7","25.12","0.0","10.0","0.0","0.0","0.0","0.0","$1","$1"
"","467","Ja'Quinden Jackson","15.0","15.0","RB","JAC","7","74.01","0.0","0.0","0.0","0.0","0.0","0.0","$1","$1"
"","468","Corey Kiner","15.0","15.0","RB","ARI","14","46.14","0.0","0.0","0.0","0.0","0.0","0.0","$1","$1"
"","469","Montrell Johnson Jr.","15.0","15.0","RB","UNS","18","74.01","0.0","0.0","0.0","0.0","0.0","0.0","$1","$1"
"","470","Ulysses Bentley IV","15.0","15.0","RB","IND","13","44.02","0.0","0.0","0.0","0.0","0.0","0.0","$1","$1"
"","471","Lan Larison","15.0","15.0","RB","NE","11","40.02","0.0","0.0","0.0","0.0","0.0","0.0","$1","$1"
"","472","Ian Wheeler","15.0","15.0","RB","CHI","10","74.01","0.0","0.0","0.0","0.0","0.0","0.0","$1","$1"
"","473","C.J. Ham","15.0","15.0","RB","MIN","6","32.12","0.0","0.0","0.0","0.0","0.0","0.0","$1","$1"
"","474","Patrick Ricard","15.0","15.0","RB","NYG","8","37.04","0.0","3.0","0.0","0.0","0.0","0.0","$1","$1"
"","475","ShunDerrick Powell","15.0","15.0","RB","UNS","18","74.01","0.0","0.0","0.0","0.0","0.0","0.0","$1","$1"
"","476","Nathan Carter","15.0","15.0","RB","ATL","11","49.11","0.0","0.0","0.0","0.0","0.0","0.0","$1","$1"
"","477","Zavier Scott","15.0","15.0","RB","MIN","6","18.13","0.0","0.0","0.0","0.0","0.0","0.0","$1","$1"
"","478","Aidan Robbins","15.0","15.0","RB","UNS","18","74.01","0.0","0.0","0.0","0.0","0.0","0.0","$1","$1"
"","479","Scottie Phillips","15.0","15.0","RB","UNS","18","74.01","0.0","0.0","0.0","0.0","0.0","0.0","$1","$1"
"","480","Jabari Small","15.0","15.0","RB","TEN","9","74.01","0.0","0.0","0.0","0.0","0.0","0.0","$1","$1"
"","481","Chris Collier","15.0","15.0","RB","LVR","13","18.04","0.0","0.0","0.0","0.0","0.0","0.0","$1","$1"
"","482","Dante Miller","15.0","15.0","RB","NYG","8","61.02","0.0","0.0","0.0","0.0","0.0","0.0","$1","$1"
"","483","British Brooks","15.0","15.0","RB","HOU","8","57.13","0.0","0.0","0.0","0.0","0.0","0.0","$1","$1"
"","484","Reggie Gilliam","15.0","15.0","RB","NE","11","43.10","0.0","3.0","0.0","0.0","0.0","0.0","$1","$1"
"","485","Alec Ingold","15.0","15.0","","LAC","7","66.13","0.0","7.0","0.0","0.0","0.0","0.0","$1","$1"
"","486","Sione Vaki","15.0","15.0","RB","DET","6","61.03","0.0","2.0","0.0","0.0","0.0","0.0","$1","$1"
"","487","Emani Bailey","15.0","15.0","RB","CAR","5","74.01","0.0","0.0","0.0","0.0","0.0","0.0","$1","$1"
"","488","Carson Steele","15.0","15.0","RB","UNS","18","38.04","0.0","0.0","0.0","0.0","0.0","0.0","$1","$1"
"","489","J.J. Taylor","15.0","15.0","RB","UNS","18","58.08","0.0","0.0","0.0","0.0","0.0","0.0","$1","$1"
"","490","Aaron Shampklin","15.0","15.0","RB","PIT","9","32.08","0.0","0.0","0.0","0.0","0.0","0.0","$1","$1"
"","491","Hunter Luepke","15.0","15.0","RB","DAL","14","66.06","0.0","0.0","0.0","0.0","0.0","0.0","$1","$1"
"","492","Tyreik McAllister","15.0","15.0","WR","LVR","13","37.11","0.0","0.0","0.0","0.0","0.0","0.0","$1","$1"
"","493","Sincere McCormick","15.0","15.0","RB","SF","8","26.13","0.0","0.0","0.0","0.0","0.0","0.0","$1","$1"
"","494","Terrell Jennings","15.0","15.0","RB","NE","11","37.13","0.0","0.0","0.0","0.0","0.0","0.0","$1","$1"
"","495","Jordan Mims","15.0","15.0","RB","UNS","18","46.12","0.0","0.0","0.0","0.0","0.0","0.0","$1","$1"
"","496","Damien Martinez","15.0","15.0","RB","GB","11","50.11","0.0","3.0","0.0","0.0","0.0","0.0","$1","$1"
"","497","Brittain Brown","15.0","15.0","RB","CHI","10","65.13","0.0","20.0","0.0","0.0","0.0","0.0","$1","$1"
"","498","Marcus Yarns","15.0","15.0","RB","UNS","18","74.01","0.0","0.0","0.0","0.0","0.0","0.0","$1","$1"
"","499","Daijun Edwards","15.0","15.0","RB","UNS","18","74.01","0.0","0.0","0.0","0.0","0.0","0.0","$1","$1"
"","500","Dillon Johnson","15.0","15.0","RB","UNS","18","74.01","0.0","0.0","0.0","0.0","0.0","0.0","$1","$1"
"","501","Lew Nichols","15.0","15.0","RB","UNS","18","31.13","0.0","0.0","0.0","0.0","0.0","0.0","$1","$1"
"","502","Avery Williams","15.0","15.0","RB","UNS","18","61.14","0.0","0.0","0.0","0.0","0.0","0.0","$1","$1"
"","503","Julius Chestnut","15.0","15.0","RB","TEN","9","66.07","0.0","3.0","0.0","0.0","0.0","0.0","$1","$1"
"","504","Louis Rees-Zammit","15.0","15.0","RB","UNS","18","40.13","0.0","0.0","0.0","0.0","0.0","0.0","$1","$1"
"","505","Blake Watson","15.0","15.0","RB","UNS","18","44.14","0.0","0.0","0.0","0.0","0.0","0.0","$1","$1"
"","506","Kendall Milton","15.0","15.0","RB","CIN","6","60.08","0.0","0.0","0.0","0.0","0.0","0.0","$1","$1"
"","507","Keilan Robinson","15.0","15.0","RB","UNS","18","51.02","0.0","0.0","0.0","0.0","0.0","0.0","$1","$1"
"","508","Cody Schrader","15.0","15.0","RB","LAR","11","58.14","0.0","0.0","0.0","0.0","0.0","0.0","$1","$1"
"","509","Frank Gore Jr.","15.0","15.0","RB","BUF","7","38.08","0.0","22.0","0.0","0.0","0.0","0.0","$1","$1"
"","510","Jase McClellan","15.0","15.0","RB","UNS","18","28.10","0.0","0.0","0.0","0.0","0.0","0.0","$1","$1"
"","511","Elijah Dotson","15.0","15.0","RB","UNS","18","61.08","0.0","0.0","0.0","0.0","0.0","0.0","$1","$1"
"","512","Xazavian Valladay","15.0","15.0","RB","PIT","9","34.06","0.0","0.0","0.0","0.0","0.0","0.0","$1","$1"
"","513","Deneric Prince","15.0","15.0","RB","UNS","18","51.01","0.0","0.0","0.0","0.0","0.0","0.0","$1","$1"
"","514","Luke McCaffrey","15.0","14.0","WR","WAS","7","28.08","42.9","23.0","45.2","100.8","60.0","0.0","$1","$1"
"","515","Noah Gray","15.0","10.0","TE","KC","5","20.09","41.6","34.0","41.6","91.5","55.2","0.0","$1","$1"
"","516","Zavion Thomas","15.0","14.0","WR","CHI","10","17.14","37.7","32.0","44.4","104.3","59.5","0.0","$1","$1"
"","517","Noah Fant","15.0","10.0","TE","NO","8","19.05","35.6","34.0","38.7","100.6","55.0","0.0","$1","$1"
"","518","Tez Johnson","15.0","14.0","WR","TB","10","57.14","31.2","28.0","32.5","126.8","58.0","0.0","$1","$1"
"","519","Skyler Bell","15.0","14.0","WR","BUF","7","17.07","29.6","36.0","32.2","125.6","57.2","0.0","$1","$1"
"","520","Tyler Higbee","15.0","10.0","TE","LAR","11","18.09","32.5","43.0","36.1","99.3","52.7","0.0","$1","$1"
"","521","Mitchell Evans","15.0","10.0","TE","CAR","5","24.14","32.9","25.0","35.0","98.0","51.8","0.0","$1","$1"
"","522","Xavier Hutchinson","15.0","15.0","WR","HOU","8","66.04","30.0","35.0","30.6","122.4","55.5","0.0","$1","$1"
"","523","Oscar Delp","15.0","10.0","TE","NO","8","40.09","28.4","13.0","33.4","103.5","51.6","0.0","$1","$1"
"","524","Cedric Tillman","15.0","15.0","WR","CLE","11","62.13","27.2","23.0","29.6","124.3","55.0","0.0","$2","$1"
"","525","Chimere Dike","15.0","15.0","WR","TEN","9","73.09","35.7","51.0","38.8","99.7","54.9","0.0","$1","$1"
"","526","Savion Williams","15.0","15.0","WR","GB","11","68.12","36.1","33.0","40.1","96.2","54.7","0.0","$1","$1"
"","527","Justin Joly","15.0","10.0","TE","DEN","10","65.11","26.3","24.0","30.9","106.6","50.7","0.0","$1","$1"
"","528","Ben Sinnott","15.0","10.0","TE","WAS","7","43.11","27.4","22.0","30.4","106.4","50.6","0.0","$1","$1"
"","529","Roman Wilson","15.0","15.0","WR","PIT","9","25.08","30.5","17.0","33.9","108.5","53.6","0.0","$1","$1"
"","530","Hunter Renfrow","15.0","15.0","WR","UNS","18","49.03","29.4","4.0","36.7","102.8","53.4","0.0","$1","$1"
"","531","Austin Hooper","15.0","10.0","TE","ATL","11","23.04","34.2","35.0","37.2","85.6","49.9","0.0","$1","$1"
"","532","Demarcus Robinson","15.0","15.0","WR","SF","8","38.01","30.3","28.0","35.6","103.2","53.1","0.0","$1","$1"
"","533","Jordan Whittington","15.0","15.0","WR","LAR","11","18.05","36.7","17.0","38.6","92.6","53.0","0.0","$1","$1"
"","534","Dont'e Thornton Jr.","15.0","15.0","WR","LVR","13","24.03","26.2","20.0","29.1","116.4","52.4","0.0","$1","$1"
"","535","DJ Rogers","15.0","10.0","TE","DAL","14","74.01","28.4","0.0","33.4","93.5","48.9","0.0","$1","$1"
"","536","Reggie Virgil","15.0","15.0","WR","ARI","14","35.01","25.7","7.0","29.9","113.6","52.0","0.0","$1","$1"
"","537","Demario Douglas","15.0","15.0","WR","NE","11","20.01","32.7","36.0","34.4","96.3","51.0","0.0","$1","$1"
"","538","Nate Boerkircher","15.0","11.0","TE","JAC","7","32.09","25.9","22.0","30.5","96.1","47.6","0.0","$1","$1"
"","539","Cyrus Allen","15.0","15.0","WR","KC","5","20.08","22.1","16.0","26.0","117.0","50.1","0.0","$1","$1"
"","540","Colbie Young","15.0","15.0","WR","CIN","6","28.07","23.7","10.0","27.9","111.6","50.0","0.0","$1","$1"
"","541","Tommy Tremble","15.0","11.0","TE","CAR","5","22.03","26.7","30.0","29.7","95.6","47.1","0.0","$1","$1"
"","542","Eli Raridon","15.0","11.0","TE","NE","11","22.06","26.4","18.0","31.0","93.0","47.1","0.0","$1","$1"
"","543","Devontez Walker","15.0","15.0","WR","BAL","13","22.07","23.5","25.0","26.7","112.1","49.4","0.0","$1","$1"
"","544","Van Jefferson","15.0","15.0","WR","WAS","7","39.02","28.6","33.0","31.8","98.6","49.4","0.0","$1","$1"
"","545","Marquez Valdes-Scantling","15.0","15.0","WR","DAL","14","21.14","23.0","14.0","30.6","104.0","49.2","0.0","$1","$1"
"","546","Jordan Watkins","15.0","15.0","WR","SF","8","29.08","21.8","6.0","24.2","116.2","48.9","0.0","$1","$1"
"","547","Will Dissly","15.0","11.0","TE","UNS","18","49.13","28.1","12.0","30.2","90.6","46.3","0.0","$1","$1"
"","548","Charlie Kolar","15.0","11.0","TE","LAC","7","48.08","31.6","29.0","37.2","74.4","46.3","0.0","$1","$1"
"","549","Luke Musgrave","15.0","11.0","TE","GB","11","32.04","24.8","32.0","26.1","100.5","46.2","0.0","$1","$1"
"","550","Jackson Hawes","15.0","11.0","TE","BUF","7","27.03","20.0","24.0","22.2","111.0","46.0","0.0","$1","$1"
"","551","Cade Stover","15.0","11.0","TE","HOU","8","33.04","27.0","15.0","30.0","90.0","45.8","0.0","$1","$1"
"","552","Elijah Higgins","15.0","11.0","TE","ARI","14","34.12","29.0","24.0","30.5","85.4","45.2","0.0","$1","$1"
"","553","KeAndre Lambert-Smith","15.0","15.0","WR","LAC","7","44.05","23.6","24.0","26.2","104.8","47.2","0.0","$1","$1"
"","554","Eric McAlister","15.0","15.0","WR","RK","18","74.01","20.3","14.0","22.5","112.5","46.7","0.0","$1","$1"
"","555","Daniel Bellinger","15.0","11.0","TE","TEN","9","62.06","27.1","28.0","29.5","85.6","44.4","0.0","$1","$1"
"","556","Atlanta Falcons","15.0","4.0","DEF","ATL","11","71.13","71.8","68.0","71.8","71.8","71.8","0.0","$1","$1"
"","557","Mitchell Tinsley","15.0","15.0","WR","CIN","6","26.10","20.1","24.0","22.3","111.5","46.2","0.0","$1","$1"
"","558","Tanner Koziol","15.0","11.0","TE","JAC","7","52.05","20.5","13.0","24.1","98.8","43.8","0.0","$1","$1"
"","559","Tai Felton","15.0","15.0","WR","MIN","6","26.11","27.9","14.0","29.4","88.2","45.2","0.0","$1","$1"
"","560","JuJu Smith-Schuster","15.0","15.0","WR","NYG","8","22.10","20.2","11.0","26.9","98.2","45.1","0.0","$1","$1"
"","561","Odell Beckham Jr.","15.0","15.0","WR","NYG","8","15.06","19.4","12.0","24.2","104.1","45.1","0.0","$1","$1"
"","562","Jake Tonges","15.0","11.0","TE","SF","8","71.14","27.1","39.0","30.8","78.5","43.1","0.0","$1","$1"
"","563","Arian Smith","15.0","15.0","WR","NYJ","13","29.02","19.4","7.0","21.6","108.0","44.8","0.0","$1","$1"
"","564","Kevin Coleman Jr.","15.0","15.0","WR","MIA","6","36.01","21.6","30.0","24.0","100.8","44.5","0.0","$1","$1"
"","565","Brandon McManus","15.0","5.0","K","UNS","18","67.04","123.0","103.0","123.0","123.0","123.0","0.0","$1","$1"
"","566","Malik Benson","15.0","15.0","WR","LVR","13","37.02","20.6","8.0","24.2","96.8","43.4","0.0","$1","$1"
"","567","John Metchie","15.0","15.0","WR","CAR","5","31.09","25.9","49.0","26.7","88.1","43.3","0.0","$1","$1"
"","568","Sam Roush","15.0","11.0","TE","CHI","10","21.06","23.7","11.0","26.6","83.8","41.7","0.0","$1","$1"
"","569","Theo Wease Jr.","15.0","15.0","WR","MIA","6","58.02","17.5","57.0","20.6","103.0","42.5","0.0","$1","$1"
"","570","Konata Mumpfield","15.0","15.0","WR","LAR","11","22.04","19.3","27.0","20.3","101.5","42.3","0.0","$1","$1"
"","571","Greg Dortch","15.0","15.0","WR","DET","6","32.13","28.9","17.0","31.1","73.1","42.2","0.0","$1","$1"
"","572","Jonathan Mingo","15.0","15.0","WR","DAL","14","27.09","21.1","8.0","24.2","92.0","42.1","0.0","$1","$1"
"","573","Jalin Hyatt","15.0","15.0","WR","NYG","8","55.06","16.6","4.0","18.4","101.2","40.7","0.0","$1","$1"
"","574","Ja'Lynn Polk","15.0","15.0","WR","NO","8","33.13","18.2","4.0","22.8","91.2","40.6","0.0","$1","$1"
"","575","Tanner Hudson","15.0","11.0","TE","CIN","6","34.10","22.1","22.0","24.6","78.7","38.9","0.0","$1","$1"
"","576","Josh Oliver","15.0","11.0","TE","MIN","6","63.05","22.7","34.0","23.9","78.9","38.7","0.0","$1","$1"
"","577","Brevyn Spann-Ford","15.0","11.0","TE","DAL","14","23.14","20.1","11.0","21.2","84.8","38.4","0.0","$1","$1"
"","578","CJ Daniels","15.0","15.0","WR","LAR","11","18.03","17.5","26.0","19.9","89.6","38.5","0.0","$1","$1"
"","579","Adam Trautman","15.0","12.0","TE","DEN","10","21.12","21.8","25.0","27.3","68.3","37.5","0.0","$1","$1"
"","580","Tyler Conklin","15.0","12.0","TE","DET","6","63.03","22.7","7.0","23.9","74.1","37.4","0.0","$1","$1"
"","581","Matthew Hibner","15.0","12.0","TE","BAL","13","41.02","17.7","12.0","20.8","83.2","37.3","0.0","$1","$1"
"","582","Davis Allen","15.0","12.0","TE","LAR","11","34.01","19.4","21.0","21.5","80.6","37.2","0.0","$1","$1"
"","583","Will Kacmarek","15.0","12.0","TE","MIA","6","30.10","19.8","28.0","20.8","81.1","37.1","0.0","$1","$1"
"","584","K.J. Osborn","15.0","15.0","WR","TEN","9","43.06","21.1","0.0","25.7","72.0","37.5","0.0","$1","$1"
"","585","Marlin Klein","15.0","12.0","TE","HOU","8","47.12","21.2","26.0","24.1","72.3","36.7","0.0","$1","$1"
"","586","Malachi Corley","15.0","15.0","WR","CLE","11","28.01","15.6","12.0","17.3","90.0","36.8","0.0","$1","$1"
"","587","Brock Wright","15.0","12.0","TE","DET","6","27.14","22.4","33.0","23.6","70.8","36.3","0.0","$1","$1"
"","588","Jeff Caldwell","15.0","15.0","WR","KC","5","74.01","14.3","0.0","16.8","90.6","36.5","0.0","$1","$1"
"","589","Luke Schoonmaker","15.0","12.0","TE","DAL","14","19.06","18.8","16.0","19.8","79.2","35.8","0.0","$1","$1"
"","590","Xavier Restrepo","15.0","15.0","WR","TEN","9","29.06","14.6","7.0","16.2","89.1","35.8","0.0","$1","$1"
"","591","Joe Royer","15.0","12.0","TE","CLE","11","27.12","16.8","13.0","19.8","79.2","35.5","0.0","$1","$1"
"","592","Josh Cameron","15.0","15.0","WR","JAC","7","56.14","16.0","16.0","18.2","81.9","35.2","0.0","$1","$1"
"","593","Drew Sample","15.0","12.0","TE","CIN","6","23.06","18.3","22.0","19.3","77.2","34.9","0.0","$1","$1"
"","594","Deion Burks","15.0","15.0","WR","IND","13","36.04","14.3","30.0","17.4","82.7","34.7","0.0","$1","$1"
"","595","Tim Patrick","15.0","15.0","WR","NYJ","13","24.04","19.4","13.0","21.8","65.4","33.3","0.0","$1","$1"
"","596","Bub Means","15.0","15.0","WR","NO","8","51.08","15.5","29.0","16.3","78.2","33.0","0.0","$1","$1"
"","597","Dominic Lovett","15.0","15.0","WR","DET","6","56.01","13.4","0.0","15.8","80.6","33.0","0.0","$1","$1"
"","598","David Sills V","15.0","15.0","WR","TB","10","53.04","15.0","10.0","15.8","79.0","32.9","0.0","$1","$1"
"","599","Derius Davis","15.0","15.0","WR","LAC","7","39.12","21.7","8.0","22.8","59.3","32.6","0.0","$1","$1"
"","600","Josh Cuevas","15.0","12.0","TE","BAL","13","48.04","14.2","10.0","16.1","78.9","32.9","0.0","$1","$1"
"","601","Chad Ryland","15.0","5.0","K","ARI","14","72.10","103.4","111.0","106.6","147.1","117.1","0.0","$1","$1"
"","602","Riley Nowakowski","15.0","12.0","TE","PIT","9","28.12","14.9","13.0","16.9","76.1","32.7","0.0","$1","$1"
"","603","Casey Washington","15.0","15.0","WR","ATL","11","43.12","14.0","17.0","15.5","76.0","31.7","0.0","$1","$1"
"","604","Emmanuel Henderson Jr.","15.0","15.0","WR","SEA","11","46.13","13.0","5.0","15.3","76.5","31.6","0.0","$1","$1"
"","605","Mecole Hardman","15.0","15.0","WR","BUF","7","27.02","12.2","4.0","15.3","76.5","31.4","0.0","$1","$1"
"","606","Devin Culp","15.0","12.0","TE","TB","10","58.13","14.7","8.0","16.3","73.4","31.6","0.0","$1","$1"
"","607","Jacob Cowing","15.0","15.0","WR","SF","8","41.13","19.4","4.0","20.4","59.2","30.8","0.0","$1","$1"
"","608","Luke Farrell","15.0","12.0","TE","SF","8","26.02","13.5","9.0","15.0","75.0","31.1","0.0","$1","$1"
"","609","Isaiah Williams","15.0","15.0","WR","NYJ","13","41.07","17.5","14.0","18.4","58.9","29.3","0.0","$1","$1"
"","610","Quez Watkins","15.0","15.0","WR","PHI","10","29.03","12.0","0.0","14.1","70.5","29.1","0.0","$1","$1"
"","611","Barion Brown","15.0","15.0","WR","NO","8","41.09","16.7","15.0","18.6","57.7","28.9","0.0","$1","$1"
"","612","Will Mallory","15.0","12.0","TE","IND","13","53.10","13.1","13.0","14.6","71.5","29.9","0.0","$1","$1"
"","613","Johnny Wilson","15.0","15.0","WR","PHI","10","53.07","12.8","4.0","16.0","64.0","28.5","0.0","$1","$1"
"","614","Tahj Washington","15.0","15.0","WR","MIA","6","23.11","11.5","0.0","12.8","70.4","28.3","0.0","$1","$1"
"","615","Harrison Wallace III","15.0","15.0","WR","ARI","14","74.01","11.5","0.0","12.8","70.4","28.3","0.0","$1","$1"
"","616","Kevin Austin Jr.","15.0","15.0","WR","NO","8","53.05","14.1","14.0","15.7","61.2","27.8","0.0","$1","$1"
"","617","Jordan Hudson","15.0","15.0","WR","DAL","14","74.01","12.0","0.0","13.3","65.2","27.2","0.0","$1","$1"
"","618","Eric Rivers","15.0","15.0","WR","TB","10","74.01","11.5","10.0","12.8","66.6","27.2","0.0","$1","$1"
"","619","Thomas Fidone II","15.0","12.0","TE","NYG","8","56.03","9.7","20.0","10.8","75.6","28.3","0.0","$1","$1"
"","620","Darius Cooper","15.0","15.0","WR","PHI","10","57.02","14.1","9.0","14.8","59.2","26.8","0.0","$1","$1"
"","621","Anthony Smith","15.0","15.0","WR","DAL","14","62.07","11.5","4.0","13.5","63.5","26.8","0.0","$1","$1"
"","622","Kaden Wetjen","15.0","15.0","WR","PIT","9","39.13","17.8","5.0","20.9","44.1","26.7","0.0","$1","$1"
"","623","John Bates","15.0","12.0","TE","WAS","7","45.02","13.4","22.0","14.9","64.1","28.1","0.0","$1","$1"
"","624","Jack Endries","15.0","12.0","TE","CIN","6","49.10","14.4","15.0","16.9","59.2","28.0","0.0","$1","$1"
"","625","Jared Wiley","15.0","12.0","TE","KC","5","65.06","13.5","11.0","14.2","63.9","27.6","0.0","$1","$1"
"","626","Jake Briningstool","15.0","13.0","TE","KC","5","74.01","9.5","4.0","10.5","73.5","27.5","0.0","$1","$1"
"","627","Tip Reiman","15.0","13.0","TE","ARI","14","55.08","11.9","10.0","13.2","66.0","27.4","0.0","$1","$1"
"","628","Michael Trigg","15.0","13.0","TE","DAL","14","20.11","13.1","15.0","16.4","57.4","27.0","0.0","$1","$1"
"","629","Charlie Jones","15.0","15.0","WR","CIN","6","36.06","11.9","4.0","14.0","55.7","25.0","0.0","$1","$1"
"","630","Lewis Bond","15.0","15.0","WR","HOU","8","45.10","11.1","4.0","12.3","59.0","24.8","0.0","$1","$1"
"","631","Mason Tipton","15.0","15.0","WR","NO","8","41.10","13.1","11.0","14.5","52.2","24.5","0.0","$1","$1"
"","632","CJ Williams","15.0","15.0","WR","JAC","7","48.05","10.7","0.0","12.6","56.7","24.3","0.0","$1","$1"
"","633","J. Michael Sturdivant","15.0","15.0","WR","GB","11","74.01","10.9","0.0","12.1","56.9","24.1","0.0","$1","$1"
"","634","Bauer Sharp","15.0","13.0","TE","TB","10","47.08","11.9","4.0","13.4","60.3","25.9","0.0","$1","$1"
"","635","Efton Chism","15.0","15.0","WR","NE","11","20.12","12.2","13.0","12.8","52.5","23.5","0.0","$1","$1"
"","636","Graham Gano","15.0","6.0","K","UNS","18","16.11","112.3","106.0","112.3","112.3","112.3","0.0","$1","$1"
"","637","Seydou Traore","15.0","13.0","TE","MIA","6","38.11","10.2","12.0","12.0","60.0","24.8","0.0","$1","$1"
"","638","Payne Durham","15.0","13.0","TE","TB","10","26.08","12.5","10.0","12.9","56.8","24.8","0.0","$1","$1"
"","639","Dallen Bentley","15.0","13.0","TE","DEN","10","57.06","11.0","4.0","12.9","55.5","24.2","0.0","$1","$1"
"","640","Anthony Gould","15.0","15.0","WR","IND","13","48.10","10.7","7.0","11.9","46.4","21.1","0.0","$1","$1"
"","641","Charlie Woerner","15.0","13.0","TE","ATL","11","32.10","11.6","12.0","12.9","51.6","23.2","0.0","$1","$1"
"","642","Aaron Anderson","15.0","15.0","WR","CLE","11","74.01","8.1","13.0","9.0","50.0","20.0","0.0","$1","$1"
"","643","Vinny Anthony II","15.0","15.0","WR","ATL","11","74.01","8.2","0.0","9.1","46.0","19.0","0.0","$1","$1"
"","644","RJ Maryland","15.0","13.0","TE","GB","11","74.01","9.6","0.0","11.3","50.9","21.8","0.0","$1","$1"
"","645","John Michael Gyllenborg","15.0","13.0","TE","KC","5","74.01","9.5","13.0","11.2","50.4","21.6","0.0","$1","$1"
"","646","Jeremy Ruckert","15.0","13.0","TE","NYJ","13","24.09","12.3","12.0","12.9","45.2","21.6","0.0","$1","$1"
"","647","Johnny Mundt","15.0","13.0","TE","PHI","10","64.14","11.4","6.0","13.4","42.9","21.1","0.0","$1","$1"
"","648","Hunter Long","15.0","13.0","TE","JAC","7","55.14","8.6","14.0","9.6","49.9","20.4","0.0","$1","$1"
"","649","Grant Calcaterra","15.0","13.0","TE","PHI","10","21.10","12.8","12.0","14.6","36.5","20.3","0.0","$1","$1"
"","650","Carsen Ryan","15.0","13.0","TE","CLE","11","37.05","8.2","4.0","10.3","46.4","19.8","0.0","$1","$1"
"","651","Jaren Kanak","15.0","13.0","TE","TEN","9","27.08","8.6","13.0","10.1","40.4","18.1","0.0","$1","$1"
"","652","Mo Alie-Cox","15.0","13.0","TE","IND","13","52.13","17.6","13.0","17.6","17.6","17.6","0.0","$1","$1"
"","653","Max Tomczak","15.0","15.0","WR","BUF","7","74.01","3.7","0.0","4.1","20.5","8.5","0.0","$1","$1"
"","654","Andrew 'Drew' Ogletree","15.0","14.0","TE","IND","13","39.11","13.2","7.0","13.2","13.2","13.2","0.0","$1","$1"
"","655","Tyrell Shavers","15.0","15.0","WR","BUF","7","51.04","3.9","11.0","4.1","20.1","8.4","0.0","$1","$1"
"","656","Tyren Montgomery","15.0","15.0","WR","TEN","9","74.01","3.7","0.0","4.1","19.7","8.3","0.0","$1","$1"
"","657","Noah Thomas","15.0","15.0","WR","CIN","6","74.01","3.7","22.0","4.1","19.5","8.2","0.0","$1","$1"
"","658","Caullin Lacy","15.0","15.0","WR","NYJ","13","74.01","3.7","0.0","4.1","15.6","7.2","0.0","$1","$1"
"","659","Chris Hilton Jr.","15.0","15.0","WR","WAS","7","74.01","3.7","0.0","4.1","15.6","7.2","0.0","$1","$1"
"","660","Kendrick Law","15.0","15.0","WR","DET","6","46.03","3.6","4.0","4.1","14.6","6.9","0.0","$1","$1"
"","661","Durham Smythe","15.0","14.0","TE","BAL","13","22.14","10.5","13.0","10.5","10.5","10.5","0.0","$1","$1"
"","662","Skyy Moore","15.0","15.0","WR","GB","11","23.10","0.0","5.0","4.1","5.7","4.6","0.0","$1","$1"
"","663","Dareke Young","15.0","15.0","WR","LVR","13","56.08","0.0","6.0","4.1","5.3","4.5","0.0","$1","$1"
"","664","Xavier Smith","15.0","15.0","WR","LAR","11","23.01","0.0","14.0","4.1","5.3","4.5","0.0","$1","$1"
"","665","Braxton Berrios","15.0","15.0","WR","NYG","8","25.14","0.0","4.0","4.1","5.0","4.4","0.0","$1","$1"
"","666","Britain Covey","15.0","15.0","WR","PHI","10","40.07","0.0","4.0","4.1","5.0","4.4","0.0","$1","$1"
"","667","Chase Roberts","15.0","15.0","WR","LVR","13","74.01","4.1","6.0","4.1","4.1","4.1","0.0","$1","$1"
"","668","Jalen Walthall","15.0","15.0","WR","HOU","8","74.01","4.1","0.0","4.1","4.1","4.1","0.0","$1","$1"
"","669","Donaven McCulley","15.0","15.0","WR","MIA","6","74.01","4.1","0.0","4.1","4.1","4.1","0.0","$1","$1"
"","670","Gage Larvadain","15.0","15.0","WR","CLE","11","43.14","4.1","5.0","4.1","4.1","4.1","0.0","$1","$1"
"","671","Nikko Remigio","15.0","15.0","WR","KC","5","51.10","1.0","5.0","4.1","5.7","4.0","0.0","$1","$1"
"","672","Kameron Johnson","15.0","15.0","WR","TB","10","31.04","0.4","7.0","4.1","5.7","3.9","0.0","$1","$1"
"","673","LaJohntay Wester","15.0","15.0","WR","BAL","13","31.11","0.4","5.0","4.1","5.7","3.9","0.0","$1","$1"
"","674","Myles Price","15.0","15.0","WR","MIN","6","58.06","1.2","4.0","4.1","5.3","3.9","0.0","$1","$1"
"","675","Devin Duvernay","15.0","15.0","WR","ARI","14","53.01","0.4","5.0","4.1","5.3","3.8","0.0","$1","$1"
"","676","Brandin Cooks","15.0","15.0","WR","BUF","7","53.08","0.0","11.0","0.0","0.0","0.0","0.0","$1","$1"
"","677","Robert Woods","15.0","15.0","WR","UNS","18","62.12","0.0","0.0","0.0","0.0","0.0","0.0","$1","$1"
"","678","Adam Thielen","15.0","15.0","WR","UNS","18","63.14","0.0","0.0","0.0","0.0","0.0","0.0","$1","$1"
"","679","Robbie Chosen","15.0","15.0","WR","UNS","18","54.10","0.0","0.0","0.0","0.0","0.0","0.0","$1","$1"
"","680","Zay Jones","15.0","15.0","WR","UNS","18","38.14","0.0","0.0","0.0","0.0","0.0","0.0","$1","$1"
"","681","Josh Reynolds","15.0","15.0","WR","UNS","18","52.11","0.0","2.0","0.0","0.0","0.0","0.0","$1","$1"
"","682","Alex Erickson","15.0","15.0","WR","LAC","7","63.09","0.0","0.0","0.0","0.0","0.0","0.0","$1","$1"
"","683","Tyler Boyd","15.0","15.0","WR","UNS","18","48.07","0.0","0.0","0.0","0.0","0.0","0.0","$1","$1"
"","684","Jamison Crowder","15.0","15.0","WR","WAS","7","53.14","0.0","0.0","0.0","0.0","0.0","0.0","$1","$1"
"","685","Nelson Agholor","15.0","15.0","WR","UNS","18","63.11","0.0","0.0","0.0","0.0","0.0","0.0","$1","$1"
"","686","Allen Robinson","15.0","15.0","WR","DET","6","64.13","0.0","0.0","0.0","0.0","0.0","0.0","$1","$1"
"","687","Diontae Johnson","15.0","15.0","WR","UNS","18","56.10","0.0","0.0","0.0","0.0","0.0","0.0","$1","$1"
"","688","Lil'Jordan Humphrey","15.0","15.0","WR","DEN","10","19.09","0.0","7.0","0.0","0.0","0.0","0.0","$1","$1"
"","689","Stanley Morgan","15.0","15.0","WR","CIN","6","74.01","0.0","0.0","0.0","0.0","0.0","0.0","$1","$1"
"","690","Scott 'Scotty' Miller","15.0","15.0","WR","UNS","18","20.06","0.0","0.0","0.0","0.0","0.0","0.0","$1","$1"
"","691","Justin Watson","15.0","15.0","WR","HOU","8","37.14","0.0","3.0","0.0","0.0","0.0","0.0","$1","$1"
"","692","Ray-Ray McCloud","15.0","15.0","WR","NYG","8","57.11","0.0","0.0","0.0","0.0","0.0","0.0","$1","$1"
"","693","Zach Pascal","15.0","15.0","WR","UNS","18","64.10","0.0","0.0","0.0","0.0","0.0","0.0","$1","$1"
"","694","Trent Sherfield","15.0","15.0","WR","BUF","7","43.13","0.0","2.0","0.0","0.0","0.0","0.0","$1","$1"
"","695","Hakeem Butler","15.0","15.0","WR","CIN","6","74.01","0.0","0.0","0.0","0.0","0.0","0.0","$1","$1"
"","696","Cedrick 'Ced' Wilson","15.0","15.0","WR","MIA","6","30.05","0.0","0.0","0.0","0.0","0.0","0.0","$1","$1"
"","697","Dante Pettis","15.0","15.0","WR","NO","8","38.13","0.0","2.0","0.0","0.0","0.0","0.0","$1","$1"
"","698","Allen Lazard","15.0","15.0","WR","UNS","18","28.04","0.0","2.0","0.0","0.0","0.0","0.0","$1","$1"
"","699","Tre'Quan Smith","15.0","15.0","WR","DET","6","74.01","0.0","0.0","0.0","0.0","0.0","0.0","$1","$1"
"","700","D.J. Chark Jr.","15.0","15.0","WR","UNS","18","41.08","0.0","0.0","0.0","0.0","0.0","0.0","$1","$1"
"","701","Equanimeous St. Brown","15.0","15.0","WR","SF","8","52.12","0.0","0.0","0.0","0.0","0.0","0.0","$1","$1"
"","702","Michael Gallup","15.0","15.0","WR","UNS","18","74.01","0.0","0.0","0.0","0.0","0.0","0.0","$1","$1"
"","703","Anthony Miller","15.0","15.0","WR","BAL","13","34.09","0.0","0.0","0.0","0.0","0.0","0.0","$1","$1"
"","704","David Moore","15.0","15.0","WR","CAR","5","64.08","0.0","2.0","0.0","0.0","0.0","0.0","$1","$1"
"","705","Velus Jones","15.0","15.0","RB","NO","8","60.01","0.0","0.0","0.0","0.0","0.0","0.0","$1","$1"
"","706","Danny Gray","15.0","15.0","WR","UNS","18","46.06","0.0","0.0","0.0","0.0","0.0","0.0","$1","$1"
"","707","Erik Ezukanma","15.0","15.0","WR","UNS","18","50.01","0.0","0.0","0.0","0.0","0.0","0.0","$1","$1"
"","708","Kyle Philips","15.0","15.0","WR","LVR","13","74.01","0.0","0.0","0.0","0.0","0.0","0.0","$1","$1"
"","709","Irvin Charles","15.0","15.0","WR","NYJ","13","46.01","0.0","0.0","0.0","0.0","0.0","0.0","$1","$1"
"","710","Brandon Johnson","15.0","15.0","WR","UNS","18","55.10","0.0","0.0","0.0","0.0","0.0","0.0","$1","$1"
"","711","Chris Moore","15.0","15.0","WR","UNS","18","64.05","0.0","2.0","0.0","0.0","0.0","0.0","$1","$1"
"","712","Samori Toure","15.0","15.0","WR","UNS","18","25.02","0.0","0.0","0.0","0.0","0.0","0.0","$1","$1"
"","713","Bo Melton","15.0","15.0","CB","GB","11","74.01","0.0","11.0","0.0","0.0","0.0","0.0","$1","$1"
"","714","Trey Palmer","15.0","15.0","WR","NO","8","19.11","0.0","0.0","0.0","0.0","0.0","0.0","$1","$1"
"","715","Justin Shorter","15.0","15.0","WR","UNS","18","60.06","0.0","0.0","0.0","0.0","0.0","0.0","$1","$1"
"","716","Ronnie Bell","15.0","15.0","WR","NO","8","45.13","0.0","0.0","0.0","0.0","0.0","0.0","$1","$1"
"","717","Jalen Moreno-Cropper","15.0","15.0","WR","UNS","18","44.09","0.0","0.0","0.0","0.0","0.0","0.0","$1","$1"
"","718","Jake Bobo","15.0","15.0","WR","SEA","11","21.11","0.0","2.0","0.0","0.0","0.0","0.0","$1","$1"
"","719","Tyler Scott","15.0","15.0","WR","LAR","11","44.01","0.0","0.0","0.0","0.0","0.0","0.0","$1","$1"
"","720","Rakim Jarrett","15.0","15.0","WR","UNS","18","60.04","0.0","0.0","0.0","0.0","0.0","0.0","$1","$1"
"","721","A.T. Perry","15.0","15.0","WR","UNS","18","21.07","0.0","0.0","0.0","0.0","0.0","0.0","$1","$1"
"","722","Kadarius Toney","15.0","15.0","WR","UNS","18","60.11","0.0","0.0","0.0","0.0","0.0","0.0","$1","$1"
"","723","Terrace Marshall","15.0","15.0","WR","MIA","6","22.02","0.0","0.0","0.0","0.0","0.0","0.0","$1","$1"
"","724","Elijah Moore","15.0","15.0","WR","PHI","10","49.14","0.0","0.0","0.0","0.0","0.0","0.0","$1","$1"
"","725","Tylan Wallace","15.0","15.0","WR","CLE","11","23.07","0.0","4.0","0.0","0.0","0.0","0.0","$1","$1"
"","726","D'Wayne 'Dee' Eskridge","15.0","15.0","WR","MIA","6","51.13","0.0","2.0","0.0","0.0","0.0","0.0","$1","$1"
"","727","Simi Fehoko","15.0","15.0","WR","ARI","14","42.06","0.0","0.0","0.0","0.0","0.0","0.0","$1","$1"
"","728","Ihmir Smith-Marsette","15.0","15.0","WR","UNS","18","35.05","0.0","0.0","0.0","0.0","0.0","0.0","$1","$1"
"","729","Frank Darby","15.0","15.0","WR","ATL","11","74.01","0.0","0.0","0.0","0.0","0.0","0.0","$1","$1"
"","730","Mike Strachan","15.0","15.0","WR","CAR","5","74.01","0.0","0.0","0.0","0.0","0.0","0.0","$1","$1"
"","731","Justyn Ross","15.0","15.0","WR","UNS","18","50.07","0.0","0.0","0.0","0.0","0.0","0.0","$1","$1"
"","732","DeAndre Carter","15.0","15.0","WR","CLE","11","47.13","0.0","0.0","0.0","0.0","0.0","0.0","$1","$1"
"","733","Brandon Powell","15.0","15.0","WR","MIN","6","52.01","0.0","0.0","0.0","0.0","0.0","0.0","$1","$1"
"","734","Tim Jones","15.0","15.0","WR","MIN","6","47.11","0.0","0.0","0.0","0.0","0.0","0.0","$1","$1"
"","735","Trenton Irwin","15.0","15.0","WR","UNS","18","61.04","0.0","0.0","0.0","0.0","0.0","0.0","$1","$1"
"","736","D.J. Montgomery","15.0","15.0","WR","IND","13","45.12","0.0","0.0","0.0","0.0","0.0","0.0","$1","$1"
"","737","Ben Skowronek","15.0","15.0","WR","PIT","9","34.11","0.0","3.0","0.0","0.0","0.0","0.0","$1","$1"
"","738","Austin Watkins Jr.","15.0","15.0","WR","CLE","11","74.01","0.0","0.0","0.0","0.0","0.0","0.0","$1","$1"
"","739","Austin Trammell","15.0","15.0","WR","JAC","7","24.11","0.0","0.0","0.0","0.0","0.0","0.0","$1","$1"
"","740","Kristian Wilkerson","15.0","15.0","WR","UNS","18","55.07","0.0","0.0","0.0","0.0","0.0","0.0","$1","$1"
"","741","KhaDarel Hodge","15.0","15.0","WR","ATL","11","54.03","0.0","0.0","0.0","0.0","0.0","0.0","$1","$1"
"","742","Deonte Harty","15.0","15.0","WR","BAL","13","49.05","0.0","0.0","0.0","0.0","0.0","0.0","$1","$1"
"","743","Cam Sims","15.0","15.0","WR","LVR","13","74.01","0.0","0.0","0.0","0.0","0.0","0.0","$1","$1"
"","744","Jalen Guyton","15.0","15.0","WR","LVR","13","74.01","0.0","0.0","0.0","0.0","0.0","0.0","$1","$1"
"","745","Malik Taylor","15.0","15.0","WR","UNS","18","74.01","0.0","0.0","0.0","0.0","0.0","0.0","$1","$1"
"","746","Jamal Agnew","15.0","15.0","WR","ATL","11","49.01","0.0","0.0","0.0","0.0","0.0","0.0","$1","$1"
"","747","Tyron Johnson","15.0","15.0","WR","SF","8","74.01","0.0","0.0","0.0","0.0","0.0","0.0","$1","$1"
"","748","Tyler Johnson","15.0","15.0","WR","NYJ","13","64.04","0.0","2.0","0.0","0.0","0.0","0.0","$1","$1"
"","749","Lynn Bowden","15.0","15.0","WR","UNS","18","74.01","0.0","0.0","0.0","0.0","0.0","0.0","$1","$1"
"","750","Laviska Shenault","15.0","15.0","WR","UNS","18","47.02","0.0","0.0","0.0","0.0","0.0","0.0","$1","$1"
"","751","K.J. Hamler","15.0","15.0","WR","UNS","18","74.01","0.0","0.0","0.0","0.0","0.0","0.0","$1","$1"
"","752","James Proche","15.0","15.0","WR","TEN","9","54.04","0.0","1.0","0.0","0.0","0.0","0.0","$1","$1"
"","753","Gabriel 'Gabe' Davis","15.0","15.0","WR","BUF","7","50.04","0.0","0.0","0.0","0.0","0.0","0.0","$1","$1"
"","754","Isaiah Hodgins","15.0","15.0","WR","NYG","8","59.06","0.0","5.0","0.0","0.0","0.0","0.0","$1","$1"
"","755","Marquez Callaway","15.0","15.0","WR","UNS","18","42.09","0.0","0.0","0.0","0.0","0.0","0.0","$1","$1"
"","756","Jalen Reagor","15.0","15.0","WR","UNS","18","32.03","0.0","0.0","0.0","0.0","0.0","0.0","$1","$1"
"","757","Chase Claypool","15.0","15.0","WR","UNS","18","74.01","0.0","0.0","0.0","0.0","0.0","0.0","$1","$1"
"","758","Donovan Peoples-Jones","15.0","15.0","WR","UNS","18","74.01","0.0","0.0","0.0","0.0","0.0","0.0","$1","$1"
"","759","Lideatrick Griffin","15.0","15.0","WR","GB","11","74.01","0.0","0.0","0.0","0.0","0.0","0.0","$1","$1"
"","760","Jared Wayne","15.0","15.0","WR","UNS","18","57.01","0.0","0.0","0.0","0.0","0.0","0.0","$1","$1"
"","761","Nick Nash","15.0","15.0","WR","UNS","18","59.08","0.0","0.0","0.0","0.0","0.0","0.0","$1","$1"
"","762","Ricky White","15.0","15.0","WR","SEA","11","46.02","0.0","1.0","0.0","0.0","0.0","0.0","$1","$1"
"","763","Daniel Jackson","15.0","15.0","WR","HOU","8","74.01","0.0","0.0","0.0","0.0","0.0","0.0","$1","$1"
"","764","Josh Kelly","15.0","15.0","WR","DAL","14","74.01","0.0","0.0","0.0","0.0","0.0","0.0","$1","$1"
"","765","Traeshon Holden","15.0","15.0","WR","DAL","14","74.01","0.0","0.0","0.0","0.0","0.0","0.0","$1","$1"
"","766","Roc Taylor","15.0","15.0","WR","PIT","9","74.01","0.0","0.0","0.0","0.0","0.0","0.0","$1","$1"
"","767","Isaiah Neyor","15.0","15.0","WR","GB","11","52.07","0.0","0.0","0.0","0.0","0.0","0.0","$1","$1"
"","768","Ja'Corey Brooks","15.0","15.0","WR","WAS","7","25.10","0.0","0.0","0.0","0.0","0.0","0.0","$1","$1"
"","769","Samuel Brown","15.0","15.0","WR","RK","18","74.01","0.0","0.0","0.0","0.0","0.0","0.0","$1","$1"
"","770","Elijhah Badger","15.0","15.0","WR","UNS","18","74.01","0.0","0.0","0.0","0.0","0.0","0.0","$1","$1"
"","771","Jacolby George","15.0","15.0","WR","CAR","5","74.01","0.0","0.0","0.0","0.0","0.0","0.0","$1","$1"
"","772","Beaux Collins","15.0","15.0","WR","NYG","8","61.11","0.0","0.0","0.0","0.0","0.0","0.0","$1","$1"
"","773","Andrew Armstrong","15.0","15.0","WR","UNS","18","74.01","0.0","0.0","0.0","0.0","0.0","0.0","$1","$1"
"","774","Junior Bergen","15.0","15.0","WR","SF","8","35.07","0.0","0.0","0.0","0.0","0.0","0.0","$1","$1"
"","775","Cole Burgess","15.0","15.0","WR","CIN","6","74.01","0.0","0.0","0.0","0.0","0.0","0.0","$1","$1"
"","776","Will Sheppard","15.0","15.0","WR","TB","10","74.01","0.0","0.0","0.0","0.0","0.0","0.0","$1","$1"
"","777","Brycen Tremayne","15.0","15.0","WR","CAR","5","55.13","0.0","0.0","0.0","0.0","0.0","0.0","$1","$1"
"","778","Gunner Olszewski","15.0","15.0","WR","NYG","8","23.12","0.0","0.0","0.0","0.0","0.0","0.0","$1","$1"
"","779","Xavier Johnson","15.0","15.0","WR","HOU","8","74.01","0.0","0.0","0.0","0.0","0.0","0.0","$1","$1"
"","780","Tejhaun Palmer","15.0","15.0","WR","ARI","14","46.05","0.0","0.0","0.0","0.0","0.0","0.0","$1","$1"
"","781","Terique Owens","15.0","15.0","WR","SF","8","74.01","0.0","0.0","0.0","0.0","0.0","0.0","$1","$1"
"","782","Dane Key","15.0","15.0","WR","DEN","10","74.01","0.0","2.0","0.0","0.0","0.0","0.0","$1","$1"
"","783","Will Pauling","15.0","15.0","WR","SF","8","74.01","0.0","0.0","0.0","0.0","0.0","0.0","$1","$1"
"","784","Jahdae Walker","15.0","15.0","WR","CHI","10","18.01","0.0","24.0","0.0","0.0","0.0","0.0","$1","$1"
"","785","Dillon Bell","15.0","15.0","WR","MIN","6","74.01","0.0","0.0","0.0","0.0","0.0","0.0","$1","$1"
"","786","Tom Kennedy","15.0","15.0","WR","DET","6","37.09","0.0","0.0","0.0","0.0","0.0","0.0","$1","$1"
"","787","Dylan Drummond","15.0","15.0","WR","ATL","11","24.12","0.0","0.0","0.0","0.0","0.0","0.0","$1","$1"
"","788","Mason Kinsey","15.0","15.0","WR","TEN","9","49.12","0.0","0.0","0.0","0.0","0.0","0.0","$1","$1"
"","789","Andre Baccellia","15.0","15.0","WR","UNS","18","30.07","0.0","0.0","0.0","0.0","0.0","0.0","$1","$1"
"","790","Cody White","15.0","15.0","WR","SEA","11","33.02","0.0","0.0","0.0","0.0","0.0","0.0","$1","$1"
"","791","Bryce Ford-Wheaton","15.0","15.0","WR","NYG","8","38.09","0.0","0.0","0.0","0.0","0.0","0.0","$1","$1"
"","792","Kwamie Lassiter II","15.0","15.0","WR","CIN","6","74.01","0.0","0.0","0.0","0.0","0.0","0.0","$1","$1"
"","793","Dax Milne","15.0","15.0","WR","UNS","18","74.01","0.0","0.0","0.0","0.0","0.0","0.0","$1","$1"
"","794","Steven Sims","15.0","15.0","WR","SEA","11","50.12","0.0","0.0","0.0","0.0","0.0","0.0","$1","$1"
"","795","Jha'Quan Jackson","15.0","15.0","WR","UNS","18","49.06","0.0","0.0","0.0","0.0","0.0","0.0","$1","$1"
"","796","DJ Turner","15.0","15.0","WR","LVR","13","46.10","0.0","0.0","0.0","0.0","0.0","0.0","$1","$1"
"","797","Xavier Weaver","15.0","15.0","WR","ARI","14","34.14","0.0","0.0","0.0","0.0","0.0","0.0","$1","$1"
"","798","Bryce Oliver","15.0","15.0","WR","TEN","9","52.10","0.0","2.0","0.0","0.0","0.0","0.0","$1","$1"
"","799","Jalen Virgil","15.0","15.0","WR","UNS","18","49.04","0.0","0.0","0.0","0.0","0.0","0.0","$1","$1"
"","800","Ramel Keyton","15.0","15.0","WR","LVR","13","43.01","0.0","0.0","0.0","0.0","0.0","0.0","$1","$1"
"","801","Ryan Miller","15.0","15.0","WR","TB","10","60.03","0.0","0.0","0.0","0.0","0.0","0.0","$1","$1"
"","802","Alex Bachman","15.0","15.0","WR","LVR","13","30.03","0.0","0.0","0.0","0.0","0.0","0.0","$1","$1"
"","803","Grant DuBose","15.0","15.0","WR","MIA","6","62.05","0.0","0.0","0.0","0.0","0.0","0.0","$1","$1"
"","804","Makai Polk","15.0","15.0","WR","UNS","18","74.01","0.0","0.0","0.0","0.0","0.0","0.0","$1","$1"
"","805","Cade Johnson","15.0","15.0","WR","UNS","18","74.01","0.0","0.0","0.0","0.0","0.0","0.0","$1","$1"
"","806","Seth Williams","15.0","15.0","WR","JAC","7","74.01","0.0","0.0","0.0","0.0","0.0","0.0","$1","$1"
"","807","Dez Fitzpatrick","15.0","15.0","WR","UNS","18","35.11","0.0","0.0","0.0","0.0","0.0","0.0","$1","$1"
"","808","Michael Woods II","15.0","15.0","WR","CLE","11","31.02","0.0","0.0","0.0","0.0","0.0","0.0","$1","$1"
"","809","Da'Quan Felton","15.0","15.0","WR","NYG","8","74.01","0.0","0.0","0.0","0.0","0.0","0.0","$1","$1"
"","810","Antwane Wells Jr.","15.0","15.0","WR","NYG","8","74.01","0.0","0.0","0.0","0.0","0.0","0.0","$1","$1"
"","811","Kaden Prather","15.0","15.0","WR","BUF","7","25.11","0.0","0.0","0.0","0.0","0.0","0.0","$1","$1"
"","812","Kobe Hudson","15.0","15.0","WR","CAR","5","74.01","0.0","0.0","0.0","0.0","0.0","0.0","$1","$1"
"","813","Jermaine Burton","15.0","15.0","WR","UNS","18","44.08","0.0","7.0","0.0","0.0","0.0","0.0","$1","$1"
"","814","Brenden Rice","15.0","15.0","WR","GB","11","28.02","0.0","0.0","0.0","0.0","0.0","0.0","$1","$1"
"","815","Jamari Thrash","15.0","15.0","WR","UNS","18","57.10","0.0","0.0","0.0","0.0","0.0","0.0","$1","$1"
"","816","Ainias Smith","15.0","15.0","WR","UNS","18","56.05","0.0","0.0","0.0","0.0","0.0","0.0","$1","$1"
"","817","Javon Baker","15.0","15.0","WR","UNS","18","39.08","0.0","0.0","0.0","0.0","0.0","0.0","$1","$1"
"","818","Marcus Rosemy-Jacksaint","15.0","15.0","WR","UNS","18","74.01","0.0","0.0","0.0","0.0","0.0","0.0","$1","$1"
"","819","Cornelius Johnson","15.0","15.0","WR","GB","11","65.02","0.0","0.0","0.0","0.0","0.0","0.0","$1","$1"
"","820","Joshua Cephus","15.0","15.0","WR","UNS","18","28.06","0.0","0.0","0.0","0.0","0.0","0.0","$1","$1"
"","821","Antoine Green","15.0","15.0","WR","DET","6","57.12","0.0","0.0","0.0","0.0","0.0","0.0","$1","$1"
"","822","Kirk Merritt","15.0","15.0","WR","UNS","18","74.01","0.0","0.0","0.0","0.0","0.0","0.0","$1","$1"
"","823","Colton Dowell","15.0","15.0","WR","TEN","9","62.09","0.0","0.0","0.0","0.0","0.0","0.0","$1","$1"
"","824","Xavier Gipson","15.0","15.0","WR","NYG","8","29.11","0.0","0.0","0.0","0.0","0.0","0.0","$1","$1"
"","825","Jalen Brooks","15.0","15.0","WR","ARI","14","33.11","0.0","2.0","0.0","0.0","0.0","0.0","$1","$1"
"","826","Malik Heath","15.0","15.0","WR","UNS","18","45.11","0.0","0.0","0.0","0.0","0.0","0.0","$1","$1"
"","827","Jason Brownlee","15.0","15.0","WR","NYJ","13","51.06","0.0","0.0","0.0","0.0","0.0","0.0","$1","$1"
"","828","Julian Hill","15.0","14.0","TE","NE","11","18.12","3.3","7.0","3.5","11.9","5.8","0.0","$1","$1"
"","829","Lake McRee","15.0","14.0","TE","PIT","9","74.01","3.0","0.0","3.5","9.5","5.1","0.0","$1","$1"
"","830","Max Bredeson","15.0","14.0","TE","MIN","6","40.10","3.5","5.0","3.5","3.5","3.5","0.0","$1","$1"
"","831","Jordan Matthews","15.0","15.0","TE","UNS","18","64.12","0.0","0.0","0.0","0.0","0.0","0.0","$1","$1"
"","832","Zach Ertz","15.0","15.0","TE","UNS","18","36.05","0.0","11.0","0.0","0.0","0.0","0.0","$1","$1"
"","833","Gerald Everett","15.0","15.0","TE","UNS","18","57.05","0.0","0.0","0.0","0.0","0.0","0.0","$1","$1"
"","834","Geoff Swaim","15.0","15.0","TE","UNS","18","61.09","0.0","0.0","0.0","0.0","0.0","0.0","$1","$1"
"","835","C.J. Uzomah","15.0","15.0","TE","UNS","18","51.14","0.0","0.0","0.0","0.0","0.0","0.0","$1","$1"
"","836","Tyler Kroft","15.0","15.0","TE","MIA","6","74.01","0.0","0.0","0.0","0.0","0.0","0.0","$1","$1"
"","837","Irv Smith","15.0","15.0","TE","HOU","8","41.01","0.0","0.0","0.0","0.0","0.0","0.0","$1","$1"
"","838","Foster Moreau","15.0","15.0","TE","HOU","8","63.07","0.0","16.0","0.0","0.0","0.0","0.0","$1","$1"
"","839","Donald Parham","15.0","15.0","TE","PIT","9","32.07","0.0","0.0","0.0","0.0","0.0","0.0","$1","$1"
"","840","Blake Bell","15.0","15.0","TE","KC","5","74.01","0.0","0.0","0.0","0.0","0.0","0.0","$1","$1"
"","841","Ross Dwelley","15.0","15.0","TE","UNS","18","60.10","0.0","0.0","0.0","0.0","0.0","0.0","$1","$1"
"","842","Robert Tonyan","15.0","15.0","TE","KC","5","63.08","0.0","1.0","0.0","0.0","0.0","0.0","$1","$1"
"","843","Ian Thomas","15.0","15.0","TE","LVR","13","54.09","0.0","5.0","0.0","0.0","0.0","0.0","$1","$1"
"","844","Anthony Firkser","15.0","15.0","TE","DET","6","40.08","0.0","16.0","0.0","0.0","0.0","0.0","$1","$1"
"","845","Jordan Akins","15.0","15.0","TE","UNS","18","59.13","0.0","0.0","0.0","0.0","0.0","0.0","$1","$1"
"","846","Jelani Woods","15.0","15.0","TE","UNS","18","49.09","0.0","0.0","0.0","0.0","0.0","0.0","$1","$1"
"","847","Cole Turner","15.0","15.0","TE","UNS","18","44.07","0.0","4.0","0.0","0.0","0.0","0.0","$1","$1"
"","848","Teagan Quitoriano","15.0","15.0","TE","ARI","14","46.08","0.0","17.0","0.0","0.0","0.0","0.0","$1","$1"
"","849","James Mitchell","15.0","15.0","TE","UNS","18","47.09","0.0","10.0","0.0","0.0","0.0","0.0","$1","$1"
"","850","Connor Heyward","15.0","15.0","TE","LVR","13","67.02","0.0","14.0","0.0","0.0","0.0","0.0","$1","$1"
"","851","Ko Kieft","15.0","15.0","TE","TB","10","40.05","0.0","1.0","0.0","0.0","0.0","0.0","$1","$1"
"","852","Lucas Krull","15.0","15.0","TE","DEN","10","50.14","0.0","5.0","0.0","0.0","0.0","0.0","$1","$1"
"","853","Stone Smartt","15.0","15.0","TE","PHI","10","60.14","0.0","3.0","0.0","0.0","0.0","0.0","$1","$1"
"","854","Peyton Hendershot","15.0","15.0","TE","UNS","18","54.12","0.0","0.0","0.0","0.0","0.0","0.0","$1","$1"
"","855","Josh Whyle","15.0","15.0","TE","GB","11","38.12","0.0","6.0","0.0","0.0","0.0","0.0","$1","$1"
"","856","Kylen Granson","15.0","15.0","TE","TEN","9","41.12","0.0","4.0","0.0","0.0","0.0","0.0","$1","$1"
"","857","Tyler Davis","15.0","15.0","TE","GB","11","74.01","0.0","0.0","0.0","0.0","0.0","0.0","$1","$1"
"","858","Quintin Morris","15.0","15.0","TE","JAC","7","42.02","0.0","1.0","0.0","0.0","0.0","0.0","$1","$1"
"","859","Mitchell Wilcox","15.0","15.0","TE","NE","11","45.05","0.0","0.0","0.0","0.0","0.0","0.0","$1","$1"
"","860","Lawrence Cager","15.0","15.0","TE","UNS","18","50.10","0.0","0.0","0.0","0.0","0.0","0.0","$1","$1"
"","861","Eric Saubert","15.0","15.0","TE","SEA","11","66.02","0.0","4.0","0.0","0.0","0.0","0.0","$1","$1"
"","862","Jack Stoll","15.0","15.0","TE","CLE","11","52.08","0.0","1.0","0.0","0.0","0.0","0.0","$1","$1"
"","863","Stephen Sullivan","15.0","15.0","TE","CAR","5","58.04","0.0","0.0","0.0","0.0","0.0","0.0","$1","$1"
"","864","Pharaoh Brown","15.0","15.0","TE","UNS","18","63.02","0.0","0.0","0.0","0.0","0.0","0.0","$1","$1"
"","865","Brevin Jordan","15.0","15.0","TE","HOU","8","51.12","0.0","1.0","0.0","0.0","0.0","0.0","$1","$1"
"","866","Brycen Hopkins","15.0","15.0","TE","LAR","11","74.01","0.0","0.0","0.0","0.0","0.0","0.0","$1","$1"
"","867","Albert Okwuegbunam","15.0","15.0","TE","LVR","13","55.04","0.0","0.0","0.0","0.0","0.0","0.0","$1","$1"
"","868","Josiah Deguara","15.0","15.0","TE","ARI","14","54.06","0.0","0.0","0.0","0.0","0.0","0.0","$1","$1"
"","869","Harrison Bryant","15.0","15.0","TE","SEA","11","50.03","0.0","2.0","0.0","0.0","0.0","0.0","$1","$1"
"","870","Zach Davidson","15.0","15.0","TE","BUF","7","57.04","0.0","0.0","0.0","0.0","0.0","0.0","$1","$1"
"","871","Luke Lachey","15.0","15.0","TE","HOU","8","32.06","0.0","0.0","0.0","0.0","0.0","0.0","$1","$1"
"","872","Benjamin Yurosek","15.0","15.0","TE","MIN","6","31.08","0.0","0.0","0.0","0.0","0.0","0.0","$1","$1"
"","873","Joshua Simon","15.0","15.0","TE","ATL","11","74.01","0.0","0.0","0.0","0.0","0.0","0.0","$1","$1"
"","874","Bryson Nesbit","15.0","15.0","TE","MIN","6","74.01","0.0","0.0","0.0","0.0","0.0","0.0","$1","$1"
"","875","Robbie Ouzts","15.0","15.0","RB","SEA","11","47.05","0.0","0.0","0.0","0.0","0.0","0.0","$1","$1"
"","876","Jalin Conyers","15.0","15.0","TE","MIA","6","74.01","0.0","0.0","0.0","0.0","0.0","0.0","$1","$1"
"","877","Moliki Matavao","15.0","15.0","TE","NO","8","33.10","0.0","4.0","0.0","0.0","0.0","0.0","$1","$1"
"","878","CJ Dippre","15.0","15.0","TE","NE","11","34.02","0.0","0.0","0.0","0.0","0.0","0.0","$1","$1"
"","879","Gavin Bartholomew","15.0","15.0","TE","MIN","6","47.01","0.0","0.0","0.0","0.0","0.0","0.0","$1","$1"
"","880","Caleb Lohner","15.0","15.0","TE","DEN","10","52.06","0.0","0.0","0.0","0.0","0.0","0.0","$1","$1"
"","881","Tanner Conner","15.0","15.0","TE","UNS","18","55.01","0.0","0.0","0.0","0.0","0.0","0.0","$1","$1"
"","882","Tucker Fisk","15.0","15.0","TE","LAC","7","59.09","0.0","0.0","0.0","0.0","0.0","0.0","$1","$1"
"","883","David Martin-Robinson","15.0","15.0","TE","TEN","9","33.12","0.0","0.0","0.0","0.0","0.0","0.0","$1","$1"
"","884","Tanner Arkin","15.0","15.0","TE","NE","11","74.01","0.0","0.0","0.0","0.0","0.0","0.0","$1","$1"
"","885","Cody Hardy","15.0","15.0","TE","NO","8","74.01","0.0","0.0","0.0","0.0","0.0","0.0","$1","$1"
"","886","Dae'Quan Wright","15.0","15.0","TE","PHI","10","74.01","0.0","0.0","0.0","0.0","0.0","0.0","$1","$1"
"","887","Miles Kitselman","15.0","15.0","TE","DET","6","74.01","0.0","0.0","0.0","0.0","0.0","0.0","$1","$1"
"","888","Khalil Dinkins","15.0","15.0","TE","SF","8","74.01","0.0","0.0","0.0","0.0","0.0","0.0","$1","$1"
"","889","Dan Villari","15.0","15.0","TE","LAR","11","74.01","0.0","0.0","0.0","0.0","0.0","0.0","$1","$1"
"","890","Sal Cannella","15.0","15.0","TE","CLE","11","20.10","0.0","0.0","0.0","0.0","0.0","0.0","$1","$1"
"","891","MyCole Pruitt","15.0","15.0","TE","PIT","9","62.11","0.0","0.0","0.0","0.0","0.0","0.0","$1","$1"
"","892","Chris Manhertz","15.0","15.0","TE","NYG","8","63.13","0.0","2.0","0.0","0.0","0.0","0.0","$1","$1"
"","893","Nate Adkins","15.0","15.0","TE","DEN","10","42.11","0.0","5.0","0.0","0.0","0.0","0.0","$1","$1"
"","894","Shane Zylstra","15.0","15.0","TE","DET","6","31.14","0.0","0.0","0.0","0.0","0.0","0.0","$1","$1"
"","895","Nick Vannett","15.0","15.0","TE","UNS","18","63.12","0.0","0.0","0.0","0.0","0.0","0.0","$1","$1"
"","896","Blake Whiteheart","15.0","15.0","TE","CLE","11","38.06","0.0","0.0","0.0","0.0","0.0","0.0","$1","$1"
"","897","E.J. Jenkins","15.0","15.0","TE","PHI","10","58.09","0.0","0.0","0.0","0.0","0.0","0.0","$1","$1"
"","898","Feleipe Franks","15.0","15.0","TE","CAR","5","53.02","0.0","1.0","0.0","0.0","0.0","0.0","$1","$1"
"","899","John FitzPatrick","15.0","15.0","TE","GB","11","56.07","0.0","0.0","0.0","0.0","0.0","0.0","$1","$1"
"","900","Jack Westover","15.0","15.0","TE","NE","11","58.12","0.0","0.0","0.0","0.0","0.0","0.0","$1","$1"
"","901","Briley Moore","15.0","15.0","TE","TEN","9","74.01","0.0","0.0","0.0","0.0","0.0","0.0","$1","$1"
"","902","Kenny Yeboah","15.0","15.0","TE","UNS","18","45.01","0.0","0.0","0.0","0.0","0.0","0.0","$1","$1"
"","903","Tanner McLachlan","15.0","15.0","TE","CIN","6","36.08","0.0","0.0","0.0","0.0","0.0","0.0","$1","$1"
"","904","Jaheim Bell","15.0","15.0","TE","UNS","18","45.04","0.0","16.0","0.0","0.0","0.0","0.0","$1","$1"
"","905","Cameron Latu","15.0","15.0","TE","UNS","18","37.03","0.0","1.0","0.0","0.0","0.0","0.0","$1","$1"
"","906","Joshua Karty","15.0","7.0","K","ARI","14","44.11","63.4","0.0","64.0","89.6","70.9","0.0","$1","$1"
"","907","Spencer Shrader","15.0","7.0","K","IND","13","17.05","62.7","59.0","64.0","86.4","69.9","0.0","$1","$1"
"","908","Blake Grupe","15.0","7.0","K","IND","13","71.09","56.1","96.0","56.7","82.2","63.6","0.0","$1","$1"
"","909","J.J. McCarthy","15.0","6.0","QB","MIN","6","16.12","30.8","15.0","31.4","125.6","57.0","0.0","$2","$1"
"","910","Ty Simpson","15.0","7.0","QB","LAR","11","16.10","25.0","14.0","27.8","91.7","44.7","0.0","$1","$1"
"","911","Cade Klubnik","15.0","7.0","QB","NYJ","13","36.11","23.8","18.0","26.4","79.2","40.3","0.0","$1","$1"
"","912","Taylen Green","15.0","8.0","QB","CLE","11","24.13","11.3","31.0","13.3","46.6","22.0","0.0","$1","$1"
"","913","Drew Allar","15.0","8.0","QB","PIT","9","20.04","12.3","8.0","13.7","42.5","21.3","0.0","$1","$1"
"","914","Dillon Gabriel","15.0","8.0","QB","CLE","11","35.12","11.4","13.0","12.7","40.6","20.1","0.0","$1","$1"
"","915","Zach Wilson","15.0","9.0","QB","NO","8","35.02","0.0","0.0","0.0","0.0","0.0","0.0","$1","$1"
"","916","Justin Fields","15.0","9.0","QB","KC","5","19.01","0.0","16.0","0.0","0.0","0.0","0.0","$1","$1"
"","917","Trey Lance","15.0","9.0","QB","LAC","7","27.05","0.0","14.0","0.0","0.0","0.0","0.0","$1","$1"
"","918","Mac Jones","15.0","9.0","QB","SF","8","19.07","0.0","23.0","0.0","0.0","0.0","0.0","$1","$1"
"","919","Jacob Eason","15.0","9.0","QB","NYG","8","74.01","0.0","0.0","0.0","0.0","0.0","0.0","$1","$1"
"","920","Graham Mertz","15.0","9.0","QB","HOU","8","55.02","0.0","0.0","0.0","0.0","0.0","0.0","$1","$1"
"","921","Brady Cook","15.0","9.0","QB","NYJ","13","25.07","0.0","0.0","0.0","0.0","0.0","0.0","$1","$1"
"","922","Seth Henigan","15.0","9.0","QB","JAC","7","74.01","0.0","0.0","0.0","0.0","0.0","0.0","$1","$1"
"","923","Max Brosmer","15.0","9.0","QB","MIN","6","64.03","0.0","0.0","0.0","0.0","0.0","0.0","$1","$1"
"","924","Kurtis Rourke","15.0","9.0","QB","SF","8","55.03","0.0","0.0","0.0","0.0","0.0","0.0","$1","$1"
"","925","Kyle McCord","15.0","9.0","QB","PHI","10","64.02","0.0","0.0","0.0","0.0","0.0","0.0","$1","$1"
"","926","Will Howard","15.0","9.0","QB","PIT","9","26.07","0.0","11.0","0.0","0.0","0.0","0.0","$1","$1"
"","927","Kyle Allen","15.0","9.0","QB","BUF","7","32.02","0.0","0.0","0.0","0.0","0.0","0.0","$1","$1"
"","928","Vernon Adams Jr.","15.0","9.0","QB","UNS","18","74.01","0.0","0.0","0.0","0.0","0.0","0.0","$1","$1"
"","929","Jack Plummer","15.0","9.0","QB","CAR","5","74.01","0.0","0.0","0.0","0.0","0.0","0.0","$1","$1"
"","930","Haynes King","15.0","9.0","QB","CAR","5","74.01","0.0","0.0","0.0","0.0","0.0","0.0","$1","$1"
"","931","Luke Altmyer","15.0","9.0","QB","DET","6","74.01","0.0","0.0","0.0","0.0","0.0","0.0","$1","$1"
"","932","DJ Uiagalelei","15.0","9.0","QB","LAC","7","74.01","0.0","0.0","0.0","0.0","0.0","0.0","$1","$1"
"","933","Hunter Dekkers","15.0","9.0","QB","NO","8","74.01","0.0","0.0","0.0","0.0","0.0","0.0","$1","$1"
"","934","Tommy Mellott","15.0","9.0","WR","UNS","18","29.01","0.0","0.0","0.0","0.0","0.0","0.0","$1","$1"
"","935","Cam Miller","15.0","9.0","QB","UNS","18","28.11","0.0","0.0","0.0","0.0","0.0","0.0","$1","$1"
"","936","Tanner McKee","15.0","9.0","QB","PHI","10","36.03","0.0","0.0","0.0","0.0","0.0","0.0","$1","$1"
"","937","Sam Ehlinger","15.0","9.0","QB","UNS","18","54.08","0.0","0.0","0.0","0.0","0.0","0.0","$1","$1"
"","938","Kedon Slovis","15.0","9.0","QB","UNS","18","56.04","0.0","0.0","0.0","0.0","0.0","0.0","$1","$1"
"","939","Austin Reed","15.0","9.0","QB","CHI","10","74.01","0.0","0.0","0.0","0.0","0.0","0.0","$1","$1"
"","940","Ian Book","15.0","9.0","QB","UNS","18","74.01","0.0","0.0","0.0","0.0","0.0","0.0","$1","$1"
"","941","Tommy DeVito","15.0","9.0","QB","NE","11","18.08","0.0","12.0","0.0","0.0","0.0","0.0","$1","$1"
"","942","Aidan O'Connell","15.0","9.0","QB","LVR","13","27.07","0.0","0.0","0.0","0.0","0.0","0.0","$1","$1"
"","943","Spencer Rattler","15.0","9.0","QB","NO","8","32.11","0.0","13.0","0.0","0.0","0.0","0.0","$1","$1"
"","944","Michael Pratt","15.0","9.0","QB","TB","10","19.13","0.0","0.0","0.0","0.0","0.0","0.0","$1","$1"
"","945","Joe Milton III","15.0","9.0","QB","DAL","14","18.10","0.0","12.0","0.0","0.0","0.0","0.0","$1","$1"
"","946","Devin Leary","15.0","9.0","QB","BAL","13","21.01","0.0","0.0","0.0","0.0","0.0","0.0","$1","$1"
"","947","Sam Hartman","15.0","9.0","QB","UNS","18","74.01","0.0","0.0","0.0","0.0","0.0","0.0","$1","$1"
"","948","Josh Johnson","15.0","9.0","QB","CIN","6","35.04","0.0","0.0","0.0","0.0","0.0","0.0","$1","$1"
"","949","Nathan Rourke","15.0","9.0","QB","NE","11","60.05","0.0","0.0","0.0","0.0","0.0","0.0","$1","$1"
"","950","Ben DiNucci","15.0","9.0","QB","UNS","18","74.01","0.0","0.0","0.0","0.0","0.0","0.0","$1","$1"
"","951","Max Duggan","15.0","9.0","QB","UNS","18","44.13","0.0","0.0","0.0","0.0","0.0","0.0","$1","$1"
"","952","Sean Clifford","15.0","9.0","QB","UNS","18","47.10","0.0","0.0","0.0","0.0","0.0","0.0","$1","$1"
"","953","Skylar Thompson","15.0","9.0","QB","PIT","9","30.08","0.0","0.0","0.0","0.0","0.0","0.0","$1","$1"
"","954","Brandon Allen","15.0","9.0","QB","NYG","8","51.07","0.0","0.0","0.0","0.0","0.0","0.0","$1","$1"
"","955","Riley Leonard","15.0","9.0","QB","IND","13","21.05","0.0","12.0","0.0","0.0","0.0","0.0","$1","$1"
"","956","Quinn Ewers","15.0","9.0","QB","MIA","6","22.13","0.0","14.0","0.0","0.0","0.0","0.0","$1","$1"
"","957","Jalen Milroe","15.0","9.0","QB","SEA","11","33.08","0.0","11.0","0.0","0.0","0.0","0.0","$1","$1"
"","958","Chris Oladokun","15.0","9.0","QB","KC","5","62.10","0.0","12.0","0.0","0.0","0.0","0.0","$1","$1"
"","959","Dresser Winn","15.0","9.0","QB","LAR","11","74.01","0.0","0.0","0.0","0.0","0.0","0.0","$1","$1"
"","960","Garrett Nussmeier","15.0","9.0","QB","KC","5","56.12","0.0","3.0","0.0","0.0","0.0","0.0","$1","$1"
"","961","Diego Pavia","15.0","9.0","QB","BAL","13","74.01","0.0","4.0","0.0","0.0","0.0","0.0","$1","$1"
"","962","Sawyer Robertson","15.0","9.0","QB","LVR","13","74.01","0.0","0.0","0.0","0.0","0.0","0.0","$1","$1"
"","963","Joe Fagnano","15.0","9.0","QB","BAL","13","74.01","0.0","0.0","0.0","0.0","0.0","0.0","$1","$1"
"","964","Joey Aguilar","15.0","9.0","QB","JAC","7","74.01","0.0","0.0","0.0","0.0","0.0","0.0","$1","$1"
"","965","Athan Kaliakmanis","15.0","9.0","QB","WAS","7","56.13","0.0","0.0","0.0","0.0","0.0","0.0","$1","$1"
"","966","Mark Gronowski","15.0","9.0","QB","MIA","6","74.01","0.0","0.0","0.0","0.0","0.0","0.0","$1","$1"
"","967","Jalon Daniels","15.0","9.0","QB","TB","10","74.01","0.0","0.0","0.0","0.0","0.0","0.0","$1","$1"
"","968","Behren Morton","15.0","9.0","QB","NE","11","45.14","0.0","0.0","0.0","0.0","0.0","0.0","$1","$1"
"","969","Cole Payton","15.0","9.0","QB","PHI","10","65.10","0.0","0.0","0.0","0.0","0.0","0.0","$1","$1"
"","970","Nick Mullens","15.0","9.0","QB","JAC","7","40.12","0.0","12.0","0.0","0.0","0.0","0.0","$1","$1"
"","971","Cooper Rush","15.0","9.0","QB","UNS","18","58.05","0.0","0.0","0.0","0.0","0.0","0.0","$1","$1"
"","972","Mason Rudolph","15.0","9.0","QB","PIT","9","22.11","0.0","12.0","0.0","0.0","0.0","0.0","$1","$1"
"","973","Stetson Bennett","15.0","9.0","QB","LAR","11","17.03","0.0","0.0","0.0","0.0","0.0","0.0","$1","$1"
"","974","Will Levis","15.0","9.0","QB","TEN","9","24.10","0.0","12.0","0.0","0.0","0.0","0.0","$1","$1"
"","975","Anthony Richardson","15.0","9.0","QB","IND","13","28.14","0.0","15.0","0.0","0.0","0.0","0.0","$1","$1"
"","976","Bailey Zappe","15.0","9.0","QB","UNS","18","27.10","0.0","0.0","0.0","0.0","0.0","0.0","$1","$1"
"","977","Sam Howell","15.0","9.0","QB","DAL","14","44.03","0.0","4.0","0.0","0.0","0.0","0.0","$1","$1"
"","978","Kenny Pickett","15.0","9.0","QB","CAR","5","22.12","0.0","6.0","0.0","0.0","0.0","0.0","$1","$1"
"","979","Desmond Ridder","15.0","9.0","QB","GB","11","30.02","0.0","0.0","0.0","0.0","0.0","0.0","$1","$1"
"","980","Joshua Dobbs","15.0","9.0","QB","UNS","18","28.13","0.0","10.0","0.0","0.0","0.0","0.0","$1","$1"
"","981","Tim Boyle","15.0","9.0","QB","UNS","18","48.03","0.0","0.0","0.0","0.0","0.0","0.0","$1","$1"
"","982","Tyler Huntley","15.0","9.0","QB","BAL","13","35.03","0.0","12.0","0.0","0.0","0.0","0.0","$1","$1"
"","983","Davis Mills","15.0","9.0","QB","HOU","8","34.13","0.0","15.0","0.0","0.0","0.0","0.0","$1","$1"
"","984","Kyle Trask","15.0","9.0","QB","UNS","18","53.06","0.0","0.0","0.0","0.0","0.0","0.0","$1","$1"
"","985","Hendon Hooker","15.0","9.0","QB","TEN","9","35.10","0.0","0.0","0.0","0.0","0.0","0.0","$1","$1"
"","986","Malik Cunningham","15.0","9.0","QB","BAL","13","56.11","0.0","0.0","0.0","0.0","0.0","0.0","$1","$1"
"","987","Jaren Hall","15.0","9.0","QB","SEA","11","59.10","0.0","0.0","0.0","0.0","0.0","0.0","$1","$1"
"","988","Clayton Tune","15.0","9.0","QB","GB","11","26.03","0.0","10.0","0.0","0.0","0.0","0.0","$1","$1"
"","989","Tyson Bagent","15.0","9.0","QB","CHI","10","19.08","0.0","7.0","0.0","0.0","0.0","0.0","$1","$1"
"","990","Dorian Thompson-Robinson","15.0","9.0","QB","UNS","18","58.07","0.0","0.0","0.0","0.0","0.0","0.0","$1","$1"
"","991","Jake Haener","15.0","9.0","QB","UNS","18","38.03","0.0","0.0","0.0","0.0","0.0","0.0","$1","$1"
"","992","Mitchell 'Mitch' Trubisky","15.0","9.0","QB","TEN","9","41.14","0.0","12.0","0.0","0.0","0.0","0.0","$1","$1"
"","993","Taylor Heinicke","15.0","9.0","QB","UNS","18","63.06","0.0","0.0","0.0","0.0","0.0","0.0","$1","$1"
"","994","C.J. Beathard","15.0","9.0","QB","UNS","18","74.01","0.0","0.0","0.0","0.0","0.0","0.0","$1","$1"
"","995","Jeff Driskel","15.0","9.0","QB","UNS","18","64.11","0.0","0.0","0.0","0.0","0.0","0.0","$1","$1"
"","996","Carson Wentz","15.0","9.0","QB","MIN","6","65.05","0.0","3.0","0.0","0.0","0.0","0.0","$1","$1"
"","997","Trevor Siemian","15.0","9.0","QB","ATL","11","40.04","0.0","0.0","0.0","0.0","0.0","0.0","$1","$1"
"","998","Marcus Mariota","15.0","9.0","QB","WAS","7","32.14","0.0","13.0","0.0","0.0","0.0","0.0","$1","$1"
"","999","Jameis Winston","15.0","9.0","QB","NYG","8","16.13","0.0","11.0","0.0","0.0","0.0","0.0","$1","$1"
"","1000","Jimmy Garoppolo","15.0","9.0","QB","UNS","18","66.03","0.0","11.0","0.0","0.0","0.0","0.0","$1","$1"
"","1001","Drew Lock","15.0","9.0","QB","SEA","11","27.01","0.0","5.0","0.0","0.0","0.0","0.0","$1","$1"
"","1002","Will Grier","15.0","9.0","QB","CAR","5","74.01","0.0","0.0","0.0","0.0","0.0","0.0","$1","$1"
"","1003","Jarrett Stidham","15.0","9.0","QB","DEN","10","25.06","0.0","13.0","0.0","0.0","0.0","0.0","$1","$1"
"","1004","Mike White","15.0","9.0","QB","UNS","18","48.13","0.0","0.0","0.0","0.0","0.0","0.0","$1","$1"
"","1005","Brett Rypien","15.0","9.0","QB","IND","13","59.14","0.0","0.0","0.0","0.0","0.0","0.0","$1","$1"
"","1006","Jake Browning","15.0","9.0","QB","TB","10","48.01","0.0","5.0","0.0","0.0","0.0","0.0","$1","$1"
"","1007","Gardner Minshew","15.0","9.0","QB","ARI","14","23.03","0.0","23.0","0.0","0.0","0.0","0.0","$1","$1"
"","1008","Easton Stick","15.0","9.0","QB","UNS","18","36.09","0.0","0.0","0.0","0.0","0.0","0.0","$1","$1"
"","1009","Joe Flacco","15.0","9.0","QB","CIN","6","17.11","0.0","20.0","0.0","0.0","0.0","0.0","$1","$1"
"","1010","Philip Rivers","15.0","9.0","QB","IND","13","16.01","0.0","0.0","0.0","0.0","0.0","0.0","$1","$1"
"","1011","Derek Carr","15.0","9.0","QB","UNS","18","32.05","0.0","21.0","0.0","0.0","0.0","0.0","$1","$1"
"","1012","Teddy Bridgewater","15.0","9.0","QB","DET","6","41.05","0.0","14.0","0.0","0.0","0.0","0.0","$1","$1"
"","1013","Case Keenum","15.0","9.0","QB","CHI","10","57.08","0.0","0.0","0.0","0.0","0.0","0.0","$1","$1"
"","1014","Russell Wilson","15.0","9.0","QB","UNS","18","23.13","0.0","0.0","0.0","0.0","0.0","0.0","$1","$1"
"","1015","Ryan Tannehill","15.0","9.0","QB","UNS","18","74.01","0.0","0.0","0.0","0.0","0.0","0.0","$1","$1"
"","1016","Tyrod Taylor","15.0","9.0","QB","GB","11","38.05","0.0","12.0","0.0","0.0","0.0","0.0","$1","$1"
"","1017","Andy Dalton","15.0","9.0","QB","PHI","10","37.06","0.0","13.0","0.0","0.0","0.0","0.0","$1","$1"
"","1018","Blaine Gabbert","15.0","9.0","QB","KC","5","74.01","0.0","0.0","0.0","0.0","0.0","0.0","$1","$1"
"","1019","Jason Sanders","15.0","8.0","K","NYG","8","67.11","10.1","98.0","10.1","10.1","10.1","0.0","$1","$1"
"","1020","Matt Prater","15.0","9.0","K","BUF","7","16.06","0.0","106.0","0.0","0.0","0.0","0.0","$1","$1"
"","1021","Dustin Hopkins","15.0","9.0","K","UNS","18","37.01","0.0","0.0","0.0","0.0","0.0","0.0","$1","$1"
"","1022","Justin Tucker","15.0","9.0","K","UNS","18","16.02","0.0","0.0","0.0","0.0","0.0","0.0","$1","$1"
"","1023","Randy Bullock","15.0","9.0","K","NYG","8","74.01","0.0","0.0","0.0","0.0","0.0","0.0","$1","$1"
"","1024","Greg Zuerlein","15.0","9.0","K","UNS","18","19.02","0.0","0.0","0.0","0.0","0.0","0.0","$1","$1"
"","1025","Austin Seibert","15.0","9.0","K","WAS","7","31.07","0.0","0.0","0.0","0.0","0.0","0.0","$1","$1"
"","1026","Matthew Wright","15.0","9.0","K","BUF","7","44.06","0.0","0.0","0.0","0.0","0.0","0.0","$1","$1"
"","1027","Daniel Carlson","15.0","9.0","K","LVR","13","26.14","0.0","79.0","0.0","0.0","0.0","0.0","$1","$1"
"","1028","Brett Maher","15.0","9.0","K","LAR","11","74.01","0.0","0.0","0.0","0.0","0.0","0.0","$1","$1"
"","1029","Greg Joseph","15.0","9.0","K","UNS","18","22.05","0.0","0.0","0.0","0.0","0.0","0.0","$1","$1"
"","1030","Michael 'Mike' Badgley","15.0","9.0","K","BUF","7","30.12","0.0","106.0","0.0","0.0","0.0","0.0","$1","$1"
"","1031","Younghoe Koo","15.0","9.0","K","NYJ","13","17.04","0.0","106.0","0.0","0.0","0.0","0.0","$1","$1"
"","1032","Lucas Havrisik","15.0","9.0","K","GB","11","21.13","0.0","0.0","0.0","0.0","0.0","0.0","$1","$1"
"","1033","Riley Patterson","15.0","9.0","K","MIA","6","63.10","0.0","65.0","0.0","0.0","0.0","0.0","$1","$1"
"","1034","Matt Ammendola","15.0","9.0","K","HOU","8","74.01","0.0","0.0","0.0","0.0","0.0","0.0","$1","$1"
"","1035","Elliott Fry","15.0","9.0","K","DEN","10","74.01","0.0","0.0","0.0","0.0","0.0","0.0","$1","$1"
"","1036","Jake Bailey","15.0","9.0","K","ATL","11","74.01","0.0","0.0","0.0","0.0","0.0","0.0","$1","$1"
"","1037","Tress Way","15.0","9.0","K","WAS","7","74.01","0.0","0.0","0.0","0.0","0.0","0.0","$1","$1"
"","1038","Jordan Stout","15.0","9.0","K","BAL","13","74.01","0.0","0.0","0.0","0.0","0.0","0.0","$1","$1"
"","1039","Daniel Whelan","15.0","9.0","K","GB","11","74.01","0.0","0.0","0.0","0.0","0.0","0.0","$1","$1"
"","1040","John Hoyland","15.0","9.0","K","BAL","13","74.01","0.0","0.0","0.0","0.0","0.0","0.0","$1","$1"
"","1041","Caden Davis","15.0","9.0","K","UNS","18","17.02","0.0","0.0","0.0","0.0","0.0","0.0","$1","$1"
"","1042","Maddux Trujillo","15.0","9.0","K","IND","13","74.01","0.0","0.0","0.0","0.0","0.0","0.0","$1","$1"
"","1043","Lenny Krieg","15.0","9.0","K","ATL","11","74.01","0.0","113.0","0.0","0.0","0.0","0.0","$1","$1"
"","1044","Jamie Gillan","15.0","9.0","K","UNS","18","74.01","0.0","0.0","0.0","0.0","0.0","0.0","$1","$1"
"","1045","Mike Meyer","15.0","9.0","K","UNS","18","74.01","0.0","0.0","0.0","0.0","0.0","0.0","$1","$1"
"","1046","Tucker McCann","15.0","9.0","K","UNS","18","74.01","0.0","0.0","0.0","0.0","0.0","0.0","$1","$1"
"","1047","Tommy Townsend","15.0","9.0","K","HOU","8","74.01","0.0","0.0","0.0","0.0","0.0","0.0","$1","$1"
"","1048","Blake Gillikin","15.0","9.0","K","ARI","14","74.01","0.0","0.0","0.0","0.0","0.0","0.0","$1","$1"
"","1049","Bradley Pinion","15.0","9.0","K","ATL","11","74.01","0.0","0.0","0.0","0.0","0.0","0.0","$1","$1"
"","1050","Matthew Hayball","15.0","9.0","K","NO","8","74.01","0.0","0.0","0.0","0.0","0.0","0.0","$1","$1"
"","1051","Tory Taylor","15.0","9.0","K","CHI","10","74.01","0.0","0.0","0.0","0.0","0.0","0.0","$1","$1"
"","1052","Corey Bojorquez","15.0","9.0","K","CLE","11","74.01","0.0","0.0","0.0","0.0","0.0","0.0","$1","$1"
"","1053","Riley Dixon","15.0","9.0","K","DEN","10","74.01","0.0","0.0","0.0","0.0","0.0","0.0","$1","$1"
"","1054","Logan Cooke","15.0","9.0","K","JAC","7","74.01","0.0","0.0","0.0","0.0","0.0","0.0","$1","$1"
"","1055","Michael Dickson","15.0","9.0","K","SEA","11","74.01","0.0","0.0","0.0","0.0","0.0","0.0","$1","$1"
"","1056","Thomas Morstead","15.0","9.0","K","NYJ","13","74.01","0.0","0.0","0.0","0.0","0.0","0.0","$1","$1"
"","1057","Jack Fox","15.0","9.0","K","DET","6","74.01","0.0","0.0","0.0","0.0","0.0","0.0","$1","$1"
"","1058","Rigoberto Sanchez","15.0","9.0","K","IND","13","74.01","0.0","0.0","0.0","0.0","0.0","0.0","$1","$1"
"","1059","Ryan Rehkow","15.0","9.0","K","CIN","6","74.01","0.0","0.0","0.0","0.0","0.0","0.0","$1","$1"
"","1060","Corliss Waitman","15.0","9.0","K","SF","8","74.01","0.0","0.0","0.0","0.0","0.0","0.0","$1","$1"
"","1061","Dominic Zvada","15.0","9.0","K","NYG","8","74.01","0.0","72.0","0.0","0.0","0.0","0.0","$1","$1"
"","1062","Brayden Narveson","15.0","9.0","K","TEN","9","25.09","0.0","0.0","0.0","0.0","0.0","0.0","$1","$1"
"","1063","John Parker Romo","15.0","9.0","K","ATL","11","22.01","0.0","0.0","0.0","0.0","0.0","0.0","$1","$1"
"","1064","Jude McAtamney","15.0","9.0","K","UNS","18","18.11","0.0","0.0","0.0","0.0","0.0","0.0","$1","$1"
"","1065","Tristan Vizcaino","15.0","9.0","K","UNS","18","74.01","0.0","0.0","0.0","0.0","0.0","0.0","$1","$1"
"","1066","Ramiz Ahmed","15.0","9.0","K","WAS","7","74.01","0.0","0.0","0.0","0.0","0.0","0.0","$1","$1"
"","1067","Anders Carlson","15.0","9.0","K","UNS","18","28.03","0.0","0.0","0.0","0.0","0.0","0.0","$1","$1"