"","Rank","Player","Overall Tier","Pos. Tier","Pos","Team","Bye","ADP","Floor","Consensus","DS Proj","Ceiling","3D Proj","3d Value","Market $","Auction $"
"","1","Josh Allen","1.0","1.0","QB","BUF","7","1.01","306.7","362.0","378.7","439.3","382.1","100.0","$75","$61"
"","2","Jahmyr Gibbs","1.0","1.0","RB","DET","6","1.04","266.8","312.0","321.4","376.0","326.4","81.4","$54","$50"
"","3","Puka Nacua","1.0","1.0","WR","LAR","11","1.06","244.9","259.0","298.6","328.5","297.0","80.9","$48","$49"
"","4","Bijan Robinson","1.0","1.0","RB","ATL","11","1.02","268.7","315.0","316.1","369.8","322.1","79.1","$54","$48"
"","5","Ja'Marr Chase","1.0","1.0","WR","CIN","6","1.05","248.2","266.0","282.0","332.8","289.7","76.6","$47","$47"
"","6","Lamar Jackson","1.0","1.0","QB","BAL","13","1.11","298.7","329.0","339.4","437.8","358.8","73.8","$45","$45"
"","7","Christian McCaffrey","1.0","1.0","RB","SF","8","1.09","247.3","286.0","297.9","372.4","309.0","72.0","$43","$44"
"","8","Drake Maye","1.0","1.0","QB","NE","11","1.03","296.0","317.0","340.2","428.7","356.3","71.0","$48","$43"
"","9","Joe Burrow","2.0","2.0","QB","CIN","6","1.10","293.8","315.0","341.6","423.6","355.3","69.9","$34","$43"
"","10","Jaxon Smith-Njigba","2.0","1.0","WR","SEA","11","1.07","243.4","248.0","267.5","318.3","277.0","69.2","$42","$42"
"","11","Jalen Hurts","2.0","2.0","QB","PHI","10","3.01","292.8","320.0","332.7","432.5","352.7","67.0","$34","$41"
"","12","Jayden Daniels","2.0","2.0","QB","WAS","7","1.08","285.9","314.0","332.4","432.1","351.1","65.2","$38","$40"
"","13","Amon-Ra St. Brown","2.0","2.0","WR","DET","6","2.04","239.2","243.0","265.8","295.0","268.9","64.5","$37","$39"
"","14","Jonathan Taylor","2.0","2.0","RB","IND","13","1.12","247.2","286.0","287.4","339.1","294.2","64.1","$51","$39"
"","15","CeeDee Lamb","2.0","2.0","WR","DAL","14","2.03","223.4","219.0","253.9","304.7","262.2","60.5","$37","$37"
"","16","James Cook","2.0","2.0","RB","BUF","7","2.01","239.3","253.0","275.0","335.5","285.0","59.1","$46","$36"
"","17","Justin Jefferson","2.0","2.0","WR","MIN","6","2.05","210.5","220.0","244.8","318.2","258.6","58.4","$32","$36"
"","18","Ashton Jeanty","2.0","2.0","RB","LVR","13","2.08","237.8","243.0","267.2","342.0","282.3","57.6","$36","$35"
"","19","Caleb Williams","2.0","2.0","QB","CHI","10","2.02","282.4","299.0","324.6","418.7","342.6","55.6","$23","$34"
"Value","20","Trevor Lawrence","2.0","2.0","QB","JAC","7","3.07","278.3","303.0","327.4","412.5","341.7","54.6","$29","$33"
"","21","Justin Herbert","2.0","2.0","QB","LAC","7","2.12","279.1","305.0","324.5","415.4","341.0","53.9","$29","$33"
"","22","Saquon Barkley","2.0","2.0","RB","PHI","10","3.05","230.2","238.0","253.0","349.1","275.1","53.8","$39","$33"
"","23","Derrick Henry","3.0","3.0","RB","BAL","13","4.09","219.4","252.0","258.1","327.8","270.1","51.1","$47","$31"
"","24","Brock Purdy","3.0","2.0","QB","SF","8","3.12","278.2","297.0","323.5","407.6","338.2","50.7","$19","$31"
"","25","Nico Collins","3.0","3.0","WR","HOU","8","3.08","211.5","201.0","235.0","284.4","244.2","50.0","$29","$31"
"","26","Dak Prescott","3.0","2.0","QB","DAL","14","4.08","281.1","307.0","323.1","403.9","337.5","49.9","$28","$30"
"","27","A.J. Brown","3.0","3.0","WR","NE","11","4.05","199.1","215.0","234.2","290.4","243.2","49.5","$29","$30"
"","28","Jaxson Dart","3.0","2.0","QB","NYG","8","2.11","278.2","302.0","316.1","417.3","336.8","49.1","$21","$30"
"","29","Drake London","3.0","3.0","WR","ATL","11","2.06","214.3","224.0","232.9","279.5","242.2","48.9","$30","$30"
"Injured","30","De'Von Achane","3.0","3.0","RB","MIA","6","2.09","227.3","257.0","249.8","319.7","264.8","48.2","$33","$29"
"","31","Rashee Rice","3.0","3.0","WR","KC","5","4.07","173.7","191.0","241.3","277.5","238.9","46.9","$23","$29"
"","32","Kenneth Walker III","3.0","3.0","RB","KC","5","2.07","216.0","225.0","242.7","332.5","262.3","46.9","$29","$29"
"","33","Omarion Hampton","3.0","3.0","RB","LAC","7","3.03","209.8","234.0","241.1","337.5","261.7","46.5","$32","$28"
"","34","George Pickens","3.0","3.0","WR","DAL","14","3.11","202.1","207.0","224.5","280.6","235.7","45.1","$29","$28"
"","35","Brock Bowers","3.0","1.0","TE","LVR","13","4.01","195.7","192.0","210.4","254.6","219.8","44.2","$24","$27"
"Injured","36","Bo Nix","3.0","2.0","QB","DEN","10","3.09","279.2","290.0","310.2","409.5","331.7","43.4","$20","$26"
"Injured","37","Patrick Mahomes","3.0","2.0","QB","KC","5","3.02","276.2","306.0","306.9","417.4","331.5","43.2","$18","$26"
"","38","Chase Brown","3.0","3.0","RB","CIN","6","3.10","203.3","236.0","242.0","317.0","255.4","43.1","$28","$26"
"Value","39","Kyler Murray","3.0","2.0","QB","MIN","6","7.12","271.3","290.0","308.3","416.2","331.0","42.6","$16","$26"
"","40","Trey McBride","3.0","1.0","TE","ARI","14","2.10","190.9","201.0","205.3","246.4","213.9","42.0","$23","$26"
"","41","Jeremiyah Love","3.0","3.0","RB","ARI","14","3.06","204.7","222.0","230.0","326.6","251.8","41.2","$31","$25"
"","42","Colston Loveland","3.0","1.0","TE","CHI","10","5.10","165.6","184.0","202.0","238.4","205.3","38.7","$21","$24"
"","43","Jared Goff","3.0","3.0","QB","DET","6","6.05","278.2","289.0","302.4","402.2","325.2","36.1","$10","$22"
"Value","44","Josh Jacobs","4.0","4.0","RB","GB","11","4.04","173.2","232.0","240.6","291.1","242.1","36.0","$26","$22"
"","45","Tee Higgins","4.0","4.0","WR","CIN","6","4.10","186.8","198.0","209.9","260.3","219.5","35.6","$19","$22"
"Value","46","Zay Flowers","4.0","4.0","WR","BAL","13","5.11","188.3","194.0","214.0","248.2","218.7","35.1","$20","$21"
"Injured","47","Chris Olave","4.0","4.0","WR","NO","8","4.02","182.2","200.0","211.9","252.2","217.5","34.4","$22","$21"
"","48","Breece Hall","4.0","4.0","RB","NYJ","13","4.12","197.1","220.0","226.5","292.2","239.1","34.4","$24","$21"
"","49","Javonte Williams","4.0","4.0","RB","DAL","14","5.06","197.1","213.0","229.2","286.5","239.0","34.3","$23","$21"
"","50","Tyler Warren","4.0","2.0","TE","IND","13","6.07","157.9","164.0","190.2","220.6","192.6","33.8","$18","$21"
"","51","Kyren Williams","4.0","4.0","RB","LAR","11","5.02","205.9","215.0","223.8","286.5","237.7","33.6","$24","$20"
"Value","52","DeVonta Smith","4.0","4.0","WR","PHI","10","6.02","187.6","191.0","203.9","256.9","215.4","33.2","$17","$20"
"","53","Jordan Love","4.0","3.0","QB","GB","11","5.01","279.6","276.0","294.3","406.1","322.1","32.6","$7","$20"
"","54","Travis Etienne","4.0","4.0","RB","NO","8","5.05","197.7","205.0","217.2","295.4","235.0","32.2","$21","$20"
"","55","Matthew Stafford","4.0","3.0","QB","LAR","11","8.04","276.1","286.0","296.9","400.8","321.5","32.0","$7","$20"
"Injured","56","Malik Nabers","4.0","4.0","WR","NYG","8","3.04","159.7","184.0","197.1","279.9","212.9","31.8","$16","$19"
"Sleeper","57","Tyler Shough","4.0","3.0","QB","NO","8","7.06","269.0","269.0","295.6","405.0","320.6","30.9","$10","$19"
"","58","Garrett Wilson","4.0","4.0","WR","NYJ","13","5.03","181.9","186.0","202.1","248.6","211.1","30.7","$19","$19"
"Injured","59","Tucker Kraft","4.0","2.0","TE","GB","11","8.05","146.1","157.0","176.0","223.5","183.5","30.2","$16","$18"
"Value","60","Christian Watson","4.0","4.0","WR","GB","11","7.09","169.6","160.0","199.5","253.4","208.8","29.9","$14","$18"
"","61","Baker Mayfield","4.0","3.0","QB","TB","10","6.04","274.8","277.0","289.3","402.1","317.4","29.9","$11","$18"
"Value","62","Davante Adams","4.0","4.0","WR","LAR","11","5.08","172.4","180.0","198.2","249.7","207.6","29.5","$14","$18"
"Value","63","Jaylen Waddle","5.0","5.0","WR","DEN","10","5.07","168.3","174.0","193.4","249.5","204.1","28.3","$13","$17"
"Injured","64","Cameron 'Cam' Skattebo","5.0","5.0","RB","NYG","8","6.10","178.2","207.0","212.1","280.0","224.5","28.1","$17","$17"
"Value","65","Terry McLaurin","5.0","5.0","WR","WAS","7","6.06","170.8","185.0","191.9","247.6","203.3","28.0","$17","$17"
"","66","Malik Willis","5.0","3.0","QB","MIA","6","8.10","266.7","266.0","274.9","409.6","310.2","27.9","$6","$17"
"Injured","67","Tetairoa McMillan","5.0","5.0","WR","CAR","5","4.11","171.2","188.0","190.2","247.3","202.3","27.6","$20","$17"
"","68","Emeka Egbuka","5.0","5.0","WR","TB","10","6.03","164.4","171.0","189.0","251.4","201.6","27.4","$19","$17"
"","69","D'Andre Swift","5.0","5.0","RB","CHI","10","7.03","184.1","194.0","209.2","274.1","222.3","27.3","$16","$17"
"","70","Luther Burden III","5.0","5.0","WR","CHI","10","5.04","161.7","171.0","188.0","251.9","200.7","27.1","$14","$17"
"","71","C.J. Stroud","5.0","3.0","QB","HOU","8","7.04","269.9","265.0","278.2","389.5","307.1","27.1","$10","$17"
"","72","Ladd McConkey","5.0","5.0","WR","LAC","7","5.09","164.5","179.0","186.9","250.4","200.2","26.9","$14","$16"
"Injured","73","Daniel Jones","5.0","3.0","QB","IND","13","8.08","259.1","255.0","275.6","394.1","304.9","26.5","$7","$16"
"","74","Jameson Williams","5.0","5.0","WR","DET","6","5.12","166.1","170.0","184.6","243.7","197.4","26.0","$22","$16"
"","75","Sam LaPorta","5.0","3.0","TE","DET","6","9.05","148.1","159.0","164.6","212.3","174.6","25.2","$14","$15"
"Value","76","Mike Evans","5.0","5.0","WR","SF","8","7.01","156.1","170.0","181.5","243.2","193.7","24.7","$16","$15"
"","77","David Montgomery","5.0","5.0","RB","HOU","8","7.10","168.0","182.0","197.6","274.7","213.3","24.3","$14","$15"
"","78","Rome Odunze","5.0","5.0","WR","CHI","10","8.01","154.7","164.0","175.8","247.9","191.6","24.0","$14","$15"
"Injured","79","Bucky Irving","5.0","5.0","RB","TB","10","4.06","171.7","192.0","192.9","277.8","212.2","23.9","$16","$15"
"","80","Harold Fannin Jr.","5.0","3.0","TE","CLE","11","7.07","147.3","154.0","163.7","206.3","172.3","23.9","$12","$15"
"Injured","81","Quinshon Judkins","5.0","5.0","RB","CLE","11","7.05","174.3","193.0","191.5","275.8","211.4","23.6","$18","$14"
"","82","Sam Darnold","5.0","4.0","QB","SEA","11","7.08","256.3","260.0","258.9","388.4","293.8","23.5","$3","$14"
"Sleeper","83","Cameron 'Cam' Ward","5.0","4.0","QB","TEN","9","6.12","252.8","239.0","258.0","392.2","293.7","23.5","$6","$14"
"","84","Aaron Rodgers","5.0","4.0","QB","PIT","9","19.02","254.1","228.0","259.3","386.4","293.0","23.3","$4","$14"
"Value","85","D.K. Metcalf","6.0","6.0","WR","PIT","9","8.09","153.3","164.0","182.5","224.5","188.7","22.9","$9","$14"
"","86","TreVeyon Henderson","6.0","6.0","RB","NE","11","6.01","163.9","181.0","182.1","291.4","208.6","22.7","$9","$14"
"","87","Parker Washington","6.0","6.0","WR","JAC","7","10.04","149.8","148.0","178.3","228.2","186.7","22.3","$11","$14"
"","88","D.J. Moore","6.0","6.0","WR","BUF","7","6.09","149.6","158.0","172.0","235.6","185.3","21.8","$9","$13"
"","89","Marvin Harrison Jr.","6.0","6.0","WR","ARI","14","9.07","148.4","160.0","168.6","236.0","183.3","21.1","$9","$13"
"","90","Bryce Young","6.0","4.0","QB","CAR","5","8.03","242.3","244.0","244.7","391.5","284.3","20.9","$4","$13"
"Injured","91","Alec Pierce","6.0","6.0","WR","IND","13","10.02","147.1","165.0","171.0","229.1","182.5","20.8","$14","$13"
"","92","Courtland Sutton","6.0","6.0","WR","DEN","10","8.06","147.9","151.0","172.0","221.9","181.2","20.4","$7","$12"
"","93","Jacoby Brissett","6.0","4.0","QB","ARI","14","14.03","234.1","245.0","246.4","381.9","281.1","20.1","$6","$12"
"","94","Carnell Tate","6.0","6.0","WR","TEN","9","7.02","139.9","159.0","166.5","234.8","180.3","20.0","$11","$12"
"","95","Brian Thomas Jr.","6.0","6.0","WR","JAC","7","9.03","141.9","147.0","161.3","242.0","179.8","19.9","$14","$12"
"Value","96","Jayden Reed","6.0","6.0","WR","GB","11","12.05","143.7","143.0","169.0","224.8","179.6","19.8","$6","$12"
"","97","Jordyn Tyson","6.0","6.0","WR","NO","8","8.02","137.8","144.0","166.0","234.1","179.5","19.8","$8","$12"
"","98","Jordan Addison","6.0","6.0","WR","MIN","6","10.11","142.9","140.0","168.1","223.6","178.7","19.5","$6","$12"
"","99","Fernando Mendoza","6.0","4.0","QB","LVR","13","4.03","232.7","243.0","237.4","391.7","278.6","19.4","$6","$12"
"","100","Quentin Johnston","6.0","6.0","WR","LAC","7","11.09","135.4","140.0","163.1","234.9","177.7","19.1","$6","$12"
"","101","Deshaun Watson","6.0","4.0","QB","CLE","11","22.03","207.8","174.0","218.7","437.4","276.4","18.8","$11","$11"
"","102","Geno Smith","6.0","4.0","QB","NYJ","13","16.05","228.1","240.0","237.6","384.9","276.1","18.7","$11","$11"
"","103","Kyle Pitts","6.0","3.0","TE","ATL","11","8.07","140.6","148.0","152.8","198.6","163.1","18.7","$9","$11"
"","104","Bhayshul Tuten","6.0","6.0","RB","JAC","7","6.11","146.9","178.0","168.9","285.4","196.7","18.7","$8","$11"
"Injured","105","George Kittle","6.0","3.0","TE","SF","8","11.01","92.1","148.0","153.5","228.7","162.9","18.6","$10","$11"
"","106","Ricky Pearsall","6.0","6.0","WR","SF","8","10.01","133.2","135.0","164.5","227.0","175.9","18.5","$6","$11"
"Value","107","Michael Pittman Jr.","6.0","6.0","WR","PIT","9","11.07","145.5","151.0","167.2","212.3","175.6","18.4","$7","$11"
"Value","108","Jakobi Meyers","7.0","7.0","WR","JAC","7","9.02","144.3","139.0","165.9","210.7","174.2","17.9","$4","$11"
"","109","Jadarian Price","6.0","6.0","RB","SEA","11","12.11","138.2","171.0","164.5","291.2","194.3","17.9","$10","$11"
"","110","Xavier Worthy","7.0","7.0","WR","KC","5","12.08","131.3","141.0","158.2","232.6","173.6","17.7","$5","$11"
"","111","Tony Pollard","7.0","7.0","RB","TEN","9","9.08","151.8","171.0","172.5","260.5","192.7","17.3","$6","$11"
"","112","Rhamondre Stevenson","7.0","7.0","RB","NE","11","8.11","152.0","165.0","174.7","255.1","192.5","17.3","$5","$11"
"","113","Jaylen Warren","7.0","7.0","RB","PIT","9","7.11","154.7","170.0","182.0","236.6","191.9","17.1","$4","$10"
"","114","Chuba Hubbard","7.0","7.0","RB","CAR","5","9.11","142.4","162.0","167.5","266.3","189.9","16.4","$5","$10"
"","115","J.K. Dobbins","7.0","7.0","RB","DEN","10","10.07","141.3","160.0","166.2","262.6","188.0","15.8","$5","$10"
"","116","Makai Lemon","7.0","7.0","WR","PHI","10","9.01","125.0","129.0","147.0","235.2","167.1","15.5","$5","$9"
"","117","Josh Downs","7.0","7.0","WR","IND","13","13.12","128.7","142.0","153.2","220.6","167.1","15.5","$4","$9"
"","118","Chris Godwin","7.0","7.0","WR","TB","10","10.03","128.0","147.0","152.4","221.0","166.7","15.3","$3","$9"
"","119","Romeo Doubs","7.0","7.0","WR","NE","11","12.03","128.2","139.0","152.6","215.2","165.2","14.8","$5","$9"
"","120","Brandon Aubrey","7.0","1.0","K","DAL","14","498.08","157.4","147.0","176.8","190.9","177.1","14.4","$7","$9"
"","121","KC Concepcion","7.0","7.0","WR","CLE","11","13.05","120.2","123.0","150.2","217.8","163.2","14.1","$6","$9"
"","122","Travis Kelce","7.0","4.0","TE","KC","5","11.06","129.3","148.0","150.3","180.4","154.7","14.0","$7","$9"
"Sleeper","123","Jayden Higgins","7.0","7.0","WR","HOU","8","13.02","125.3","130.0","142.4","226.4","162.2","13.8","$4","$8"
"","124","Matthew Golden","8.0","8.0","WR","GB","11","16.02","125.2","126.0","137.6","235.3","162.0","13.7","$6","$8"
"","125","Stefon Diggs","8.0","8.0","WR","UNS","18","12.01","109.3","134.0","154.0","212.5","161.8","13.7","$3","$8"
"","126","Michael Wilson","8.0","8.0","WR","ARI","14","8.12","121.0","150.0","147.6","217.0","161.7","13.6","$4","$8"
"","127","Tua Tagovailoa","8.0","5.0","QB","ATL","11","13.01","201.7","238.0","207.9","390.9","256.7","13.5","$8","$8"
"","128","Rico Dowdle","8.0","7.0","RB","PIT","9","9.09","139.8","163.0","158.9","252.7","181.0","13.4","$4","$8"
"Injured","129","Michael Penix Jr.","8.0","5.0","QB","ATL","11","13.06","205.7","186.0","209.9","379.9","255.5","13.2","$8","$8"
"","130","Wan'Dale Robinson","8.0","8.0","WR","TEN","9","11.05","126.1","136.0","141.7","206.9","156.7","11.9","$4","$7"
"Sleeper","131","Jalen McMillan","8.0","8.0","WR","TB","10","16.10","113.0","103.0","132.9","225.9","154.7","11.2","$14","$7"
"","132","Rashid Shaheed","8.0","8.0","WR","SEA","11","16.06","117.8","116.0","137.0","212.4","154.1","11.0","$11","$7"
"","133","Khalil Shakir","8.0","8.0","WR","BUF","7","12.07","125.1","133.0","142.2","196.2","153.8","10.9","$3","$7"
"Sleeper","134","Jonathon Brooks","8.0","8.0","RB","CAR","5","17.01","117.9","112.0","140.3","276.4","173.4","10.8","$4","$7"
"","135","Shedeur Sanders","8.0","5.0","QB","CLE","11","14.06","185.5","223.0","195.3","390.6","246.8","10.8","$7","$7"
"","136","Cameron Dicker","8.0","1.0","K","LAC","7","61.01","151.3","139.0","170.0","181.9","169.9","10.7","$6","$7"
"","137","Calvin Ridley","8.0","8.0","WR","TEN","9","17.12","116.8","94.0","135.8","211.8","153.1","10.6","$9","$6"
"","138","Carson Beck","8.0","5.0","QB","ARI","14","22.11","185.9","162.0","191.7","393.0","245.6","10.5","$6","$6"
"Injured","139","RJ Harvey","8.0","8.0","RB","DEN","10","6.08","125.8","141.0","149.8","248.7","172.4","10.5","$3","$6"
"","140","Mark Andrews","8.0","4.0","TE","BAL","13","10.08","127.1","129.0","138.1","183.7","148.5","10.5","$12","$6"
"","141","Deebo Samuel","8.0","8.0","WR","UNS","18","15.05","98.8","108.0","141.2","209.0","152.0","10.3","$15","$6"
"","142","Kyle Monangai","8.0","8.0","RB","CHI","10","9.04","131.2","142.0","144.2","252.4","171.4","10.2","$3","$6"
"","143","Omar Cooper Jr.","8.0","8.0","WR","NYJ","13","15.06","114.6","107.0","125.9","226.6","151.3","10.0","$12","$6"
"","144","Blake Corum","8.0","8.0","RB","LAR","11","9.12","128.6","134.0","135.4","268.1","170.4","9.8","$4","$6"
"","145","Jordan Mason","8.0","8.0","RB","MIN","6","13.11","124.8","127.0","148.6","243.7","170.2","9.8","$3","$6"
"Sleeper","146","Dalton Kincaid","8.0","4.0","TE","BUF","7","9.06","126.2","133.0","135.7","183.2","146.9","9.6","$9","$6"
"","147","Kirk Cousins","8.0","5.0","QB","LVR","13","20.08","186.2","187.0","190.0","380.0","241.1","9.3","$6","$6"
"","148","Denzel Boston","9.0","9.0","WR","CLE","11","15.09","106.8","109.0","124.2","223.6","148.2","9.0","$10","$5"
"","149","Seattle Seahawks","9.0","1.0","DEF","SEA","11","23.04","119.0","77.0","119.0","119.0","119.0","8.9","$2","$5"
"","150","Denver Broncos","9.0","1.0","DEF","DEN","10","24.10","118.6","82.0","118.6","118.6","118.6","8.8","$1","$5"
"","151","Tre Tucker","9.0","9.0","WR","LVR","13","18.09","110.8","109.0","128.8","207.4","147.0","8.5","$10","$5"
"","152","Rachaad White","9.0","8.0","RB","WAS","7","15.01","109.4","138.0","145.8","243.5","165.8","8.3","$2","$5"
"","153","Houston Texans","9.0","1.0","DEF","HOU","8","24.07","116.9","82.0","116.9","116.9","116.9","8.0","$1","$5"
"","154","Jalen Coker","9.0","9.0","WR","CAR","5","13.09","111.2","127.0","123.5","206.2","143.8","7.4","$5","$5"
"","155","Dallas Goedert","9.0","5.0","TE","PHI","10","10.06","122.0","132.0","134.1","174.3","142.9","7.3","$7","$4"
"","156","Jacory Croskey-Merritt","9.0","8.0","RB","WAS","7","12.06","111.9","129.0","127.2","267.1","162.6","7.2","$3","$4"
"","157","Adonai Mitchell","9.0","9.0","WR","NYJ","13","16.07","105.5","88.0","114.7","223.7","142.8","7.1","$4","$4"
"","158","Ka'imi Fairbairn","9.0","2.0","K","HOU","8","303.02","148.6","140.0","159.8","177.4","162.6","6.9","$4","$4"
"Injured","159","Tyreek Hill","9.0","9.0","WR","UNS","18","15.03","67.5","108.0","122.8","230.9","142.2","6.9","$4","$4"
"","160","Jauan Jennings","9.0","9.0","WR","MIN","6","12.09","100.1","112.0","113.8","221.9","140.8","6.4","$4","$4"
"","161","New England Patriots","9.0","1.0","DEF","NE","11","23.10","112.7","71.0","112.7","112.7","112.7","6.2","$2","$4"
"","162","Brandon Aiyuk","9.0","9.0","WR","UNS","18","17.07","70.7","89.0","117.9","229.9","139.9","6.1","$4","$4"
"","163","Germie Bernard","9.0","9.0","WR","PIT","9","19.11","102.0","91.0","115.9","210.9","139.3","5.9","$4","$4"
"","164","Jerry Jeudy","9.0","9.0","WR","CLE","11","16.03","100.3","100.0","116.6","209.9","139.1","5.8","$4","$4"
"","165","Jake Ferguson","9.0","5.0","TE","DAL","14","10.09","126.9","133.0","133.6","161.7","140.1","5.8","$3","$4"
"","166","Keenan Allen","9.0","9.0","WR","UNS","18","21.02","89.7","75.0","126.4","195.9","138.7","5.7","$3","$3"
"","167","Brenton Strange","9.0","5.0","TE","JAC","7","11.04","117.8","124.0","132.4","168.1","139.5","5.4","$6","$3"
"","168","Kenneth Gainwell","9.0","9.0","RB","TB","10","11.11","118.5","133.0","136.2","223.4","156.8","5.2","$1","$3"
"","169","Hunter Henry","9.0","5.0","TE","NE","11","10.05","120.3","125.0","129.4","168.2","138.3","4.7","$12","$3"
"","170","Tyler Loop","9.0","2.0","K","BAL","13","443.03","143.6","129.0","152.8","178.8","158.2","4.6","$2","$3"
"","171","Minnesota Vikings","9.0","1.0","DEF","MIN","6","23.11","109.1","78.0","109.1","109.1","109.1","4.6","$1","$3"
"","172","Green Bay Packers","9.0","2.0","DEF","GB","11","24.08","108.6","65.0","108.6","108.6","108.6","4.4","$1","$3"
"","173","Baltimore Ravens","9.0","2.0","DEF","BAL","13","25.05","108.6","70.0","108.6","108.6","108.6","4.4","$1","$3"
"","174","Cam Little","9.0","2.0","K","JAC","7","491.11","145.2","125.0","151.3","178.5","157.6","4.3","$2","$3"
"Sleeper","175","Isaiah Likely","9.0","5.0","TE","NYG","8","11.12","118.9","128.0","127.9","168.8","137.4","4.2","$12","$3"
"","176","Jalen Nailor","10.0","10.0","WR","LVR","13","20.04","99.3","103.0","110.3","206.3","134.5","4.2","$3","$3"
"","177","Antonio Williams","10.0","10.0","WR","WAS","7","15.10","93.7","101.0","101.9","222.1","133.2","3.8","$2","$2"
"Injured","178","Kenyon Sadiq","10.0","5.0","TE","NYJ","13","11.08","112.1","113.0","124.5","176.8","136.5","3.7","$4","$2"
"","179","Pittsburgh Steelers","10.0","2.0","DEF","PIT","9","23.05","107.1","77.0","107.1","107.1","107.1","3.7","$1","$2"
"","180","Aaron Jones","10.0","9.0","RB","MIN","6","11.10","107.6","144.0","134.5","216.5","152.0","3.6","$1","$2"
"","181","Cairo Santos","10.0","2.0","K","CHI","10","346.09","142.5","128.0","151.6","174.3","156.1","3.3","$2","$2"
"","182","Jake Bates","10.0","2.0","K","DET","6","498.03","146.6","130.0","149.6","175.0","156.0","3.2","$2","$2"
"","183","Tre Harris","10.0","10.0","WR","LAC","7","17.11","89.9","78.0","99.9","219.8","130.8","2.9","$2","$2"
"","184","Eddy Pineiro","10.0","2.0","K","SF","8","227.02","143.7","130.0","151.3","172.5","155.7","2.8","$1","$2"
"","185","Harrison Mevis","10.0","2.0","K","LAR","11","478.12","145.1","133.0","149.6","175.0","155.7","2.8","$1","$2"
"","186","Los Angeles Rams","10.0","2.0","DEF","LAR","11","24.02","105.7","78.0","105.7","105.7","105.7","2.6","$1","$2"
"","187","Darius Slayton","10.0","10.0","WR","NYG","8","175.11","92.9","78.0","103.2","206.4","129.5","2.5","$2","$2"
"","188","Tyjae Spears","10.0","9.0","RB","TEN","9","14.12","109.7","119.0","130.6","210.3","148.5","2.4","$1","$1"
"","189","Kansas City Chiefs","10.0","2.0","DEF","KC","5","24.04","105.5","66.0","105.5","105.5","105.5","2.4","$1","$1"
"Injured","190","Chris Rodriguez","10.0","9.0","RB","JAC","7","16.12","99.8","107.0","108.5","258.2","147.8","2.2","$1","$1"
"","191","Trey Smack","10.0","2.0","K","GB","11","392.10","143.3","134.0","149.3","174.7","155.1","2.1","$1","$1"
"Injured","192","Zach Charbonnet","10.0","9.0","RB","SEA","11","12.12","90.5","143.0","113.1","254.5","147.6","2.1","$1","$1"
"","193","Cooper Kupp","10.0","10.0","WR","SEA","11","21.04","90.3","82.0","102.6","205.2","128.4","2.1","$6","$1"
"","194","Isiah Pacheco","10.0","9.0","RB","DET","6","17.08","103.2","95.0","116.0","237.8","146.9","1.9","$1","$1"
"","195","Juwan Johnson","10.0","5.0","TE","NO","8","11.03","114.7","121.0","126.0","160.0","133.2","1.9","$2","$1"
"","196","Jacksonville Jaguars","10.0","2.0","DEF","JAC","7","24.05","104.5","69.0","104.5","104.5","104.5","1.5","$1","$1"
"","197","Ryan Flournoy","10.0","10.0","WR","DAL","14","20.06","86.6","85.0","98.4","206.6","125.8","1.2","$1","$1"
"","198","Jaylin Noel","10.0","10.0","WR","HOU","8","19.05","95.0","75.0","106.7","181.4","125.0","0.9","$1","$1"
"","199","New York Giants","10.0","2.0","DEF","NYG","8","23.08","103.6","64.0","103.6","103.6","103.6","0.8","$1","$1"
"","200","Wil Lutz","10.0","2.0","K","DEN","10","292.03","144.9","121.0","147.9","171.6","153.8","0.7","$1","$1"
"","201","Rashod Bateman","11.0","11.0","WR","BAL","13","21.01","85.6","95.0","97.3","204.3","124.4","0.7","$1","$1"
"","202","Travis Hunter","11.0","11.0","WR","JAC","7","15.11","75.2","82.0","81.7","241.8","124.2","0.7","$3","$1"
"","203","Woody Marks","11.0","10.0","RB","HOU","8","13.04","104.2","104.0","115.8","222.3","142.7","0.5","$1","$1"
"","204","Harrison Butker","11.0","2.0","K","KC","5","276.03","145.0","124.0","148.0","170.2","153.5","0.3","$1","$1"
"","205","Darnell Mooney","11.0","11.0","WR","NYG","8","19.12","85.9","75.0","93.4","205.5","122.6","0.1","$1","$1"
"","206","Charlie Smyth","11.0","2.0","K","NO","8","493.01","143.5","119.0","147.9","170.1","153.2","0.0","$1","$1"
"","207","Philadelphia Eagles","11.0","2.0","DEF","PHI","10","23.06","102.7","68.0","102.7","102.7","102.7","0.0","$2","$1"
"","208","Kayshon Boutte","11.0","11.0","WR","NE","11","16.08","81.6","65.0","93.8","206.4","122.3","0.0","$1","$1"
"","209","Los Angeles Chargers","11.0","2.0","DEF","LAC","7","24.03","102.2","66.0","102.2","102.2","102.2","0.0","$1","$1"
"","210","Jack Bech","11.0","11.0","WR","LVR","13","21.07","82.4","70.0","93.6","201.2","120.9","0.0","$1","$1"
"","211","Oronde Gadsden II","11.0","6.0","TE","LAC","7","9.10","107.4","107.0","111.9","176.8","128.8","0.0","$1","$1"
"","212","Buffalo Bills","11.0","2.0","DEF","BUF","7","25.04","102.0","71.0","102.0","102.0","102.0","0.0","$1","$1"
"","213","De'Zhaun Stribling","11.0","11.0","WR","SF","8","22.04","79.4","74.0","89.2","209.6","120.3","0.0","$1","$1"
"","214","Pat Bryant","11.0","11.0","WR","DEN","10","17.03","82.4","67.0","92.6","199.1","119.8","0.0","$1","$1"
"","215","Chigoziem 'Chig' Okonkwo","11.0","6.0","TE","WAS","7","14.05","110.8","108.0","115.4","165.0","128.1","0.0","$1","$1"
"","216","Chicago Bears","11.0","2.0","DEF","CHI","10","25.02","101.5","68.0","101.5","101.5","101.5","0.0","$1","$1"
"","217","Dalton Schultz","11.0","6.0","TE","HOU","8","10.10","113.1","112.0","121.6","150.8","128.0","0.0","$1","$1"
"","218","Tyrone Tracy Jr.","11.0","10.0","RB","NYG","8","13.10","93.8","101.0","103.1","237.1","138.0","0.0","$1","$1"
"","219","T.J. Hockenson","11.0","6.0","TE","MIN","6","13.03","109.5","112.0","120.3","155.2","127.9","0.0","$1","$1"
"","220","Tyquan Thornton","11.0","11.0","WR","KC","5","66.03","77.0","79.0","89.5","205.9","119.0","0.0","$1","$1"
"","221","Chris Boswell","11.0","2.0","K","PIT","9","348.01","142.9","122.0","145.8","170.6","152.0","0.0","$1","$1"
"","222","Andres Borregales","11.0","2.0","K","NE","11","443.02","141.8","120.0","146.2","168.1","151.4","0.0","$1","$1"
"","223","Dontayvion Wicks","11.0","11.0","WR","PHI","10","27.12","76.8","62.0","87.3","200.8","116.4","0.0","$1","$1"
"","224","Dylan Sampson","11.0","10.0","RB","CLE","11","15.07","98.2","85.0","112.9","203.2","134.9","0.0","$1","$1"
"","225","Tampa Bay Buccaneers","11.0","2.0","DEF","TB","10","23.02","100.0","63.0","100.0","100.0","100.0","0.0","$1","$1"
"","226","Devaughn Vele","11.0","11.0","WR","NO","8","21.08","83.4","76.0","97.0","174.6","115.7","0.0","$1","$1"
"","227","Keon Coleman","11.0","11.0","WR","BUF","7","21.03","72.3","42.0","85.1","204.2","115.3","0.0","$5","$1"
"","228","Alvin Kamara","11.0","10.0","RB","NO","8","14.10","90.8","91.0","100.9","227.0","133.5","0.0","$1","$1"
"","229","Troy Franklin","11.0","11.0","WR","DEN","10","17.02","76.3","80.0","84.8","199.3","114.5","0.0","$1","$1"
"","230","Detroit Lions","11.0","2.0","DEF","DET","6","24.09","99.4","70.0","99.4","99.4","99.4","0.0","$1","$1"
"","231","Zachariah Branch","12.0","12.0","WR","ATL","11","18.07","83.2","75.0","96.7","167.3","113.5","0.0","$1","$1"
"","232","Jason Myers","12.0","3.0","K","SEA","11","326.09","142.1","143.0","145.0","166.8","150.4","0.0","$1","$1"
"","233","San Francisco 49ers","12.0","2.0","DEF","SF","8","23.03","98.8","63.0","98.8","98.8","98.8","0.0","$1","$1"
"","234","Isaac TeSlaa","12.0","12.0","WR","DET","6","18.03","73.7","87.0","83.7","196.7","112.7","0.0","$1","$1"
"","235","Chase McLaughlin","12.0","3.0","K","TB","10","146.10","140.2","128.0","144.5","167.6","150.0","0.0","$1","$1"
"","236","Ja'Kobi Lane","12.0","12.0","WR","BAL","13","18.02","71.6","68.0","81.4","199.4","111.8","0.0","$1","$1"
"Injured","237","Nathaniel 'Tank' Dell","12.0","12.0","WR","HOU","8","18.08","53.4","76.0","76.3","221.3","111.7","0.0","$1","$1"
"","238","Kaytron Allen","12.0","11.0","RB","WAS","7","18.01","80.3","34.0","87.3","248.8","130.1","0.0","$1","$1"
"","239","Chris Brazzell II","12.0","12.0","WR","CAR","5","20.10","68.9","60.0","78.3","203.6","110.8","0.0","$1","$1"
"","240","Kendrick Bourne","12.0","12.0","WR","ARI","14","265.02","73.6","67.0","86.6","181.9","110.2","0.0","$1","$1"
"","241","Will Reichard","12.0","3.0","K","MIN","6","491.09","139.9","123.0","142.8","168.5","149.3","0.0","$1","$1"
"","242","Elijah Sarratt","12.0","12.0","WR","BAL","13","20.09","69.2","59.0","76.9","199.9","109.1","0.0","$1","$1"
"Injured","243","AJ Barner","12.0","6.0","TE","SEA","11","12.10","102.6","95.0","106.9","159.3","120.4","0.0","$1","$1"
"","244","Joshua 'Josh' Palmer","12.0","12.0","WR","BUF","7","93.11","71.4","42.0","77.6","186.2","106.1","0.0","$2","$1"
"","245","Cade Otton","12.0","6.0","TE","TB","10","15.04","106.1","94.0","110.5","147.0","119.7","0.0","$1","$1"
"","246","Tyler Bass","12.0","3.0","K","BUF","7","129.05","138.5","121.0","142.8","164.2","147.9","0.0","$1","$1"
"","247","Jake Moody","12.0","3.0","K","WAS","7","534.03","138.3","115.0","141.1","167.9","147.9","0.0","$1","$1"
"","248","Cleveland Browns","12.0","3.0","DEF","CLE","11","24.12","95.6","65.0","95.6","95.6","95.6","0.0","$1","$1"
"","249","Tyler Allgeier","12.0","11.0","RB","ARI","14","12.02","81.8","84.0","99.8","196.6","122.9","0.0","$1","$1"
"","250","Brian Robinson Jr.","12.0","11.0","RB","ATL","11","11.02","81.2","92.0","99.0","198.0","122.8","0.0","$1","$1"
"","251","Jake Elliott","12.0","3.0","K","PHI","10","277.08","138.5","116.0","142.8","162.8","147.5","0.0","$1","$1"
"","252","Chris Bell","13.0","13.0","WR","MIA","6","20.12","56.4","88.0","66.4","209.2","103.5","0.0","$1","$1"
"","253","Andrei Iosivas","13.0","13.0","WR","CIN","6","537.07","70.3","77.0","78.1","175.7","103.3","0.0","$1","$1"
"","254","Jahan Dotson","13.0","13.0","WR","ATL","11","69.11","69.2","67.0","80.5","169.1","102.6","0.0","$1","$1"
"","255","Pat Freiermuth","13.0","7.0","TE","PIT","9","95.11","97.3","106.0","105.8","154.5","117.5","0.0","$1","$1"
"","256","Christian Kirk","13.0","13.0","WR","SF","8","21.10","65.6","69.0","74.5","178.8","101.3","0.0","$3","$1"
"","257","Gunnar Helm","13.0","7.0","TE","TEN","9","15.08","97.8","96.0","105.2","152.5","116.8","0.0","$1","$1"
"","258","Keaton Mitchell","13.0","12.0","RB","LAC","7","17.06","85.0","73.0","94.4","189.7","118.7","0.0","$1","$1"
"","259","KaVontae Turpin","13.0","13.0","WR","DAL","14","30.04","76.0","56.0","85.4","140.1","98.6","0.0","$1","$1"
"","260","Jonah Coleman","13.0","12.0","RB","DEN","10","14.08","67.2","43.0","74.7","231.6","116.1","0.0","$1","$1"
"","261","Tennessee Titans","13.0","3.0","DEF","TEN","9","23.01","92.6","62.0","92.6","92.6","92.6","0.0","$1","$1"
"","262","Marquise 'Hollywood' Brown","13.0","13.0","WR","PHI","10","191.06","58.4","61.0","63.5","190.5","97.2","0.0","$3","$1"
"","263","Caleb Douglas","13.0","13.0","WR","MIA","6","403.10","59.9","55.0","66.6","183.2","97.2","0.0","$1","$1"
"","264","Marvin Mims Jr.","13.0","13.0","WR","DEN","10","19.09","69.8","57.0","83.1","139.6","96.1","0.0","$2","$1"
"","265","MarShawn Lloyd","13.0","12.0","RB","GB","11","496.02","58.0","45.0","74.3","230.3","113.9","0.0","$1","$1"
"","266","Ted Hurst","13.0","13.0","WR","TB","10","20.02","55.6","62.0","65.4","183.1","95.7","0.0","$1","$1"
"","267","Arizona Cardinals","13.0","3.0","DEF","ARI","14","25.07","91.7","59.0","91.7","91.7","91.7","0.0","$1","$1"
"","268","Dallas Cowboys","13.0","3.0","DEF","DAL","14","24.11","91.5","65.0","91.5","91.5","91.5","0.0","$1","$1"
"","269","Ryan Fitzgerald","13.0","3.0","K","CAR","5","426.07","133.9","111.0","139.5","161.8","144.6","0.0","$1","$1"
"","270","Terrance Ferguson","13.0","7.0","TE","LAR","11","14.11","80.2","83.0","91.1","177.6","112.7","0.0","$1","$1"
"","271","Malik Washington","13.0","13.0","WR","MIA","6","494.10","75.9","87.0","80.7","133.2","94.2","0.0","$1","$1"
"","272","New Orleans Saints","13.0","3.0","DEF","NO","8","23.09","91.0","66.0","91.0","91.0","91.0","0.0","$1","$1"
"","273","Indianapolis Colts","13.0","3.0","DEF","IND","13","24.06","91.0","61.0","91.0","91.0","91.0","0.0","$1","$1"
"","274","Evan McPherson","13.0","3.0","K","CIN","6","86.12","135.0","124.0","136.4","166.4","144.3","0.0","$2","$1"
"","275","New York Jets","14.0","3.0","DEF","NYJ","13","23.07","90.7","58.0","90.7","90.7","90.7","0.0","$1","$1"
"","276","Ashton Dulin","14.0","14.0","WR","IND","13","158.11","51.0","30.0","63.7","178.4","92.7","0.0","$1","$1"
"","277","DeAndre Hopkins","14.0","14.0","WR","UNS","18","357.08","58.6","8.0","73.2","153.7","92.5","0.0","$1","$1"
"","278","Tory Horton","14.0","14.0","WR","SEA","11","20.07","59.8","76.0","69.5","159.9","92.4","0.0","$1","$1"
"","279","Cincinnati Bengals","14.0","3.0","DEF","CIN","6","25.01","90.3","64.0","90.3","90.3","90.3","0.0","$1","$1"
"","280","Tutu Atwell","14.0","14.0","WR","MIA","6","97.12","56.7","46.0","63.0","173.3","91.9","0.0","$1","$1"
"","281","Isaiah Bond","14.0","14.0","WR","CLE","11","448.04","53.6","27.0","59.6","181.8","91.8","0.0","$1","$1"
"","282","Curtis Samuel","14.0","14.0","WR","UNS","18","282.05","57.4","10.0","71.7","154.2","91.6","0.0","$1","$1"
"","283","Dyami Brown","14.0","14.0","WR","WAS","7","96.06","52.5","37.0","61.0","176.9","91.1","0.0","$1","$1"
"","284","Las Vegas Raiders","14.0","3.0","DEF","LVR","13","24.01","89.9","61.0","89.9","89.9","89.9","0.0","$1","$1"
"","285","David Njoku","14.0","7.0","TE","LAC","7","13.08","89.6","77.0","93.3","158.6","110.4","0.0","$1","$1"
"","286","Carolina Panthers","14.0","3.0","DEF","CAR","5","25.03","89.8","58.0","89.8","89.8","89.8","0.0","$1","$1"
"","287","Miami Dolphins","14.0","3.0","DEF","MIA","6","23.12","89.7","60.0","89.7","89.7","89.7","0.0","$1","$1"
"","288","Ben Sauls","14.0","3.0","K","NYG","8","419.05","130.9","72.0","137.8","162.6","143.3","0.0","$1","$1"
"","289","Braelon Allen","14.0","13.0","RB","NYJ","13","16.04","67.5","76.0","71.0","209.5","108.1","0.0","$1","$1"
"","290","Malachi Fields","14.0","14.0","WR","NYG","8","21.11","48.1","49.0","56.6","184.0","89.8","0.0","$1","$1"
"","291","Nicholas Singleton","14.0","13.0","RB","TEN","9","19.01","53.6","25.0","63.1","233.5","107.9","0.0","$1","$1"
"","292","Kyle Williams","14.0","14.0","WR","NE","11","20.01","57.1","29.0","62.8","163.3","89.2","0.0","$1","$1"
"","293","Mike Washington Jr.","14.0","13.0","RB","LVR","13","16.09","59.1","60.0","70.4","211.2","106.8","0.0","$1","$1"
"","294","Xavier Legette","14.0","14.0","WR","CAR","5","494.03","54.3","51.0","57.2","171.6","87.9","0.0","$2","$1"
"","295","Emmett Johnson","14.0","13.0","RB","KC","5","14.01","60.1","36.0","71.6","204.1","105.7","0.0","$1","$1"
"","296","Nick Folk","14.0","3.0","K","ATL","11","155.01","133.1","116.0","135.8","161.6","142.4","0.0","$1","$1"
"","297","Olamide Zaccheaus","14.0","14.0","WR","ATL","11","168.04","58.1","64.0","67.6","146.0","87.3","0.0","$1","$1"
"","298","Calvin Austin III","14.0","14.0","WR","NYG","8","69.06","62.6","40.0","65.9","145.0","86.9","0.0","$1","$1"
"","299","Bryce Lance","14.0","14.0","WR","NO","8","397.06","48.2","25.0","53.5","179.2","86.8","0.0","$1","$1"
"","300","Jalen Tolbert","14.0","14.0","WR","MIA","6","70.01","51.6","68.0","57.3","166.2","86.0","0.0","$1","$1"
"","301","Justice Hill","14.0","13.0","RB","BAL","13","184.03","74.6","81.0","82.9","165.8","104.0","0.0","$1","$1"
"","302","Treylon Burks","14.0","14.0","WR","WAS","7","69.03","50.6","38.0","55.0","170.5","85.7","0.0","$1","$1"
"","303","Sean Tucker","14.0","13.0","RB","TB","10","17.10","64.0","52.0","69.6","198.4","103.7","0.0","$1","$1"
"","304","Brenen Thompson","14.0","14.0","WR","LAC","7","399.07","48.6","24.0","54.0","172.8","85.4","0.0","$1","$1"
"","305","Colby Parkinson","14.0","8.0","TE","LAR","11","14.02","80.2","75.0","90.1","159.5","107.2","0.0","$1","$1"
"","306","Jalen Royals","14.0","14.0","WR","KC","5","448.03","44.3","40.0","49.2","182.0","84.5","0.0","$1","$1"
"Injured","307","James Conner","14.0","13.0","RB","ARI","14","12.04","68.1","48.0","82.1","164.2","102.0","0.0","$1","$1"
"","308","Sterling Shepard","14.0","14.0","WR","UNS","18","313.05","52.3","5.0","61.5","147.6","83.3","0.0","$1","$1"
"","309","Greg Dulcich","14.0","8.0","TE","MIA","6","67.06","82.0","98.0","89.1","154.1","105.5","0.0","$1","$1"
"","310","Jaydon Blue","14.0","13.0","RB","DAL","14","21.05","56.7","40.0","66.7","196.8","100.4","0.0","$1","$1"
"","311","Nick Chubb","14.0","13.0","RB","UNS","18","238.01","55.0","22.0","78.6","172.9","100.0","0.0","$1","$1"
"","312","Tyler Lockett","15.0","15.0","WR","UNS","18","339.09","47.3","17.0","59.1","150.7","81.9","0.0","$1","$1"
"","313","Noah Brown","15.0","15.0","WR","UNS","18","275.09","53.0","14.0","62.3","137.1","81.0","0.0","$1","$1"
"","314","Washington Commanders","15.0","3.0","DEF","WAS","7","22.12","85.7","65.0","85.7","85.7","85.7","0.0","$1","$1"
"","315","Nick Westbrook-Ikhine","15.0","15.0","WR","IND","13","101.06","46.3","48.0","52.6","157.8","80.2","0.0","$1","$1"
"","316","Kalif Raymond","15.0","15.0","WR","CHI","10","294.05","58.0","46.0","63.0","129.2","80.2","0.0","$1","$1"
"","317","Joey Slye","15.0","3.0","K","TEN","9","153.11","130.3","109.0","134.3","158.5","140.2","0.0","$1","$1"
"","318","George Holani","15.0","14.0","RB","SEA","11","476.10","58.8","37.0","73.5","172.7","97.9","0.0","$1","$1"
"","319","Mack Hollins","15.0","15.0","WR","NE","11","278.06","50.3","43.0","55.9","148.1","80.0","0.0","$1","$1"
"","320","Elic Ayomanor","15.0","15.0","WR","TEN","9","18.04","47.8","56.0","50.3","161.0","80.0","0.0","$1","$1"
"","321","Mike Gesicki","15.0","8.0","TE","CIN","6","237.11","77.4","86.0","91.0","146.5","103.7","0.0","$5","$1"
"","322","Evan Engram","15.0","8.0","TE","DEN","10","282.09","80.4","72.0","87.4","146.8","102.3","0.0","$7","$1"
"","323","Samaje Perine","15.0","14.0","RB","CIN","6","279.10","69.4","82.0","81.7","138.9","95.1","0.0","$1","$1"
"","324","Jimmy Horn Jr.","15.0","15.0","WR","CAR","5","447.10","46.2","17.0","48.6","155.5","77.3","0.0","$1","$1"
"","325","Darnell Washington","15.0","8.0","TE","PIT","9","28.04","74.6","74.0","84.8","155.2","102.2","0.0","$1","$1"
"Injured","326","Trey Benson","15.0","14.0","RB","ARI","14","14.04","58.2","13.0","67.7","172.6","94.6","0.0","$1","$1"
"","327","Luke McCaffrey","15.0","15.0","WR","WAS","7","493.04","54.5","28.0","57.4","128.0","76.1","0.0","$1","$1"
"","328","Jaylin Lane","15.0","15.0","WR","WAS","7","445.06","51.2","47.0","56.9","130.9","76.1","0.0","$1","$1"
"","329","Zavion Thomas","15.0","15.0","WR","CHI","10","398.02","48.0","42.0","56.5","132.8","75.8","0.0","$1","$1"
"","330","Skyler Bell","15.0","15.0","WR","BUF","7","398.08","38.5","47.0","41.8","163.0","74.3","0.0","$1","$1"
"","331","Isaiah Davis","15.0","14.0","RB","NYJ","13","496.07","64.3","45.0","67.7","159.1","92.0","0.0","$1","$1"
"Injured","332","Najee Harris","15.0","14.0","RB","UNS","18","19.04","47.1","34.0","72.5","159.5","91.6","0.0","$1","$1"
"","333","Matt Gay","15.0","4.0","K","LVR","13","179.01","129.9","124.0","132.5","155.0","138.2","0.0","$1","$1"
"","334","Tez Johnson","15.0","15.0","WR","TB","10","448.11","39.6","36.0","41.2","160.7","73.5","0.0","$1","$1"
"","335","Emanuel Wilson","15.0","14.0","RB","SEA","11","18.05","49.2","47.0","61.5","178.4","91.2","0.0","$1","$1"
"","336","Tank Bigsby","15.0","14.0","RB","PHI","10","17.04","50.0","69.0","52.6","194.6","90.9","0.0","$1","$1"
"","337","Ty Johnson","15.0","14.0","RB","BUF","7","181.09","64.1","71.0","75.4","139.5","90.8","0.0","$1","$1"
"","338","Xavier Hutchinson","15.0","15.0","WR","HOU","8","538.01","39.4","45.0","40.2","160.8","73.0","0.0","$1","$1"
"","339","Christopher 'Chris' Brooks","15.0","14.0","RB","GB","11","509.04","51.1","53.0","56.8","184.6","90.6","0.0","$1","$1"
"","340","Savion Williams","15.0","15.0","WR","GB","11","448.12","47.8","44.0","53.1","127.4","72.4","0.0","$1","$1"
"","341","Hunter Renfrow","15.0","15.0","WR","UNS","18","186.07","39.8","5.0","49.7","139.2","72.3","0.0","$1","$1"
"","342","Chimere Dike","15.0","15.0","WR","TEN","9","17.05","46.8","66.0","50.9","130.8","72.0","0.0","$1","$1"
"","343","Cade York","15.0","4.0","K","NYJ","13","61.02","129.4","78.0","132.0","154.4","137.6","0.0","$1","$1"
"","344","Andre Szmyt","15.0","4.0","K","CLE","11","516.03","127.9","104.0","131.9","155.6","137.6","0.0","$1","$1"
"","345","Cedric Tillman","15.0","15.0","WR","CLE","11","536.06","35.2","29.0","38.3","160.9","71.2","0.0","$2","$1"
"","346","Jordan James","15.0","14.0","RB","SF","8","449.09","47.8","63.0","53.1","185.9","88.4","0.0","$1","$1"
"","347","Roman Wilson","15.0","15.0","WR","PIT","9","494.01","39.9","23.0","44.3","141.8","70.1","0.0","$1","$1"
"","348","Jaylen Wright","15.0","15.0","RB","MIA","6","19.06","46.9","48.0","55.2","179.4","87.6","0.0","$1","$1"
"","349","Jordan Whittington","15.0","15.0","WR","LAR","11","494.04","48.3","24.0","50.8","121.9","69.7","0.0","$1","$1"
"","350","Joe Mixon","15.0","15.0","RB","UNS","18","18.06","40.9","19.0","68.2","153.5","86.5","0.0","$1","$1"
"","351","Kaelon Black","15.0","15.0","RB","SF","8","397.11","45.2","55.0","50.2","185.7","86.3","0.0","$1","$1"
"","352","Michael Mayer","15.0","9.0","TE","LVR","13","28.02","67.9","65.0","77.2","154.4","96.6","0.0","$1","$1"
"","353","Demarcus Robinson","15.0","15.0","WR","SF","8","310.06","38.4","36.0","45.2","131.1","67.4","0.0","$1","$1"
"","354","Brashard Smith","15.0","15.0","RB","KC","5","20.05","53.5","31.0","65.3","143.7","84.5","0.0","$1","$1"
"","355","Kareem Hunt","15.0","15.0","RB","UNS","18","281.09","46.8","20.0","66.9","143.8","84.2","0.0","$1","$1"
"","356","Darren Waller","15.0","9.0","TE","UNS","18","335.06","49.9","60.0","83.1","149.6","95.2","0.0","$4","$1"
"","357","Reggie Virgil","15.0","15.0","WR","ARI","14","403.09","32.5","9.0","37.8","143.6","65.7","0.0","$1","$1"
"","358","Demario Douglas","15.0","15.0","WR","NE","11","27.02","41.8","46.0","44.0","123.2","65.2","0.0","$1","$1"
"","359","Kendre Miller","15.0","15.0","RB","NO","8","20.03","40.2","31.0","50.2","175.7","82.6","0.0","$1","$1"
"","360","Ollie Gordon II","15.0","15.0","RB","MIA","6","448.06","44.7","36.0","47.0","178.6","82.5","0.0","$1","$1"
"","361","Dont'e Thornton Jr.","15.0","15.0","WR","LVR","13","447.02","32.5","27.0","36.1","144.4","65.0","0.0","$1","$1"
"","362","Demond Claiborne","15.0","15.0","RB","MIN","6","19.08","40.1","21.0","47.2","179.4","82.0","0.0","$1","$1"
"","363","Van Jefferson","15.0","15.0","WR","WAS","7","138.08","37.3","43.0","41.4","128.3","64.4","0.0","$1","$1"
"","364","Colbie Young","15.0","15.0","WR","CIN","6","395.04","30.4","13.0","35.8","143.2","64.1","0.0","$1","$1"
"","365","Austin Ekeler","15.0","15.0","RB","UNS","18","252.11","44.7","24.0","59.6","149.0","81.3","0.0","$6","$1"
"","366","Cyrus Allen","15.0","15.0","WR","KC","5","397.12","28.1","22.0","33.1","149.0","63.8","0.0","$1","$1"
"","367","LeQuint Allen","15.0","15.0","RB","JAC","7","446.11","58.2","34.0","63.3","126.6","79.6","0.0","$1","$1"
"","368","Jordan Watkins","15.0","15.0","WR","SF","8","445.10","27.5","8.0","30.5","146.4","61.6","0.0","$1","$1"
"","369","Antonio Gibson","15.0","15.0","RB","UNS","18","134.04","42.4","8.0","65.2","130.4","78.8","0.0","$1","$1"
"","370","Eric McAlister","15.0","15.0","WR","RK","18","400.03","26.6","19.0","29.5","147.5","61.2","0.0","$1","$1"
"","371","Marquez Valdes-Scantling","15.0","15.0","WR","DAL","14","234.01","28.3","18.0","37.7","128.2","60.7","0.0","$1","$1"
"","372","Zane Gonzalez","15.0","4.0","K","MIA","6","275.10","126.1","103.0","127.4","152.9","134.1","0.0","$1","$1"
"","373","JuJu Smith-Schuster","15.0","15.0","WR","NYG","8","283.06","26.7","15.0","35.6","129.9","59.7","0.0","$1","$1"
"","374","Eli Stowers","15.0","9.0","TE","PHI","10","14.09","54.7","47.0","66.7","165.4","91.4","0.0","$1","$1"
"","375","Devontez Walker","15.0","15.0","WR","BAL","13","494.02","28.2","31.0","32.1","134.8","59.4","0.0","$1","$1"
"","376","Malik Davis","15.0","15.0","RB","DAL","14","37.03","41.5","52.0","46.1","161.4","76.7","0.0","$1","$1"
"","377","Kevin Coleman Jr.","15.0","15.0","WR","MIA","6","401.01","28.7","40.0","31.9","134.0","59.2","0.0","$1","$1"
"","378","John Metchie","15.0","15.0","WR","CAR","5","68.10","35.2","67.0","36.3","119.8","58.9","0.0","$1","$1"
"","379","Devin Singletary","15.0","15.0","RB","NYG","8","177.03","44.9","30.0","49.9","149.7","76.2","0.0","$1","$1"
"","380","Tai Felton","15.0","15.0","WR","MIN","6","448.05","36.3","19.0","38.2","114.6","58.7","0.0","$1","$1"
"","381","KeAndre Lambert-Smith","15.0","15.0","WR","LAC","7","444.12","29.2","30.0","32.4","129.6","58.3","0.0","$1","$1"
"","382","Odell Beckham Jr.","15.0","15.0","WR","NYG","8","345.11","25.0","16.0","31.2","134.2","58.2","0.0","$1","$1"
"","383","Arian Smith","15.0","15.0","WR","NYJ","13","447.04","25.0","8.0","27.8","139.0","57.6","0.0","$1","$1"
"","384","Greg Dortch","15.0","15.0","WR","DET","6","185.11","39.4","23.0","42.4","99.6","57.5","0.0","$1","$1"
"","385","Mitchell Tinsley","15.0","15.0","WR","CIN","6","529.07","24.8","31.0","27.6","138.0","57.2","0.0","$1","$1"
"","386","Adam Randall","15.0","15.0","RB","BAL","13","403.06","36.8","41.0","43.3","160.2","74.0","0.0","$1","$1"
"","387","Jonnu Smith","15.0","9.0","TE","UNS","18","280.01","51.3","49.0","73.3","146.6","89.3","0.0","$6","$1"
"","388","Jonathan Mingo","15.0","15.0","WR","DAL","14","537.08","27.9","11.0","32.1","122.0","55.9","0.0","$1","$1"
"","389","Elijah Arroyo","15.0","9.0","TE","SEA","11","447.11","58.7","48.0","63.8","159.5","89.0","0.0","$1","$1"
"","390","Kaleb Johnson","15.0","15.0","RB","PIT","9","19.07","35.1","16.0","39.9","163.6","72.8","0.0","$5","$1"
"","391","Konata Mumpfield","15.0","15.0","WR","LAR","11","442.10","25.2","35.0","26.5","132.5","55.2","0.0","$1","$1"
"","392","Alexander Mattison","15.0","15.0","RB","UNS","18","184.08","44.5","5.0","52.4","131.0","72.4","0.0","$1","$1"
"","393","Kimani Vidal","15.0","15.0","RB","LAC","7","16.11","50.6","49.0","55.0","121.0","72.2","0.0","$1","$1"
"","394","DJ Giddens","15.0","15.0","RB","IND","13","449.08","39.4","37.0","43.8","148.9","71.7","0.0","$1","$1"
"","395","Malik Benson","15.0","15.0","WR","LVR","13","401.08","25.8","11.0","30.4","121.6","54.4","0.0","$1","$1"
"","396","Theo Wease Jr.","15.0","15.0","WR","MIA","6","433.08","22.0","73.0","25.9","129.5","53.5","0.0","$1","$1"
"","397","Miles Sanders","15.0","15.0","RB","UNS","18","175.10","45.1","0.0","51.2","126.5","70.6","0.0","$1","$1"
"","398","Ja'Lynn Polk","15.0","15.0","WR","NO","8","494.06","23.9","5.0","29.9","119.6","53.3","0.0","$1","$1"
"","399","Jalin Hyatt","15.0","15.0","WR","NYG","8","27.05","21.3","5.0","23.7","130.4","52.4","0.0","$1","$1"
"","400","K.J. Osborn","15.0","15.0","WR","TEN","9","128.02","27.6","0.0","33.6","94.1","49.0","0.0","$1","$1"
"","401","CJ Daniels","15.0","15.0","WR","LAR","11","404.10","22.3","32.0","25.3","113.9","48.9","0.0","$1","$1"
"","402","Erick All","15.0","10.0","TE","CIN","6","495.10","53.7","36.0","63.9","147.0","84.7","0.0","$1","$1"
"","403","Jerome Ford","15.0","15.0","RB","WAS","7","68.12","34.6","24.0","41.7","133.4","65.4","0.0","$1","$1"
"","404","Ray Davis","15.0","15.0","RB","BUF","7","18.12","34.5","45.0","46.0","119.6","64.0","0.0","$1","$1"
"","405","Atlanta Falcons","15.0","4.0","DEF","ATL","11","25.06","71.8","68.0","71.8","71.8","71.8","0.0","$1","$1"
"","406","Jeremy McNichols","15.0","15.0","RB","WAS","7","276.07","39.2","21.0","43.6","119.9","63.6","0.0","$1","$1"
"","407","Malachi Corley","15.0","15.0","WR","CLE","11","494.07","19.6","13.0","21.8","113.4","46.4","0.0","$1","$1"
"","408","Jeff Caldwell","15.0","15.0","WR","KC","5","399.03","18.1","0.0","21.3","114.8","46.2","0.0","$1","$1"
"","409","Seth McGowan","15.0","15.0","RB","IND","13","397.02","29.8","27.0","35.1","140.4","62.9","0.0","$1","$1"
"","410","Xavier Restrepo","15.0","15.0","WR","TEN","9","447.12","18.6","9.0","20.7","113.9","45.7","0.0","$1","$1"
"","411","Josh Cameron","15.0","15.0","WR","JAC","7","399.01","20.8","21.0","23.6","106.2","45.6","0.0","$1","$1"
"","412","Kyle Juszczyk","15.0","15.0","RB","SF","8","376.07","44.7","40.0","49.7","99.4","62.4","0.0","$1","$1"
"","413","Deion Burks","15.0","15.0","WR","IND","13","401.05","18.6","40.0","22.7","107.8","45.2","0.0","$1","$1"
"","414","Jarquez Hunter","15.0","15.0","RB","LAR","11","21.09","26.5","17.0","31.2","146.6","61.8","0.0","$1","$1"
"","415","Cole Kmet","15.0","10.0","TE","CHI","10","139.12","57.5","61.0","60.5","142.2","82.2","0.0","$1","$1"
"","416","Dominic Lovett","15.0","15.0","WR","DET","6","441.12","18.0","0.0","21.2","108.1","44.3","0.0","$1","$1"
"","417","Dawson Knox","15.0","10.0","TE","BUF","7","189.02","57.9","63.0","60.9","140.1","82.0","0.0","$1","$1"
"","418","David Sills V","15.0","15.0","WR","TB","10","175.07","20.1","13.0","21.2","106.0","44.1","0.0","$1","$1"
"","419","Derius Davis","15.0","15.0","WR","LAC","7","537.01","28.4","10.0","29.9","77.7","42.7","0.0","$1","$1"
"","420","Tim Patrick","15.0","15.0","WR","NYJ","13","270.05","24.9","17.0","28.0","84.0","42.7","0.0","$1","$1"
"","421","Bub Means","15.0","15.0","WR","NO","8","492.05","19.8","37.0","20.8","99.8","42.2","0.0","$1","$1"
"","422","Casey Washington","15.0","15.0","WR","ATL","11","491.02","18.0","20.0","20.0","98.0","40.9","0.0","$1","$1"
"","423","Mecole Hardman","15.0","15.0","WR","BUF","7","188.07","15.8","5.0","19.8","99.0","40.7","0.0","$1","$1"
"","424","Isaiah Williams","15.0","15.0","WR","NYJ","13","494.11","24.1","19.0","25.4","81.3","40.4","0.0","$1","$1"
"","425","Phil Mafah","15.0","15.0","RB","DAL","14","441.07","29.2","30.0","31.7","126.8","57.2","0.0","$1","$1"
"","426","Eli Heidenreich","15.0","15.0","WR","PIT","9","397.03","31.6","15.0","37.2","111.6","56.5","0.0","$1","$1"
"","427","Mason Taylor","15.0","10.0","TE","NYJ","13","14.07","55.5","73.0","57.8","137.0","79.0","0.0","$1","$1"
"","428","Emmanuel Henderson Jr.","15.0","15.0","WR","SEA","11","402.10","16.2","6.0","19.0","95.0","39.2","0.0","$1","$1"
"","429","Jacob Cowing","15.0","15.0","WR","SF","8","494.08","24.5","5.0","25.8","74.8","38.9","0.0","$1","$1"
"","430","Quez Watkins","15.0","15.0","WR","PHI","10","135.02","15.8","0.0","18.6","93.0","38.4","0.0","$1","$1"
"","431","Emari Demercado","15.0","15.0","RB","KC","5","520.07","32.0","53.0","37.6","105.3","55.1","0.0","$1","$1"
"","432","Ja'Tavion Sanders","15.0","10.0","TE","CAR","5","495.04","53.6","49.0","57.0","136.8","78.2","0.0","$4","$1"
"","433","Trevor Etienne","15.0","15.0","RB","CAR","5","447.08","35.7","24.0","39.7","95.3","54.1","0.0","$1","$1"
"","434","Barion Brown","15.0","15.0","WR","NO","8","393.03","21.5","21.0","23.9","74.1","37.2","0.0","$1","$1"
"","435","Devin Neal","15.0","15.0","RB","NO","8","19.03","32.5","28.0","38.7","96.8","53.4","0.0","$1","$1"
"","436","Ty Chandler","15.0","15.0","RB","NO","8","63.01","31.0","25.0","38.8","97.0","53.3","0.0","$1","$1"
"","437","Johnny Wilson","15.0","15.0","WR","PHI","10","493.11","16.4","5.0","20.5","82.0","36.5","0.0","$1","$1"
"","438","Tahj Washington","15.0","15.0","WR","MIA","6","490.05","14.8","0.0","16.4","90.2","36.2","0.0","$1","$1"
"","439","Harrison Wallace III","15.0","15.0","WR","ARI","14","384.06","14.8","0.0","16.4","90.2","36.2","0.0","$1","$1"
"","440","Jaydn Ott","15.0","15.0","RB","KC","5","397.07","21.4","13.0","26.8","126.0","52.9","0.0","$1","$1"
"","441","Raheim Sanders","15.0","15.0","RB","CLE","11","449.07","22.4","19.0","25.5","127.5","52.8","0.0","$1","$1"
"","442","Kevin Austin Jr.","15.0","15.0","WR","NO","8","65.03","18.2","19.0","20.2","78.8","35.8","0.0","$1","$1"
"","443","Darius Cooper","15.0","15.0","WR","PHI","10","413.05","18.3","12.0","19.3","77.2","34.9","0.0","$1","$1"
"","444","Eric Rivers","15.0","15.0","WR","TB","10","402.07","14.8","14.0","16.4","85.3","34.9","0.0","$1","$1"
"","445","Jordan Hudson","15.0","15.0","WR","DAL","14","401.12","15.2","0.0","16.9","82.8","34.6","0.0","$1","$1"
"","446","Anthony Smith","15.0","15.0","WR","DAL","14","390.05","14.5","5.0","17.1","80.4","33.9","0.0","$1","$1"
"","447","Taysom Hill","15.0","10.0","TE","UNS","18","269.01","40.8","12.0","51.0","147.9","75.6","0.0","$1","$1"
"","448","Kenny McIntosh","15.0","15.0","RB","SEA","11","538.03","25.0","8.0","27.8","111.2","50.0","0.0","$1","$1"
"","449","Jamarion 'Jam' Miller","15.0","15.0","RB","NE","11","398.07","23.8","22.0","27.1","112.5","49.8","0.0","$1","$1"
"","450","Charlie Jones","15.0","15.0","WR","CIN","6","537.05","15.7","5.0","18.5","73.6","33.0","0.0","$1","$1"
"","451","Roschon Johnson","15.0","15.0","RB","CHI","10","536.12","20.1","25.0","22.3","122.7","49.3","0.0","$1","$1"
"","452","Audric Estime","15.0","15.0","RB","NO","8","21.06","29.0","27.0","32.9","95.4","49.2","0.0","$1","$1"
"","453","Kaden Wetjen","15.0","15.0","WR","PIT","9","394.11","21.6","7.0","25.4","53.6","32.4","0.0","$1","$1"
"","454","Mason Tipton","15.0","15.0","WR","NO","8","486.09","17.1","15.0","19.0","68.4","32.1","0.0","$1","$1"
"","455","Lewis Bond","15.0","15.0","WR","HOU","8","393.01","14.3","5.0","15.9","76.3","32.1","0.0","$1","$1"
"","456","Tyler Goodson","15.0","15.0","RB","ATL","11","64.10","20.7","15.0","23.5","117.5","48.6","0.0","$1","$1"
"","457","J. Michael Sturdivant","15.0","15.0","WR","GB","11","377.12","14.2","0.0","15.8","74.3","31.5","0.0","$1","$1"
"","458","Tahj Brooks","15.0","15.0","RB","CIN","6","446.12","20.9","20.0","23.2","116.0","48.1","0.0","$1","$1"
"","459","CJ Williams","15.0","15.0","WR","JAC","7","392.04","13.9","0.0","16.3","73.4","31.4","0.0","$1","$1"
"","460","Max Klare","15.0","11.0","TE","LAR","11","21.12","44.6","34.0","50.7","139.4","73.8","0.0","$1","$1"
"","461","Noah Gray","15.0","11.0","TE","KC","5","87.03","55.4","48.0","55.4","121.9","73.5","0.0","$1","$1"
"","462","Noah Fant","15.0","11.0","TE","NO","8","191.01","47.6","48.0","51.7","134.4","73.5","0.0","$1","$1"
"","463","Efton Chism","15.0","15.0","WR","NE","11","447.01","15.6","17.0","16.4","67.2","30.1","0.0","$1","$1"
"","464","Theo Johnson","15.0","11.0","TE","NYG","8","15.02","49.3","59.0","52.4","131.0","73.3","0.0","$4","$1"
"Injured","465","Isaac Guerendo","15.0","15.0","RB","SF","8","493.03","29.4","18.0","33.4","80.2","45.4","0.0","$1","$1"
"","466","Robert Henry Jr.","15.0","15.0","RB","WAS","7","397.08","17.0","0.0","24.0","105.6","45.0","0.0","$1","$1"
"","467","Roman Hemby","15.0","15.0","RB","LVR","13","397.09","19.2","0.0","24.0","102.0","44.4","0.0","$1","$1"
"","468","Anthony Gould","15.0","15.0","WR","IND","13","492.03","14.0","10.0","15.6","60.8","27.6","0.0","$1","$1"
"","469","Will Shipley","15.0","15.0","RB","PHI","10","496.04","33.1","24.0","34.8","69.6","44.0","0.0","$1","$1"
"","470","Michael Carter","15.0","15.0","RB","TEN","9","95.05","29.1","9.0","33.4","73.5","43.6","0.0","$1","$1"
"","471","J'Mari Taylor","15.0","15.0","RB","JAC","7","400.07","19.0","19.0","23.7","99.5","43.5","0.0","$1","$1"
"","472","Aaron Anderson","15.0","15.0","WR","CLE","11","403.01","10.6","18.0","11.8","65.5","26.2","0.0","$1","$1"
"","473","Tyler Higbee","15.0","11.0","TE","LAR","11","311.02","43.5","54.0","48.3","132.8","70.5","0.0","$1","$1"
"","474","Jawhar Jordan","15.0","15.0","RB","HOU","8","495.12","24.7","43.0","27.4","82.2","41.9","0.0","$1","$1"
"","475","Vinny Anthony II","15.0","15.0","WR","ATL","11","400.09","10.7","0.0","11.9","60.1","24.8","0.0","$1","$1"
"","476","Brandon McManus","15.0","5.0","K","UNS","18","357.07","123.0","103.0","123.0","123.0","123.0","0.0","$1","$1"
"","477","Noah Whittington","15.0","15.0","RB","HOU","8","396.01","18.4","5.0","23.0","90.9","40.7","0.0","$1","$1"
"","478","Mitchell Evans","15.0","11.0","TE","CAR","5","449.06","44.3","34.0","47.1","131.9","69.7","0.0","$1","$1"
"","479","Oscar Delp","15.0","11.0","TE","NO","8","402.05","38.0","18.0","44.7","138.6","69.1","0.0","$1","$1"
"","480","Tyler Badie","15.0","15.0","RB","DEN","10","64.09","21.3","16.0","23.7","83.0","39.4","0.0","$1","$1"
"","481","Kalel Mullings","15.0","15.0","RB","TEN","9","448.01","16.7","8.0","19.6","88.2","37.8","0.0","$1","$1"
"","482","Ben Sinnott","15.0","11.0","TE","WAS","7","495.07","36.7","29.0","40.8","142.8","67.9","0.0","$1","$1"
"","483","Justin Joly","15.0","11.0","TE","DEN","10","398.09","35.1","32.0","41.3","142.5","67.8","0.0","$1","$1"
"","484","Austin Hooper","15.0","11.0","TE","ATL","11","313.04","46.2","47.0","50.2","115.5","67.3","0.0","$1","$1"
"","485","Desmond Reid","15.0","15.0","RB","BUF","7","401.10","15.7","18.0","17.4","86.1","35.8","0.0","$1","$1"
"","486","CJ Donaldson","15.0","15.0","RB","NO","8","404.08","14.3","0.0","15.9","87.5","35.1","0.0","$1","$1"
"","487","DJ Rogers","15.0","11.0","TE","DAL","14","400.02","38.1","0.0","44.8","125.4","65.6","0.0","$1","$1"
"","488","Rasheen Ali","15.0","15.0","RB","BAL","13","496.08","17.6","21.0","19.6","72.5","33.7","0.0","$1","$1"
"","489","Jamal Haynes","15.0","15.0","RB","CIN","6","365.08","12.5","11.0","14.7","80.9","32.4","0.0","$1","$1"
"","490","Nate Boerkircher","15.0","11.0","TE","JAC","7","403.08","34.9","28.0","41.0","129.2","64.0","0.0","$1","$1"
"","491","Jaleel McLaughlin","15.0","15.0","RB","DEN","10","505.03","19.1","14.0","20.1","60.3","30.9","0.0","$1","$1"
"","492","Tommy Tremble","15.0","12.0","TE","CAR","5","93.09","36.1","42.0","40.1","129.1","63.7","0.0","$1","$1"
"","493","Chip Trayanum","15.0","15.0","RB","NYJ","13","395.12","13.1","9.0","14.5","72.5","30.1","0.0","$1","$1"
"","494","Cade Stover","15.0","12.0","TE","HOU","8","495.05","37.2","22.0","41.3","123.9","63.1","0.0","$1","$1"
"","495","Eli Raridon","15.0","12.0","TE","NE","11","397.05","35.3","26.0","41.5","124.5","63.0","0.0","$1","$1"
"","496","Will Dissly","15.0","12.0","TE","UNS","18","236.09","37.8","18.0","40.6","121.8","62.2","0.0","$1","$1"
"","497","Luke Musgrave","15.0","12.0","TE","GB","11","28.03","33.3","44.0","35.1","135.1","62.1","0.0","$1","$1"
"","498","Elijah Higgins","15.0","12.0","TE","ARI","14","537.03","39.7","35.0","41.8","117.0","61.9","0.0","$1","$1"
"","499","Max Tomczak","15.0","15.0","WR","BUF","7","382.06","4.7","0.0","5.2","26.0","10.8","0.0","$1","$1"
"","500","Tyrell Shavers","15.0","15.0","WR","BUF","7","509.01","4.9","15.0","5.2","25.5","10.7","0.0","$1","$1"
"","501","Tyren Montgomery","15.0","15.0","WR","TEN","9","389.03","4.7","0.0","5.2","25.0","10.5","0.0","$1","$1"
"","502","Noah Thomas","15.0","15.0","WR","CIN","6","402.06","4.7","29.0","5.2","24.7","10.4","0.0","$1","$1"
"","503","Jaret Patterson","15.0","15.0","RB","LAC","7","99.08","11.6","17.0","13.2","59.4","25.5","0.0","$1","$1"
"","504","Caullin Lacy","15.0","15.0","WR","NYJ","13","373.10","4.7","0.0","5.2","19.8","9.1","0.0","$1","$1"
"","505","Chris Hilton Jr.","15.0","15.0","WR","WAS","7","384.02","4.7","0.0","5.2","19.8","9.1","0.0","$1","$1"
"","506","Charlie Kolar","15.0","12.0","TE","LAC","7","69.05","41.2","38.0","48.5","97.0","60.4","0.0","$1","$1"
"","507","Kendrick Law","15.0","15.0","WR","DET","6","398.01","4.6","5.0","5.2","18.5","8.7","0.0","$1","$1"
"","508","Daniel Bellinger","15.0","12.0","TE","TEN","9","63.05","36.8","37.0","40.0","116.0","60.2","0.0","$1","$1"
"","509","Jackson Hawes","15.0","12.0","TE","BUF","7","445.04","25.6","31.0","28.4","142.0","58.9","0.0","$1","$1"
"","510","Skyy Moore","15.0","15.0","WR","GB","11","67.10","0.0","6.0","5.2","7.3","5.9","0.0","$1","$1"
"","511","Jake Tonges","15.0","12.0","TE","SF","8","17.09","36.7","51.0","41.7","106.3","58.4","0.0","$1","$1"
"","512","Dareke Young","15.0","15.0","WR","LVR","13","52.08","0.0","8.0","5.2","6.8","5.7","0.0","$1","$1"
"","513","Xavier Smith","15.0","15.0","WR","LAR","11","522.07","0.0","18.0","5.2","6.8","5.7","0.0","$1","$1"
"","514","Braxton Berrios","15.0","15.0","WR","NYG","8","231.12","0.0","5.0","5.2","6.4","5.6","0.0","$1","$1"
"","515","Britain Covey","15.0","15.0","WR","PHI","10","55.11","0.0","5.0","5.2","6.4","5.6","0.0","$1","$1"
"","516","J.J. McCarthy","15.0","6.0","QB","MIN","6","13.07","30.8","15.0","31.4","125.6","57.0","0.0","$2","$1"
"","517","Tanner Koziol","15.0","12.0","TE","JAC","7","398.05","27.2","19.0","32.0","131.2","58.2","0.0","$1","$1"
"","518","Chad Ryland","15.0","5.0","K","ARI","14","533.11","103.4","111.0","106.6","147.1","117.1","0.0","$1","$1"
"","519","Chase Roberts","15.0","15.0","WR","LVR","13","398.03","5.2","8.0","5.2","5.2","5.2","0.0","$1","$1"
"","520","Jalen Walthall","15.0","15.0","WR","HOU","8","371.03","5.2","0.0","5.2","5.2","5.2","0.0","$1","$1"
"","521","Donaven McCulley","15.0","15.0","WR","MIA","6","398.04","5.2","0.0","5.2","5.2","5.2","0.0","$1","$1"
"","522","Gage Larvadain","15.0","15.0","WR","CLE","11","417.01","5.2","6.0","5.2","5.2","5.2","0.0","$1","$1"
"","523","Nikko Remigio","15.0","15.0","WR","KC","5","512.01","1.3","7.0","5.2","7.3","5.1","0.0","$1","$1"
"","524","Myles Price","15.0","15.0","WR","MIN","6","418.10","1.6","5.0","5.2","6.8","5.0","0.0","$1","$1"
"","525","Kameron Johnson","15.0","15.0","WR","TB","10","480.06","0.5","9.0","5.2","7.3","4.9","0.0","$1","$1"
"","526","LaJohntay Wester","15.0","15.0","WR","BAL","13","443.12","0.5","6.0","5.2","7.3","4.9","0.0","$1","$1"
"","527","Devin Duvernay","15.0","15.0","WR","ARI","14","138.11","0.5","7.0","5.2","6.8","4.8","0.0","$1","$1"
"","528","Sam Roush","15.0","12.0","TE","CHI","10","402.03","31.5","16.0","35.4","111.5","55.5","0.0","$1","$1"
"","529","Diontae Johnson","15.0","15.0","WR","UNS","18","187.06","0.0","0.0","0.0","0.0","0.0","0.0","$1","$1"
"","530","Allen Robinson","15.0","15.0","WR","DET","6","347.04","0.0","0.0","0.0","0.0","0.0","0.0","$1","$1"
"","531","Nelson Agholor","15.0","15.0","WR","UNS","18","340.12","0.0","0.0","0.0","0.0","0.0","0.0","$1","$1"
"","532","Jamison Crowder","15.0","15.0","WR","WAS","7","338.07","0.0","0.0","0.0","0.0","0.0","0.0","$1","$1"
"","533","Tyler Boyd","15.0","15.0","WR","UNS","18","312.07","0.0","0.0","0.0","0.0","0.0","0.0","$1","$1"
"","534","Alex Erickson","15.0","15.0","WR","LAC","7","304.05","0.0","0.0","0.0","0.0","0.0","0.0","$1","$1"
"","535","Josh Reynolds","15.0","15.0","WR","UNS","18","278.10","0.0","3.0","0.0","0.0","0.0","0.0","$1","$1"
"","536","Zay Jones","15.0","15.0","WR","UNS","18","282.06","0.0","0.0","0.0","0.0","0.0","0.0","$1","$1"
"","537","Robbie Chosen","15.0","15.0","WR","UNS","18","304.11","0.0","0.0","0.0","0.0","0.0","0.0","$1","$1"
"","538","Adam Thielen","15.0","15.0","WR","UNS","18","352.06","0.0","0.0","0.0","0.0","0.0","0.0","$1","$1"
"","539","Robert Woods","15.0","15.0","WR","UNS","18","393.08","0.0","0.0","0.0","0.0","0.0","0.0","$1","$1"
"","540","Brandin Cooks","15.0","15.0","WR","BUF","7","343.04","0.0","15.0","0.0","0.0","0.0","0.0","$1","$1"
"","541","Lil'Jordan Humphrey","15.0","15.0","WR","DEN","10","187.05","0.0","9.0","0.0","0.0","0.0","0.0","$1","$1"
"","542","Stanley Morgan","15.0","15.0","WR","CIN","6","180.01","0.0","0.0","0.0","0.0","0.0","0.0","$1","$1"
"","543","Scott 'Scotty' Miller","15.0","15.0","WR","UNS","18","167.08","0.0","0.0","0.0","0.0","0.0","0.0","$1","$1"
"","544","Justin Watson","15.0","15.0","WR","HOU","8","217.02","0.0","4.0","0.0","0.0","0.0","0.0","$1","$1"
"","545","Ray-Ray McCloud","15.0","15.0","WR","NYG","8","233.06","0.0","0.0","0.0","0.0","0.0","0.0","$1","$1"
"","546","Zach Pascal","15.0","15.0","WR","UNS","18","271.11","0.0","0.0","0.0","0.0","0.0","0.0","$1","$1"
"","547","Trent Sherfield","15.0","15.0","WR","BUF","7","229.07","0.0","2.0","0.0","0.0","0.0","0.0","$1","$1"
"","548","Hakeem Butler","15.0","15.0","WR","CIN","6","190.02","0.0","0.0","0.0","0.0","0.0","0.0","$1","$1"
"","549","Cedrick 'Ced' Wilson","15.0","15.0","WR","MIA","6","232.05","0.0","0.0","0.0","0.0","0.0","0.0","$1","$1"
"","550","Dante Pettis","15.0","15.0","WR","NO","8","237.12","0.0","3.0","0.0","0.0","0.0","0.0","$1","$1"
"","551","Allen Lazard","15.0","15.0","WR","UNS","18","227.05","0.0","2.0","0.0","0.0","0.0","0.0","$1","$1"
"","552","Tre'Quan Smith","15.0","15.0","WR","DET","6","236.04","0.0","0.0","0.0","0.0","0.0","0.0","$1","$1"
"","553","D.J. Chark Jr.","15.0","15.0","WR","UNS","18","238.09","0.0","0.0","0.0","0.0","0.0","0.0","$1","$1"
"","554","Equanimeous St. Brown","15.0","15.0","WR","SF","8","219.08","0.0","0.0","0.0","0.0","0.0","0.0","$1","$1"
"","555","Michael Gallup","15.0","15.0","WR","UNS","18","235.09","0.0","0.0","0.0","0.0","0.0","0.0","$1","$1"
"","556","Anthony Miller","15.0","15.0","WR","BAL","13","236.08","0.0","0.0","0.0","0.0","0.0","0.0","$1","$1"
"","557","David Moore","15.0","15.0","WR","CAR","5","273.12","0.0","2.0","0.0","0.0","0.0","0.0","$1","$1"
"","558","Velus Jones","15.0","15.0","RB","NO","8","63.07","0.0","0.0","0.0","0.0","0.0","0.0","$1","$1"
"","559","Danny Gray","15.0","15.0","WR","UNS","18","67.02","0.0","0.0","0.0","0.0","0.0","0.0","$1","$1"
"","560","Erik Ezukanma","15.0","15.0","WR","UNS","18","70.04","0.0","0.0","0.0","0.0","0.0","0.0","$1","$1"
"","561","Kyle Philips","15.0","15.0","WR","LVR","13","67.07","0.0","0.0","0.0","0.0","0.0","0.0","$1","$1"
"","562","Irvin Charles","15.0","15.0","WR","NYJ","13","33.12","0.0","0.0","0.0","0.0","0.0","0.0","$1","$1"
"","563","Brandon Johnson","15.0","15.0","WR","UNS","18","39.11","0.0","0.0","0.0","0.0","0.0","0.0","$1","$1"
"","564","Chris Moore","15.0","15.0","WR","UNS","18","311.04","0.0","3.0","0.0","0.0","0.0","0.0","$1","$1"
"","565","Samori Toure","15.0","15.0","WR","UNS","18","62.09","0.0","0.0","0.0","0.0","0.0","0.0","$1","$1"
"","566","Bo Melton","15.0","15.0","CB","GB","11","538.08","0.0","15.0","0.0","0.0","0.0","0.0","$1","$1"
"","567","Trey Palmer","15.0","15.0","WR","NO","8","27.08","0.0","0.0","0.0","0.0","0.0","0.0","$1","$1"
"","568","Justin Shorter","15.0","15.0","WR","UNS","18","27.11","0.0","0.0","0.0","0.0","0.0","0.0","$1","$1"
"","569","Ronnie Bell","15.0","15.0","WR","NO","8","537.11","0.0","0.0","0.0","0.0","0.0","0.0","$1","$1"
"","570","Jalen Moreno-Cropper","15.0","15.0","WR","UNS","18","500.07","0.0","0.0","0.0","0.0","0.0","0.0","$1","$1"
"","571","Jake Bobo","15.0","15.0","WR","SEA","11","534.10","0.0","2.0","0.0","0.0","0.0","0.0","$1","$1"
"","572","Tyler Scott","15.0","15.0","WR","LAR","11","27.10","0.0","0.0","0.0","0.0","0.0","0.0","$1","$1"
"","573","Rakim Jarrett","15.0","15.0","WR","UNS","18","27.07","0.0","0.0","0.0","0.0","0.0","0.0","$1","$1"
"","574","A.T. Perry","15.0","15.0","WR","UNS","18","535.01","0.0","0.0","0.0","0.0","0.0","0.0","$1","$1"
"","575","Kadarius Toney","15.0","15.0","WR","UNS","18","95.06","0.0","0.0","0.0","0.0","0.0","0.0","$1","$1"
"","576","Terrace Marshall","15.0","15.0","WR","MIA","6","97.10","0.0","0.0","0.0","0.0","0.0","0.0","$1","$1"
"","577","Elijah Moore","15.0","15.0","WR","PHI","10","96.02","0.0","0.0","0.0","0.0","0.0","0.0","$1","$1"
"","578","Tylan Wallace","15.0","15.0","WR","CLE","11","96.03","0.0","5.0","0.0","0.0","0.0","0.0","$1","$1"
"","579","D'Wayne 'Dee' Eskridge","15.0","15.0","WR","MIA","6","95.01","0.0","3.0","0.0","0.0","0.0","0.0","$1","$1"
"","580","Simi Fehoko","15.0","15.0","WR","ARI","14","87.11","0.0","0.0","0.0","0.0","0.0","0.0","$1","$1"
"","581","Ihmir Smith-Marsette","15.0","15.0","WR","UNS","18","98.03","0.0","0.0","0.0","0.0","0.0","0.0","$1","$1"
"","582","Frank Darby","15.0","15.0","WR","ATL","11","100.03","0.0","0.0","0.0","0.0","0.0","0.0","$1","$1"
"","583","Mike Strachan","15.0","15.0","WR","CAR","5","80.09","0.0","0.0","0.0","0.0","0.0","0.0","$1","$1"
"","584","Justyn Ross","15.0","15.0","WR","UNS","18","69.01","0.0","0.0","0.0","0.0","0.0","0.0","$1","$1"
"","585","DeAndre Carter","15.0","15.0","WR","CLE","11","326.07","0.0","0.0","0.0","0.0","0.0","0.0","$1","$1"
"","586","Brandon Powell","15.0","15.0","WR","MIN","6","199.09","0.0","0.0","0.0","0.0","0.0","0.0","$1","$1"
"","587","Tim Jones","15.0","15.0","WR","MIN","6","76.04","0.0","0.0","0.0","0.0","0.0","0.0","$1","$1"
"","588","Trenton Irwin","15.0","15.0","WR","UNS","18","150.01","0.0","0.0","0.0","0.0","0.0","0.0","$1","$1"
"","589","D.J. Montgomery","15.0","15.0","WR","IND","13","157.02","0.0","0.0","0.0","0.0","0.0","0.0","$1","$1"
"","590","Ben Skowronek","15.0","15.0","WR","PIT","9","90.05","0.0","5.0","0.0","0.0","0.0","0.0","$1","$1"
"","591","Austin Watkins Jr.","15.0","15.0","WR","CLE","11","97.02","0.0","0.0","0.0","0.0","0.0","0.0","$1","$1"
"","592","Austin Trammell","15.0","15.0","WR","JAC","7","91.02","0.0","0.0","0.0","0.0","0.0","0.0","$1","$1"
"","593","Kristian Wilkerson","15.0","15.0","WR","UNS","18","105.04","0.0","0.0","0.0","0.0","0.0","0.0","$1","$1"
"","594","KhaDarel Hodge","15.0","15.0","WR","ATL","11","195.01","0.0","0.0","0.0","0.0","0.0","0.0","$1","$1"
"","595","Deonte Harty","15.0","15.0","WR","BAL","13","171.01","0.0","0.0","0.0","0.0","0.0","0.0","$1","$1"
"","596","Cam Sims","15.0","15.0","WR","LVR","13","213.10","0.0","0.0","0.0","0.0","0.0","0.0","$1","$1"
"","597","Jalen Guyton","15.0","15.0","WR","LVR","13","159.02","0.0","0.0","0.0","0.0","0.0","0.0","$1","$1"
"","598","Malik Taylor","15.0","15.0","WR","UNS","18","170.08","0.0","0.0","0.0","0.0","0.0","0.0","$1","$1"
"","599","Jamal Agnew","15.0","15.0","WR","ATL","11","277.06","0.0","0.0","0.0","0.0","0.0","0.0","$1","$1"
"","600","Tyron Johnson","15.0","15.0","WR","SF","8","180.05","0.0","0.0","0.0","0.0","0.0","0.0","$1","$1"
"","601","Tyler Johnson","15.0","15.0","WR","NYJ","13","133.08","0.0","2.0","0.0","0.0","0.0","0.0","$1","$1"
"","602","Lynn Bowden","15.0","15.0","WR","UNS","18","136.01","0.0","0.0","0.0","0.0","0.0","0.0","$1","$1"
"","603","Laviska Shenault","15.0","15.0","WR","UNS","18","140.05","0.0","0.0","0.0","0.0","0.0","0.0","$1","$1"
"","604","K.J. Hamler","15.0","15.0","WR","UNS","18","140.06","0.0","0.0","0.0","0.0","0.0","0.0","$1","$1"
"","605","James Proche","15.0","15.0","WR","TEN","9","133.10","0.0","1.0","0.0","0.0","0.0","0.0","$1","$1"
"","606","Gabriel 'Gabe' Davis","15.0","15.0","WR","BUF","7","134.05","0.0","0.0","0.0","0.0","0.0","0.0","$1","$1"
"","607","Isaiah Hodgins","15.0","15.0","WR","NYG","8","135.05","0.0","6.0","0.0","0.0","0.0","0.0","$1","$1"
"","608","Marquez Callaway","15.0","15.0","WR","UNS","18","132.01","0.0","0.0","0.0","0.0","0.0","0.0","$1","$1"
"","609","Jalen Reagor","15.0","15.0","WR","UNS","18","140.07","0.0","0.0","0.0","0.0","0.0","0.0","$1","$1"
"","610","Chase Claypool","15.0","15.0","WR","UNS","18","137.02","0.0","0.0","0.0","0.0","0.0","0.0","$1","$1"
"","611","Donovan Peoples-Jones","15.0","15.0","WR","UNS","18","140.01","0.0","0.0","0.0","0.0","0.0","0.0","$1","$1"
"","612","Lideatrick Griffin","15.0","15.0","WR","GB","11","487.03","0.0","0.0","0.0","0.0","0.0","0.0","$1","$1"
"","613","Jared Wayne","15.0","15.0","WR","UNS","18","530.03","0.0","0.0","0.0","0.0","0.0","0.0","$1","$1"
"","614","Nick Nash","15.0","15.0","WR","UNS","18","449.03","0.0","0.0","0.0","0.0","0.0","0.0","$1","$1"
"","615","Ricky White","15.0","15.0","WR","SEA","11","449.05","0.0","1.0","0.0","0.0","0.0","0.0","$1","$1"
"","616","Daniel Jackson","15.0","15.0","WR","HOU","8","420.05","0.0","0.0","0.0","0.0","0.0","0.0","$1","$1"
"","617","Josh Kelly","15.0","15.0","WR","DAL","14","434.07","0.0","0.0","0.0","0.0","0.0","0.0","$1","$1"
"","618","Traeshon Holden","15.0","15.0","WR","DAL","14","434.06","0.0","0.0","0.0","0.0","0.0","0.0","$1","$1"
"","619","Roc Taylor","15.0","15.0","WR","PIT","9","425.10","0.0","0.0","0.0","0.0","0.0","0.0","$1","$1"
"","620","Isaiah Neyor","15.0","15.0","WR","GB","11","418.11","0.0","0.0","0.0","0.0","0.0","0.0","$1","$1"
"","621","Ja'Corey Brooks","15.0","15.0","WR","WAS","7","447.07","0.0","0.0","0.0","0.0","0.0","0.0","$1","$1"
"","622","Samuel Brown","15.0","15.0","WR","RK","18","407.09","0.0","0.0","0.0","0.0","0.0","0.0","$1","$1"
"","623","Elijhah Badger","15.0","15.0","WR","UNS","18","437.01","0.0","0.0","0.0","0.0","0.0","0.0","$1","$1"
"","624","Jacolby George","15.0","15.0","WR","CAR","5","426.02","0.0","0.0","0.0","0.0","0.0","0.0","$1","$1"
"","625","Beaux Collins","15.0","15.0","WR","NYG","8","431.10","0.0","0.0","0.0","0.0","0.0","0.0","$1","$1"
"","626","Andrew Armstrong","15.0","15.0","WR","UNS","18","433.06","0.0","0.0","0.0","0.0","0.0","0.0","$1","$1"
"","627","Junior Bergen","15.0","15.0","WR","SF","8","441.05","0.0","0.0","0.0","0.0","0.0","0.0","$1","$1"
"","628","Cole Burgess","15.0","15.0","WR","CIN","6","466.05","0.0","0.0","0.0","0.0","0.0","0.0","$1","$1"
"","629","Will Sheppard","15.0","15.0","WR","TB","10","438.06","0.0","0.0","0.0","0.0","0.0","0.0","$1","$1"
"","630","Brycen Tremayne","15.0","15.0","WR","CAR","5","523.05","0.0","0.0","0.0","0.0","0.0","0.0","$1","$1"
"","631","Gunner Olszewski","15.0","15.0","WR","NYG","8","143.11","0.0","0.0","0.0","0.0","0.0","0.0","$1","$1"
"","632","Xavier Johnson","15.0","15.0","WR","HOU","8","482.03","0.0","0.0","0.0","0.0","0.0","0.0","$1","$1"
"","633","Tejhaun Palmer","15.0","15.0","WR","ARI","14","491.03","0.0","0.0","0.0","0.0","0.0","0.0","$1","$1"
"","634","Terique Owens","15.0","15.0","WR","SF","8","485.02","0.0","0.0","0.0","0.0","0.0","0.0","$1","$1"
"","635","Dane Key","15.0","15.0","WR","DEN","10","401.02","0.0","3.0","0.0","0.0","0.0","0.0","$1","$1"
"","636","Will Pauling","15.0","15.0","WR","SF","8","384.11","0.0","0.0","0.0","0.0","0.0","0.0","$1","$1"
"","637","Jahdae Walker","15.0","15.0","WR","CHI","10","418.07","0.0","31.0","0.0","0.0","0.0","0.0","$1","$1"
"","638","Dillon Bell","15.0","15.0","WR","MIN","6","387.09","0.0","0.0","0.0","0.0","0.0","0.0","$1","$1"
"","639","Tom Kennedy","15.0","15.0","WR","DET","6","150.08","0.0","0.0","0.0","0.0","0.0","0.0","$1","$1"
"","640","Dylan Drummond","15.0","15.0","WR","ATL","11","503.02","0.0","0.0","0.0","0.0","0.0","0.0","$1","$1"
"","641","Mason Kinsey","15.0","15.0","WR","TEN","9","105.05","0.0","0.0","0.0","0.0","0.0","0.0","$1","$1"
"","642","Andre Baccellia","15.0","15.0","WR","UNS","18","118.10","0.0","0.0","0.0","0.0","0.0","0.0","$1","$1"
"","643","Cody White","15.0","15.0","WR","SEA","11","129.07","0.0","0.0","0.0","0.0","0.0","0.0","$1","$1"
"","644","Bryce Ford-Wheaton","15.0","15.0","WR","NYG","8","27.03","0.0","0.0","0.0","0.0","0.0","0.0","$1","$1"
"","645","Kwamie Lassiter II","15.0","15.0","WR","CIN","6","54.10","0.0","0.0","0.0","0.0","0.0","0.0","$1","$1"
"","646","Dax Milne","15.0","15.0","WR","UNS","18","90.10","0.0","0.0","0.0","0.0","0.0","0.0","$1","$1"
"","647","Steven Sims","15.0","15.0","WR","SEA","11","159.07","0.0","0.0","0.0","0.0","0.0","0.0","$1","$1"
"","648","Jha'Quan Jackson","15.0","15.0","WR","UNS","18","491.01","0.0","0.0","0.0","0.0","0.0","0.0","$1","$1"
"","649","DJ Turner","15.0","15.0","WR","LVR","13","78.03","0.0","0.0","0.0","0.0","0.0","0.0","$1","$1"
"","650","Xavier Weaver","15.0","15.0","WR","ARI","14","485.04","0.0","0.0","0.0","0.0","0.0","0.0","$1","$1"
"","651","Bryce Oliver","15.0","15.0","WR","TEN","9","483.01","0.0","2.0","0.0","0.0","0.0","0.0","$1","$1"
"","652","Jalen Virgil","15.0","15.0","WR","UNS","18","55.09","0.0","0.0","0.0","0.0","0.0","0.0","$1","$1"
"","653","Ramel Keyton","15.0","15.0","WR","LVR","13","487.04","0.0","0.0","0.0","0.0","0.0","0.0","$1","$1"
"","654","Ryan Miller","15.0","15.0","WR","TB","10","506.04","0.0","0.0","0.0","0.0","0.0","0.0","$1","$1"
"","655","Alex Bachman","15.0","15.0","WR","LVR","13","160.10","0.0","0.0","0.0","0.0","0.0","0.0","$1","$1"
"","656","Grant DuBose","15.0","15.0","WR","MIA","6","531.08","0.0","0.0","0.0","0.0","0.0","0.0","$1","$1"
"","657","Makai Polk","15.0","15.0","WR","UNS","18","64.08","0.0","0.0","0.0","0.0","0.0","0.0","$1","$1"
"","658","Cade Johnson","15.0","15.0","WR","UNS","18","79.12","0.0","0.0","0.0","0.0","0.0","0.0","$1","$1"
"","659","Seth Williams","15.0","15.0","WR","JAC","7","99.11","0.0","0.0","0.0","0.0","0.0","0.0","$1","$1"
"","660","Dez Fitzpatrick","15.0","15.0","WR","UNS","18","92.04","0.0","0.0","0.0","0.0","0.0","0.0","$1","$1"
"","661","Michael Woods II","15.0","15.0","WR","CLE","11","65.01","0.0","0.0","0.0","0.0","0.0","0.0","$1","$1"
"","662","Da'Quan Felton","15.0","15.0","WR","NYG","8","431.07","0.0","0.0","0.0","0.0","0.0","0.0","$1","$1"
"","663","Antwane Wells Jr.","15.0","15.0","WR","NYG","8","449.11","0.0","0.0","0.0","0.0","0.0","0.0","$1","$1"
"","664","Kaden Prather","15.0","15.0","WR","BUF","7","442.07","0.0","0.0","0.0","0.0","0.0","0.0","$1","$1"
"","665","Kobe Hudson","15.0","15.0","WR","CAR","5","448.09","0.0","0.0","0.0","0.0","0.0","0.0","$1","$1"
"","666","Jermaine Burton","15.0","15.0","WR","UNS","18","493.10","0.0","9.0","0.0","0.0","0.0","0.0","$1","$1"
"","667","Brenden Rice","15.0","15.0","WR","GB","11","494.05","0.0","0.0","0.0","0.0","0.0","0.0","$1","$1"
"","668","Jamari Thrash","15.0","15.0","WR","UNS","18","493.12","0.0","0.0","0.0","0.0","0.0","0.0","$1","$1"
"","669","Ainias Smith","15.0","15.0","WR","UNS","18","494.09","0.0","0.0","0.0","0.0","0.0","0.0","$1","$1"
"","670","Javon Baker","15.0","15.0","WR","UNS","18","493.07","0.0","0.0","0.0","0.0","0.0","0.0","$1","$1"
"","671","Marcus Rosemy-Jacksaint","15.0","15.0","WR","UNS","18","483.09","0.0","0.0","0.0","0.0","0.0","0.0","$1","$1"
"","672","Cornelius Johnson","15.0","15.0","WR","GB","11","490.09","0.0","0.0","0.0","0.0","0.0","0.0","$1","$1"
"","673","Joshua Cephus","15.0","15.0","WR","UNS","18","472.04","0.0","0.0","0.0","0.0","0.0","0.0","$1","$1"
"","674","Antoine Green","15.0","15.0","WR","DET","6","530.05","0.0","0.0","0.0","0.0","0.0","0.0","$1","$1"
"","675","Kirk Merritt","15.0","15.0","WR","UNS","18","111.02","0.0","0.0","0.0","0.0","0.0","0.0","$1","$1"
"","676","Colton Dowell","15.0","15.0","WR","TEN","9","530.07","0.0","0.0","0.0","0.0","0.0","0.0","$1","$1"
"","677","Xavier Gipson","15.0","15.0","WR","NYG","8","513.02","0.0","0.0","0.0","0.0","0.0","0.0","$1","$1"
"","678","Jalen Brooks","15.0","15.0","WR","ARI","14","531.01","0.0","2.0","0.0","0.0","0.0","0.0","$1","$1"
"","679","Malik Heath","15.0","15.0","WR","UNS","18","519.09","0.0","0.0","0.0","0.0","0.0","0.0","$1","$1"
"","680","Jason Brownlee","15.0","15.0","WR","NYJ","13","512.10","0.0","0.0","0.0","0.0","0.0","0.0","$1","$1"
"","681","Tanner Hudson","15.0","12.0","TE","CIN","6","215.01","30.8","29.0","34.2","109.4","54.1","0.0","$1","$1"
"","682","Ty Simpson","15.0","7.0","QB","LAR","11","10.12","25.0","14.0","27.8","91.7","44.7","0.0","$1","$1"
"","683","Josh Oliver","15.0","13.0","TE","MIN","6","185.09","30.2","44.0","31.8","104.9","51.5","0.0","$1","$1"
"","684","Brevyn Spann-Ford","15.0","13.0","TE","DAL","14","495.09","26.8","15.0","28.2","112.8","51.0","0.0","$1","$1"
"","685","Cade Klubnik","15.0","7.0","QB","NYJ","13","22.05","23.8","18.0","26.4","79.2","40.3","0.0","$1","$1"
"","686","Kentrel Bullock","15.0","15.0","RB","CIN","6","396.02","4.4","0.0","5.0","17.5","8.3","0.0","$1","$1"
"","687","Kejon Owens","15.0","15.0","RB","MIN","6","404.01","4.5","0.0","5.0","16.0","7.9","0.0","$1","$1"
"","688","Matthew Hibner","15.0","13.0","TE","BAL","13","402.01","23.7","17.0","27.9","111.6","50.0","0.0","$1","$1"
"","689","Will Kacmarek","15.0","13.0","TE","MIA","6","396.04","26.5","39.0","27.9","108.8","49.7","0.0","$1","$1"
"","690","Tyler Conklin","15.0","13.0","TE","DET","6","230.12","30.2","10.0","31.8","98.6","49.7","0.0","$1","$1"
"","691","Adam Trautman","15.0","13.0","TE","DEN","10","137.11","28.9","34.0","36.1","90.3","49.6","0.0","$1","$1"
"","692","Davis Allen","15.0","13.0","TE","LAR","11","538.05","25.7","27.0","28.6","107.3","49.5","0.0","$1","$1"
"","693","Drew Sample","15.0","13.0","TE","CIN","6","183.09","25.8","30.0","27.2","108.8","49.2","0.0","$1","$1"
"","694","Jacob Saylors","15.0","15.0","RB","DET","6","517.09","0.0","9.0","5.0","7.0","5.7","0.0","$1","$1"
"","695","Marlin Klein","15.0","13.0","TE","HOU","8","403.03","28.2","35.0","32.0","96.0","48.8","0.0","$1","$1"
"","696","Kene Nwangwu","15.0","15.0","RB","NYJ","13","92.07","0.0","6.0","5.0","6.5","5.5","0.0","$1","$1"
"","697","Luke Schoonmaker","15.0","13.0","TE","DAL","14","534.06","25.6","24.0","26.9","107.6","48.7","0.0","$1","$1"
"","698","Graham Gano","15.0","6.0","K","UNS","18","236.01","112.3","106.0","112.3","112.3","112.3","0.0","$1","$1"
"","699","Dylan Laube","15.0","15.0","RB","LVR","13","496.05","0.3","7.0","5.0","7.0","4.7","0.0","$1","$1"
"","700","Joe Royer","15.0","13.0","TE","CLE","11","396.03","22.4","19.0","26.3","105.2","47.1","0.0","$1","$1"
"","701","Brock Wright","15.0","13.0","TE","DET","6","83.12","29.1","44.0","30.6","91.8","47.0","0.0","$1","$1"
"","702","Cordarrelle Patterson","15.0","15.0","RB","UNS","18","356.01","0.0","0.0","0.0","0.0","0.0","0.0","$1","$1"
"","703","Jamaal Williams","15.0","15.0","RB","UNS","18","279.09","0.0","0.0","0.0","0.0","0.0","0.0","$1","$1"
"","704","D'Onta Foreman","15.0","15.0","RB","UNS","18","281.02","0.0","0.0","0.0","0.0","0.0","0.0","$1","$1"
"","705","Ezekiel Elliott","15.0","15.0","RB","UNS","18","313.12","0.0","0.0","0.0","0.0","0.0","0.0","$1","$1"
"","706","Raheem Mostert","15.0","15.0","RB","UNS","18","326.08","0.0","11.0","0.0","0.0","0.0","0.0","$1","$1"
"","707","Ameer Abdullah","15.0","15.0","RB","JAC","7","340.02","0.0","3.0","0.0","0.0","0.0","0.0","$1","$1"
"","708","Myles Gaskin","15.0","15.0","RB","UNS","18","185.02","0.0","0.0","0.0","0.0","0.0","0.0","$1","$1"
"","709","Trayveon Williams","15.0","15.0","RB","CLE","11","176.03","0.0","0.0","0.0","0.0","0.0","0.0","$1","$1"
"","710","Travis Homer","15.0","15.0","RB","PIT","9","183.03","0.0","0.0","0.0","0.0","0.0","0.0","$1","$1"
"","711","La'Mical Perine","15.0","15.0","RB","PIT","9","136.02","0.0","0.0","0.0","0.0","0.0","0.0","$1","$1"
"","712","Zack Moss","15.0","15.0","RB","UNS","18","139.01","0.0","0.0","0.0","0.0","0.0","0.0","$1","$1"
"","713","Joshua Kelley","15.0","15.0","RB","TEN","9","129.04","0.0","0.0","0.0","0.0","0.0","0.0","$1","$1"
"","714","Darrynton Evans","15.0","15.0","RB","BUF","7","128.04","0.0","0.0","0.0","0.0","0.0","0.0","$1","$1"
"","715","Clyde Edwards-Helaire","15.0","15.0","RB","KC","5","140.04","0.0","0.0","0.0","0.0","0.0","0.0","$1","$1"
"","716","A.J. Dillon","15.0","15.0","RB","CAR","5","139.10","0.0","56.0","0.0","0.0","0.0","0.0","$1","$1"
"","717","DeeJay Dallas","15.0","15.0","RB","JAC","7","134.12","0.0","0.0","0.0","0.0","0.0","0.0","$1","$1"
"","718","Ke'Shawn Vaughn","15.0","15.0","RB","UNS","18","137.03","0.0","0.0","0.0","0.0","0.0","0.0","$1","$1"
"","719","Cam Akers","15.0","15.0","RB","SEA","11","134.08","0.0","3.0","0.0","0.0","0.0","0.0","$1","$1"
"","720","Dare Ogunbowale","15.0","15.0","RB","UNS","18","249.02","0.0","6.0","0.0","0.0","0.0","0.0","$1","$1"
"","721","Mike Boone","15.0","15.0","RB","UNS","18","226.03","0.0","0.0","0.0","0.0","0.0","0.0","$1","$1"
"","722","Gus Edwards","15.0","15.0","RB","UNS","18","223.05","0.0","0.0","0.0","0.0","0.0","0.0","$1","$1"
"","723","Jeffery 'Jeff' Wilson Jr.","15.0","15.0","RB","MIA","6","221.05","0.0","0.0","0.0","0.0","0.0","0.0","$1","$1"
"","724","Royce Freeman","15.0","15.0","RB","UNS","18","235.06","0.0","0.0","0.0","0.0","0.0","0.0","$1","$1"
"","725","John Kelly","15.0","15.0","RB","CLE","11","234.10","0.0","0.0","0.0","0.0","0.0","0.0","$1","$1"
"","726","Pierre Strong Jr.","15.0","15.0","RB","GB","11","70.02","0.0","9.0","0.0","0.0","0.0","0.0","$1","$1"
"","727","Tyrion Davis-Price","15.0","15.0","RB","UNS","18","64.06","0.0","0.0","0.0","0.0","0.0","0.0","$1","$1"
"","728","Hassan Haskins","15.0","15.0","RB","UNS","18","69.07","0.0","1.0","0.0","0.0","0.0","0.0","$1","$1"
"","729","Kevin Harris","15.0","15.0","RB","NE","11","67.04","0.0","0.0","0.0","0.0","0.0","0.0","$1","$1"
"","730","Keaontay Ingram","15.0","15.0","RB","KC","5","63.09","0.0","0.0","0.0","0.0","0.0","0.0","$1","$1"
"","731","Zonovan 'Bam' Knight","15.0","15.0","RB","ARI","14","69.08","0.0","0.0","0.0","0.0","0.0","0.0","$1","$1"
"","732","Ronnie Rivers","15.0","15.0","RB","LAR","11","65.08","0.0","12.0","0.0","0.0","0.0","0.0","$1","$1"
"","733","Raheem Blackshear","15.0","15.0","RB","NYJ","13","61.03","0.0","0.0","0.0","0.0","0.0","0.0","$1","$1"
"","734","Eric Gray","15.0","15.0","RB","NYG","8","537.10","0.0","0.0","0.0","0.0","0.0","0.0","$1","$1"
"","735","Deuce Vaughn","15.0","15.0","RB","UNS","18","26.12","0.0","0.0","0.0","0.0","0.0","0.0","$1","$1"
"","736","Evan Hull","15.0","15.0","RB","UNS","18","29.01","0.0","0.0","0.0","0.0","0.0","0.0","$1","$1"
"","737","Israel Abanikanda","15.0","15.0","RB","GB","11","28.10","0.0","23.0","0.0","0.0","0.0","0.0","$1","$1"
"","738","Zach Evans","15.0","15.0","RB","UNS","18","28.12","0.0","0.0","0.0","0.0","0.0","0.0","$1","$1"
"","739","DeWayne McBride","15.0","15.0","RB","UNS","18","26.09","0.0","0.0","0.0","0.0","0.0","0.0","$1","$1"
"","740","Khalil Herbert","15.0","15.0","RB","NYJ","13","95.04","0.0","2.0","0.0","0.0","0.0","0.0","$1","$1"
"","741","Elijah Mitchell","15.0","15.0","RB","NE","11","98.01","0.0","13.0","0.0","0.0","0.0","0.0","$1","$1"
"","742","Gary Brightwell","15.0","15.0","RB","CIN","6","100.04","0.0","0.0","0.0","0.0","0.0","0.0","$1","$1"
"","743","Craig Reynolds","15.0","15.0","RB","DET","6","146.04","0.0","3.0","0.0","0.0","0.0","0.0","$1","$1"
"","744","Isaiah Spiller","15.0","15.0","RB","UNS","18","68.06","0.0","0.0","0.0","0.0","0.0","0.0","$1","$1"
"","745","Zamir White","15.0","15.0","RB","UNS","18","69.02","0.0","5.0","0.0","0.0","0.0","0.0","$1","$1"
"","746","Dameon Pierce","15.0","15.0","RB","PHI","10","69.04","0.0","12.0","0.0","0.0","0.0","0.0","$1","$1"
"","747","Tony Jones Jr.","15.0","15.0","RB","ARI","14","132.05","0.0","0.0","0.0","0.0","0.0","0.0","$1","$1"
"","748","Patrick Taylor","15.0","15.0","RB","SF","8","133.05","0.0","0.0","0.0","0.0","0.0","0.0","$1","$1"
"","749","Deon Jackson","15.0","15.0","RB","UNS","18","98.09","0.0","0.0","0.0","0.0","0.0","0.0","$1","$1"
"","750","Jonathan Ward","15.0","15.0","RB","PIT","9","126.12","0.0","0.0","0.0","0.0","0.0","0.0","$1","$1"
"","751","Jake Funk","15.0","15.0","RB","IND","13","89.08","0.0","0.0","0.0","0.0","0.0","0.0","$1","$1"
"","752","JaMycal Hasty","15.0","15.0","RB","UNS","18","131.06","0.0","0.0","0.0","0.0","0.0","0.0","$1","$1"
"","753","Salvon Ahmed","15.0","15.0","RB","UNS","18","135.07","0.0","23.0","0.0","0.0","0.0","0.0","$1","$1"
"","754","Trey Sermon","15.0","15.0","RB","PIT","9","96.04","0.0","0.0","0.0","0.0","0.0","0.0","$1","$1"
"","755","Donovan Edwards","15.0","15.0","RB","WAS","7","448.02","0.0","10.0","0.0","0.0","0.0","0.0","$1","$1"
"","756","Ja'Quinden Jackson","15.0","15.0","RB","JAC","7","449.02","0.0","0.0","0.0","0.0","0.0","0.0","$1","$1"
"","757","Corey Kiner","15.0","15.0","RB","ARI","14","448.08","0.0","0.0","0.0","0.0","0.0","0.0","$1","$1"
"","758","Montrell Johnson Jr.","15.0","15.0","RB","UNS","18","433.02","0.0","0.0","0.0","0.0","0.0","0.0","$1","$1"
"","759","Ulysses Bentley IV","15.0","15.0","RB","IND","13","436.03","0.0","0.0","0.0","0.0","0.0","0.0","$1","$1"
"","760","Lan Larison","15.0","15.0","RB","NE","11","426.01","0.0","0.0","0.0","0.0","0.0","0.0","$1","$1"
"","761","Ian Wheeler","15.0","15.0","RB","CHI","10","477.06","0.0","0.0","0.0","0.0","0.0","0.0","$1","$1"
"","762","C.J. Ham","15.0","15.0","RB","MIN","6","287.12","0.0","0.0","0.0","0.0","0.0","0.0","$1","$1"
"","763","Patrick Ricard","15.0","15.0","RB","NYG","8","270.03","0.0","5.0","0.0","0.0","0.0","0.0","$1","$1"
"","764","ShunDerrick Powell","15.0","15.0","RB","UNS","18","413.09","0.0","0.0","0.0","0.0","0.0","0.0","$1","$1"
"","765","Nathan Carter","15.0","15.0","RB","ATL","11","431.02","0.0","0.0","0.0","0.0","0.0","0.0","$1","$1"
"","766","Zavier Scott","15.0","15.0","RB","MIN","6","513.08","0.0","0.0","0.0","0.0","0.0","0.0","$1","$1"
"","767","Aidan Robbins","15.0","15.0","RB","UNS","18","474.08","0.0","0.0","0.0","0.0","0.0","0.0","$1","$1"
"","768","Scottie Phillips","15.0","15.0","RB","UNS","18","131.01","0.0","0.0","0.0","0.0","0.0","0.0","$1","$1"
"","769","Jabari Small","15.0","15.0","RB","TEN","9","456.11","0.0","0.0","0.0","0.0","0.0","0.0","$1","$1"
"","770","Chris Collier","15.0","15.0","RB","LVR","13","482.09","0.0","0.0","0.0","0.0","0.0","0.0","$1","$1"
"","771","Dante Miller","15.0","15.0","RB","NYG","8","492.12","0.0","0.0","0.0","0.0","0.0","0.0","$1","$1"
"","772","British Brooks","15.0","15.0","RB","HOU","8","468.10","0.0","0.0","0.0","0.0","0.0","0.0","$1","$1"
"","773","Reggie Gilliam","15.0","15.0","RB","NE","11","120.05","0.0","5.0","0.0","0.0","0.0","0.0","$1","$1"
"","774","Alec Ingold","15.0","15.0","","LAC","7","177.09","0.0","10.0","0.0","0.0","0.0","0.0","$1","$1"
"","775","Sione Vaki","15.0","15.0","RB","DET","6","492.08","0.0","3.0","0.0","0.0","0.0","0.0","$1","$1"
"","776","Emani Bailey","15.0","15.0","RB","CAR","5","480.03","0.0","0.0","0.0","0.0","0.0","0.0","$1","$1"
"","777","Carson Steele","15.0","15.0","RB","UNS","18","496.01","0.0","0.0","0.0","0.0","0.0","0.0","$1","$1"
"","778","J.J. Taylor","15.0","15.0","RB","UNS","18","132.11","0.0","0.0","0.0","0.0","0.0","0.0","$1","$1"
"","779","Aaron Shampklin","15.0","15.0","RB","PIT","9","36.08","0.0","0.0","0.0","0.0","0.0","0.0","$1","$1"
"","780","Hunter Luepke","15.0","15.0","RB","DAL","14","500.03","0.0","0.0","0.0","0.0","0.0","0.0","$1","$1"
"","781","Tyreik McAllister","15.0","15.0","WR","LVR","13","40.04","0.0","0.0","0.0","0.0","0.0","0.0","$1","$1"
"","782","Sincere McCormick","15.0","15.0","RB","SF","8","63.10","0.0","0.0","0.0","0.0","0.0","0.0","$1","$1"
"","783","Terrell Jennings","15.0","15.0","RB","NE","11","452.12","0.0","0.0","0.0","0.0","0.0","0.0","$1","$1"
"","784","Jordan Mims","15.0","15.0","RB","UNS","18","508.12","0.0","0.0","0.0","0.0","0.0","0.0","$1","$1"
"","785","Damien Martinez","15.0","15.0","RB","GB","11","449.10","0.0","4.0","0.0","0.0","0.0","0.0","$1","$1"
"","786","Brittain Brown","15.0","15.0","RB","CHI","10","55.04","0.0","20.0","0.0","0.0","0.0","0.0","$1","$1"
"","787","Marcus Yarns","15.0","15.0","RB","UNS","18","446.10","0.0","0.0","0.0","0.0","0.0","0.0","$1","$1"
"","788","Daijun Edwards","15.0","15.0","RB","UNS","18","489.01","0.0","0.0","0.0","0.0","0.0","0.0","$1","$1"
"","789","Dillon Johnson","15.0","15.0","RB","UNS","18","496.03","0.0","0.0","0.0","0.0","0.0","0.0","$1","$1"
"","790","Lew Nichols","15.0","15.0","RB","UNS","18","26.10","0.0","0.0","0.0","0.0","0.0","0.0","$1","$1"
"","791","Avery Williams","15.0","15.0","RB","UNS","18","87.12","0.0","0.0","0.0","0.0","0.0","0.0","$1","$1"
"","792","Julius Chestnut","15.0","15.0","RB","TEN","9","61.04","0.0","3.0","0.0","0.0","0.0","0.0","$1","$1"
"","793","Louis Rees-Zammit","15.0","15.0","RB","UNS","18","493.02","0.0","0.0","0.0","0.0","0.0","0.0","$1","$1"
"","794","Blake Watson","15.0","15.0","RB","UNS","18","496.09","0.0","0.0","0.0","0.0","0.0","0.0","$1","$1"
"","795","Kendall Milton","15.0","15.0","RB","CIN","6","493.05","0.0","0.0","0.0","0.0","0.0","0.0","$1","$1"
"","796","Keilan Robinson","15.0","15.0","RB","UNS","18","492.01","0.0","0.0","0.0","0.0","0.0","0.0","$1","$1"
"","797","Cody Schrader","15.0","15.0","RB","LAR","11","493.08","0.0","0.0","0.0","0.0","0.0","0.0","$1","$1"
"","798","Frank Gore Jr.","15.0","15.0","RB","BUF","7","496.06","0.0","23.0","0.0","0.0","0.0","0.0","$1","$1"
"","799","Jase McClellan","15.0","15.0","RB","UNS","18","495.11","0.0","0.0","0.0","0.0","0.0","0.0","$1","$1"
"","800","Elijah Dotson","15.0","15.0","RB","UNS","18","526.06","0.0","0.0","0.0","0.0","0.0","0.0","$1","$1"
"","801","Xazavian Valladay","15.0","15.0","RB","PIT","9","535.03","0.0","0.0","0.0","0.0","0.0","0.0","$1","$1"
"","802","Deneric Prince","15.0","15.0","RB","UNS","18","534.07","0.0","0.0","0.0","0.0","0.0","0.0","$1","$1"
"","803","Josh Cuevas","15.0","13.0","TE","BAL","13","404.09","18.8","14.0","21.4","104.9","43.7","0.0","$1","$1"
"","804","Riley Nowakowski","15.0","13.0","TE","PIT","9","396.05","19.6","19.0","22.3","100.4","43.1","0.0","$1","$1"
"","805","Luke Farrell","15.0","13.0","TE","SF","8","86.10","18.6","13.0","20.7","103.5","42.9","0.0","$1","$1"
"","806","Devin Culp","15.0","13.0","TE","TB","10","490.06","19.4","11.0","21.6","97.2","41.8","0.0","$1","$1"
"","807","Taylen Green","15.0","8.0","QB","CLE","11","403.04","11.3","31.0","13.3","46.6","22.0","0.0","$1","$1"
"","808","Drew Allar","15.0","8.0","QB","PIT","9","404.04","12.3","8.0","13.7","42.5","21.3","0.0","$1","$1"
"","809","Dillon Gabriel","15.0","8.0","QB","CLE","11","448.10","11.4","13.0","12.7","40.6","20.1","0.0","$1","$1"
"","810","Will Mallory","15.0","14.0","TE","IND","13","537.12","17.2","17.0","19.1","93.6","39.1","0.0","$1","$1"
"","811","Tip Reiman","15.0","14.0","TE","ARI","14","492.09","16.7","15.0","18.5","92.5","38.4","0.0","$1","$1"
"","812","Jared Wiley","15.0","14.0","TE","KC","5","495.08","18.6","15.0","19.6","88.2","38.1","0.0","$1","$1"
"","813","John Bates","15.0","14.0","TE","WAS","7","92.11","18.2","30.0","20.2","86.9","38.0","0.0","$1","$1"
"","814","Thomas Fidone II","15.0","14.0","TE","NYG","8","442.12","13.1","26.0","14.5","101.5","38.0","0.0","$1","$1"
"","815","Jake Briningstool","15.0","14.0","TE","KC","5","436.10","12.7","5.0","14.1","98.7","36.9","0.0","$1","$1"
"","816","Jack Endries","15.0","14.0","TE","CIN","6","404.06","19.0","22.0","22.3","78.1","36.9","0.0","$1","$1"
"","817","Michael Trigg","15.0","14.0","TE","DAL","14","22.01","17.4","22.0","21.7","76.0","35.7","0.0","$1","$1"
"","818","Bauer Sharp","15.0","14.0","TE","TB","10","403.02","15.9","5.0","17.9","80.6","34.6","0.0","$1","$1"
"","819","Charlie Woerner","15.0","14.0","TE","ATL","11","127.11","16.4","18.0","18.2","72.8","32.8","0.0","$1","$1"
"","820","Seydou Traore","15.0","14.0","TE","MIA","6","396.09","13.3","17.0","15.7","78.5","32.4","0.0","$1","$1"
"","821","Payne Durham","15.0","14.0","TE","TB","10","537.06","16.0","13.0","16.5","72.6","31.7","0.0","$1","$1"
"","822","Joe Flacco","15.0","9.0","QB","CIN","6","348.12","0.0","20.0","0.0","0.0","0.0","0.0","$1","$1"
"","823","Philip Rivers","15.0","9.0","QB","IND","13","309.08","0.0","0.0","0.0","0.0","0.0","0.0","$1","$1"
"","824","Derek Carr","15.0","9.0","QB","UNS","18","346.06","0.0","21.0","0.0","0.0","0.0","0.0","$1","$1"
"","825","Teddy Bridgewater","15.0","9.0","QB","DET","6","344.02","0.0","14.0","0.0","0.0","0.0","0.0","$1","$1"
"","826","Case Keenum","15.0","9.0","QB","CHI","10","351.08","0.0","0.0","0.0","0.0","0.0","0.0","$1","$1"
"","827","Russell Wilson","15.0","9.0","QB","UNS","18","458.01","0.0","0.0","0.0","0.0","0.0","0.0","$1","$1"
"","828","Ryan Tannehill","15.0","9.0","QB","UNS","18","536.04","0.0","0.0","0.0","0.0","0.0","0.0","$1","$1"
"","829","Tyrod Taylor","15.0","9.0","QB","GB","11","60.09","0.0","12.0","0.0","0.0","0.0","0.0","$1","$1"
"","830","Andy Dalton","15.0","9.0","QB","PHI","10","60.02","0.0","13.0","0.0","0.0","0.0","0.0","$1","$1"
"","831","Blaine Gabbert","15.0","9.0","QB","KC","5","47.03","0.0","0.0","0.0","0.0","0.0","0.0","$1","$1"
"","832","Mitchell 'Mitch' Trubisky","15.0","9.0","QB","TEN","9","284.05","0.0","12.0","0.0","0.0","0.0","0.0","$1","$1"
"","833","Taylor Heinicke","15.0","9.0","QB","UNS","18","328.02","0.0","0.0","0.0","0.0","0.0","0.0","$1","$1"
"","834","C.J. Beathard","15.0","9.0","QB","UNS","18","280.08","0.0","0.0","0.0","0.0","0.0","0.0","$1","$1"
"","835","Jeff Driskel","15.0","9.0","QB","UNS","18","307.05","0.0","0.0","0.0","0.0","0.0","0.0","$1","$1"
"","836","Carson Wentz","15.0","9.0","QB","MIN","6","314.01","0.0","3.0","0.0","0.0","0.0","0.0","$1","$1"
"","837","Trevor Siemian","15.0","9.0","QB","ATL","11","334.03","0.0","0.0","0.0","0.0","0.0","0.0","$1","$1"
"","838","Marcus Mariota","15.0","9.0","QB","WAS","7","22.06","0.0","13.0","0.0","0.0","0.0","0.0","$1","$1"
"","839","Jameis Winston","15.0","9.0","QB","NYG","8","22.08","0.0","11.0","0.0","0.0","0.0","0.0","$1","$1"
"","840","Jimmy Garoppolo","15.0","9.0","QB","UNS","18","349.12","0.0","11.0","0.0","0.0","0.0","0.0","$1","$1"
"","841","Drew Lock","15.0","9.0","QB","SEA","11","191.02","0.0","5.0","0.0","0.0","0.0","0.0","$1","$1"
"","842","Will Grier","15.0","9.0","QB","CAR","5","189.04","0.0","0.0","0.0","0.0","0.0","0.0","$1","$1"
"","843","Jarrett Stidham","15.0","9.0","QB","DEN","10","176.10","0.0","13.0","0.0","0.0","0.0","0.0","$1","$1"
"","844","Easton Stick","15.0","9.0","QB","UNS","18","173.07","0.0","0.0","0.0","0.0","0.0","0.0","$1","$1"
"","845","Gardner Minshew","15.0","9.0","QB","ARI","14","183.04","0.0","23.0","0.0","0.0","0.0","0.0","$1","$1"
"","846","Jake Browning","15.0","9.0","QB","TB","10","177.08","0.0","5.0","0.0","0.0","0.0","0.0","$1","$1"
"","847","Brett Rypien","15.0","9.0","QB","IND","13","181.10","0.0","0.0","0.0","0.0","0.0","0.0","$1","$1"
"","848","Mike White","15.0","9.0","QB","UNS","18","233.11","0.0","0.0","0.0","0.0","0.0","0.0","$1","$1"
"","849","Nick Mullens","15.0","9.0","QB","JAC","7","264.08","0.0","12.0","0.0","0.0","0.0","0.0","$1","$1"
"","850","Cooper Rush","15.0","9.0","QB","UNS","18","257.11","0.0","0.0","0.0","0.0","0.0","0.0","$1","$1"
"","851","Mason Rudolph","15.0","9.0","QB","PIT","9","238.04","0.0","12.0","0.0","0.0","0.0","0.0","$1","$1"
"","852","Bailey Zappe","15.0","9.0","QB","UNS","18","68.05","0.0","0.0","0.0","0.0","0.0","0.0","$1","$1"
"","853","Anthony Richardson","15.0","9.0","QB","IND","13","16.01","0.0","15.0","0.0","0.0","0.0","0.0","$1","$1"
"","854","Will Levis","15.0","9.0","QB","TEN","9","25.08","0.0","12.0","0.0","0.0","0.0","0.0","$1","$1"
"","855","Stetson Bennett","15.0","9.0","QB","LAR","11","535.06","0.0","0.0","0.0","0.0","0.0","0.0","$1","$1"
"","856","Jake Haener","15.0","9.0","QB","UNS","18","538.04","0.0","0.0","0.0","0.0","0.0","0.0","$1","$1"
"","857","Dorian Thompson-Robinson","15.0","9.0","QB","UNS","18","535.02","0.0","0.0","0.0","0.0","0.0","0.0","$1","$1"
"","858","Tyson Bagent","15.0","9.0","QB","CHI","10","22.10","0.0","7.0","0.0","0.0","0.0","0.0","$1","$1"
"","859","Clayton Tune","15.0","9.0","QB","GB","11","538.02","0.0","10.0","0.0","0.0","0.0","0.0","$1","$1"
"","860","Jaren Hall","15.0","9.0","QB","SEA","11","28.08","0.0","0.0","0.0","0.0","0.0","0.0","$1","$1"
"","861","Malik Cunningham","15.0","9.0","QB","BAL","13","535.04","0.0","0.0","0.0","0.0","0.0","0.0","$1","$1"
"","862","Hendon Hooker","15.0","9.0","QB","TEN","9","25.09","0.0","0.0","0.0","0.0","0.0","0.0","$1","$1"
"","863","Kyle Trask","15.0","9.0","QB","UNS","18","95.07","0.0","0.0","0.0","0.0","0.0","0.0","$1","$1"
"","864","Davis Mills","15.0","9.0","QB","HOU","8","96.08","0.0","15.0","0.0","0.0","0.0","0.0","$1","$1"
"","865","Tyler Huntley","15.0","9.0","QB","BAL","13","127.04","0.0","12.0","0.0","0.0","0.0","0.0","$1","$1"
"","866","Sam Howell","15.0","9.0","QB","DAL","14","68.01","0.0","4.0","0.0","0.0","0.0","0.0","$1","$1"
"","867","Kenny Pickett","15.0","9.0","QB","CAR","5","68.02","0.0","6.0","0.0","0.0","0.0","0.0","$1","$1"
"","868","Desmond Ridder","15.0","9.0","QB","GB","11","68.03","0.0","0.0","0.0","0.0","0.0","0.0","$1","$1"
"","869","Joshua Dobbs","15.0","9.0","QB","UNS","18","278.05","0.0","10.0","0.0","0.0","0.0","0.0","$1","$1"
"","870","Tim Boyle","15.0","9.0","QB","UNS","18","222.09","0.0","0.0","0.0","0.0","0.0","0.0","$1","$1"
"","871","Zach Wilson","15.0","9.0","QB","NO","8","99.07","0.0","0.0","0.0","0.0","0.0","0.0","$1","$1"
"","872","Justin Fields","15.0","9.0","QB","KC","5","18.10","0.0","16.0","0.0","0.0","0.0","0.0","$1","$1"
"","873","Trey Lance","15.0","9.0","QB","LAC","7","95.02","0.0","14.0","0.0","0.0","0.0","0.0","$1","$1"
"","874","Mac Jones","15.0","9.0","QB","SF","8","15.12","0.0","23.0","0.0","0.0","0.0","0.0","$1","$1"
"","875","Jacob Eason","15.0","9.0","QB","NYG","8","140.02","0.0","0.0","0.0","0.0","0.0","0.0","$1","$1"
"","876","Will Howard","15.0","9.0","QB","PIT","9","20.11","0.0","11.0","0.0","0.0","0.0","0.0","$1","$1"
"","877","Kyle McCord","15.0","9.0","QB","PHI","10","448.07","0.0","0.0","0.0","0.0","0.0","0.0","$1","$1"
"","878","Kurtis Rourke","15.0","9.0","QB","SF","8","449.04","0.0","0.0","0.0","0.0","0.0","0.0","$1","$1"
"","879","Max Brosmer","15.0","9.0","QB","MIN","6","439.04","0.0","0.0","0.0","0.0","0.0","0.0","$1","$1"
"","880","Seth Henigan","15.0","9.0","QB","JAC","7","431.01","0.0","0.0","0.0","0.0","0.0","0.0","$1","$1"
"","881","Brady Cook","15.0","9.0","QB","NYJ","13","447.05","0.0","0.0","0.0","0.0","0.0","0.0","$1","$1"
"","882","Graham Mertz","15.0","9.0","QB","HOU","8","443.07","0.0","0.0","0.0","0.0","0.0","0.0","$1","$1"
"","883","Cam Miller","15.0","9.0","QB","UNS","18","444.07","0.0","0.0","0.0","0.0","0.0","0.0","$1","$1"
"","884","Tommy Mellott","15.0","9.0","WR","UNS","18","444.05","0.0","0.0","0.0","0.0","0.0","0.0","$1","$1"
"","885","Hunter Dekkers","15.0","9.0","QB","NO","8","408.04","0.0","0.0","0.0","0.0","0.0","0.0","$1","$1"
"","886","DJ Uiagalelei","15.0","9.0","QB","LAC","7","439.05","0.0","0.0","0.0","0.0","0.0","0.0","$1","$1"
"","887","Kyle Allen","15.0","9.0","QB","BUF","7","231.06","0.0","0.0","0.0","0.0","0.0","0.0","$1","$1"
"","888","Vernon Adams Jr.","15.0","9.0","QB","UNS","18","538.08","0.0","0.0","0.0","0.0","0.0","0.0","$1","$1"
"","889","Jack Plummer","15.0","9.0","QB","CAR","5","479.05","0.0","0.0","0.0","0.0","0.0","0.0","$1","$1"
"","890","Haynes King","15.0","9.0","QB","CAR","5","397.10","0.0","0.0","0.0","0.0","0.0","0.0","$1","$1"
"","891","Luke Altmyer","15.0","9.0","QB","DET","6","402.09","0.0","0.0","0.0","0.0","0.0","0.0","$1","$1"
"","892","Cole Payton","15.0","9.0","QB","PHI","10","401.03","0.0","0.0","0.0","0.0","0.0","0.0","$1","$1"
"","893","Behren Morton","15.0","9.0","QB","NE","11","403.11","0.0","0.0","0.0","0.0","0.0","0.0","$1","$1"
"","894","Jalon Daniels","15.0","9.0","QB","TB","10","397.01","0.0","0.0","0.0","0.0","0.0","0.0","$1","$1"
"","895","Mark Gronowski","15.0","9.0","QB","MIA","6","374.06","0.0","0.0","0.0","0.0","0.0","0.0","$1","$1"
"","896","Athan Kaliakmanis","15.0","9.0","QB","WAS","7","392.02","0.0","0.0","0.0","0.0","0.0","0.0","$1","$1"
"","897","Joey Aguilar","15.0","9.0","QB","JAC","7","396.10","0.0","0.0","0.0","0.0","0.0","0.0","$1","$1"
"","898","Joe Fagnano","15.0","9.0","QB","BAL","13","400.06","0.0","0.0","0.0","0.0","0.0","0.0","$1","$1"
"","899","Sawyer Robertson","15.0","9.0","QB","LVR","13","396.12","0.0","0.0","0.0","0.0","0.0","0.0","$1","$1"
"","900","Diego Pavia","15.0","9.0","QB","BAL","13","396.11","0.0","4.0","0.0","0.0","0.0","0.0","$1","$1"
"","901","Garrett Nussmeier","15.0","9.0","QB","KC","5","18.11","0.0","3.0","0.0","0.0","0.0","0.0","$1","$1"
"","902","Dresser Winn","15.0","9.0","QB","LAR","11","522.06","0.0","0.0","0.0","0.0","0.0","0.0","$1","$1"
"","903","Chris Oladokun","15.0","9.0","QB","KC","5","55.12","0.0","12.0","0.0","0.0","0.0","0.0","$1","$1"
"","904","Brandon Allen","15.0","9.0","QB","NYG","8","307.08","0.0","0.0","0.0","0.0","0.0","0.0","$1","$1"
"","905","Riley Leonard","15.0","9.0","QB","IND","13","22.07","0.0","12.0","0.0","0.0","0.0","0.0","$1","$1"
"","906","Quinn Ewers","15.0","9.0","QB","MIA","6","22.02","0.0","14.0","0.0","0.0","0.0","0.0","$1","$1"
"","907","Jalen Milroe","15.0","9.0","QB","SEA","11","19.10","0.0","11.0","0.0","0.0","0.0","0.0","$1","$1"
"","908","Tanner McKee","15.0","9.0","QB","PHI","10","28.09","0.0","0.0","0.0","0.0","0.0","0.0","$1","$1"
"","909","Sam Ehlinger","15.0","9.0","QB","UNS","18","96.10","0.0","0.0","0.0","0.0","0.0","0.0","$1","$1"
"","910","Kedon Slovis","15.0","9.0","QB","UNS","18","493.06","0.0","0.0","0.0","0.0","0.0","0.0","$1","$1"
"","911","Austin Reed","15.0","9.0","QB","CHI","10","484.09","0.0","0.0","0.0","0.0","0.0","0.0","$1","$1"
"","912","Ian Book","15.0","9.0","QB","UNS","18","96.05","0.0","0.0","0.0","0.0","0.0","0.0","$1","$1"
"","913","Skylar Thompson","15.0","9.0","QB","PIT","9","64.11","0.0","0.0","0.0","0.0","0.0","0.0","$1","$1"
"","914","Sean Clifford","15.0","9.0","QB","UNS","18","533.06","0.0","0.0","0.0","0.0","0.0","0.0","$1","$1"
"","915","Max Duggan","15.0","9.0","QB","UNS","18","537.02","0.0","0.0","0.0","0.0","0.0","0.0","$1","$1"
"","916","Ben DiNucci","15.0","9.0","QB","UNS","18","124.06","0.0","0.0","0.0","0.0","0.0","0.0","$1","$1"
"","917","Nathan Rourke","15.0","9.0","QB","NE","11","29.04","0.0","0.0","0.0","0.0","0.0","0.0","$1","$1"
"","918","Josh Johnson","15.0","9.0","QB","CIN","6","332.01","0.0","0.0","0.0","0.0","0.0","0.0","$1","$1"
"","919","Sam Hartman","15.0","9.0","QB","UNS","18","497.01","0.0","0.0","0.0","0.0","0.0","0.0","$1","$1"
"","920","Devin Leary","15.0","9.0","QB","BAL","13","497.02","0.0","0.0","0.0","0.0","0.0","0.0","$1","$1"
"","921","Joe Milton III","15.0","9.0","QB","DAL","14","22.09","0.0","12.0","0.0","0.0","0.0","0.0","$1","$1"
"","922","Michael Pratt","15.0","9.0","QB","TB","10","496.12","0.0","0.0","0.0","0.0","0.0","0.0","$1","$1"
"","923","Spencer Rattler","15.0","9.0","QB","NO","8","496.11","0.0","13.0","0.0","0.0","0.0","0.0","$1","$1"
"","924","Tommy DeVito","15.0","9.0","QB","NE","11","514.02","0.0","12.0","0.0","0.0","0.0","0.0","$1","$1"
"","925","Aidan O'Connell","15.0","9.0","QB","LVR","13","534.11","0.0","0.0","0.0","0.0","0.0","0.0","$1","$1"
"","926","Dallen Bentley","15.0","14.0","TE","DEN","10","390.09","14.0","5.0","16.5","71.0","30.9","0.0","$1","$1"
"","927","Jeremy Ruckert","15.0","15.0","TE","NYJ","13","68.11","16.5","18.0","17.4","60.9","29.1","0.0","$1","$1"
"","928","RJ Maryland","15.0","15.0","TE","GB","11","396.08","12.8","0.0","15.0","67.5","28.9","0.0","$1","$1"
"","929","John Michael Gyllenborg","15.0","15.0","TE","KC","5","400.10","12.6","18.0","14.8","66.6","28.5","0.0","$1","$1"
"","930","Hunter Long","15.0","15.0","TE","JAC","7","99.10","12.0","17.0","13.3","69.2","28.3","0.0","$1","$1"
"","931","Johnny Mundt","15.0","15.0","TE","PHI","10","272.02","15.2","8.0","17.9","57.3","28.2","0.0","$1","$1"
"","932","Carsen Ryan","15.0","15.0","TE","CLE","11","390.06","11.1","5.0","13.9","62.6","26.7","0.0","$1","$1"
"","933","Grant Calcaterra","15.0","15.0","TE","PHI","10","67.01","16.8","18.0","19.1","47.8","26.5","0.0","$1","$1"
"","934","Jaren Kanak","15.0","15.0","TE","TEN","9","397.04","11.7","18.0","13.8","55.2","24.7","0.0","$1","$1"
"","935","Mo Alie-Cox","15.0","15.0","TE","IND","13","282.12","23.0","19.0","23.0","23.0","23.0","0.0","$1","$1"
"","936","Andrew 'Drew' Ogletree","15.0","15.0","TE","IND","13","53.11","17.7","9.0","17.7","17.7","17.7","0.0","$1","$1"
"","937","Durham Smythe","15.0","15.0","TE","BAL","13","236.11","14.1","18.0","14.1","14.1","14.1","0.0","$1","$1"
"","938","Julian Hill","15.0","15.0","TE","NE","11","509.03","4.4","10.0","4.6","15.6","7.6","0.0","$1","$1"
"","939","Lake McRee","15.0","15.0","TE","PIT","9","403.12","3.9","0.0","4.6","12.4","6.6","0.0","$1","$1"
"","940","Max Bredeson","15.0","15.0","TE","MIN","6","393.12","6.3","7.0","6.3","6.3","6.3","0.0","$1","$1"
"","941","Jordan Matthews","15.0","15.0","TE","UNS","18","350.09","0.0","0.0","0.0","0.0","0.0","0.0","$1","$1"
"","942","Zach Ertz","15.0","15.0","TE","UNS","18","399.04","0.0","17.0","0.0","0.0","0.0","0.0","$1","$1"
"","943","Gerald Everett","15.0","15.0","TE","UNS","18","281.12","0.0","0.0","0.0","0.0","0.0","0.0","$1","$1"
"","944","Geoff Swaim","15.0","15.0","TE","UNS","18","334.06","0.0","0.0","0.0","0.0","0.0","0.0","$1","$1"
"","945","C.J. Uzomah","15.0","15.0","TE","UNS","18","336.10","0.0","0.0","0.0","0.0","0.0","0.0","$1","$1"
"","946","Tyler Kroft","15.0","15.0","TE","MIA","6","339.04","0.0","0.0","0.0","0.0","0.0","0.0","$1","$1"
"","947","Irv Smith","15.0","15.0","TE","HOU","8","177.05","0.0","0.0","0.0","0.0","0.0","0.0","$1","$1"
"","948","Foster Moreau","15.0","15.0","TE","HOU","8","184.10","0.0","21.0","0.0","0.0","0.0","0.0","$1","$1"
"","949","Donald Parham","15.0","15.0","TE","PIT","9","179.08","0.0","0.0","0.0","0.0","0.0","0.0","$1","$1"
"","950","Blake Bell","15.0","15.0","TE","KC","5","338.01","0.0","0.0","0.0","0.0","0.0","0.0","$1","$1"
"","951","Ross Dwelley","15.0","15.0","TE","UNS","18","221.04","0.0","0.0","0.0","0.0","0.0","0.0","$1","$1"
"","952","Robert Tonyan","15.0","15.0","TE","KC","5","256.08","0.0","1.0","0.0","0.0","0.0","0.0","$1","$1"
"","953","Ian Thomas","15.0","15.0","TE","LVR","13","237.09","0.0","8.0","0.0","0.0","0.0","0.0","$1","$1"
"","954","Anthony Firkser","15.0","15.0","TE","DET","6","266.02","0.0","22.0","0.0","0.0","0.0","0.0","$1","$1"
"","955","Jordan Akins","15.0","15.0","TE","UNS","18","235.12","0.0","0.0","0.0","0.0","0.0","0.0","$1","$1"
"","956","Jelani Woods","15.0","15.0","TE","UNS","18","63.11","0.0","0.0","0.0","0.0","0.0","0.0","$1","$1"
"","957","Cole Turner","15.0","15.0","TE","UNS","18","64.03","0.0","6.0","0.0","0.0","0.0","0.0","$1","$1"
"","958","Teagan Quitoriano","15.0","15.0","TE","ARI","14","63.03","0.0","23.0","0.0","0.0","0.0","0.0","$1","$1"
"","959","James Mitchell","15.0","15.0","TE","UNS","18","67.08","0.0","15.0","0.0","0.0","0.0","0.0","$1","$1"
"","960","Connor Heyward","15.0","15.0","TE","LVR","13","66.09","0.0","18.0","0.0","0.0","0.0","0.0","$1","$1"
"","961","Ko Kieft","15.0","15.0","TE","TB","10","53.12","0.0","1.0","0.0","0.0","0.0","0.0","$1","$1"
"","962","Lucas Krull","15.0","15.0","TE","DEN","10","61.09","0.0","8.0","0.0","0.0","0.0","0.0","$1","$1"
"","963","Stone Smartt","15.0","15.0","TE","PHI","10","49.02","0.0","4.0","0.0","0.0","0.0","0.0","$1","$1"
"","964","Peyton Hendershot","15.0","15.0","TE","UNS","18","65.06","0.0","0.0","0.0","0.0","0.0","0.0","$1","$1"
"","965","Josh Whyle","15.0","15.0","TE","GB","11","538.06","0.0","9.0","0.0","0.0","0.0","0.0","$1","$1"
"","966","Kylen Granson","15.0","15.0","TE","TEN","9","95.09","0.0","6.0","0.0","0.0","0.0","0.0","$1","$1"
"","967","Tyler Davis","15.0","15.0","TE","GB","11","124.11","0.0","0.0","0.0","0.0","0.0","0.0","$1","$1"
"","968","Quintin Morris","15.0","15.0","TE","JAC","7","99.09","0.0","2.0","0.0","0.0","0.0","0.0","$1","$1"
"","969","Mitchell Wilcox","15.0","15.0","TE","NE","11","136.09","0.0","0.0","0.0","0.0","0.0","0.0","$1","$1"
"","970","Lawrence Cager","15.0","15.0","TE","UNS","18","125.11","0.0","0.0","0.0","0.0","0.0","0.0","$1","$1"
"","971","Eric Saubert","15.0","15.0","TE","SEA","11","277.10","0.0","6.0","0.0","0.0","0.0","0.0","$1","$1"
"","972","Jack Stoll","15.0","15.0","TE","CLE","11","80.07","0.0","2.0","0.0","0.0","0.0","0.0","$1","$1"
"","973","Stephen Sullivan","15.0","15.0","TE","CAR","5","132.12","0.0","0.0","0.0","0.0","0.0","0.0","$1","$1"
"","974","Pharaoh Brown","15.0","15.0","TE","UNS","18","265.08","0.0","0.0","0.0","0.0","0.0","0.0","$1","$1"
"","975","Brevin Jordan","15.0","15.0","TE","HOU","8","97.09","0.0","2.0","0.0","0.0","0.0","0.0","$1","$1"
"","976","Brycen Hopkins","15.0","15.0","TE","LAR","11","135.03","0.0","0.0","0.0","0.0","0.0","0.0","$1","$1"
"","977","Albert Okwuegbunam","15.0","15.0","TE","LVR","13","139.02","0.0","0.0","0.0","0.0","0.0","0.0","$1","$1"
"","978","Josiah Deguara","15.0","15.0","TE","ARI","14","128.12","0.0","0.0","0.0","0.0","0.0","0.0","$1","$1"
"","979","Harrison Bryant","15.0","15.0","TE","SEA","11","138.09","0.0","2.0","0.0","0.0","0.0","0.0","$1","$1"
"","980","Zach Davidson","15.0","15.0","TE","BUF","7","80.10","0.0","0.0","0.0","0.0","0.0","0.0","$1","$1"
"","981","Luke Lachey","15.0","15.0","TE","HOU","8","442.05","0.0","0.0","0.0","0.0","0.0","0.0","$1","$1"
"","982","Benjamin Yurosek","15.0","15.0","TE","MIN","6","415.07","0.0","0.0","0.0","0.0","0.0","0.0","$1","$1"
"","983","Joshua Simon","15.0","15.0","TE","ATL","11","432.02","0.0","0.0","0.0","0.0","0.0","0.0","$1","$1"
"","984","Bryson Nesbit","15.0","15.0","TE","MIN","6","428.01","0.0","0.0","0.0","0.0","0.0","0.0","$1","$1"
"","985","Robbie Ouzts","15.0","15.0","RB","SEA","11","445.05","0.0","0.0","0.0","0.0","0.0","0.0","$1","$1"
"","986","Jalin Conyers","15.0","15.0","TE","MIA","6","433.03","0.0","0.0","0.0","0.0","0.0","0.0","$1","$1"
"","987","Moliki Matavao","15.0","15.0","TE","NO","8","449.01","0.0","6.0","0.0","0.0","0.0","0.0","$1","$1"
"","988","CJ Dippre","15.0","15.0","TE","NE","11","424.10","0.0","0.0","0.0","0.0","0.0","0.0","$1","$1"
"","989","Gavin Bartholomew","15.0","15.0","TE","MIN","6","443.10","0.0","0.0","0.0","0.0","0.0","0.0","$1","$1"
"","990","Caleb Lohner","15.0","15.0","TE","DEN","10","441.10","0.0","0.0","0.0","0.0","0.0","0.0","$1","$1"
"","991","Tanner Conner","15.0","15.0","TE","UNS","18","34.07","0.0","0.0","0.0","0.0","0.0","0.0","$1","$1"
"","992","Tucker Fisk","15.0","15.0","TE","LAC","7","32.03","0.0","0.0","0.0","0.0","0.0","0.0","$1","$1"
"","993","David Martin-Robinson","15.0","15.0","TE","TEN","9","456.10","0.0","0.0","0.0","0.0","0.0","0.0","$1","$1"
"","994","Tanner Arkin","15.0","15.0","TE","NE","11","373.09","0.0","0.0","0.0","0.0","0.0","0.0","$1","$1"
"","995","Cody Hardy","15.0","15.0","TE","NO","8","373.02","0.0","0.0","0.0","0.0","0.0","0.0","$1","$1"
"","996","Dae'Quan Wright","15.0","15.0","TE","PHI","10","401.06","0.0","0.0","0.0","0.0","0.0","0.0","$1","$1"
"","997","Miles Kitselman","15.0","15.0","TE","DET","6","396.07","0.0","0.0","0.0","0.0","0.0","0.0","$1","$1"
"","998","Khalil Dinkins","15.0","15.0","TE","SF","8","396.06","0.0","0.0","0.0","0.0","0.0","0.0","$1","$1"
"","999","Dan Villari","15.0","15.0","TE","LAR","11","402.04","0.0","0.0","0.0","0.0","0.0","0.0","$1","$1"
"","1000","Sal Cannella","15.0","15.0","TE","CLE","11","71.09","0.0","0.0","0.0","0.0","0.0","0.0","$1","$1"
"","1001","MyCole Pruitt","15.0","15.0","TE","PIT","9","337.07","0.0","0.0","0.0","0.0","0.0","0.0","$1","$1"
"","1002","Chris Manhertz","15.0","15.0","TE","NYG","8","314.11","0.0","2.0","0.0","0.0","0.0","0.0","$1","$1"
"","1003","Nate Adkins","15.0","15.0","TE","DEN","10","505.08","0.0","9.0","0.0","0.0","0.0","0.0","$1","$1"
"","1004","Shane Zylstra","15.0","15.0","TE","DET","6","74.09","0.0","0.0","0.0","0.0","0.0","0.0","$1","$1"
"","1005","Nick Vannett","15.0","15.0","TE","UNS","18","311.06","0.0","0.0","0.0","0.0","0.0","0.0","$1","$1"
"","1006","Blake Whiteheart","15.0","15.0","TE","CLE","11","520.04","0.0","0.0","0.0","0.0","0.0","0.0","$1","$1"
"","1007","E.J. Jenkins","15.0","15.0","TE","PHI","10","513.03","0.0","0.0","0.0","0.0","0.0","0.0","$1","$1"
"","1008","Feleipe Franks","15.0","15.0","TE","CAR","5","100.02","0.0","1.0","0.0","0.0","0.0","0.0","$1","$1"
"","1009","John FitzPatrick","15.0","15.0","TE","GB","11","53.06","0.0","0.0","0.0","0.0","0.0","0.0","$1","$1"
"","1010","Jack Westover","15.0","15.0","TE","NE","11","477.01","0.0","0.0","0.0","0.0","0.0","0.0","$1","$1"
"","1011","Briley Moore","15.0","15.0","TE","TEN","9","83.01","0.0","0.0","0.0","0.0","0.0","0.0","$1","$1"
"","1012","Kenny Yeboah","15.0","15.0","TE","UNS","18","96.01","0.0","0.0","0.0","0.0","0.0","0.0","$1","$1"
"","1013","Tanner McLachlan","15.0","15.0","TE","CIN","6","495.06","0.0","0.0","0.0","0.0","0.0","0.0","$1","$1"
"","1014","Jaheim Bell","15.0","15.0","TE","UNS","18","495.02","0.0","21.0","0.0","0.0","0.0","0.0","$1","$1"
"","1015","Cameron Latu","15.0","15.0","TE","UNS","18","538.08","0.0","2.0","0.0","0.0","0.0","0.0","$1","$1"
"","1016","Joshua Karty","15.0","7.0","K","ARI","14","491.10","63.4","0.0","64.0","89.6","70.9","0.0","$1","$1"
"","1017","Spencer Shrader","15.0","7.0","K","IND","13","468.01","62.7","59.0","64.0","86.4","69.9","0.0","$1","$1"
"","1018","Blake Grupe","15.0","7.0","K","IND","13","530.02","56.1","96.0","56.7","82.2","63.6","0.0","$1","$1"
"","1019","Jason Sanders","15.0","8.0","K","NYG","8","232.02","10.1","98.0","10.1","10.1","10.1","0.0","$1","$1"
"","1020","Greg Zuerlein","15.0","9.0","K","UNS","18","445.03","0.0","0.0","0.0","0.0","0.0","0.0","$1","$1"
"","1021","Randy Bullock","15.0","9.0","K","NYG","8","533.04","0.0","0.0","0.0","0.0","0.0","0.0","$1","$1"
"","1022","Justin Tucker","15.0","9.0","K","UNS","18","445.07","0.0","0.0","0.0","0.0","0.0","0.0","$1","$1"
"","1023","Dustin Hopkins","15.0","9.0","K","UNS","18","395.02","0.0","0.0","0.0","0.0","0.0","0.0","$1","$1"
"","1024","Matt Prater","15.0","9.0","K","BUF","7","352.03","0.0","106.0","0.0","0.0","0.0","0.0","$1","$1"
"","1025","Austin Seibert","15.0","9.0","K","WAS","7","172.01","0.0","0.0","0.0","0.0","0.0","0.0","$1","$1"
"","1026","Matthew Wright","15.0","9.0","K","BUF","7","168.07","0.0","0.0","0.0","0.0","0.0","0.0","$1","$1"
"","1027","Daniel Carlson","15.0","9.0","K","LVR","13","233.07","0.0","79.0","0.0","0.0","0.0","0.0","$1","$1"
"","1028","Riley Patterson","15.0","9.0","K","MIA","6","81.11","0.0","65.0","0.0","0.0","0.0","0.0","$1","$1"
"","1029","Matt Ammendola","15.0","9.0","K","HOU","8","94.09","0.0","0.0","0.0","0.0","0.0","0.0","$1","$1"
"","1030","Lucas Havrisik","15.0","9.0","K","GB","11","29.08","0.0","0.0","0.0","0.0","0.0","0.0","$1","$1"
"","1031","Younghoe Koo","15.0","9.0","K","NYJ","13","252.08","0.0","106.0","0.0","0.0","0.0","0.0","$1","$1"
"","1032","Michael 'Mike' Badgley","15.0","9.0","K","BUF","7","224.09","0.0","106.0","0.0","0.0","0.0","0.0","$1","$1"
"","1033","Greg Joseph","15.0","9.0","K","UNS","18","221.12","0.0","0.0","0.0","0.0","0.0","0.0","$1","$1"
"","1034","Brett Maher","15.0","9.0","K","LAR","11","238.06","0.0","0.0","0.0","0.0","0.0","0.0","$1","$1"
"","1035","Dominic Zvada","15.0","9.0","K","NYG","8","373.03","0.0","72.0","0.0","0.0","0.0","0.0","$1","$1"
"","1036","Jude McAtamney","15.0","9.0","K","UNS","18","454.11","0.0","0.0","0.0","0.0","0.0","0.0","$1","$1"
"","1037","John Parker Romo","15.0","9.0","K","ATL","11","44.09","0.0","0.0","0.0","0.0","0.0","0.0","$1","$1"
"","1038","Brayden Narveson","15.0","9.0","K","TEN","9","483.06","0.0","0.0","0.0","0.0","0.0","0.0","$1","$1"
"","1039","Tristan Vizcaino","15.0","9.0","K","UNS","18","192.05","0.0","0.0","0.0","0.0","0.0","0.0","$1","$1"
"","1040","Ramiz Ahmed","15.0","9.0","K","WAS","7","125.12","0.0","0.0","0.0","0.0","0.0","0.0","$1","$1"
"","1041","Anders Carlson","15.0","9.0","K","UNS","18","532.02","0.0","0.0","0.0","0.0","0.0","0.0","$1","$1"
"","1042","John Hoyland","15.0","9.0","K","BAL","13","408.09","0.0","0.0","0.0","0.0","0.0","0.0","$1","$1"
"","1043","Caden Davis","15.0","9.0","K","UNS","18","413.06","0.0","0.0","0.0","0.0","0.0","0.0","$1","$1"
"","1044","Maddux Trujillo","15.0","9.0","K","IND","13","436.04","0.0","0.0","0.0","0.0","0.0","0.0","$1","$1"
"","1045","Lenny Krieg","15.0","9.0","K","ATL","11","446.09","0.0","113.0","0.0","0.0","0.0","0.0","$1","$1"
"","1046","Corliss Waitman","15.0","9.0","K","SF","8","538.08","0.0","0.0","0.0","0.0","0.0","0.0","$1","$1"
"","1047","Ryan Rehkow","15.0","9.0","K","CIN","6","538.08","0.0","0.0","0.0","0.0","0.0","0.0","$1","$1"
"","1048","Rigoberto Sanchez","15.0","9.0","K","IND","13","538.08","0.0","0.0","0.0","0.0","0.0","0.0","$1","$1"
"","1049","Jack Fox","15.0","9.0","K","DET","6","538.08","0.0","0.0","0.0","0.0","0.0","0.0","$1","$1"
"","1050","Thomas Morstead","15.0","9.0","K","NYJ","13","538.08","0.0","0.0","0.0","0.0","0.0","0.0","$1","$1"
"","1051","Michael Dickson","15.0","9.0","K","SEA","11","538.08","0.0","0.0","0.0","0.0","0.0","0.0","$1","$1"
"","1052","Logan Cooke","15.0","9.0","K","JAC","7","538.08","0.0","0.0","0.0","0.0","0.0","0.0","$1","$1"
"","1053","Riley Dixon","15.0","9.0","K","DEN","10","538.08","0.0","0.0","0.0","0.0","0.0","0.0","$1","$1"
"","1054","Corey Bojorquez","15.0","9.0","K","CLE","11","538.08","0.0","0.0","0.0","0.0","0.0","0.0","$1","$1"
"","1055","Tory Taylor","15.0","9.0","K","CHI","10","538.08","0.0","0.0","0.0","0.0","0.0","0.0","$1","$1"
"","1056","Matthew Hayball","15.0","9.0","K","NO","8","538.08","0.0","0.0","0.0","0.0","0.0","0.0","$1","$1"
"","1057","Bradley Pinion","15.0","9.0","K","ATL","11","538.08","0.0","0.0","0.0","0.0","0.0","0.0","$1","$1"
"","1058","Blake Gillikin","15.0","9.0","K","ARI","14","538.08","0.0","0.0","0.0","0.0","0.0","0.0","$1","$1"
"","1059","Tommy Townsend","15.0","9.0","K","HOU","8","538.08","0.0","0.0","0.0","0.0","0.0","0.0","$1","$1"
"","1060","Tucker McCann","15.0","9.0","K","UNS","18","104.12","0.0","0.0","0.0","0.0","0.0","0.0","$1","$1"
"","1061","Mike Meyer","15.0","9.0","K","UNS","18","323.05","0.0","0.0","0.0","0.0","0.0","0.0","$1","$1"
"","1062","Jamie Gillan","15.0","9.0","K","UNS","18","538.08","0.0","0.0","0.0","0.0","0.0","0.0","$1","$1"
"","1063","Jake Bailey","15.0","9.0","K","ATL","11","538.08","0.0","0.0","0.0","0.0","0.0","0.0","$1","$1"
"","1064","Tress Way","15.0","9.0","K","WAS","7","538.08","0.0","0.0","0.0","0.0","0.0","0.0","$1","$1"
"","1065","Jordan Stout","15.0","9.0","K","BAL","13","538.08","0.0","0.0","0.0","0.0","0.0","0.0","$1","$1"
"","1066","Daniel Whelan","15.0","9.0","K","GB","11","538.08","0.0","0.0","0.0","0.0","0.0","0.0","$1","$1"
"","1067","Elliott Fry","15.0","9.0","K","DEN","10","172.03","0.0","0.0","0.0","0.0","0.0","0.0","$1","$1"