"","Rank","Player","Overall Tier","Pos. Tier","Pos","Team","Bye","ADP","Floor","Consensus","DS Proj","Ceiling","3D Proj","3d Value","Market $","Auction $"
"","1","Puka Nacua","1.0","1.0","WR","LAR","11","1.03","298.7","316.0","364.3","400.7","362.3","100.0","$64","$65"
"","2","Jahmyr Gibbs","1.0","1.0","RB","DET","6","1.01","296.9","346.0","357.7","418.5","363.2","98.0","$68","$64"
"","3","Ja'Marr Chase","1.0","1.0","WR","CIN","6","1.04","303.7","324.0","345.1","407.2","354.5","96.0","$62","$62"
"","4","Bijan Robinson","1.0","1.0","RB","ATL","11","1.02","298.8","352.0","351.5","411.3","358.2","95.6","$70","$62"
"","5","Christian McCaffrey","1.0","1.0","RB","SF","8","1.05","279.6","325.0","336.9","421.1","349.5","91.5","$58","$59"
"","6","Jaxon Smith-Njigba","2.0","2.0","WR","SEA","11","1.06","292.4","300.0","321.3","382.3","332.7","84.8","$55","$55"
"","7","Amon-Ra St. Brown","2.0","2.0","WR","DET","6","1.07","292.2","300.0","324.7","360.4","328.5","82.6","$51","$54"
"","8","CeeDee Lamb","2.0","2.0","WR","DAL","14","1.09","270.7","267.0","307.6","369.1","317.7","77.0","$50","$50"
"","9","Jonathan Taylor","2.0","2.0","RB","IND","13","1.08","266.7","308.0","310.1","365.9","317.4","76.2","$66","$50"
"","10","Ashton Jeanty","2.0","2.0","RB","LVR","13","1.13","265.8","272.0","298.6","382.2","315.4","75.3","$50","$49"
"","11","Justin Jefferson","2.0","2.0","WR","MIN","6","1.11","255.2","270.0","296.7","385.7","313.4","74.8","$44","$49"
"","12","James Cook","2.0","2.0","RB","BUF","7","1.12","256.0","269.0","294.3","359.0","305.0","70.3","$59","$46"
"Injured","13","De'Von Achane","2.0","2.0","RB","MIA","6","1.10","255.0","289.0","280.2","358.7","297.0","66.5","$49","$43"
"","14","Saquon Barkley","2.0","2.0","RB","PHI","10","1.14","248.6","257.0","273.2","377.0","297.0","66.5","$50","$43"
"","15","Drake London","3.0","3.0","WR","ATL","11","2.01","260.6","271.0","283.3","340.0","294.6","65.1","$42","$42"
"","16","A.J. Brown","3.0","3.0","WR","NE","11","2.10","240.5","258.0","282.9","350.8","293.7","64.7","$40","$42"
"","17","Rashee Rice","3.0","3.0","WR","KC","5","2.07","213.3","237.0","296.3","340.7","293.3","64.5","$34","$42"
"","18","Nico Collins","3.0","3.0","WR","HOU","8","2.05","253.1","241.0","281.2","340.3","292.2","63.9","$40","$42"
"","19","Kenneth Walker III","3.0","3.0","RB","KC","5","2.12","237.4","248.0","266.7","365.4","288.3","62.4","$41","$41"
"","20","Chase Brown","3.0","3.0","RB","CIN","6","2.09","228.7","268.0","272.3","356.7","287.4","61.9","$44","$40"
"","21","Omarion Hampton","3.0","3.0","RB","LAC","7","2.02","230.3","261.0","264.7","370.6","287.3","61.9","$45","$40"
"","22","Derrick Henry","3.0","3.0","RB","BAL","13","1.16","227.9","261.0","268.1","340.5","280.5","58.7","$58","$38"
"","23","George Pickens","3.0","3.0","WR","DAL","14","2.11","241.2","248.0","268.0","335.0","281.4","58.4","$39","$38"
"","24","Jeremiyah Love","3.0","3.0","RB","ARI","14","1.15","227.1","250.0","255.2","362.4","279.3","58.1","$47","$38"
"","25","Breece Hall","4.0","4.0","RB","NYJ","13","2.15","220.5","244.0","253.5","327.0","267.6","52.5","$38","$34"
"","26","Brock Bowers","4.0","1.0","TE","LVR","13","2.04","242.6","240.0","260.9","315.7","272.5","52.4","$31","$34"
"","27","Trey McBride","4.0","1.0","TE","ARI","14","2.03","240.9","254.0","259.0","310.8","269.8","51.5","$29","$33"
"","28","Josh Allen","4.0","1.0","QB","BUF","7","2.06","306.7","362.0","378.7","439.3","382.1","51.3","$41","$33"
"Value","29","Zay Flowers","4.0","4.0","WR","BAL","13","3.09","229.7","235.0","261.0","302.8","266.7","50.8","$32","$33"
"Value","30","Josh Jacobs","4.0","4.0","RB","GB","11","2.08","188.1","251.0","261.2","316.1","262.9","50.3","$39","$33"
"Injured","31","Chris Olave","4.0","4.0","WR","NO","8","2.14","222.0","244.0","258.1","307.1","264.9","49.9","$33","$32"
"Value","32","DeVonta Smith","4.0","4.0","WR","PHI","10","3.01","228.5","233.0","248.4","313.0","262.4","48.6","$27","$32"
"","33","Javonte Williams","4.0","4.0","RB","DAL","14","3.02","213.7","231.0","248.5","310.6","259.1","48.5","$35","$32"
"","34","Tee Higgins","4.0","4.0","WR","CIN","6","3.14","222.6","237.0","250.1","310.1","261.5","48.1","$26","$31"
"","35","Garrett Wilson","4.0","4.0","WR","NYJ","13","3.04","224.9","233.0","249.9","307.4","261.0","47.9","$31","$31"
"","36","Travis Etienne","4.0","4.0","RB","NO","8","3.08","216.8","225.0","238.2","324.0","257.7","47.8","$33","$31"
"Injured","37","Malik Nabers","4.0","4.0","WR","NYG","8","2.13","194.5","223.0","240.1","340.9","259.3","47.0","$26","$31"
"","38","Kyren Williams","4.0","4.0","RB","LAR","11","3.03","221.3","232.0","240.5","307.8","255.4","46.7","$36","$30"
"","39","Colston Loveland","4.0","2.0","TE","CHI","10","3.07","202.0","226.0","246.3","290.6","250.3","44.9","$26","$29"
"Injured","40","Cameron 'Cam' Skattebo","4.0","4.0","RB","NYG","8","3.06","197.9","230.0","235.6","311.0","249.3","43.8","$28","$28"
"Value","41","Jaylen Waddle","4.0","4.0","WR","DEN","10","4.08","204.7","213.0","235.3","303.5","248.3","41.3","$21","$27"
"Value","42","Davante Adams","5.0","5.0","WR","LAR","11","3.10","205.9","214.0","236.7","298.2","247.9","41.1","$21","$27"
"","43","Tyler Warren","5.0","2.0","TE","IND","13","3.11","194.6","207.0","234.5","272.0","237.5","40.6","$22","$26"
"","44","D'Andre Swift","5.0","5.0","RB","CHI","10","4.14","199.6","212.0","226.8","297.1","241.0","39.9","$24","$26"
"Value","45","Terry McLaurin","5.0","5.0","WR","WAS","7","3.16","205.8","222.0","231.2","298.2","244.9","39.6","$26","$26"
"","46","Emeka Egbuka","5.0","5.0","WR","TB","10","3.13","199.4","205.0","229.2","304.8","244.4","39.3","$29","$26"
"Injured","47","Tetairoa McMillan","5.0","5.0","WR","CAR","5","3.05","206.6","226.0","229.5","298.4","244.1","39.1","$29","$25"
"Value","48","Christian Watson","5.0","5.0","WR","GB","11","6.04","198.1","189.0","233.0","295.9","243.8","39.0","$20","$25"
"","49","Luther Burden III","5.0","5.0","WR","CHI","10","5.02","196.3","209.0","228.2","305.8","243.6","38.9","$20","$25"
"","50","Ladd McConkey","5.0","5.0","WR","LAC","7","4.04","199.8","218.0","227.1","304.3","243.2","38.7","$23","$25"
"Injured","51","Bucky Irving","5.0","5.0","RB","TB","10","4.01","190.4","213.0","213.9","308.0","235.3","37.2","$25","$24"
"Injured","52","Tucker Kraft","5.0","3.0","TE","GB","11","7.04","177.2","191.0","213.5","271.1","222.6","35.6","$20","$23"
"","53","Lamar Jackson","5.0","1.0","QB","BAL","13","2.16","298.7","329.0","339.4","437.8","358.8","35.6","$23","$23"
"","54","David Montgomery","5.0","5.0","RB","HOU","8","4.15","181.5","199.0","213.5","296.8","230.4","34.9","$22","$23"
"","55","TreVeyon Henderson","5.0","5.0","RB","NE","11","4.06","179.7","199.0","199.7","319.5","228.7","34.1","$14","$22"
"","56","Drake Maye","5.0","1.0","QB","NE","11","3.12","296.0","317.0","340.2","428.7","356.3","33.9","$24","$22"
"Injured","57","Quinshon Judkins","5.0","5.0","RB","CLE","11","4.03","187.2","209.0","205.7","296.2","227.0","33.2","$28","$22"
"","58","Joe Burrow","5.0","2.0","QB","CIN","6","4.02","293.8","315.0","341.6","423.6","355.3","33.2","$17","$22"
"","59","Jameson Williams","5.0","5.0","WR","DET","6","4.13","195.4","202.0","217.1","286.6","232.1","33.0","$28","$21"
"","60","Harold Fannin Jr.","5.0","3.0","TE","CLE","11","4.11","183.2","193.0","203.6","256.5","214.3","32.8","$17","$21"
"","61","Sam LaPorta","5.0","3.0","TE","DET","6","5.03","181.2","195.0","201.3","259.7","213.6","32.6","$20","$21"
"Value","62","Mike Evans","5.0","5.0","WR","SF","8","5.06","185.9","203.0","216.2","289.7","230.7","32.3","$22","$21"
"","63","Jalen Hurts","5.0","2.0","QB","PHI","10","4.05","292.8","320.0","332.7","432.5","352.7","31.5","$16","$20"
"","64","Rome Odunze","6.0","6.0","WR","CHI","10","5.01","184.1","195.0","209.2","295.0","228.0","30.9","$19","$20"
"","65","Jayden Daniels","6.0","2.0","QB","WAS","7","3.15","285.9","314.0","332.4","432.1","351.1","30.7","$19","$20"
"","66","Jaylen Warren","6.0","6.0","RB","PIT","9","6.03","177.6","192.0","208.9","271.6","220.3","30.6","$9","$20"
"Value","67","D.K. Metcalf","6.0","6.0","WR","PIT","9","5.11","184.2","196.0","219.3","269.7","226.7","30.4","$13","$20"
"","68","Parker Washington","6.0","6.0","WR","JAC","7","6.16","180.7","181.0","215.1","275.3","225.3","29.8","$15","$19"
"","69","Rhamondre Stevenson","6.0","6.0","RB","NE","11","7.09","168.8","183.0","194.0","283.2","213.8","29.3","$8","$19"
"","70","Bhayshul Tuten","6.0","6.0","RB","JAC","7","5.04","158.5","194.0","182.2","307.9","212.2","29.0","$15","$19"
"","71","D.J. Moore","6.0","6.0","WR","BUF","7","4.10","180.2","191.0","207.1","283.7","223.1","28.9","$13","$19"
"","72","Kyle Pitts","6.0","4.0","TE","ATL","11","4.12","175.9","186.0","191.2","248.6","204.1","28.6","$16","$19"
"","73","Tony Pollard","6.0","6.0","RB","TEN","9","5.16","164.3","186.0","186.7","281.9","208.6","28.3","$10","$18"
"","74","Chuba Hubbard","6.0","6.0","RB","CAR","5","5.09","155.9","179.0","183.4","291.6","207.9","28.1","$8","$18"
"","75","Caleb Williams","6.0","2.0","QB","CHI","10","6.09","282.4","299.0","324.6","418.7","342.6","28.0","$12","$18"
"Value","76","Michael Pittman Jr.","6.0","6.0","WR","PIT","9","5.12","182.7","189.0","210.0","266.7","220.5","27.8","$11","$18"
"Value","77","Trevor Lawrence","6.0","2.0","QB","JAC","7","7.13","278.3","303.0","327.4","412.5","341.7","27.7","$16","$18"
"","78","Justin Herbert","6.0","2.0","QB","LAC","7","8.04","279.1","305.0","324.5","415.4","341.0","27.5","$16","$18"
"","79","Jadarian Price","7.0","7.0","RB","SEA","11","4.09","145.6","183.0","173.3","306.7","204.7","27.5","$17","$18"
"","80","Marvin Harrison Jr.","7.0","6.0","WR","ARI","14","5.05","177.6","191.0","201.8","282.5","219.4","27.4","$12","$18"
"Injured","81","George Kittle","7.0","4.0","TE","SF","8","5.07","113.9","183.0","189.8","282.8","201.4","27.2","$16","$18"
"","82","Carnell Tate","7.0","6.0","WR","TEN","9","4.07","169.3","193.0","201.6","284.3","218.3","26.9","$16","$17"
"","83","Courtland Sutton","7.0","6.0","WR","DEN","10","5.13","178.1","183.0","207.1","267.2","218.2","26.9","$10","$17"
"","84","Jordyn Tyson","7.0","6.0","WR","NO","8","5.15","166.9","176.0","201.1","283.6","217.4","26.6","$11","$17"
"","85","Rico Dowdle","7.0","7.0","RB","PIT","9","6.10","154.5","181.0","175.6","279.2","200.0","26.6","$9","$17"
"","86","Brock Purdy","7.0","2.0","QB","SF","8","6.13","278.2","297.0","323.5","407.6","338.2","26.6","$10","$17"
"Injured","87","RJ Harvey","7.0","7.0","RB","DEN","10","7.12","145.7","164.0","173.4","287.8","199.6","26.5","$7","$17"
"","88","J.K. Dobbins","7.0","7.0","RB","DEN","10","7.02","149.7","170.0","176.1","278.2","199.2","26.4","$8","$17"
"","89","Dak Prescott","7.0","2.0","QB","DAL","14","6.06","281.1","307.0","323.1","403.9","337.5","26.3","$16","$17"
"Value","90","Jayden Reed","7.0","6.0","WR","GB","11","9.09","173.0","175.0","203.5","270.7","216.3","26.1","$9","$17"
"","91","Jaxson Dart","7.0","2.0","QB","NYG","8","4.16","278.2","302.0","316.1","417.3","336.8","26.1","$12","$17"
"Injured","92","Alec Pierce","7.0","6.0","WR","IND","13","5.14","174.2","195.0","202.6","271.5","216.2","26.1","$18","$17"
"","93","Jordan Addison","7.0","6.0","WR","MIN","6","8.14","172.6","170.0","203.1","270.1","215.8","25.9","$9","$17"
"Value","94","Jakobi Meyers","7.0","6.0","WR","JAC","7","7.01","178.5","172.0","205.2","260.6","215.5","25.8","$6","$17"
"","95","Brian Thomas Jr.","7.0","6.0","WR","JAC","7","6.12","169.8","176.0","193.0","289.5","215.1","25.6","$20","$17"
"Sleeper","96","Jonathon Brooks","7.0","7.0","RB","CAR","5","8.11","131.2","123.0","156.2","307.7","193.0","25.2","$9","$16"
"","97","Rachaad White","7.0","7.0","RB","WAS","7","7.05","126.4","159.0","168.5","281.4","191.6","24.9","$6","$16"
"","98","Ricky Pearsall","7.0","6.0","WR","SF","8","8.02","161.4","165.0","199.2","274.9","213.0","24.8","$9","$16"
"Injured","99","Bo Nix","7.0","2.0","QB","DEN","10","8.03","279.2","290.0","310.2","409.5","331.7","24.5","$12","$16"
"","100","Quentin Johnston","7.0","6.0","WR","LAC","7","9.04","161.7","168.0","194.8","280.5","212.2","24.5","$8","$16"
"Injured","101","Patrick Mahomes","7.0","2.0","QB","KC","5","7.11","276.2","306.0","306.9","417.4","331.5","24.4","$11","$16"
"Value","102","Kyler Murray","7.0","2.0","QB","MIN","6","10.09","271.3","290.0","308.3","416.2","331.0","24.3","$10","$16"
"","103","Travis Kelce","7.0","4.0","TE","KC","5","6.02","162.7","186.0","189.2","227.0","194.7","23.9","$12","$16"
"","104","Kyle Monangai","8.0","8.0","RB","CHI","10","7.14","141.1","153.0","155.0","271.3","184.2","23.5","$7","$15"
"","105","Josh Downs","8.0","7.0","WR","IND","13","8.15","161.0","179.0","191.7","276.0","209.1","23.2","$7","$15"
"","106","Chris Godwin","8.0","7.0","WR","TB","10","6.15","160.4","182.0","190.9","276.8","208.8","23.1","$5","$15"
"","107","Xavier Worthy","8.0","7.0","WR","KC","5","8.13","157.6","169.0","189.9","279.2","208.4","22.9","$7","$15"
"","108","Kenneth Gainwell","8.0","8.0","RB","TB","10","7.03","136.1","158.0","156.4","256.5","180.0","22.6","$7","$15"
"","109","Jared Goff","8.0","3.0","QB","DET","6","10.04","278.2","289.0","302.4","402.2","325.2","22.4","$7","$15"
"","110","Jordan Mason","8.0","8.0","RB","MIN","6","10.03","131.0","136.0","156.0","255.8","178.7","22.4","$7","$15"
"","111","Blake Corum","8.0","8.0","RB","LAR","11","8.08","134.8","141.0","141.9","281.0","178.6","22.3","$9","$14"
"","112","Tyjae Spears","8.0","8.0","RB","TEN","9","9.13","129.5","141.0","154.2","248.3","175.4","21.7","$4","$14"
"","113","Aaron Jones","8.0","8.0","RB","MIN","6","6.07","123.6","165.0","154.5","248.7","174.6","21.5","$7","$14"
"","114","Jordan Love","8.0","3.0","QB","GB","11","11.05","279.6","276.0","294.3","406.1","322.1","21.4","$5","$14"
"","115","Matthew Stafford","8.0","3.0","QB","LAR","11","6.05","276.1","286.0","296.9","400.8","321.5","21.2","$5","$14"
"Sleeper","116","Tyler Shough","8.0","3.0","QB","NO","8","10.08","269.0","269.0","295.6","405.0","320.6","20.9","$8","$14"
"","117","Makai Lemon","8.0","7.0","WR","PHI","10","7.07","151.9","158.0","178.7","285.9","203.1","20.8","$7","$14"
"","118","Jacory Croskey-Merritt","9.0","9.0","RB","WAS","7","9.01","117.0","136.0","132.9","279.1","169.9","20.6","$11","$13"
"","119","Baker Mayfield","9.0","3.0","QB","TB","10","10.13","274.8","277.0","289.3","402.1","317.4","19.9","$8","$13"
"","120","Stefon Diggs","9.0","7.0","WR","UNS","18","11.08","135.5","167.0","190.8","263.3","200.5","19.7","$6","$13"
"Injured","121","Zach Charbonnet","9.0","9.0","RB","SEA","11","9.08","101.3","159.0","126.6","284.9","165.2","19.7","$6","$13"
"","122","Romeo Doubs","9.0","7.0","WR","NE","11","9.11","155.5","169.0","185.1","261.0","200.4","19.7","$7","$13"
"","123","KC Concepcion","9.0","7.0","WR","CLE","11","8.10","146.4","151.0","183.0","265.4","198.8","19.0","$8","$12"
"","124","Woody Marks","9.0","9.0","RB","HOU","8","9.10","117.8","116.0","130.9","251.3","161.4","18.9","$6","$12"
"","125","Dylan Sampson","9.0","9.0","RB","CLE","11","64.04","116.0","102.0","133.3","239.9","159.2","18.5","$4","$12"
"","126","Michael Wilson","9.0","7.0","WR","ARI","14","8.01","147.8","182.0","180.2","264.9","197.4","18.5","$6","$12"
"Sleeper","127","Jayden Higgins","9.0","7.0","WR","HOU","8","10.15","152.4","157.0","173.2","275.4","197.3","18.4","$6","$12"
"","128","Wan'Dale Robinson","9.0","7.0","WR","TEN","9","7.10","158.9","173.0","178.5","260.6","197.3","18.4","$6","$12"
"","129","Isiah Pacheco","9.0","9.0","RB","DET","6","9.12","111.3","103.0","125.1","256.5","158.4","18.3","$8","$12"
"","130","Alvin Kamara","10.0","10.0","RB","NO","8","9.16","105.8","105.0","117.6","264.6","155.6","17.8","$5","$12"
"","131","Matthew Golden","10.0","7.0","WR","GB","11","7.15","151.2","155.0","166.1","284.0","195.6","17.7","$10","$12"
"","132","Malik Willis","10.0","3.0","QB","MIA","6","12.09","266.7","266.0","274.9","409.6","310.2","17.6","$4","$11"
"","133","Khalil Shakir","10.0","7.0","WR","BUF","7","9.02","158.3","169.0","179.9","248.3","194.6","17.3","$4","$11"
"Injured","134","Chris Rodriguez","10.0","10.0","RB","JAC","7","11.12","103.5","112.0","112.5","267.8","153.2","17.3","$9","$11"
"Sleeper","135","Dalton Kincaid","10.0","5.0","TE","BUF","7","10.05","155.6","162.0","167.3","225.9","181.2","17.2","$17","$11"
"","136","Tyrone Tracy Jr.","10.0","10.0","RB","NYG","8","12.13","103.0","113.0","113.2","260.4","151.5","17.0","$7","$11"
"","137","C.J. Stroud","10.0","3.0","QB","HOU","8","12.05","269.9","265.0","278.2","389.5","307.1","16.6","$6","$11"
"","138","Mark Andrews","10.0","5.0","TE","BAL","13","9.07","153.7","158.0","167.1","222.2","179.7","16.5","$22","$11"
"","139","Brandon Aubrey","10.0","1.0","K","DAL","14","5.08","157.4","147.0","176.8","190.9","177.1","16.3","$9","$11"
"Injured","140","Daniel Jones","10.0","3.0","QB","IND","13","12.02","259.1","255.0","275.6","394.1","304.9","15.9","$4","$10"
"","141","Jake Ferguson","10.0","5.0","TE","DAL","14","7.08","161.8","170.0","170.3","206.1","178.5","15.9","$7","$10"
"","142","Dallas Goedert","10.0","5.0","TE","PHI","10","6.14","152.3","166.0","167.4","217.6","178.4","15.8","$17","$10"
"","143","Kaytron Allen","11.0","11.0","RB","WAS","7","58.09","85.6","37.0","93.0","265.1","138.6","14.4","$9","$9"
"","144","Calvin Ridley","11.0","8.0","WR","TEN","9","11.13","141.8","113.0","164.9","257.2","185.9","13.8","$14","$9"
"Sleeper","145","Jalen McMillan","11.0","8.0","WR","TB","10","11.07","135.6","126.0","159.5","271.2","185.6","13.7","$18","$9"
"","146","Brenton Strange","11.0","5.0","TE","JAC","7","12.04","146.8","155.0","164.9","209.4","173.8","13.5","$18","$9"
"","147","Rashid Shaheed","11.0","8.0","WR","SEA","11","10.16","141.4","139.0","164.4","254.8","184.9","13.4","$14","$9"
"","148","Omar Cooper Jr.","11.0","8.0","WR","NYJ","13","11.03","139.6","131.0","153.4","276.1","184.4","13.2","$18","$9"
"","149","Keaton Mitchell","11.0","11.0","RB","LAC","7","63.04","94.7","80.0","105.2","211.5","132.3","13.2","$5","$9"
"","150","Tyler Allgeier","11.0","11.0","RB","ARI","14","11.15","87.7","92.0","107.0","210.8","131.8","13.1","$9","$9"
"","151","Brian Robinson Jr.","11.0","11.0","RB","ATL","11","12.10","86.8","97.0","105.9","211.8","131.3","13.0","$8","$8"
"","152","Jonah Coleman","11.0","11.0","RB","DEN","10","56.11","75.4","50.0","83.8","259.8","130.3","12.8","$4","$8"
"","153","Deebo Samuel","11.0","8.0","WR","UNS","18","18.08","119.3","131.0","170.4","252.2","183.4","12.8","$20","$8"
"","154","Cameron Dicker","11.0","1.0","K","LAC","7","7.06","151.3","139.0","170.0","181.9","169.9","12.6","$7","$8"
"","155","Sam Darnold","11.0","4.0","QB","SEA","11","11.11","256.3","260.0","258.9","388.4","293.8","12.3","$2","$8"
"Sleeper","156","Cameron 'Cam' Ward","11.0","4.0","QB","TEN","9","12.14","252.8","239.0","258.0","392.2","293.7","12.3","$3","$8"
"","157","Justice Hill","12.0","12.0","RB","BAL","13","61.15","91.2","98.0","101.3","202.6","127.1","12.1","$8","$8"
"","158","Aaron Rodgers","11.0","4.0","QB","PIT","9","60.16","254.1","228.0","259.3","386.4","293.0","12.1","$2","$8"
"","159","MarShawn Lloyd","12.0","12.0","RB","GB","11","62.04","64.1","50.0","82.2","254.8","126.0","11.9","$8","$8"
"Injured","160","Kenyon Sadiq","12.0","5.0","TE","NYJ","13","9.15","139.7","143.0","155.2","220.4","170.2","11.7","$16","$8"
"","161","Denzel Boston","12.0","8.0","WR","CLE","11","12.06","130.3","133.0","151.5","272.7","180.7","11.7","$16","$8"
"Sleeper","162","Isaiah Likely","12.0","5.0","TE","NYG","8","8.12","147.1","158.0","158.2","208.8","170.0","11.6","$32","$8"
"","163","Seattle Seahawks","12.0","1.0","DEF","SEA","11","6.08","119.0","77.0","119.0","119.0","119.0","11.5","$2","$7"
"","164","Denver Broncos","12.0","1.0","DEF","DEN","10","6.01","118.6","82.0","118.6","118.6","118.6","11.3","$1","$7"
"","165","Emmett Johnson","12.0","12.0","RB","KC","5","14.16","70.0","40.0","83.3","237.4","122.9","11.3","$7","$7"
"","166","Hunter Henry","12.0","5.0","TE","NE","11","11.01","147.3","154.0","158.4","205.9","169.3","11.3","$28","$7"
"","167","Nicholas Singleton","12.0","12.0","RB","TEN","9","15.08","59.9","29.0","70.5","260.9","120.5","10.8","$7","$7"
"","168","Houston Texans","12.0","1.0","DEF","HOU","8","5.10","116.9","82.0","116.9","116.9","116.9","10.4","$1","$7"
"","169","Tre Tucker","12.0","8.0","WR","LVR","13","13.04","133.6","133.0","155.4","250.2","177.3","10.3","$14","$7"
"","170","Braelon Allen","13.0","13.0","RB","NYJ","13","62.06","72.9","83.0","76.7","226.3","116.8","10.1","$7","$7"
"","171","Juwan Johnson","13.0","6.0","TE","NO","8","11.10","143.4","152.0","157.6","200.2","166.6","10.0","$14","$7"
"","172","Mike Washington Jr.","13.0","13.0","RB","LVR","13","62.10","63.9","68.0","76.1","228.3","115.4","9.8","$6","$6"
"","173","Jalen Coker","13.0","8.0","WR","CAR","5","10.10","135.9","156.0","151.0","252.2","175.9","9.7","$6","$6"
"Injured","174","James Conner","13.0","13.0","RB","ARI","14","13.14","76.4","56.0","92.1","184.2","114.4","9.6","$6","$6"
"","175","Bryce Young","13.0","4.0","QB","CAR","5","13.05","242.3","244.0","244.7","391.5","284.3","9.3","$2","$6"
"","176","Keenan Allen","13.0","8.0","WR","UNS","18","59.02","112.9","95.0","159.0","246.5","174.5","9.2","$6","$6"
"","177","Sean Tucker","13.0","13.0","RB","TB","10","61.03","68.5","55.0","74.5","212.3","111.0","9.0","$6","$6"
"","178","Ka'imi Fairbairn","13.0","2.0","K","HOU","8","8.07","148.6","140.0","159.8","177.4","162.6","8.8","$6","$6"
"","179","Adonai Mitchell","13.0","8.0","WR","NYJ","13","62.08","128.4","107.0","139.6","272.2","173.7","8.8","$6","$6"
"","180","Jaydon Blue","13.0","13.0","RB","DAL","14","60.05","62.3","44.0","73.3","216.2","110.3","8.8","$6","$6"
"Injured","181","Tyreek Hill","13.0","8.0","WR","UNS","18","12.08","82.4","132.0","149.8","281.6","173.5","8.7","$6","$6"
"","182","George Holani","13.0","13.0","RB","SEA","11","61.07","65.7","42.0","82.1","192.9","109.3","8.6","$6","$6"
"","183","New England Patriots","13.0","1.0","DEF","NE","11","8.09","112.7","71.0","112.7","112.7","112.7","8.3","$2","$5"
"","184","Isaiah Davis","13.0","13.0","RB","NYJ","13","60.09","75.4","51.0","79.4","186.6","107.9","8.3","$5","$5"
"","185","Jacoby Brissett","13.0","4.0","QB","ARI","14","64.06","234.1","245.0","246.4","381.9","281.1","8.3","$3","$5"
"","186","Samaje Perine","14.0","14.0","RB","CIN","6","63.11","77.9","92.0","91.6","155.7","106.6","8.1","$5","$5"
"","187","Christopher 'Chris' Brooks","13.0","13.0","RB","GB","11","18.16","60.3","61.0","67.0","217.8","106.9","8.1","$5","$5"
"Injured","188","Trey Benson","14.0","14.0","RB","ARI","14","58.07","65.4","14.0","76.0","193.8","106.2","8.0","$5","$5"
"","189","Jerry Jeudy","14.0","9.0","WR","CLE","11","12.03","123.8","122.0","143.9","259.0","171.6","8.0","$5","$5"
"","190","Jauan Jennings","14.0","9.0","WR","MIN","6","13.09","122.1","136.0","138.7","270.5","171.6","8.0","$5","$5"
"","191","Ty Johnson","14.0","14.0","RB","BUF","7","61.08","74.7","83.0","87.9","162.6","105.9","7.9","$5","$5"
"","192","T.J. Hockenson","14.0","6.0","TE","MIN","6","10.02","139.0","145.0","152.8","197.1","162.4","7.9","$5","$5"
"","193","Nick Chubb","14.0","14.0","RB","UNS","18","31.09","57.8","24.0","82.6","181.7","105.1","7.8","$5","$5"
"","194","Dalton Schultz","14.0","6.0","TE","HOU","8","13.02","143.2","144.0","154.0","191.0","162.1","7.7","$5","$5"
"","195","Brandon Aiyuk","14.0","9.0","WR","UNS","18","60.07","86.2","109.0","143.7","280.2","170.5","7.5","$5","$5"
"","196","Fernando Mendoza","14.0","4.0","QB","LVR","13","11.16","232.7","243.0","237.4","391.7","278.6","7.5","$3","$5"
"","197","Germie Bernard","14.0","9.0","WR","PIT","9","15.06","124.6","113.0","141.6","257.7","170.2","7.4","$5","$5"
"Injured","198","Najee Harris","14.0","14.0","RB","UNS","18","34.11","52.5","37.0","80.7","177.5","102.0","7.2","$5","$5"
"","199","Chigoziem 'Chig' Okonkwo","14.0","6.0","TE","WAS","7","13.03","138.7","137.0","144.5","206.6","160.4","6.9","$4","$4"
"","200","Deshaun Watson","14.0","4.0","QB","CLE","11","60.15","207.8","174.0","218.7","437.4","276.4","6.8","$4","$4"
"","201","Brashard Smith","14.0","14.0","RB","KC","5","57.04","63.1","39.0","77.0","169.4","99.7","6.7","$4","$4"
"","202","Emanuel Wilson","14.0","14.0","RB","SEA","11","62.05","53.8","52.0","67.2","194.9","99.6","6.7","$4","$4"
"","203","Geno Smith","14.0","4.0","QB","NYJ","13","64.13","228.1","240.0","237.6","384.9","276.1","6.7","$4","$4"
"","204","Tyler Loop","14.0","2.0","K","BAL","13","11.02","143.6","129.0","152.8","178.8","158.2","6.5","$3","$4"
"","205","Minnesota Vikings","14.0","1.0","DEF","MIN","6","10.07","109.1","78.0","109.1","109.1","109.1","6.4","$1","$4"
"","206","Jordan James","14.0","14.0","RB","SF","8","61.04","52.9","69.0","58.8","205.8","97.8","6.3","$4","$4"
"","207","Oronde Gadsden II","14.0","6.0","TE","LAC","7","12.15","132.9","132.0","138.4","218.7","159.3","6.3","$4","$4"
"","208","Green Bay Packers","14.0","2.0","DEF","GB","11","12.16","108.6","65.0","108.6","108.6","108.6","6.2","$1","$4"
"","209","Baltimore Ravens","14.0","2.0","DEF","BAL","13","9.06","108.6","70.0","108.6","108.6","108.6","6.2","$2","$4"
"","210","Cam Little","14.0","2.0","K","JAC","7","9.03","145.2","125.0","151.3","178.5","157.6","6.2","$3","$4"
"","211","Joe Mixon","14.0","14.0","RB","UNS","18","39.11","45.9","21.0","76.5","172.1","97.0","6.2","$4","$4"
"","212","Tank Bigsby","15.0","15.0","RB","PHI","10","12.11","53.0","71.0","55.8","206.5","96.4","6.1","$4","$4"
"","213","LeQuint Allen","15.0","15.0","RB","JAC","7","61.01","69.7","44.0","75.8","151.6","95.4","5.9","$4","$4"
"","214","Austin Ekeler","15.0","15.0","RB","UNS","18","36.06","52.1","29.0","69.5","173.8","94.8","5.7","$24","$4"
"","215","Kaelon Black","15.0","15.0","RB","SF","8","15.16","49.6","59.0","55.1","203.9","94.7","5.7","$4","$4"
"","216","Antonio Williams","15.0","9.0","WR","WAS","7","63.08","116.7","123.0","126.8","276.4","165.8","5.6","$4","$4"
"","217","Cairo Santos","15.0","2.0","K","CHI","10","11.14","142.5","128.0","151.6","174.3","156.1","5.5","$4","$4"
"","218","Pittsburgh Steelers","15.0","2.0","DEF","PIT","9","8.06","107.1","77.0","107.1","107.1","107.1","5.4","$1","$4"
"","219","Jake Bates","15.0","2.0","K","DET","6","10.01","146.6","130.0","149.6","175.0","156.0","5.4","$4","$4"
"","220","Eddy Pineiro","15.0","2.0","K","SF","8","9.14","143.7","130.0","151.3","172.5","155.7","5.3","$2","$3"
"","221","Harrison Mevis","15.0","2.0","K","LAR","11","9.05","145.1","133.0","149.6","175.0","155.7","5.3","$2","$3"
"","222","Kareem Hunt","15.0","15.0","RB","UNS","18","35.08","50.8","22.0","72.6","156.1","91.4","5.1","$3","$3"
"","223","Jaylen Wright","15.0","15.0","RB","MIA","6","60.02","48.9","53.0","57.5","186.9","91.2","5.0","$3","$3"
"","224","Trey Smack","15.0","2.0","K","GB","11","14.11","143.3","134.0","149.3","174.7","155.1","4.9","$3","$3"
"","225","Kendre Miller","15.0","15.0","RB","NO","8","34.05","44.1","33.0","55.1","192.9","90.7","4.9","$3","$3"
"","226","Demond Claiborne","15.0","15.0","RB","MIN","6","60.12","44.3","24.0","52.1","198.0","90.5","4.9","$3","$3"
"","227","Jalen Nailor","15.0","9.0","WR","LVR","13","15.12","120.9","126.0","134.3","251.1","163.7","4.8","$3","$3"
"","228","Antonio Gibson","15.0","15.0","RB","UNS","18","27.09","48.3","9.0","74.3","148.6","89.8","4.8","$3","$3"
"","229","Los Angeles Rams","15.0","2.0","DEF","LAR","11","6.11","105.7","78.0","105.7","105.7","105.7","4.7","$2","$3"
"","230","Kansas City Chiefs","15.0","2.0","DEF","KC","5","12.01","105.5","66.0","105.5","105.5","105.5","4.6","$2","$3"
"","231","Wil Lutz","15.0","2.0","K","DEN","10","62.03","144.9","121.0","147.9","171.6","153.8","4.2","$3","$3"
"","232","Jacksonville Jaguars","15.0","2.0","DEF","JAC","7","10.11","104.5","69.0","104.5","104.5","104.5","4.1","$2","$3"
"","233","Ollie Gordon II","15.0","15.0","RB","MIA","6","60.08","46.8","39.0","49.3","187.3","86.5","4.1","$3","$3"
"","234","Harrison Butker","15.0","2.0","K","KC","5","10.06","145.0","124.0","148.0","170.2","153.5","3.9","$3","$3"
"","235","New York Giants","15.0","2.0","DEF","NYG","8","15.01","103.6","64.0","103.6","103.6","103.6","3.6","$2","$2"
"","236","Charlie Smyth","15.0","2.0","K","NO","8","63.07","143.5","119.0","147.9","170.1","153.2","3.6","$2","$2"
"","237","Kimani Vidal","15.0","15.0","RB","LAC","7","61.02","59.0","56.0","64.1","141.0","84.2","3.6","$2","$2"
"","238","Adam Randall","15.0","15.0","RB","BAL","13","59.03","41.7","46.0","49.0","181.3","83.8","3.6","$2","$2"
"","239","Devin Singletary","15.0","15.0","RB","NYG","8","44.03","49.2","33.0","54.7","164.1","83.5","3.5","$2","$2"
"","240","Malik Davis","15.0","15.0","RB","DAL","14","64.15","45.1","56.0","50.1","175.4","83.4","3.5","$2","$2"
"","241","Tre Harris","15.0","9.0","WR","LAC","7","64.01","110.0","97.0","122.2","268.8","160.0","3.3","$2","$2"
"","242","Philadelphia Eagles","15.0","2.0","DEF","PHI","10","8.16","102.7","68.0","102.7","102.7","102.7","2.7","$2","$2"
"","243","DJ Giddens","15.0","15.0","RB","IND","13","60.04","43.7","42.0","48.6","165.2","79.5","2.7","$2","$2"
"","244","Cade Otton","15.0","7.0","TE","TB","10","64.03","134.8","121.0","140.4","186.7","152.0","2.7","$2","$2"
"","245","Alexander Mattison","15.0","15.0","RB","UNS","18","31.04","48.7","6.0","57.3","143.3","79.2","2.7","$2","$2"
"","246","Cooper Kupp","15.0","10.0","WR","SEA","11","13.11","111.5","102.0","126.7","253.4","158.5","2.7","$12","$2"
"","247","Miles Sanders","15.0","15.0","RB","UNS","18","47.04","49.4","0.0","56.1","138.6","77.4","2.3","$1","$1"
"","248","Los Angeles Chargers","15.0","2.0","DEF","LAC","7","11.06","102.2","66.0","102.2","102.2","102.2","2.2","$1","$1"
"","249","Chris Boswell","15.0","2.0","K","PIT","9","11.04","142.9","122.0","145.8","170.6","152.0","2.2","$1","$1"
"","250","Kaleb Johnson","15.0","15.0","RB","PIT","9","59.09","37.1","18.0","42.2","173.0","77.0","2.2","$5","$1"
"","251","Kyle Juszczyk","15.0","15.0","RB","SF","8","18.12","55.3","51.0","61.4","122.8","77.0","2.2","$1","$1"
"","252","Buffalo Bills","15.0","2.0","DEF","BUF","7","61.13","102.0","71.0","102.0","102.0","102.0","2.0","$1","$1"
"Injured","253","AJ Barner","15.0","7.0","TE","SEA","11","13.08","128.1","121.0","133.4","198.8","150.3","1.9","$1","$1"
"","254","Darius Slayton","15.0","10.0","WR","NYG","8","59.12","112.1","95.0","124.6","249.2","156.3","1.8","$1","$1"
"","255","Jerome Ford","15.0","15.0","RB","WAS","7","17.12","39.3","29.0","47.4","151.7","74.4","1.7","$1","$1"
"","256","Andres Borregales","15.0","2.0","K","NE","11","62.11","141.8","120.0","146.2","168.1","151.4","1.6","$1","$1"
"","257","Chicago Bears","15.0","2.0","DEF","CHI","10","14.06","101.5","68.0","101.5","101.5","101.5","1.5","$1","$1"
"","258","Jeremy McNichols","15.0","15.0","RB","WAS","7","46.08","45.1","25.0","50.1","137.8","73.1","1.5","$1","$1"
"","259","Ryan Flournoy","15.0","10.0","WR","DAL","14","63.09","107.0","106.0","121.6","255.4","155.4","1.4","$1","$1"
"","260","Ray Davis","15.0","15.0","RB","BUF","7","63.14","38.1","50.0","50.8","132.1","70.7","1.0","$1","$1"
"","261","Seth McGowan","15.0","15.0","RB","IND","13","60.11","33.2","30.0","39.1","156.4","70.0","0.8","$1","$1"
"","262","Gunnar Helm","15.0","7.0","TE","TEN","9","16.05","124.1","123.0","133.4","193.4","148.1","0.8","$1","$1"
"","263","Jason Myers","15.0","3.0","K","SEA","11","8.05","142.1","143.0","145.0","166.8","150.4","0.5","$1","$1"
"","264","Travis Hunter","15.0","10.0","WR","JAC","7","7.16","92.6","102.0","100.7","298.1","153.1","0.5","$3","$1"
"","265","Tua Tagovailoa","15.0","5.0","QB","ATL","11","64.05","201.7","238.0","207.9","390.9","256.7","0.5","$1","$1"
"","266","Jarquez Hunter","15.0","15.0","RB","LAR","11","43.16","29.2","18.0","34.3","161.2","68.0","0.4","$1","$1"
"","267","Jaylin Noel","15.0","10.0","WR","HOU","8","62.15","116.3","93.0","130.7","222.2","153.0","0.4","$1","$1"
"Injured","268","Michael Penix Jr.","15.0","5.0","QB","ATL","11","59.05","205.7","186.0","209.9","379.9","255.5","0.1","$1","$1"
"","269","Tampa Bay Buccaneers","15.0","2.0","DEF","TB","10","15.10","100.0","63.0","100.0","100.0","100.0","0.0","$1","$1"
"","270","Chase McLaughlin","15.0","3.0","K","TB","10","12.12","140.2","128.0","144.5","167.6","150.0","0.0","$1","$1"
"","271","Eli Heidenreich","15.0","15.0","WR","PIT","9","23.16","36.9","16.0","43.4","130.2","65.9","0.0","$1","$1"
"","272","Phil Mafah","15.0","15.0","RB","DAL","14","33.04","33.6","33.0","36.5","146.0","65.8","0.0","$1","$1"
"","273","Pat Freiermuth","15.0","7.0","TE","PIT","9","13.12","120.9","132.0","131.4","191.8","146.0","0.0","$1","$1"
"","274","Emari Demercado","15.0","15.0","RB","KC","5","59.13","36.8","59.0","43.3","121.2","63.4","0.0","$1","$1"
"","275","Detroit Lions","15.0","2.0","DEF","DET","6","10.12","99.4","70.0","99.4","99.4","99.4","0.0","$1","$1"
"","276","Will Reichard","15.0","3.0","K","MIN","6","11.09","139.9","123.0","142.8","168.5","149.3","0.0","$1","$1"
"","277","Trevor Etienne","15.0","15.0","RB","CAR","5","55.04","40.9","28.0","45.4","109.0","61.9","0.0","$1","$1"
"","278","Jack Bech","15.0","10.0","WR","LVR","13","63.15","102.1","89.0","116.0","249.4","149.9","0.0","$1","$1"
"","279","Darnell Mooney","15.0","10.0","WR","NYG","8","62.07","105.0","92.0","114.1","251.0","149.8","0.0","$1","$1"
"","280","Rashod Bateman","15.0","10.0","WR","BAL","13","64.15","103.0","112.0","117.1","245.9","149.7","0.0","$1","$1"
"","281","Devin Neal","15.0","15.0","RB","NO","8","16.15","36.5","31.0","43.5","108.8","60.0","0.0","$1","$1"
"","282","San Francisco 49ers","15.0","2.0","DEF","SF","8","13.07","98.8","63.0","98.8","98.8","98.8","0.0","$1","$1"
"","283","Ty Chandler","15.0","15.0","RB","NO","8","57.09","34.9","30.0","43.6","109.0","59.9","0.0","$1","$1"
"","284","Kenny McIntosh","15.0","15.0","RB","SEA","11","40.10","29.6","9.0","32.9","131.6","59.2","0.0","$1","$1"
"","285","Jaydn Ott","15.0","15.0","RB","KC","5","64.15","23.9","14.0","29.9","140.5","59.0","0.0","$1","$1"
"","286","Raheim Sanders","15.0","15.0","RB","CLE","11","53.07","24.5","22.0","27.8","139.0","57.5","0.0","$1","$1"
"","287","Roschon Johnson","15.0","15.0","RB","CHI","10","21.03","23.0","28.0","25.5","140.3","56.4","0.0","$1","$1"
"","288","Jamarion 'Jam' Miller","15.0","15.0","RB","NE","11","20.06","26.7","24.0","30.3","125.7","55.7","0.0","$1","$1"
"","289","De'Zhaun Stribling","15.0","11.0","WR","SF","8","61.16","96.8","90.0","108.8","255.7","146.7","0.0","$1","$1"
"","290","Tahj Brooks","15.0","15.0","RB","CIN","6","39.15","23.7","22.0","26.3","131.5","54.5","0.0","$1","$1"
"","291","Tyler Bass","15.0","3.0","K","BUF","7","62.12","138.5","121.0","142.8","164.2","147.9","0.0","$1","$1"
"","292","Jake Moody","15.0","3.0","K","WAS","7","60.01","138.3","115.0","141.1","167.9","147.9","0.0","$1","$1"
"","293","Pat Bryant","15.0","11.0","WR","DEN","10","63.13","100.7","84.0","113.2","243.4","146.4","0.0","$1","$1"
"","294","Audric Estime","15.0","15.0","RB","NO","8","36.15","31.7","29.0","36.0","104.4","53.9","0.0","$1","$1"
"","295","Tyler Goodson","15.0","15.0","RB","ATL","11","22.13","22.7","18.0","25.8","129.0","53.4","0.0","$1","$1"
"","296","Shedeur Sanders","15.0","5.0","QB","CLE","11","14.01","185.5","223.0","195.3","390.6","246.8","0.0","$1","$1"
"","297","Jake Elliott","15.0","3.0","K","PHI","10","13.16","138.5","116.0","142.8","162.8","147.5","0.0","$1","$1"
"","298","Will Shipley","15.0","15.0","RB","PHI","10","33.02","38.5","30.0","40.5","81.0","51.2","0.0","$1","$1"
"","299","J'Mari Taylor","15.0","15.0","RB","JAC","7","64.15","22.2","22.0","27.7","116.3","50.9","0.0","$1","$1"
"Injured","300","Isaac Guerendo","15.0","15.0","RB","SF","8","27.07","32.9","20.0","37.4","89.8","50.9","0.0","$1","$1"
"","301","Kayshon Boutte","15.0","11.0","WR","NE","11","64.14","96.6","78.0","111.0","244.2","144.7","0.0","$1","$1"
"","302","Carson Beck","15.0","5.0","QB","ARI","14","19.14","185.9","162.0","191.7","393.0","245.6","0.0","$1","$1"
"","303","Michael Carter","15.0","15.0","RB","TEN","9","54.07","33.2","10.0","38.2","84.0","49.8","0.0","$1","$1"
"","304","Robert Henry Jr.","15.0","15.0","RB","WAS","7","64.15","18.7","0.0","26.3","115.7","49.3","0.0","$1","$1"
"","305","Roman Hemby","15.0","15.0","RB","LVR","13","64.15","21.0","0.0","26.3","111.8","48.7","0.0","$1","$1"
"","306","Tyler Badie","15.0","15.0","RB","DEN","10","58.13","24.9","20.0","27.7","97.0","46.1","0.0","$1","$1"
"","307","Devaughn Vele","15.0","11.0","WR","NO","8","64.02","102.6","95.0","119.3","214.7","142.3","0.0","$1","$1"
"","308","Jawhar Jordan","15.0","15.0","RB","HOU","8","27.10","26.7","48.0","29.7","89.1","45.4","0.0","$1","$1"
"","309","Tyquan Thornton","15.0","11.0","WR","KC","5","57.03","91.8","94.0","106.7","245.4","141.8","0.0","$1","$1"
"","310","Dontayvion Wicks","15.0","11.0","WR","PHI","10","61.06","93.5","76.0","106.3","244.5","141.7","0.0","$1","$1"
"","311","Noah Whittington","15.0","15.0","RB","HOU","8","64.15","20.2","6.0","25.3","99.9","44.7","0.0","$1","$1"
"","312","Cleveland Browns","15.0","3.0","DEF","CLE","11","10.14","95.6","65.0","95.6","95.6","95.6","0.0","$1","$1"
"","313","Kirk Cousins","15.0","5.0","QB","LVR","13","59.11","186.2","187.0","190.0","380.0","241.1","0.0","$1","$1"
"","314","Terrance Ferguson","15.0","8.0","TE","LAR","11","13.06","97.5","101.0","110.8","216.1","137.1","0.0","$1","$1"
"","315","Kalel Mullings","15.0","15.0","RB","TEN","9","54.14","18.6","10.0","21.9","98.6","42.2","0.0","$1","$1"
"","316","David Njoku","15.0","8.0","TE","LAC","7","61.10","111.0","95.0","115.6","196.5","136.8","0.0","$1","$1"
"","317","Zachariah Branch","15.0","11.0","WR","ATL","11","14.05","102.3","93.0","119.0","205.9","139.7","0.0","$1","$1"
"","318","Desmond Reid","15.0","15.0","RB","BUF","7","64.15","17.7","20.0","19.7","97.5","40.6","0.0","$1","$1"
"","319","Troy Franklin","15.0","11.0","WR","DEN","10","62.09","92.6","97.0","102.9","241.8","138.9","0.0","$1","$1"
"","320","Keon Coleman","15.0","11.0","WR","BUF","7","59.06","87.0","51.0","102.4","245.8","138.7","0.0","$5","$1"
"","321","CJ Donaldson","15.0","15.0","RB","NO","8","64.15","15.6","0.0","17.3","95.2","38.2","0.0","$1","$1"
"","322","Rasheen Ali","15.0","15.0","RB","BAL","13","34.07","19.7","24.0","21.9","81.0","37.6","0.0","$1","$1"
"","323","Ryan Fitzgerald","15.0","3.0","K","CAR","5","62.16","133.9","111.0","139.5","161.8","144.6","0.0","$1","$1"
"","324","Jamal Haynes","15.0","15.0","RB","CIN","6","64.15","13.7","12.0","16.1","88.6","35.4","0.0","$1","$1"
"","325","Jaleel McLaughlin","15.0","15.0","RB","DEN","10","34.14","21.3","17.0","22.4","67.2","34.4","0.0","$1","$1"
"","326","Evan McPherson","15.0","3.0","K","CIN","6","13.01","135.0","124.0","136.4","166.4","144.3","0.0","$2","$1"
"","327","Chip Trayanum","15.0","15.0","RB","NYJ","13","64.15","14.4","10.0","16.0","80.0","33.2","0.0","$1","$1"
"Injured","328","Nathaniel 'Tank' Dell","15.0","12.0","WR","HOU","8","62.02","64.9","93.0","92.7","268.8","135.7","0.0","$1","$1"
"","329","Ja'Kobi Lane","15.0","12.0","WR","BAL","13","13.13","86.8","81.0","98.6","241.6","135.5","0.0","$1","$1"
"","330","Kendrick Bourne","15.0","12.0","WR","ARI","14","56.09","90.4","83.0","106.4","223.4","135.4","0.0","$1","$1"
"","331","Chris Brazzell II","15.0","12.0","WR","CAR","5","59.01","83.3","73.0","94.7","246.2","134.0","0.0","$1","$1"
"","332","Tennessee Titans","15.0","3.0","DEF","TEN","9","59.10","92.6","62.0","92.6","92.6","92.6","0.0","$1","$1"
"","333","Colby Parkinson","15.0","8.0","TE","LAR","11","63.10","98.5","94.0","110.7","195.9","131.7","0.0","$1","$1"
"","334","Isaac TeSlaa","15.0","12.0","WR","DET","6","63.03","87.4","103.0","99.3","233.4","133.7","0.0","$1","$1"
"","335","Jaret Patterson","15.0","15.0","RB","LAC","7","45.05","12.8","19.0","14.6","65.7","28.2","0.0","$1","$1"
"","336","Ben Sauls","15.0","3.0","K","NYG","8","61.12","130.9","72.0","137.8","162.6","143.3","0.0","$1","$1"
"","337","Evan Engram","15.0","8.0","TE","DEN","10","64.11","103.2","95.0","112.2","188.5","131.4","0.0","$7","$1"
"","338","Greg Dulcich","15.0","8.0","TE","MIA","6","64.08","101.7","125.0","110.5","191.2","130.9","0.0","$1","$1"
"","339","Elijah Sarratt","15.0","12.0","WR","BAL","13","60.03","84.0","71.0","93.3","242.6","132.3","0.0","$1","$1"
"","340","Mike Gesicki","15.0","8.0","TE","CIN","6","64.12","97.0","107.0","114.1","183.7","130.0","0.0","$5","$1"
"","341","Arizona Cardinals","15.0","3.0","DEF","ARI","14","15.09","91.7","59.0","91.7","91.7","91.7","0.0","$1","$1"
"","342","Dallas Cowboys","15.0","3.0","DEF","DAL","14","12.07","91.5","65.0","91.5","91.5","91.5","0.0","$1","$1"
"","343","Nick Folk","15.0","3.0","K","ATL","11","61.11","133.1","116.0","135.8","161.6","142.4","0.0","$1","$1"
"","344","New Orleans Saints","15.0","3.0","DEF","NO","8","63.16","91.0","66.0","91.0","91.0","91.0","0.0","$1","$1"
"","345","Indianapolis Colts","15.0","3.0","DEF","IND","13","64.07","91.0","61.0","91.0","91.0","91.0","0.0","$1","$1"
"","346","Joshua 'Josh' Palmer","15.0","12.0","WR","BUF","7","21.07","87.3","51.0","94.9","227.8","129.8","0.0","$2","$1"
"","347","New York Jets","15.0","3.0","DEF","NYJ","13","61.05","90.7","58.0","90.7","90.7","90.7","0.0","$1","$1"
"","348","Cincinnati Bengals","15.0","3.0","DEF","CIN","6","47.08","90.3","64.0","90.3","90.3","90.3","0.0","$1","$1"
"","349","Darnell Washington","15.0","9.0","TE","PIT","9","14.09","92.8","92.0","105.4","192.9","127.0","0.0","$1","$1"
"","350","Las Vegas Raiders","15.0","3.0","DEF","LVR","13","14.10","89.9","61.0","89.9","89.9","89.9","0.0","$1","$1"
"","351","Carolina Panthers","15.0","3.0","DEF","CAR","5","59.14","89.8","58.0","89.8","89.8","89.8","0.0","$1","$1"
"","352","Miami Dolphins","15.0","3.0","DEF","MIA","6","13.15","89.7","60.0","89.7","89.7","89.7","0.0","$1","$1"
"","353","Chris Bell","15.0","12.0","WR","MIA","6","19.01","68.9","109.0","81.0","255.2","126.3","0.0","$1","$1"
"","354","Jahan Dotson","15.0","12.0","WR","ATL","11","59.15","84.8","82.0","98.6","207.1","125.7","0.0","$1","$1"
"","355","Joey Slye","15.0","3.0","K","TEN","9","63.05","130.3","109.0","134.3","158.5","140.2","0.0","$1","$1"
"","356","Kentrel Bullock","15.0","15.0","RB","CIN","6","64.15","4.9","0.0","5.6","19.6","9.3","0.0","$1","$1"
"","357","Christian Kirk","15.0","13.0","WR","SF","8","64.10","80.5","85.0","91.5","219.6","124.4","0.0","$3","$1"
"","358","Kejon Owens","15.0","15.0","RB","MIN","6","64.15","5.0","0.0","5.6","17.9","8.9","0.0","$1","$1"
"","359","Andrei Iosivas","15.0","13.0","WR","CIN","6","26.02","84.3","95.0","93.7","210.8","123.9","0.0","$1","$1"
"","360","Jacob Saylors","15.0","15.0","RB","DET","6","21.04","0.0","11.0","5.6","7.8","6.3","0.0","$1","$1"
"","361","Kene Nwangwu","15.0","15.0","RB","NYJ","13","52.01","0.0","7.0","5.6","7.3","6.2","0.0","$1","$1"
"","362","Dylan Laube","15.0","15.0","RB","LVR","13","37.02","0.3","9.0","5.6","7.8","5.2","0.0","$1","$1"
"","363","Michael Mayer","15.0","9.0","TE","LVR","13","58.06","86.0","85.0","97.7","195.4","122.2","0.0","$1","$1"
"","364","Cordarrelle Patterson","15.0","15.0","RB","UNS","18","58.08","0.0","0.0","0.0","0.0","0.0","0.0","$1","$1"
"","365","Jamaal Williams","15.0","15.0","RB","UNS","18","57.01","0.0","0.0","0.0","0.0","0.0","0.0","$1","$1"
"","366","D'Onta Foreman","15.0","15.0","RB","UNS","18","43.02","0.0","0.0","0.0","0.0","0.0","0.0","$1","$1"
"","367","Ezekiel Elliott","15.0","15.0","RB","UNS","18","27.03","0.0","0.0","0.0","0.0","0.0","0.0","$1","$1"
"","368","Raheem Mostert","15.0","15.0","RB","UNS","18","44.07","0.0","13.0","0.0","0.0","0.0","0.0","$1","$1"
"","369","Ameer Abdullah","15.0","15.0","RB","JAC","7","57.15","0.0","4.0","0.0","0.0","0.0","0.0","$1","$1"
"","370","Myles Gaskin","15.0","15.0","RB","UNS","18","42.04","0.0","0.0","0.0","0.0","0.0","0.0","$1","$1"
"","371","Trayveon Williams","15.0","15.0","RB","CLE","11","49.08","0.0","0.0","0.0","0.0","0.0","0.0","$1","$1"
"","372","Travis Homer","15.0","15.0","RB","PIT","9","38.05","0.0","0.0","0.0","0.0","0.0","0.0","$1","$1"
"","373","La'Mical Perine","15.0","15.0","RB","PIT","9","64.15","0.0","0.0","0.0","0.0","0.0","0.0","$1","$1"
"","374","Zack Moss","15.0","15.0","RB","UNS","18","52.12","0.0","0.0","0.0","0.0","0.0","0.0","$1","$1"
"","375","Joshua Kelley","15.0","15.0","RB","TEN","9","51.09","0.0","0.0","0.0","0.0","0.0","0.0","$1","$1"
"","376","Darrynton Evans","15.0","15.0","RB","BUF","7","43.08","0.0","0.0","0.0","0.0","0.0","0.0","$1","$1"
"","377","Clyde Edwards-Helaire","15.0","15.0","RB","KC","5","38.04","0.0","0.0","0.0","0.0","0.0","0.0","$1","$1"
"","378","A.J. Dillon","15.0","15.0","RB","CAR","5","29.01","0.0","62.0","0.0","0.0","0.0","0.0","$1","$1"
"","379","DeeJay Dallas","15.0","15.0","RB","JAC","7","24.15","0.0","0.0","0.0","0.0","0.0","0.0","$1","$1"
"","380","Ke'Shawn Vaughn","15.0","15.0","RB","UNS","18","42.08","0.0","0.0","0.0","0.0","0.0","0.0","$1","$1"
"","381","Cam Akers","15.0","15.0","RB","SEA","11","37.11","0.0","4.0","0.0","0.0","0.0","0.0","$1","$1"
"","382","Dare Ogunbowale","15.0","15.0","RB","UNS","18","55.05","0.0","7.0","0.0","0.0","0.0","0.0","$1","$1"
"","383","Mike Boone","15.0","15.0","RB","UNS","18","32.01","0.0","0.0","0.0","0.0","0.0","0.0","$1","$1"
"","384","Gus Edwards","15.0","15.0","RB","UNS","18","47.11","0.0","0.0","0.0","0.0","0.0","0.0","$1","$1"
"","385","Jeffery 'Jeff' Wilson Jr.","15.0","15.0","RB","MIA","6","27.01","0.0","0.0","0.0","0.0","0.0","0.0","$1","$1"
"","386","Royce Freeman","15.0","15.0","RB","UNS","18","64.15","0.0","0.0","0.0","0.0","0.0","0.0","$1","$1"
"","387","John Kelly","15.0","15.0","RB","CLE","11","40.15","0.0","0.0","0.0","0.0","0.0","0.0","$1","$1"
"","388","Pierre Strong Jr.","15.0","15.0","RB","GB","11","56.08","0.0","10.0","0.0","0.0","0.0","0.0","$1","$1"
"","389","Tyrion Davis-Price","15.0","15.0","RB","UNS","18","37.10","0.0","0.0","0.0","0.0","0.0","0.0","$1","$1"
"","390","Hassan Haskins","15.0","15.0","RB","UNS","18","26.01","0.0","1.0","0.0","0.0","0.0","0.0","$1","$1"
"","391","Kevin Harris","15.0","15.0","RB","NE","11","64.15","0.0","0.0","0.0","0.0","0.0","0.0","$1","$1"
"","392","Keaontay Ingram","15.0","15.0","RB","KC","5","33.08","0.0","0.0","0.0","0.0","0.0","0.0","$1","$1"
"","393","Zonovan 'Bam' Knight","15.0","15.0","RB","ARI","14","27.05","0.0","0.0","0.0","0.0","0.0","0.0","$1","$1"
"","394","Ronnie Rivers","15.0","15.0","RB","LAR","11","26.06","0.0","14.0","0.0","0.0","0.0","0.0","$1","$1"
"","395","Raheem Blackshear","15.0","15.0","RB","NYJ","13","25.13","0.0","0.0","0.0","0.0","0.0","0.0","$1","$1"
"","396","Eric Gray","15.0","15.0","RB","NYG","8","22.03","0.0","0.0","0.0","0.0","0.0","0.0","$1","$1"
"","397","Deuce Vaughn","15.0","15.0","RB","UNS","18","32.04","0.0","0.0","0.0","0.0","0.0","0.0","$1","$1"
"","398","Evan Hull","15.0","15.0","RB","UNS","18","36.11","0.0","0.0","0.0","0.0","0.0","0.0","$1","$1"
"","399","Israel Abanikanda","15.0","15.0","RB","GB","11","40.01","0.0","23.0","0.0","0.0","0.0","0.0","$1","$1"
"","400","Zach Evans","15.0","15.0","RB","UNS","18","21.10","0.0","0.0","0.0","0.0","0.0","0.0","$1","$1"
"","401","DeWayne McBride","15.0","15.0","RB","UNS","18","37.08","0.0","0.0","0.0","0.0","0.0","0.0","$1","$1"
"","402","Khalil Herbert","15.0","15.0","RB","NYJ","13","31.02","0.0","2.0","0.0","0.0","0.0","0.0","$1","$1"
"","403","Elijah Mitchell","15.0","15.0","RB","NE","11","45.12","0.0","14.0","0.0","0.0","0.0","0.0","$1","$1"
"","404","Gary Brightwell","15.0","15.0","RB","CIN","6","35.03","0.0","0.0","0.0","0.0","0.0","0.0","$1","$1"
"","405","Craig Reynolds","15.0","15.0","RB","DET","6","27.04","0.0","4.0","0.0","0.0","0.0","0.0","$1","$1"
"","406","Isaiah Spiller","15.0","15.0","RB","UNS","18","64.15","0.0","0.0","0.0","0.0","0.0","0.0","$1","$1"
"","407","Zamir White","15.0","15.0","RB","UNS","18","26.05","0.0","5.0","0.0","0.0","0.0","0.0","$1","$1"
"","408","Dameon Pierce","15.0","15.0","RB","PHI","10","34.10","0.0","12.0","0.0","0.0","0.0","0.0","$1","$1"
"","409","Tony Jones Jr.","15.0","15.0","RB","ARI","14","43.07","0.0","0.0","0.0","0.0","0.0","0.0","$1","$1"
"","410","Patrick Taylor","15.0","15.0","RB","SF","8","49.04","0.0","0.0","0.0","0.0","0.0","0.0","$1","$1"
"","411","Deon Jackson","15.0","15.0","RB","UNS","18","64.15","0.0","0.0","0.0","0.0","0.0","0.0","$1","$1"
"","412","Jonathan Ward","15.0","15.0","RB","PIT","9","37.06","0.0","0.0","0.0","0.0","0.0","0.0","$1","$1"
"","413","Jake Funk","15.0","15.0","RB","IND","13","64.15","0.0","0.0","0.0","0.0","0.0","0.0","$1","$1"
"","414","JaMycal Hasty","15.0","15.0","RB","UNS","18","51.01","0.0","0.0","0.0","0.0","0.0","0.0","$1","$1"
"","415","Salvon Ahmed","15.0","15.0","RB","UNS","18","26.15","0.0","23.0","0.0","0.0","0.0","0.0","$1","$1"
"","416","Trey Sermon","15.0","15.0","RB","PIT","9","33.16","0.0","0.0","0.0","0.0","0.0","0.0","$1","$1"
"","417","Donovan Edwards","15.0","15.0","RB","WAS","7","22.12","0.0","11.0","0.0","0.0","0.0","0.0","$1","$1"
"","418","Ja'Quinden Jackson","15.0","15.0","RB","JAC","7","64.15","0.0","0.0","0.0","0.0","0.0","0.0","$1","$1"
"","419","Corey Kiner","15.0","15.0","RB","ARI","14","41.04","0.0","0.0","0.0","0.0","0.0","0.0","$1","$1"
"","420","Montrell Johnson Jr.","15.0","15.0","RB","UNS","18","64.15","0.0","0.0","0.0","0.0","0.0","0.0","$1","$1"
"","421","Ulysses Bentley IV","15.0","15.0","RB","IND","13","38.12","0.0","0.0","0.0","0.0","0.0","0.0","$1","$1"
"","422","Lan Larison","15.0","15.0","RB","NE","11","35.04","0.0","0.0","0.0","0.0","0.0","0.0","$1","$1"
"","423","Ian Wheeler","15.0","15.0","RB","CHI","10","64.15","0.0","0.0","0.0","0.0","0.0","0.0","$1","$1"
"","424","C.J. Ham","15.0","15.0","RB","MIN","6","28.14","0.0","0.0","0.0","0.0","0.0","0.0","$1","$1"
"","425","Patrick Ricard","15.0","15.0","RB","NYG","8","32.12","0.0","7.0","0.0","0.0","0.0","0.0","$1","$1"
"","426","ShunDerrick Powell","15.0","15.0","RB","UNS","18","64.15","0.0","0.0","0.0","0.0","0.0","0.0","$1","$1"
"","427","Nathan Carter","15.0","15.0","RB","ATL","11","43.11","0.0","0.0","0.0","0.0","0.0","0.0","$1","$1"
"","428","Zavier Scott","15.0","15.0","RB","MIN","6","16.11","0.0","0.0","0.0","0.0","0.0","0.0","$1","$1"
"","429","Aidan Robbins","15.0","15.0","RB","UNS","18","64.15","0.0","0.0","0.0","0.0","0.0","0.0","$1","$1"
"","430","Scottie Phillips","15.0","15.0","RB","UNS","18","64.15","0.0","0.0","0.0","0.0","0.0","0.0","$1","$1"
"","431","Jabari Small","15.0","15.0","RB","TEN","9","64.15","0.0","0.0","0.0","0.0","0.0","0.0","$1","$1"
"","432","Chris Collier","15.0","15.0","RB","LVR","13","16.02","0.0","0.0","0.0","0.0","0.0","0.0","$1","$1"
"","433","Dante Miller","15.0","15.0","RB","NYG","8","53.10","0.0","0.0","0.0","0.0","0.0","0.0","$1","$1"
"","434","British Brooks","15.0","15.0","RB","HOU","8","50.13","0.0","0.0","0.0","0.0","0.0","0.0","$1","$1"
"","435","Reggie Gilliam","15.0","15.0","RB","NE","11","38.06","0.0","7.0","0.0","0.0","0.0","0.0","$1","$1"
"","436","Alec Ingold","15.0","15.0","","LAC","7","58.11","0.0","14.0","0.0","0.0","0.0","0.0","$1","$1"
"","437","Sione Vaki","15.0","15.0","RB","DET","6","53.11","0.0","3.0","0.0","0.0","0.0","0.0","$1","$1"
"","438","Emani Bailey","15.0","15.0","RB","CAR","5","64.15","0.0","0.0","0.0","0.0","0.0","0.0","$1","$1"
"","439","Carson Steele","15.0","15.0","RB","UNS","18","33.10","0.0","0.0","0.0","0.0","0.0","0.0","$1","$1"
"","440","J.J. Taylor","15.0","15.0","RB","UNS","18","51.06","0.0","0.0","0.0","0.0","0.0","0.0","$1","$1"
"","441","Aaron Shampklin","15.0","15.0","RB","PIT","9","28.10","0.0","0.0","0.0","0.0","0.0","0.0","$1","$1"
"","442","Hunter Luepke","15.0","15.0","RB","DAL","14","58.04","0.0","0.0","0.0","0.0","0.0","0.0","$1","$1"
"","443","Tyreik McAllister","15.0","15.0","WR","LVR","13","33.03","0.0","0.0","0.0","0.0","0.0","0.0","$1","$1"
"","444","Sincere McCormick","15.0","15.0","RB","SF","8","23.11","0.0","0.0","0.0","0.0","0.0","0.0","$1","$1"
"","445","Terrell Jennings","15.0","15.0","RB","NE","11","33.05","0.0","0.0","0.0","0.0","0.0","0.0","$1","$1"
"","446","Jordan Mims","15.0","15.0","RB","UNS","18","41.02","0.0","0.0","0.0","0.0","0.0","0.0","$1","$1"
"","447","Damien Martinez","15.0","15.0","RB","GB","11","44.09","0.0","4.0","0.0","0.0","0.0","0.0","$1","$1"
"","448","Brittain Brown","15.0","15.0","RB","CHI","10","57.13","0.0","20.0","0.0","0.0","0.0","0.0","$1","$1"
"","449","Marcus Yarns","15.0","15.0","RB","UNS","18","64.15","0.0","0.0","0.0","0.0","0.0","0.0","$1","$1"
"","450","Daijun Edwards","15.0","15.0","RB","UNS","18","64.15","0.0","0.0","0.0","0.0","0.0","0.0","$1","$1"
"","451","Dillon Johnson","15.0","15.0","RB","UNS","18","64.15","0.0","0.0","0.0","0.0","0.0","0.0","$1","$1"
"","452","Lew Nichols","15.0","15.0","RB","UNS","18","28.01","0.0","0.0","0.0","0.0","0.0","0.0","$1","$1"
"","453","Avery Williams","15.0","15.0","RB","UNS","18","54.06","0.0","0.0","0.0","0.0","0.0","0.0","$1","$1"
"","454","Julius Chestnut","15.0","15.0","RB","TEN","9","58.05","0.0","4.0","0.0","0.0","0.0","0.0","$1","$1"
"","455","Louis Rees-Zammit","15.0","15.0","RB","UNS","18","35.15","0.0","0.0","0.0","0.0","0.0","0.0","$1","$1"
"","456","Blake Watson","15.0","15.0","RB","UNS","18","39.08","0.0","0.0","0.0","0.0","0.0","0.0","$1","$1"
"","457","Kendall Milton","15.0","15.0","RB","CIN","6","53.02","0.0","0.0","0.0","0.0","0.0","0.0","$1","$1"
"","458","Keilan Robinson","15.0","15.0","RB","UNS","18","44.14","0.0","0.0","0.0","0.0","0.0","0.0","$1","$1"
"","459","Cody Schrader","15.0","15.0","RB","LAR","11","51.12","0.0","0.0","0.0","0.0","0.0","0.0","$1","$1"
"","460","Frank Gore Jr.","15.0","15.0","RB","BUF","7","33.14","0.0","24.0","0.0","0.0","0.0","0.0","$1","$1"
"","461","Jase McClellan","15.0","15.0","RB","UNS","18","25.04","0.0","0.0","0.0","0.0","0.0","0.0","$1","$1"
"","462","Elijah Dotson","15.0","15.0","RB","UNS","18","53.16","0.0","0.0","0.0","0.0","0.0","0.0","$1","$1"
"","463","Xazavian Valladay","15.0","15.0","RB","PIT","9","30.04","0.0","0.0","0.0","0.0","0.0","0.0","$1","$1"
"","464","Deneric Prince","15.0","15.0","RB","UNS","18","44.13","0.0","0.0","0.0","0.0","0.0","0.0","$1","$1"
"","465","Matt Gay","15.0","4.0","K","LVR","13","31.10","129.9","124.0","132.5","155.0","138.2","0.0","$1","$1"
"","466","Marquise 'Hollywood' Brown","15.0","13.0","WR","PHI","10","22.15","71.9","74.0","78.2","234.6","119.7","0.0","$3","$1"
"","467","Malik Washington","15.0","13.0","WR","MIA","6","62.14","96.1","110.0","102.2","168.6","119.2","0.0","$1","$1"
"","468","Cade York","15.0","4.0","K","NYJ","13","18.07","129.4","78.0","132.0","154.4","137.6","0.0","$1","$1"
"","469","Andre Szmyt","15.0","4.0","K","CLE","11","30.01","127.9","104.0","131.9","155.6","137.6","0.0","$1","$1"
"","470","Caleb Douglas","15.0","13.0","WR","MIA","6","60.14","72.4","69.0","80.4","221.1","117.3","0.0","$1","$1"
"","471","Marvin Mims Jr.","15.0","13.0","WR","DEN","10","48.13","85.0","71.0","101.2","170.0","117.0","0.0","$2","$1"
"","472","Washington Commanders","15.0","3.0","DEF","WAS","7","14.07","85.7","65.0","85.7","85.7","85.7","0.0","$1","$1"
"","473","Darren Waller","15.0","9.0","TE","UNS","18","58.03","61.7","74.0","102.8","185.0","117.8","0.0","$4","$1"
"","474","KaVontae Turpin","15.0","13.0","WR","DAL","14","17.06","89.9","66.0","101.0","165.6","116.6","0.0","$1","$1"
"","475","Ted Hurst","15.0","13.0","WR","TB","10","60.10","67.3","75.0","79.2","221.8","115.9","0.0","$1","$1"
"","476","Curtis Samuel","15.0","14.0","WR","UNS","18","35.16","70.5","12.0","88.1","189.4","112.5","0.0","$1","$1"
"","477","DeAndre Hopkins","15.0","14.0","WR","UNS","18","16.16","71.0","10.0","88.8","186.5","112.2","0.0","$1","$1"
"","478","Ashton Dulin","15.0","14.0","WR","IND","13","29.06","61.4","37.0","76.7","214.8","111.6","0.0","$1","$1"
"","479","Dyami Brown","15.0","14.0","WR","WAS","7","59.16","64.3","45.0","74.8","216.9","111.7","0.0","$1","$1"
"","480","Tory Horton","15.0","14.0","WR","SEA","11","62.01","71.6","91.0","83.3","191.6","110.7","0.0","$1","$1"
"","481","Tutu Atwell","15.0","14.0","WR","MIA","6","16.04","68.1","56.0","75.7","208.2","110.5","0.0","$1","$1"
"","482","Isaiah Bond","15.0","14.0","WR","CLE","11","23.04","64.5","33.0","71.7","218.7","110.5","0.0","$1","$1"
"","483","Eli Stowers","15.0","10.0","TE","PHI","10","57.14","67.3","60.0","82.1","203.6","112.6","0.0","$1","$1"
"","484","Xavier Legette","15.0","14.0","WR","CAR","5","59.08","67.5","64.0","71.1","213.3","109.2","0.0","$2","$1"
"","485","Zane Gonzalez","15.0","4.0","K","MIA","6","63.06","126.1","103.0","127.4","152.9","134.1","0.0","$1","$1"
"","486","Malachi Fields","15.0","14.0","WR","NYG","8","21.08","58.1","60.0","68.3","222.0","108.4","0.0","$1","$1"
"","487","Kyle Williams","15.0","14.0","WR","NE","11","21.09","69.0","35.0","75.8","197.1","107.7","0.0","$1","$1"
"","488","Olamide Zaccheaus","15.0","14.0","WR","ATL","11","23.07","71.5","79.0","83.1","179.5","107.3","0.0","$1","$1"
"","489","Elijah Arroyo","15.0","10.0","TE","SEA","11","58.12","72.1","61.0","78.4","196.0","109.3","0.0","$1","$1"
"","490","Jonnu Smith","15.0","10.0","TE","UNS","18","37.03","62.7","62.0","89.6","179.2","109.2","0.0","$6","$1"
"","491","Jalen Tolbert","15.0","14.0","WR","MIA","6","61.09","63.4","84.0","70.4","204.2","105.6","0.0","$1","$1"
"","492","Bryce Lance","15.0","14.0","WR","NO","8","18.01","58.3","33.0","64.8","217.1","105.2","0.0","$1","$1"
"","493","Calvin Austin III","15.0","14.0","WR","NYG","8","20.09","75.7","49.0","79.7","175.3","105.1","0.0","$1","$1"
"","494","Treylon Burks","15.0","14.0","WR","WAS","7","23.03","61.8","47.0","67.2","208.3","104.7","0.0","$1","$1"
"","495","Sterling Shepard","15.0","14.0","WR","UNS","18","57.07","65.5","6.0","77.0","184.8","104.3","0.0","$1","$1"
"","496","Erick All","15.0","10.0","TE","CIN","6","20.12","68.1","46.0","81.1","186.5","107.5","0.0","$1","$1"
"","497","Jalen Royals","15.0","14.0","WR","KC","5","22.01","54.5","49.0","60.5","223.9","104.0","0.0","$1","$1"
"","498","Tyler Lockett","15.0","15.0","WR","UNS","18","30.03","59.0","21.0","73.8","188.2","102.3","0.0","$1","$1"
"","499","Brenen Thompson","15.0","15.0","WR","LAC","7","41.11","58.0","31.0","64.4","206.1","101.9","0.0","$1","$1"
"","500","Noah Brown","15.0","15.0","WR","UNS","18","45.13","64.8","18.0","76.2","167.6","99.1","0.0","$1","$1"
"","501","Kalif Raymond","15.0","15.0","WR","CHI","10","16.12","70.7","58.0","76.9","157.6","97.8","0.0","$1","$1"
"","502","Cole Kmet","15.0","11.0","TE","CHI","10","14.02","71.3","76.0","75.0","176.3","102.0","0.0","$1","$1"
"","503","Nick Westbrook-Ikhine","15.0","15.0","WR","IND","13","61.14","56.2","60.0","63.9","191.7","97.4","0.0","$1","$1"
"","504","Mack Hollins","15.0","15.0","WR","NE","11","22.05","61.2","53.0","68.0","180.2","97.4","0.0","$1","$1"
"","505","Elic Ayomanor","15.0","15.0","WR","TEN","9","53.15","57.7","67.0","60.7","194.2","96.6","0.0","$1","$1"
"","506","Mason Taylor","15.0","11.0","TE","NYJ","13","17.13","70.4","97.0","73.3","173.7","100.2","0.0","$1","$1"
"","507","Dawson Knox","15.0","11.0","TE","BUF","7","15.13","70.1","78.0","73.8","169.7","99.3","0.0","$1","$1"
"","508","Ja'Tavion Sanders","15.0","11.0","TE","CAR","5","26.07","68.1","65.0","72.4","173.8","99.3","0.0","$4","$1"
"","509","Jimmy Horn Jr.","15.0","15.0","WR","CAR","5","34.09","56.1","22.0","59.0","188.8","93.9","0.0","$1","$1"
"","510","Luke McCaffrey","15.0","15.0","WR","WAS","7","25.02","66.0","34.0","69.5","155.0","92.2","0.0","$1","$1"
"","511","Zavion Thomas","15.0","15.0","WR","CHI","10","15.14","58.4","52.0","68.7","161.4","92.1","0.0","$1","$1"
"","512","Skyler Bell","15.0","15.0","WR","BUF","7","15.07","47.3","58.0","51.4","200.5","91.3","0.0","$1","$1"
"","513","Hunter Renfrow","15.0","15.0","WR","UNS","18","43.03","50.2","6.0","62.7","175.6","91.2","0.0","$1","$1"
"","514","Jaylin Lane","15.0","15.0","WR","WAS","7","29.14","61.4","58.0","68.2","156.9","91.2","0.0","$1","$1"
"","515","Xavier Hutchinson","15.0","15.0","WR","HOU","8","58.02","48.8","55.0","49.8","199.2","90.4","0.0","$1","$1"
"","516","Savion Williams","15.0","15.0","WR","GB","11","60.06","59.5","54.0","66.1","158.6","90.1","0.0","$1","$1"
"","517","Tez Johnson","15.0","15.0","WR","TB","10","50.14","48.0","43.0","50.0","195.0","89.2","0.0","$1","$1"
"","518","Chimere Dike","15.0","15.0","WR","TEN","9","64.09","58.1","82.0","63.1","162.2","89.2","0.0","$1","$1"
"","519","Cedric Tillman","15.0","15.0","WR","CLE","11","55.03","43.2","36.0","47.0","197.4","87.3","0.0","$2","$1"
"","520","Roman Wilson","15.0","15.0","WR","PIT","9","22.08","49.3","29.0","54.8","175.4","86.7","0.0","$1","$1"
"","521","Jordan Whittington","15.0","15.0","WR","LAR","11","16.03","59.8","30.0","62.9","151.0","86.4","0.0","$1","$1"
"","522","Noah Fant","15.0","12.0","TE","NO","8","17.01","59.4","63.0","64.6","168.0","91.9","0.0","$1","$1"
"","523","Noah Gray","15.0","12.0","TE","KC","5","18.03","69.2","61.0","69.2","152.2","91.8","0.0","$1","$1"
"","524","Max Klare","15.0","12.0","TE","LAR","11","26.10","55.2","43.0","62.7","172.4","91.3","0.0","$1","$1"
"","525","Theo Johnson","15.0","12.0","TE","NYG","8","60.13","60.9","73.0","64.8","162.0","90.6","0.0","$4","$1"
"","526","Atlanta Falcons","15.0","4.0","DEF","ATL","11","63.01","71.8","68.0","71.8","71.8","71.8","0.0","$1","$1"
"","527","Demarcus Robinson","15.0","15.0","WR","SF","8","33.07","46.6","43.0","54.8","158.9","81.7","0.0","$1","$1"
"","528","Tyler Higbee","15.0","12.0","TE","LAR","11","16.07","54.3","66.0","60.3","165.8","88.0","0.0","$1","$1"
"","529","Mitchell Evans","15.0","12.0","TE","CAR","5","21.16","55.6","43.0","59.2","165.8","87.6","0.0","$1","$1"
"","530","Reggie Virgil","15.0","15.0","WR","ARI","14","30.13","39.3","12.0","45.7","173.7","79.5","0.0","$1","$1"
"","531","Demario Douglas","15.0","15.0","WR","NE","11","17.11","50.9","56.0","53.6","150.1","79.4","0.0","$1","$1"
"","532","Van Jefferson","15.0","15.0","WR","WAS","7","34.06","45.9","53.0","51.0","158.1","79.3","0.0","$1","$1"
"","533","Oscar Delp","15.0","12.0","TE","NO","8","35.11","47.5","24.0","55.9","173.3","86.4","0.0","$1","$1"
"","534","Colbie Young","15.0","15.0","WR","CIN","6","25.01","37.1","17.0","43.7","174.8","78.3","0.0","$1","$1"
"","535","Brandon McManus","15.0","5.0","K","UNS","18","58.16","123.0","103.0","123.0","123.0","123.0","0.0","$1","$1"
"","536","Taysom Hill","15.0","12.0","TE","UNS","18","37.12","46.4","14.0","58.0","168.2","86.0","0.0","$1","$1"
"","537","Dont'e Thornton Jr.","15.0","15.0","WR","LVR","13","21.05","38.9","34.0","43.2","172.8","77.8","0.0","$1","$1"
"","538","Cyrus Allen","15.0","15.0","WR","KC","5","18.02","34.1","27.0","40.1","180.5","77.3","0.0","$1","$1"
"","539","Ben Sinnott","15.0","12.0","TE","WAS","7","38.07","46.1","36.0","51.2","179.2","85.2","0.0","$1","$1"
"","540","Justin Joly","15.0","12.0","TE","DEN","10","57.11","43.9","41.0","51.7","178.4","84.8","0.0","$1","$1"
"","541","Austin Hooper","15.0","12.0","TE","ATL","11","20.08","58.1","58.0","63.1","145.1","84.6","0.0","$1","$1"
"","542","Eric McAlister","15.0","15.0","WR","RK","18","64.15","32.9","24.0","36.6","183.0","75.9","0.0","$1","$1"
"","543","JuJu Smith-Schuster","15.0","15.0","WR","NYG","8","19.16","33.3","19.0","44.4","162.1","74.5","0.0","$1","$1"
"","544","John Metchie","15.0","15.0","WR","CAR","5","27.13","44.5","85.0","45.9","151.5","74.5","0.0","$1","$1"
"","545","Jordan Watkins","15.0","15.0","WR","SF","8","25.16","33.1","9.0","36.8","176.6","74.3","0.0","$1","$1"
"","546","Kevin Coleman Jr.","15.0","15.0","WR","MIA","6","31.11","35.8","50.0","39.8","167.2","73.8","0.0","$1","$1"
"","547","DJ Rogers","15.0","12.0","TE","DAL","14","64.15","47.9","0.0","56.3","157.6","82.4","0.0","$1","$1"
"","548","Greg Dortch","15.0","15.0","WR","DET","6","28.15","49.9","30.0","53.7","126.2","72.8","0.0","$1","$1"
"","549","Tai Felton","15.0","15.0","WR","MIN","6","23.09","44.6","25.0","46.9","140.7","72.1","0.0","$1","$1"
"","550","Marquez Valdes-Scantling","15.0","15.0","WR","DAL","14","19.06","33.5","22.0","44.7","152.0","71.9","0.0","$1","$1"
"","551","Odell Beckham Jr.","15.0","15.0","WR","NYG","8","13.10","30.6","20.0","38.3","164.7","71.4","0.0","$1","$1"
"","552","Cade Stover","15.0","13.0","TE","HOU","8","29.04","47.3","30.0","52.5","157.5","80.2","0.0","$1","$1"
"","553","Tommy Tremble","15.0","13.0","TE","CAR","5","19.09","45.5","54.0","50.5","162.6","80.2","0.0","$1","$1"
"","554","Nate Boerkircher","15.0","13.0","TE","JAC","7","28.11","43.6","35.0","51.3","161.6","80.0","0.0","$1","$1"
"","555","Arian Smith","15.0","15.0","WR","NYJ","13","25.10","30.6","10.0","34.0","170.0","70.5","0.0","$1","$1"
"","556","Jonathan Mingo","15.0","15.0","WR","DAL","14","24.05","34.8","13.0","40.0","152.0","69.6","0.0","$1","$1"
"","557","KeAndre Lambert-Smith","15.0","15.0","WR","LAC","7","38.15","34.7","37.0","38.6","154.4","69.5","0.0","$1","$1"
"","558","Devontez Walker","15.0","15.0","WR","BAL","13","19.13","32.9","37.0","37.4","157.1","69.2","0.0","$1","$1"
"","559","Elijah Higgins","15.0","13.0","TE","ARI","14","30.10","50.4","47.0","53.0","148.4","78.6","0.0","$1","$1"
"","560","Eli Raridon","15.0","13.0","TE","NE","11","19.12","44.0","35.0","51.8","155.4","78.6","0.0","$1","$1"
"","561","Mitchell Tinsley","15.0","15.0","WR","CIN","6","23.08","29.7","37.0","33.0","165.0","68.4","0.0","$1","$1"
"","562","Will Dissly","15.0","13.0","TE","UNS","18","43.13","47.4","23.0","51.0","153.0","78.2","0.0","$1","$1"
"","563","Konata Mumpfield","15.0","15.0","WR","LAR","11","19.10","31.1","43.0","32.7","163.5","68.1","0.0","$1","$1"
"","564","Luke Musgrave","15.0","13.0","TE","GB","11","28.06","41.7","56.0","43.9","169.0","77.6","0.0","$1","$1"
"","565","Ja'Lynn Polk","15.0","15.0","WR","NO","8","29.13","29.5","6.0","36.9","147.6","65.8","0.0","$1","$1"
"","566","Malik Benson","15.0","15.0","WR","LVR","13","32.10","31.1","13.0","36.6","146.4","65.6","0.0","$1","$1"
"","567","Daniel Bellinger","15.0","13.0","TE","TEN","9","54.12","46.3","46.0","50.3","145.9","75.7","0.0","$1","$1"
"","568","Theo Wease Jr.","15.0","15.0","WR","MIA","6","50.16","26.6","89.0","31.3","156.5","64.6","0.0","$1","$1"
"","569","Jalin Hyatt","15.0","15.0","WR","NYG","8","48.10","26.2","6.0","29.1","160.1","64.3","0.0","$1","$1"
"","570","Charlie Kolar","15.0","13.0","TE","LAC","7","42.10","50.7","48.0","59.7","119.4","74.4","0.0","$1","$1"
"","571","Jake Tonges","15.0","13.0","TE","SF","8","63.02","46.1","64.0","52.4","133.6","73.4","0.0","$1","$1"
"","572","Chad Ryland","15.0","5.0","K","ARI","14","63.12","103.4","111.0","106.6","147.1","117.1","0.0","$1","$1"
"","573","Tanner Koziol","15.0","13.0","TE","JAC","7","45.15","33.8","26.0","39.8","163.2","72.4","0.0","$1","$1"
"","574","K.J. Osborn","15.0","15.0","WR","TEN","9","38.02","34.0","0.0","41.5","116.2","60.5","0.0","$1","$1"
"","575","Jackson Hawes","15.0","13.0","TE","BUF","7","23.15","31.1","39.0","34.5","172.5","71.5","0.0","$1","$1"
"","576","CJ Daniels","15.0","15.0","WR","LAR","11","16.01","26.9","39.0","30.6","137.7","59.1","0.0","$1","$1"
"","577","Tanner Hudson","15.0","14.0","TE","CIN","6","30.08","39.3","37.0","43.7","139.8","69.1","0.0","$1","$1"
"","578","Sam Roush","15.0","14.0","TE","CHI","10","18.14","39.2","20.0","44.0","138.6","68.9","0.0","$1","$1"
"","579","Deion Burks","15.0","15.0","WR","IND","13","31.14","23.0","50.0","28.1","133.5","55.9","0.0","$1","$1"
"","580","Josh Cameron","15.0","15.0","WR","JAC","7","49.16","25.4","27.0","28.9","130.1","55.9","0.0","$1","$1"
"","581","Malachi Corley","15.0","15.0","WR","CLE","11","24.11","23.7","15.0","26.3","136.8","56.0","0.0","$1","$1"
"","582","Jeff Caldwell","15.0","15.0","WR","KC","5","64.15","21.9","0.0","25.8","139.1","56.0","0.0","$1","$1"
"","583","Xavier Restrepo","15.0","15.0","WR","TEN","9","25.14","22.7","11.0","25.2","138.6","55.7","0.0","$1","$1"
"","584","Dominic Lovett","15.0","15.0","WR","DET","6","49.03","22.5","0.0","26.5","135.2","55.4","0.0","$1","$1"
"","585","David Sills V","15.0","15.0","WR","TB","10","46.12","25.2","17.0","26.5","132.5","55.2","0.0","$1","$1"
"","586","Derius Davis","15.0","15.0","WR","LAC","7","34.16","35.1","12.0","36.9","95.9","52.7","0.0","$1","$1"
"","587","Tim Patrick","15.0","15.0","WR","NYJ","13","21.06","30.4","22.0","34.2","102.6","52.2","0.0","$1","$1"
"","588","Isaiah Williams","15.0","15.0","WR","NYJ","13","36.07","30.9","24.0","32.5","104.0","51.7","0.0","$1","$1"
"","589","Bub Means","15.0","15.0","WR","NO","8","45.04","24.0","46.0","25.3","121.4","51.3","0.0","$1","$1"
"","590","Josh Oliver","15.0","14.0","TE","MIN","6","55.09","37.6","54.0","39.6","130.7","64.1","0.0","$1","$1"
"","591","Brevyn Spann-Ford","15.0","14.0","TE","DAL","14","21.02","33.4","20.0","35.2","140.8","63.7","0.0","$1","$1"
"","592","Drew Sample","15.0","14.0","TE","CIN","6","20.10","33.3","38.0","35.0","140.0","63.3","0.0","$1","$1"
"","593","Casey Washington","15.0","15.0","WR","ATL","11","38.08","22.1","24.0","24.5","120.1","50.1","0.0","$1","$1"
"","594","Mecole Hardman","15.0","15.0","WR","BUF","7","23.14","19.4","6.0","24.3","121.5","49.9","0.0","$1","$1"
"","595","Matthew Hibner","15.0","14.0","TE","BAL","13","36.02","29.6","22.0","34.8","139.2","62.3","0.0","$1","$1"
"","596","Graham Gano","15.0","6.0","K","UNS","18","14.13","112.3","106.0","112.3","112.3","112.3","0.0","$1","$1"
"","597","Will Kacmarek","15.0","14.0","TE","MIA","6","26.16","33.1","50.0","34.8","135.7","62.0","0.0","$1","$1"
"","598","Tyler Conklin","15.0","14.0","TE","DET","6","55.07","37.6","12.0","39.6","122.8","61.9","0.0","$1","$1"
"","599","Davis Allen","15.0","14.0","TE","LAR","11","29.15","32.0","33.0","35.5","133.1","61.5","0.0","$1","$1"
"","600","Adam Trautman","15.0","14.0","TE","DEN","10","19.04","35.8","43.0","44.7","111.8","61.4","0.0","$1","$1"
"","601","Quez Watkins","15.0","15.0","WR","PHI","10","25.11","19.6","0.0","23.1","115.5","47.7","0.0","$1","$1"
"","602","Luke Schoonmaker","15.0","14.0","TE","DAL","14","17.02","32.1","32.0","33.8","135.2","61.2","0.0","$1","$1"
"","603","Jacob Cowing","15.0","15.0","WR","SF","8","36.13","29.5","7.0","31.1","90.2","46.9","0.0","$1","$1"
"","604","Marlin Klein","15.0","14.0","TE","HOU","8","41.16","35.0","44.0","39.8","119.4","60.6","0.0","$1","$1"
"","605","Emmanuel Henderson Jr.","15.0","15.0","WR","SEA","11","41.03","19.2","7.0","22.6","113.0","46.6","0.0","$1","$1"
"","606","Barion Brown","15.0","15.0","WR","NO","8","36.09","26.4","26.0","29.3","90.8","45.6","0.0","$1","$1"
"","607","Joe Royer","15.0","15.0","TE","CLE","11","24.08","27.9","25.0","32.8","131.2","58.8","0.0","$1","$1"
"","608","Johnny Wilson","15.0","15.0","WR","PHI","10","46.15","20.0","6.0","25.0","100.0","44.6","0.0","$1","$1"
"","609","Tahj Washington","15.0","15.0","WR","MIA","6","20.15","18.1","0.0","20.1","110.6","44.4","0.0","$1","$1"
"","610","Harrison Wallace III","15.0","15.0","WR","ARI","14","64.15","18.1","0.0","20.1","110.6","44.4","0.0","$1","$1"
"","611","Kevin Austin Jr.","15.0","15.0","WR","NO","8","46.13","22.2","24.0","24.7","96.3","43.8","0.0","$1","$1"
"","612","Brock Wright","15.0","15.0","TE","DET","6","24.10","35.7","55.0","37.6","112.8","57.8","0.0","$1","$1"
"","613","Darius Cooper","15.0","15.0","WR","PHI","10","50.02","22.6","15.0","23.8","95.2","43.1","0.0","$1","$1"
"","614","Eric Rivers","15.0","15.0","WR","TB","10","64.15","18.1","17.0","20.1","104.5","42.8","0.0","$1","$1"
"","615","Jordan Hudson","15.0","15.0","WR","DAL","14","64.15","18.5","0.0","20.6","100.9","42.1","0.0","$1","$1"
"","616","Anthony Smith","15.0","15.0","WR","DAL","14","54.13","17.7","6.0","20.8","97.8","41.2","0.0","$1","$1"
"","617","Charlie Jones","15.0","15.0","WR","CIN","6","31.16","19.6","6.0","23.0","91.5","41.1","0.0","$1","$1"
"","618","Mason Tipton","15.0","15.0","WR","NO","8","36.10","21.2","19.0","23.5","84.6","39.8","0.0","$1","$1"
"","619","Luke Farrell","15.0","15.0","TE","SF","8","22.16","23.8","18.0","26.4","132.0","54.7","0.0","$1","$1"
"","620","Lewis Bond","15.0","15.0","WR","HOU","8","40.02","17.6","6.0","19.6","94.1","39.6","0.0","$1","$1"
"","621","Josh Cuevas","15.0","15.0","TE","BAL","13","42.06","23.5","18.0","26.7","130.8","54.5","0.0","$1","$1"
"","622","J. Michael Sturdivant","15.0","15.0","WR","GB","11","64.15","17.5","0.0","19.4","91.2","38.6","0.0","$1","$1"
"","623","CJ Williams","15.0","15.0","WR","JAC","7","42.07","16.9","0.0","19.9","89.6","38.4","0.0","$1","$1"
"","624","Kaden Wetjen","15.0","15.0","WR","PIT","9","35.01","25.4","9.0","29.9","63.1","38.1","0.0","$1","$1"
"","625","Riley Nowakowski","15.0","15.0","TE","PIT","9","25.06","24.2","25.0","27.5","123.8","53.2","0.0","$1","$1"
"","626","Efton Chism","15.0","15.0","WR","NE","11","18.06","19.1","22.0","20.1","82.4","36.9","0.0","$1","$1"
"","627","Devin Culp","15.0","15.0","TE","TB","10","51.11","24.2","14.0","26.9","121.1","52.1","0.0","$1","$1"
"","628","Anthony Gould","15.0","15.0","WR","IND","13","42.12","17.3","13.0","19.2","74.9","34.1","0.0","$1","$1"
"","629","Tip Reiman","15.0","15.0","TE","ARI","14","48.12","21.4","19.0","23.8","119.0","49.3","0.0","$1","$1"
"","630","Aaron Anderson","15.0","15.0","WR","CLE","11","64.15","13.1","23.0","14.6","81.0","32.4","0.0","$1","$1"
"","631","Jared Wiley","15.0","15.0","TE","KC","5","57.06","23.6","20.0","24.8","111.6","48.3","0.0","$1","$1"
"","632","Will Mallory","15.0","15.0","TE","IND","13","47.02","21.2","22.0","23.5","115.2","48.1","0.0","$1","$1"
"","633","John Bates","15.0","15.0","TE","WAS","7","39.10","23.0","37.0","25.5","109.7","48.0","0.0","$1","$1"
"","634","Vinny Anthony II","15.0","15.0","WR","ATL","11","64.15","13.2","0.0","14.7","74.2","30.7","0.0","$1","$1"
"","635","Thomas Fidone II","15.0","15.0","TE","NYG","8","49.05","16.2","32.0","18.0","126.0","47.1","0.0","$1","$1"
"","636","Jake Briningstool","15.0","15.0","TE","KC","5","64.15","15.9","6.0","17.7","123.9","46.3","0.0","$1","$1"
"","637","Jack Endries","15.0","15.0","TE","CIN","6","43.10","23.4","29.0","27.5","96.3","45.5","0.0","$1","$1"
"","638","Michael Trigg","15.0","15.0","TE","DAL","14","18.05","21.4","28.0","26.8","93.8","44.1","0.0","$1","$1"
"","639","Bauer Sharp","15.0","15.0","TE","TB","10","41.12","19.8","6.0","22.3","100.4","43.2","0.0","$1","$1"
"","640","Charlie Woerner","15.0","15.0","TE","ATL","11","28.12","21.2","23.0","23.5","94.0","42.3","0.0","$1","$1"
"","641","Seydou Traore","15.0","15.0","TE","MIA","6","34.01","16.3","22.0","19.2","96.0","39.6","0.0","$1","$1"
"","642","Payne Durham","15.0","15.0","TE","TB","10","23.06","19.5","17.0","20.1","88.4","38.6","0.0","$1","$1"
"","643","Dallen Bentley","15.0","15.0","TE","DEN","10","50.06","17.1","6.0","20.1","86.4","37.6","0.0","$1","$1"
"","644","Jeremy Ruckert","15.0","15.0","TE","NYJ","13","21.11","20.7","24.0","21.8","76.3","36.5","0.0","$1","$1"
"","645","Hunter Long","15.0","15.0","TE","JAC","7","49.02","15.1","21.0","16.8","87.4","35.8","0.0","$1","$1"
"","646","RJ Maryland","15.0","15.0","TE","GB","11","64.15","15.7","0.0","18.5","83.3","35.7","0.0","$1","$1"
"","647","John Michael Gyllenborg","15.0","15.0","TE","KC","5","64.15","15.6","23.0","18.4","82.8","35.5","0.0","$1","$1"
"","648","Johnny Mundt","15.0","15.0","TE","PHI","10","56.16","19.0","10.0","22.3","71.4","35.1","0.0","$1","$1"
"","649","Carsen Ryan","15.0","15.0","TE","CLE","11","32.13","14.0","6.0","17.5","78.8","33.6","0.0","$1","$1"
"","650","Max Tomczak","15.0","15.0","WR","BUF","7","64.15","5.7","0.0","6.3","31.5","13.1","0.0","$1","$1"
"","651","Tyrell Shavers","15.0","15.0","WR","BUF","7","44.16","6.0","19.0","6.3","30.9","13.0","0.0","$1","$1"
"","652","Tyren Montgomery","15.0","15.0","WR","TEN","9","64.15","5.7","0.0","6.3","30.2","12.7","0.0","$1","$1"
"","653","Noah Thomas","15.0","15.0","WR","CIN","6","64.15","5.7","35.0","6.3","29.9","12.6","0.0","$1","$1"
"","654","Grant Calcaterra","15.0","15.0","TE","PHI","10","19.02","20.7","24.0","23.5","58.8","32.6","0.0","$1","$1"
"","655","Caullin Lacy","15.0","15.0","WR","NYJ","13","64.15","5.7","0.0","6.3","23.9","11.0","0.0","$1","$1"
"","656","Chris Hilton Jr.","15.0","15.0","WR","WAS","7","64.15","5.7","0.0","6.3","23.9","11.0","0.0","$1","$1"
"","657","Jaren Kanak","15.0","15.0","TE","TEN","9","24.04","14.7","24.0","17.3","69.2","31.0","0.0","$1","$1"
"","658","Kendrick Law","15.0","15.0","WR","DET","6","40.09","5.5","6.0","6.3","22.4","10.6","0.0","$1","$1"
"","659","Mo Alie-Cox","15.0","15.0","TE","IND","13","46.07","28.2","25.0","28.2","28.2","28.2","0.0","$1","$1"
"","660","Skyy Moore","15.0","15.0","WR","GB","11","20.14","0.0","8.0","6.3","8.8","7.1","0.0","$1","$1"
"","661","Dareke Young","15.0","15.0","WR","LVR","13","49.10","0.0","9.0","6.3","8.2","6.9","0.0","$1","$1"
"","662","Xavier Smith","15.0","15.0","WR","LAR","11","20.05","0.0","22.0","6.3","8.2","6.9","0.0","$1","$1"
"","663","Braxton Berrios","15.0","15.0","WR","NYG","8","22.14","0.0","6.0","6.3","7.7","6.8","0.0","$1","$1"
"","664","Britain Covey","15.0","15.0","WR","PHI","10","35.09","0.0","7.0","6.3","7.7","6.8","0.0","$1","$1"
"","665","Chase Roberts","15.0","15.0","WR","LVR","13","64.15","6.3","9.0","6.3","6.3","6.3","0.0","$1","$1"
"","666","Jalen Walthall","15.0","15.0","WR","HOU","8","64.15","6.3","0.0","6.3","6.3","6.3","0.0","$1","$1"
"","667","Donaven McCulley","15.0","15.0","WR","MIA","6","64.15","6.3","0.0","6.3","6.3","6.3","0.0","$1","$1"
"","668","Gage Larvadain","15.0","15.0","WR","CLE","11","38.10","6.3","7.0","6.3","6.3","6.3","0.0","$1","$1"
"","669","Nikko Remigio","15.0","15.0","WR","KC","5","45.06","1.6","9.0","6.3","8.8","6.1","0.0","$1","$1"
"","670","Kameron Johnson","15.0","15.0","WR","TB","10","27.08","0.6","11.0","6.3","8.8","6.0","0.0","$1","$1"
"","671","LaJohntay Wester","15.0","15.0","WR","BAL","13","27.15","0.6","8.0","6.3","8.8","6.0","0.0","$1","$1"
"","672","Myles Price","15.0","15.0","WR","MIN","6","51.04","1.9","7.0","6.3","8.2","6.0","0.0","$1","$1"
"","673","Devin Duvernay","15.0","15.0","WR","ARI","14","46.09","0.6","9.0","6.3","8.2","5.8","0.0","$1","$1"
"","674","Brandin Cooks","15.0","15.0","WR","BUF","7","46.16","0.0","19.0","0.0","0.0","0.0","0.0","$1","$1"
"","675","Robert Woods","15.0","15.0","WR","UNS","18","55.02","0.0","0.0","0.0","0.0","0.0","0.0","$1","$1"
"","676","Adam Thielen","15.0","15.0","WR","UNS","18","56.02","0.0","0.0","0.0","0.0","0.0","0.0","$1","$1"
"","677","Robbie Chosen","15.0","15.0","WR","UNS","18","47.16","0.0","0.0","0.0","0.0","0.0","0.0","$1","$1"
"","678","Zay Jones","15.0","15.0","WR","UNS","18","34.04","0.0","0.0","0.0","0.0","0.0","0.0","$1","$1"
"","679","Josh Reynolds","15.0","15.0","WR","UNS","18","46.05","0.0","3.0","0.0","0.0","0.0","0.0","$1","$1"
"","680","Alex Erickson","15.0","15.0","WR","LAC","7","55.13","0.0","0.0","0.0","0.0","0.0","0.0","$1","$1"
"","681","Tyler Boyd","15.0","15.0","WR","UNS","18","42.09","0.0","0.0","0.0","0.0","0.0","0.0","$1","$1"
"","682","Jamison Crowder","15.0","15.0","WR","WAS","7","47.06","0.0","0.0","0.0","0.0","0.0","0.0","$1","$1"
"","683","Nelson Agholor","15.0","15.0","WR","UNS","18","55.15","0.0","0.0","0.0","0.0","0.0","0.0","$1","$1"
"","684","Allen Robinson","15.0","15.0","WR","DET","6","56.15","0.0","0.0","0.0","0.0","0.0","0.0","$1","$1"
"","685","Diontae Johnson","15.0","15.0","WR","UNS","18","49.12","0.0","0.0","0.0","0.0","0.0","0.0","$1","$1"
"","686","Lil'Jordan Humphrey","15.0","15.0","WR","DEN","10","17.05","0.0","12.0","0.0","0.0","0.0","0.0","$1","$1"
"","687","Stanley Morgan","15.0","15.0","WR","CIN","6","64.15","0.0","0.0","0.0","0.0","0.0","0.0","$1","$1"
"","688","Scott 'Scotty' Miller","15.0","15.0","WR","UNS","18","17.16","0.0","0.0","0.0","0.0","0.0","0.0","$1","$1"
"","689","Justin Watson","15.0","15.0","WR","HOU","8","33.06","0.0","5.0","0.0","0.0","0.0","0.0","$1","$1"
"","690","Ray-Ray McCloud","15.0","15.0","WR","NYG","8","50.11","0.0","0.0","0.0","0.0","0.0","0.0","$1","$1"
"","691","Zach Pascal","15.0","15.0","WR","UNS","18","56.12","0.0","0.0","0.0","0.0","0.0","0.0","$1","$1"
"","692","Trent Sherfield","15.0","15.0","WR","BUF","7","38.09","0.0","3.0","0.0","0.0","0.0","0.0","$1","$1"
"","693","Hakeem Butler","15.0","15.0","WR","CIN","6","64.15","0.0","0.0","0.0","0.0","0.0","0.0","$1","$1"
"","694","Cedrick 'Ced' Wilson","15.0","15.0","WR","MIA","6","26.11","0.0","0.0","0.0","0.0","0.0","0.0","$1","$1"
"","695","Dante Pettis","15.0","15.0","WR","NO","8","34.03","0.0","3.0","0.0","0.0","0.0","0.0","$1","$1"
"","696","Allen Lazard","15.0","15.0","WR","UNS","18","24.14","0.0","3.0","0.0","0.0","0.0","0.0","$1","$1"
"","697","Tre'Quan Smith","15.0","15.0","WR","DET","6","64.15","0.0","0.0","0.0","0.0","0.0","0.0","$1","$1"
"","698","D.J. Chark Jr.","15.0","15.0","WR","UNS","18","36.08","0.0","0.0","0.0","0.0","0.0","0.0","$1","$1"
"","699","Equanimeous St. Brown","15.0","15.0","WR","SF","8","46.06","0.0","0.0","0.0","0.0","0.0","0.0","$1","$1"
"","700","Michael Gallup","15.0","15.0","WR","UNS","18","64.15","0.0","0.0","0.0","0.0","0.0","0.0","$1","$1"
"","701","Anthony Miller","15.0","15.0","WR","BAL","13","30.07","0.0","0.0","0.0","0.0","0.0","0.0","$1","$1"
"","702","David Moore","15.0","15.0","WR","CAR","5","56.10","0.0","3.0","0.0","0.0","0.0","0.0","$1","$1"
"","703","Velus Jones","15.0","15.0","RB","NO","8","52.11","0.0","0.0","0.0","0.0","0.0","0.0","$1","$1"
"","704","Danny Gray","15.0","15.0","WR","UNS","18","40.12","0.0","0.0","0.0","0.0","0.0","0.0","$1","$1"
"","705","Erik Ezukanma","15.0","15.0","WR","UNS","18","43.15","0.0","0.0","0.0","0.0","0.0","0.0","$1","$1"
"","706","Kyle Philips","15.0","15.0","WR","LVR","13","64.15","0.0","0.0","0.0","0.0","0.0","0.0","$1","$1"
"","707","Irvin Charles","15.0","15.0","WR","NYJ","13","40.07","0.0","0.0","0.0","0.0","0.0","0.0","$1","$1"
"","708","Brandon Johnson","15.0","15.0","WR","UNS","18","48.14","0.0","0.0","0.0","0.0","0.0","0.0","$1","$1"
"","709","Chris Moore","15.0","15.0","WR","UNS","18","56.07","0.0","3.0","0.0","0.0","0.0","0.0","$1","$1"
"","710","Samori Toure","15.0","15.0","WR","UNS","18","22.02","0.0","0.0","0.0","0.0","0.0","0.0","$1","$1"
"","711","Bo Melton","15.0","15.0","CB","GB","11","64.15","0.0","19.0","0.0","0.0","0.0","0.0","$1","$1"
"","712","Trey Palmer","15.0","15.0","WR","NO","8","17.07","0.0","0.0","0.0","0.0","0.0","0.0","$1","$1"
"","713","Justin Shorter","15.0","15.0","WR","UNS","18","52.16","0.0","0.0","0.0","0.0","0.0","0.0","$1","$1"
"","714","Ronnie Bell","15.0","15.0","WR","NO","8","40.05","0.0","0.0","0.0","0.0","0.0","0.0","$1","$1"
"","715","Jalen Moreno-Cropper","15.0","15.0","WR","UNS","18","39.03","0.0","0.0","0.0","0.0","0.0","0.0","$1","$1"
"","716","Jake Bobo","15.0","15.0","WR","SEA","11","19.03","0.0","3.0","0.0","0.0","0.0","0.0","$1","$1"
"","717","Tyler Scott","15.0","15.0","WR","LAR","11","38.11","0.0","0.0","0.0","0.0","0.0","0.0","$1","$1"
"","718","Rakim Jarrett","15.0","15.0","WR","UNS","18","52.14","0.0","0.0","0.0","0.0","0.0","0.0","$1","$1"
"","719","A.T. Perry","15.0","15.0","WR","UNS","18","18.15","0.0","0.0","0.0","0.0","0.0","0.0","$1","$1"
"","720","Kadarius Toney","15.0","15.0","WR","UNS","18","53.05","0.0","0.0","0.0","0.0","0.0","0.0","$1","$1"
"","721","Terrace Marshall","15.0","15.0","WR","MIA","6","19.08","0.0","0.0","0.0","0.0","0.0","0.0","$1","$1"
"","722","Elijah Moore","15.0","15.0","WR","PHI","10","43.14","0.0","0.0","0.0","0.0","0.0","0.0","$1","$1"
"","723","Tylan Wallace","15.0","15.0","WR","CLE","11","20.11","0.0","7.0","0.0","0.0","0.0","0.0","$1","$1"
"","724","D'Wayne 'Dee' Eskridge","15.0","15.0","WR","MIA","6","45.09","0.0","3.0","0.0","0.0","0.0","0.0","$1","$1"
"","725","Simi Fehoko","15.0","15.0","WR","ARI","14","37.04","0.0","0.0","0.0","0.0","0.0","0.0","$1","$1"
"","726","Ihmir Smith-Marsette","15.0","15.0","WR","UNS","18","31.01","0.0","0.0","0.0","0.0","0.0","0.0","$1","$1"
"","727","Frank Darby","15.0","15.0","WR","ATL","11","64.15","0.0","0.0","0.0","0.0","0.0","0.0","$1","$1"
"","728","Mike Strachan","15.0","15.0","WR","CAR","5","64.15","0.0","0.0","0.0","0.0","0.0","0.0","$1","$1"
"","729","Justyn Ross","15.0","15.0","WR","UNS","18","44.05","0.0","0.0","0.0","0.0","0.0","0.0","$1","$1"
"","730","DeAndre Carter","15.0","15.0","WR","CLE","11","42.01","0.0","0.0","0.0","0.0","0.0","0.0","$1","$1"
"","731","Brandon Powell","15.0","15.0","WR","MIN","6","45.11","0.0","0.0","0.0","0.0","0.0","0.0","$1","$1"
"","732","Tim Jones","15.0","15.0","WR","MIN","6","41.15","0.0","0.0","0.0","0.0","0.0","0.0","$1","$1"
"","733","Trenton Irwin","15.0","15.0","WR","UNS","18","53.12","0.0","0.0","0.0","0.0","0.0","0.0","$1","$1"
"","734","D.J. Montgomery","15.0","15.0","WR","IND","13","40.04","0.0","0.0","0.0","0.0","0.0","0.0","$1","$1"
"","735","Ben Skowronek","15.0","15.0","WR","PIT","9","30.09","0.0","7.0","0.0","0.0","0.0","0.0","$1","$1"
"","736","Austin Watkins Jr.","15.0","15.0","WR","CLE","11","64.15","0.0","0.0","0.0","0.0","0.0","0.0","$1","$1"
"","737","Austin Trammell","15.0","15.0","WR","JAC","7","21.13","0.0","0.0","0.0","0.0","0.0","0.0","$1","$1"
"","738","Kristian Wilkerson","15.0","15.0","WR","UNS","18","48.11","0.0","0.0","0.0","0.0","0.0","0.0","$1","$1"
"","739","KhaDarel Hodge","15.0","15.0","WR","ATL","11","47.09","0.0","0.0","0.0","0.0","0.0","0.0","$1","$1"
"","740","Deonte Harty","15.0","15.0","WR","BAL","13","43.05","0.0","0.0","0.0","0.0","0.0","0.0","$1","$1"
"","741","Cam Sims","15.0","15.0","WR","LVR","13","64.15","0.0","0.0","0.0","0.0","0.0","0.0","$1","$1"
"","742","Jalen Guyton","15.0","15.0","WR","LVR","13","64.15","0.0","0.0","0.0","0.0","0.0","0.0","$1","$1"
"","743","Malik Taylor","15.0","15.0","WR","UNS","18","64.15","0.0","0.0","0.0","0.0","0.0","0.0","$1","$1"
"","744","Jamal Agnew","15.0","15.0","WR","ATL","11","43.01","0.0","0.0","0.0","0.0","0.0","0.0","$1","$1"
"","745","Tyron Johnson","15.0","15.0","WR","SF","8","64.15","0.0","0.0","0.0","0.0","0.0","0.0","$1","$1"
"","746","Tyler Johnson","15.0","15.0","WR","NYJ","13","56.06","0.0","3.0","0.0","0.0","0.0","0.0","$1","$1"
"","747","Lynn Bowden","15.0","15.0","WR","UNS","18","64.15","0.0","0.0","0.0","0.0","0.0","0.0","$1","$1"
"","748","Laviska Shenault","15.0","15.0","WR","UNS","18","41.06","0.0","0.0","0.0","0.0","0.0","0.0","$1","$1"
"","749","K.J. Hamler","15.0","15.0","WR","UNS","18","64.15","0.0","0.0","0.0","0.0","0.0","0.0","$1","$1"
"","750","James Proche","15.0","15.0","WR","TEN","9","47.10","0.0","1.0","0.0","0.0","0.0","0.0","$1","$1"
"","751","Gabriel 'Gabe' Davis","15.0","15.0","WR","BUF","7","44.02","0.0","0.0","0.0","0.0","0.0","0.0","$1","$1"
"","752","Isaiah Hodgins","15.0","15.0","WR","NYG","8","52.02","0.0","8.0","0.0","0.0","0.0","0.0","$1","$1"
"","753","Marquez Callaway","15.0","15.0","WR","UNS","18","37.07","0.0","0.0","0.0","0.0","0.0","0.0","$1","$1"
"","754","Jalen Reagor","15.0","15.0","WR","UNS","18","28.05","0.0","0.0","0.0","0.0","0.0","0.0","$1","$1"
"","755","Chase Claypool","15.0","15.0","WR","UNS","18","64.15","0.0","0.0","0.0","0.0","0.0","0.0","$1","$1"
"","756","Donovan Peoples-Jones","15.0","15.0","WR","UNS","18","64.15","0.0","0.0","0.0","0.0","0.0","0.0","$1","$1"
"","757","Lideatrick Griffin","15.0","15.0","WR","GB","11","64.15","0.0","0.0","0.0","0.0","0.0","0.0","$1","$1"
"","758","Jared Wayne","15.0","15.0","WR","UNS","18","50.01","0.0","0.0","0.0","0.0","0.0","0.0","$1","$1"
"","759","Nick Nash","15.0","15.0","WR","UNS","18","52.04","0.0","0.0","0.0","0.0","0.0","0.0","$1","$1"
"","760","Ricky White","15.0","15.0","WR","SEA","11","40.08","0.0","1.0","0.0","0.0","0.0","0.0","$1","$1"
"","761","Daniel Jackson","15.0","15.0","WR","HOU","8","64.15","0.0","0.0","0.0","0.0","0.0","0.0","$1","$1"
"","762","Josh Kelly","15.0","15.0","WR","DAL","14","64.15","0.0","0.0","0.0","0.0","0.0","0.0","$1","$1"
"","763","Traeshon Holden","15.0","15.0","WR","DAL","14","64.15","0.0","0.0","0.0","0.0","0.0","0.0","$1","$1"
"","764","Roc Taylor","15.0","15.0","WR","PIT","9","64.15","0.0","0.0","0.0","0.0","0.0","0.0","$1","$1"
"","765","Isaiah Neyor","15.0","15.0","WR","GB","11","46.01","0.0","0.0","0.0","0.0","0.0","0.0","$1","$1"
"","766","Ja'Corey Brooks","15.0","15.0","WR","WAS","7","22.10","0.0","0.0","0.0","0.0","0.0","0.0","$1","$1"
"","767","Samuel Brown","15.0","15.0","WR","RK","18","64.15","0.0","0.0","0.0","0.0","0.0","0.0","$1","$1"
"","768","Elijhah Badger","15.0","15.0","WR","UNS","18","64.15","0.0","0.0","0.0","0.0","0.0","0.0","$1","$1"
"","769","Jacolby George","15.0","15.0","WR","CAR","5","64.15","0.0","0.0","0.0","0.0","0.0","0.0","$1","$1"
"","770","Beaux Collins","15.0","15.0","WR","NYG","8","54.03","0.0","0.0","0.0","0.0","0.0","0.0","$1","$1"
"","771","Andrew Armstrong","15.0","15.0","WR","UNS","18","64.15","0.0","0.0","0.0","0.0","0.0","0.0","$1","$1"
"","772","Junior Bergen","15.0","15.0","WR","SF","8","31.03","0.0","0.0","0.0","0.0","0.0","0.0","$1","$1"
"","773","Cole Burgess","15.0","15.0","WR","CIN","6","64.15","0.0","0.0","0.0","0.0","0.0","0.0","$1","$1"
"","774","Will Sheppard","15.0","15.0","WR","TB","10","64.15","0.0","0.0","0.0","0.0","0.0","0.0","$1","$1"
"","775","Brycen Tremayne","15.0","15.0","WR","CAR","5","49.01","0.0","0.0","0.0","0.0","0.0","0.0","$1","$1"
"","776","Gunner Olszewski","15.0","15.0","WR","NYG","8","20.16","0.0","0.0","0.0","0.0","0.0","0.0","$1","$1"
"","777","Xavier Johnson","15.0","15.0","WR","HOU","8","64.15","0.0","0.0","0.0","0.0","0.0","0.0","$1","$1"
"","778","Tejhaun Palmer","15.0","15.0","WR","ARI","14","40.11","0.0","0.0","0.0","0.0","0.0","0.0","$1","$1"
"","779","Terique Owens","15.0","15.0","WR","SF","8","64.15","0.0","0.0","0.0","0.0","0.0","0.0","$1","$1"
"","780","Dane Key","15.0","15.0","WR","DEN","10","64.15","0.0","3.0","0.0","0.0","0.0","0.0","$1","$1"
"","781","Will Pauling","15.0","15.0","WR","SF","8","64.15","0.0","0.0","0.0","0.0","0.0","0.0","$1","$1"
"","782","Jahdae Walker","15.0","15.0","WR","CHI","10","15.15","0.0","38.0","0.0","0.0","0.0","0.0","$1","$1"
"","783","Dillon Bell","15.0","15.0","WR","MIN","6","64.15","0.0","0.0","0.0","0.0","0.0","0.0","$1","$1"
"","784","Tom Kennedy","15.0","15.0","WR","DET","6","33.01","0.0","0.0","0.0","0.0","0.0","0.0","$1","$1"
"","785","Dylan Drummond","15.0","15.0","WR","ATL","11","21.14","0.0","0.0","0.0","0.0","0.0","0.0","$1","$1"
"","786","Mason Kinsey","15.0","15.0","WR","TEN","9","43.12","0.0","0.0","0.0","0.0","0.0","0.0","$1","$1"
"","787","Andre Baccellia","15.0","15.0","WR","UNS","18","26.13","0.0","0.0","0.0","0.0","0.0","0.0","$1","$1"
"","788","Cody White","15.0","15.0","WR","SEA","11","29.02","0.0","0.0","0.0","0.0","0.0","0.0","$1","$1"
"","789","Bryce Ford-Wheaton","15.0","15.0","WR","NYG","8","33.15","0.0","0.0","0.0","0.0","0.0","0.0","$1","$1"
"","790","Kwamie Lassiter II","15.0","15.0","WR","CIN","6","64.15","0.0","0.0","0.0","0.0","0.0","0.0","$1","$1"
"","791","Dax Milne","15.0","15.0","WR","UNS","18","64.15","0.0","0.0","0.0","0.0","0.0","0.0","$1","$1"
"","792","Steven Sims","15.0","15.0","WR","SEA","11","44.10","0.0","0.0","0.0","0.0","0.0","0.0","$1","$1"
"","793","Jha'Quan Jackson","15.0","15.0","WR","UNS","18","43.06","0.0","0.0","0.0","0.0","0.0","0.0","$1","$1"
"","794","DJ Turner","15.0","15.0","WR","LVR","13","40.16","0.0","0.0","0.0","0.0","0.0","0.0","$1","$1"
"","795","Xavier Weaver","15.0","15.0","WR","ARI","14","30.12","0.0","0.0","0.0","0.0","0.0","0.0","$1","$1"
"","796","Bryce Oliver","15.0","15.0","WR","TEN","9","46.04","0.0","3.0","0.0","0.0","0.0","0.0","$1","$1"
"","797","Jalen Virgil","15.0","15.0","WR","UNS","18","43.04","0.0","0.0","0.0","0.0","0.0","0.0","$1","$1"
"","798","Ramel Keyton","15.0","15.0","WR","LVR","13","37.13","0.0","0.0","0.0","0.0","0.0","0.0","$1","$1"
"","799","Ryan Miller","15.0","15.0","WR","TB","10","52.13","0.0","0.0","0.0","0.0","0.0","0.0","$1","$1"
"","800","Alex Bachman","15.0","15.0","WR","LVR","13","26.09","0.0","0.0","0.0","0.0","0.0","0.0","$1","$1"
"","801","Grant DuBose","15.0","15.0","WR","MIA","6","54.11","0.0","0.0","0.0","0.0","0.0","0.0","$1","$1"
"","802","Makai Polk","15.0","15.0","WR","UNS","18","64.15","0.0","0.0","0.0","0.0","0.0","0.0","$1","$1"
"","803","Cade Johnson","15.0","15.0","WR","UNS","18","64.15","0.0","0.0","0.0","0.0","0.0","0.0","$1","$1"
"","804","Seth Williams","15.0","15.0","WR","JAC","7","64.15","0.0","0.0","0.0","0.0","0.0","0.0","$1","$1"
"","805","Dez Fitzpatrick","15.0","15.0","WR","UNS","18","31.07","0.0","0.0","0.0","0.0","0.0","0.0","$1","$1"
"","806","Michael Woods II","15.0","15.0","WR","CLE","11","27.06","0.0","0.0","0.0","0.0","0.0","0.0","$1","$1"
"","807","Da'Quan Felton","15.0","15.0","WR","NYG","8","64.15","0.0","0.0","0.0","0.0","0.0","0.0","$1","$1"
"","808","Antwane Wells Jr.","15.0","15.0","WR","NYG","8","64.15","0.0","0.0","0.0","0.0","0.0","0.0","$1","$1"
"","809","Kaden Prather","15.0","15.0","WR","BUF","7","22.11","0.0","0.0","0.0","0.0","0.0","0.0","$1","$1"
"","810","Kobe Hudson","15.0","15.0","WR","CAR","5","64.15","0.0","0.0","0.0","0.0","0.0","0.0","$1","$1"
"","811","Jermaine Burton","15.0","15.0","WR","UNS","18","39.02","0.0","11.0","0.0","0.0","0.0","0.0","$1","$1"
"","812","Brenden Rice","15.0","15.0","WR","GB","11","24.12","0.0","0.0","0.0","0.0","0.0","0.0","$1","$1"
"","813","Jamari Thrash","15.0","15.0","WR","UNS","18","50.10","0.0","0.0","0.0","0.0","0.0","0.0","$1","$1"
"","814","Ainias Smith","15.0","15.0","WR","UNS","18","49.07","0.0","0.0","0.0","0.0","0.0","0.0","$1","$1"
"","815","Javon Baker","15.0","15.0","WR","UNS","18","34.12","0.0","0.0","0.0","0.0","0.0","0.0","$1","$1"
"","816","Marcus Rosemy-Jacksaint","15.0","15.0","WR","UNS","18","64.15","0.0","0.0","0.0","0.0","0.0","0.0","$1","$1"
"","817","Cornelius Johnson","15.0","15.0","WR","GB","11","57.02","0.0","0.0","0.0","0.0","0.0","0.0","$1","$1"
"","818","Joshua Cephus","15.0","15.0","WR","UNS","18","24.16","0.0","0.0","0.0","0.0","0.0","0.0","$1","$1"
"","819","Antoine Green","15.0","15.0","WR","DET","6","50.12","0.0","0.0","0.0","0.0","0.0","0.0","$1","$1"
"","820","Kirk Merritt","15.0","15.0","WR","UNS","18","64.15","0.0","0.0","0.0","0.0","0.0","0.0","$1","$1"
"","821","Colton Dowell","15.0","15.0","WR","TEN","9","54.15","0.0","0.0","0.0","0.0","0.0","0.0","$1","$1"
"","822","Xavier Gipson","15.0","15.0","WR","NYG","8","26.03","0.0","0.0","0.0","0.0","0.0","0.0","$1","$1"
"","823","Jalen Brooks","15.0","15.0","WR","ARI","14","29.11","0.0","3.0","0.0","0.0","0.0","0.0","$1","$1"
"","824","Malik Heath","15.0","15.0","WR","UNS","18","40.03","0.0","0.0","0.0","0.0","0.0","0.0","$1","$1"
"","825","Jason Brownlee","15.0","15.0","WR","NYJ","13","45.02","0.0","0.0","0.0","0.0","0.0","0.0","$1","$1"
"","826","Andrew 'Drew' Ogletree","15.0","15.0","TE","IND","13","34.15","22.1","12.0","22.1","22.1","22.1","0.0","$1","$1"
"","827","J.J. McCarthy","15.0","6.0","QB","MIN","6","14.14","30.8","15.0","31.4","125.6","57.0","0.0","$2","$1"
"","828","Durham Smythe","15.0","15.0","TE","BAL","13","20.04","17.7","24.0","17.7","17.7","17.7","0.0","$1","$1"
"","829","Ty Simpson","15.0","7.0","QB","LAR","11","14.12","25.0","14.0","27.8","91.7","44.7","0.0","$1","$1"
"","830","Julian Hill","15.0","15.0","TE","NE","11","16.10","5.3","12.0","5.6","19.0","9.2","0.0","$1","$1"
"","831","Max Bredeson","15.0","15.0","TE","MIN","6","35.12","9.0","9.0","9.0","9.0","9.0","0.0","$1","$1"
"","832","Lake McRee","15.0","15.0","TE","PIT","9","64.15","4.8","0.0","5.6","15.1","8.1","0.0","$1","$1"
"","833","Cade Klubnik","15.0","7.0","QB","NYJ","13","32.05","23.8","18.0","26.4","79.2","40.3","0.0","$1","$1"
"","834","Jordan Matthews","15.0","15.0","TE","UNS","18","56.14","0.0","0.0","0.0","0.0","0.0","0.0","$1","$1"
"","835","Zach Ertz","15.0","15.0","TE","UNS","18","31.15","0.0","22.0","0.0","0.0","0.0","0.0","$1","$1"
"","836","Gerald Everett","15.0","15.0","TE","UNS","18","50.05","0.0","0.0","0.0","0.0","0.0","0.0","$1","$1"
"","837","Geoff Swaim","15.0","15.0","TE","UNS","18","54.01","0.0","0.0","0.0","0.0","0.0","0.0","$1","$1"
"","838","C.J. Uzomah","15.0","15.0","TE","UNS","18","45.10","0.0","0.0","0.0","0.0","0.0","0.0","$1","$1"
"","839","Tyler Kroft","15.0","15.0","TE","MIA","6","64.15","0.0","0.0","0.0","0.0","0.0","0.0","$1","$1"
"","840","Irv Smith","15.0","15.0","TE","HOU","8","36.01","0.0","0.0","0.0","0.0","0.0","0.0","$1","$1"
"","841","Foster Moreau","15.0","15.0","TE","HOU","8","55.11","0.0","25.0","0.0","0.0","0.0","0.0","$1","$1"
"","842","Donald Parham","15.0","15.0","TE","PIT","9","28.09","0.0","0.0","0.0","0.0","0.0","0.0","$1","$1"
"","843","Blake Bell","15.0","15.0","TE","KC","5","64.15","0.0","0.0","0.0","0.0","0.0","0.0","$1","$1"
"","844","Ross Dwelley","15.0","15.0","TE","UNS","18","53.04","0.0","0.0","0.0","0.0","0.0","0.0","$1","$1"
"","845","Robert Tonyan","15.0","15.0","TE","KC","5","55.12","0.0","1.0","0.0","0.0","0.0","0.0","$1","$1"
"","846","Ian Thomas","15.0","15.0","TE","LVR","13","47.15","0.0","10.0","0.0","0.0","0.0","0.0","$1","$1"
"","847","Anthony Firkser","15.0","15.0","TE","DET","6","35.10","0.0","28.0","0.0","0.0","0.0","0.0","$1","$1"
"","848","Jordan Akins","15.0","15.0","TE","UNS","18","52.09","0.0","0.0","0.0","0.0","0.0","0.0","$1","$1"
"","849","Jelani Woods","15.0","15.0","TE","UNS","18","43.09","0.0","0.0","0.0","0.0","0.0","0.0","$1","$1"
"","850","Cole Turner","15.0","15.0","TE","UNS","18","39.01","0.0","8.0","0.0","0.0","0.0","0.0","$1","$1"
"","851","Teagan Quitoriano","15.0","15.0","TE","ARI","14","40.14","0.0","29.0","0.0","0.0","0.0","0.0","$1","$1"
"","852","James Mitchell","15.0","15.0","TE","UNS","18","41.13","0.0","20.0","0.0","0.0","0.0","0.0","$1","$1"
"","853","Connor Heyward","15.0","15.0","TE","LVR","13","58.14","0.0","22.0","0.0","0.0","0.0","0.0","$1","$1"
"","854","Ko Kieft","15.0","15.0","TE","TB","10","35.07","0.0","1.0","0.0","0.0","0.0","0.0","$1","$1"
"","855","Lucas Krull","15.0","15.0","TE","DEN","10","44.12","0.0","11.0","0.0","0.0","0.0","0.0","$1","$1"
"","856","Stone Smartt","15.0","15.0","TE","PHI","10","53.08","0.0","5.0","0.0","0.0","0.0","0.0","$1","$1"
"","857","Peyton Hendershot","15.0","15.0","TE","UNS","18","48.02","0.0","0.0","0.0","0.0","0.0","0.0","$1","$1"
"","858","Josh Whyle","15.0","15.0","TE","GB","11","34.02","0.0","12.0","0.0","0.0","0.0","0.0","$1","$1"
"","859","Kylen Granson","15.0","15.0","TE","TEN","9","36.12","0.0","8.0","0.0","0.0","0.0","0.0","$1","$1"
"","860","Tyler Davis","15.0","15.0","TE","GB","11","64.15","0.0","0.0","0.0","0.0","0.0","0.0","$1","$1"
"","861","Quintin Morris","15.0","15.0","TE","JAC","7","36.16","0.0","2.0","0.0","0.0","0.0","0.0","$1","$1"
"","862","Mitchell Wilcox","15.0","15.0","TE","NE","11","39.13","0.0","0.0","0.0","0.0","0.0","0.0","$1","$1"
"","863","Lawrence Cager","15.0","15.0","TE","UNS","18","44.08","0.0","0.0","0.0","0.0","0.0","0.0","$1","$1"
"","864","Eric Saubert","15.0","15.0","TE","SEA","11","57.16","0.0","8.0","0.0","0.0","0.0","0.0","$1","$1"
"","865","Jack Stoll","15.0","15.0","TE","CLE","11","46.02","0.0","2.0","0.0","0.0","0.0","0.0","$1","$1"
"","866","Stephen Sullivan","15.0","15.0","TE","CAR","5","51.02","0.0","0.0","0.0","0.0","0.0","0.0","$1","$1"
"","867","Pharaoh Brown","15.0","15.0","TE","UNS","18","55.06","0.0","0.0","0.0","0.0","0.0","0.0","$1","$1"
"","868","Brevin Jordan","15.0","15.0","TE","HOU","8","45.08","0.0","2.0","0.0","0.0","0.0","0.0","$1","$1"
"","869","Brycen Hopkins","15.0","15.0","TE","LAR","11","64.15","0.0","0.0","0.0","0.0","0.0","0.0","$1","$1"
"","870","Albert Okwuegbunam","15.0","15.0","TE","LVR","13","48.08","0.0","0.0","0.0","0.0","0.0","0.0","$1","$1"
"","871","Josiah Deguara","15.0","15.0","TE","ARI","14","47.12","0.0","0.0","0.0","0.0","0.0","0.0","$1","$1"
"","872","Harrison Bryant","15.0","15.0","TE","SEA","11","44.01","0.0","3.0","0.0","0.0","0.0","0.0","$1","$1"
"","873","Zach Davidson","15.0","15.0","TE","BUF","7","50.04","0.0","0.0","0.0","0.0","0.0","0.0","$1","$1"
"","874","Luke Lachey","15.0","15.0","TE","HOU","8","28.08","0.0","0.0","0.0","0.0","0.0","0.0","$1","$1"
"","875","Benjamin Yurosek","15.0","15.0","TE","MIN","6","27.12","0.0","0.0","0.0","0.0","0.0","0.0","$1","$1"
"","876","Joshua Simon","15.0","15.0","TE","ATL","11","64.15","0.0","0.0","0.0","0.0","0.0","0.0","$1","$1"
"","877","Bryson Nesbit","15.0","15.0","TE","MIN","6","64.15","0.0","0.0","0.0","0.0","0.0","0.0","$1","$1"
"","878","Robbie Ouzts","15.0","15.0","RB","SEA","11","41.09","0.0","0.0","0.0","0.0","0.0","0.0","$1","$1"
"","879","Jalin Conyers","15.0","15.0","TE","MIA","6","64.15","0.0","0.0","0.0","0.0","0.0","0.0","$1","$1"
"","880","Moliki Matavao","15.0","15.0","TE","NO","8","29.10","0.0","9.0","0.0","0.0","0.0","0.0","$1","$1"
"","881","CJ Dippre","15.0","15.0","TE","NE","11","29.16","0.0","0.0","0.0","0.0","0.0","0.0","$1","$1"
"","882","Gavin Bartholomew","15.0","15.0","TE","MIN","6","41.05","0.0","0.0","0.0","0.0","0.0","0.0","$1","$1"
"","883","Caleb Lohner","15.0","15.0","TE","DEN","10","45.16","0.0","0.0","0.0","0.0","0.0","0.0","$1","$1"
"","884","Tanner Conner","15.0","15.0","TE","UNS","18","48.05","0.0","0.0","0.0","0.0","0.0","0.0","$1","$1"
"","885","Tucker Fisk","15.0","15.0","TE","LAC","7","52.05","0.0","0.0","0.0","0.0","0.0","0.0","$1","$1"
"","886","David Martin-Robinson","15.0","15.0","TE","TEN","9","29.12","0.0","0.0","0.0","0.0","0.0","0.0","$1","$1"
"","887","Tanner Arkin","15.0","15.0","TE","NE","11","64.15","0.0","0.0","0.0","0.0","0.0","0.0","$1","$1"
"","888","Cody Hardy","15.0","15.0","TE","NO","8","64.15","0.0","0.0","0.0","0.0","0.0","0.0","$1","$1"
"","889","Dae'Quan Wright","15.0","15.0","TE","PHI","10","64.15","0.0","0.0","0.0","0.0","0.0","0.0","$1","$1"
"","890","Miles Kitselman","15.0","15.0","TE","DET","6","64.15","0.0","0.0","0.0","0.0","0.0","0.0","$1","$1"
"","891","Khalil Dinkins","15.0","15.0","TE","SF","8","64.15","0.0","0.0","0.0","0.0","0.0","0.0","$1","$1"
"","892","Dan Villari","15.0","15.0","TE","LAR","11","64.15","0.0","0.0","0.0","0.0","0.0","0.0","$1","$1"
"","893","Sal Cannella","15.0","15.0","TE","CLE","11","18.04","0.0","0.0","0.0","0.0","0.0","0.0","$1","$1"
"","894","MyCole Pruitt","15.0","15.0","TE","PIT","9","55.01","0.0","0.0","0.0","0.0","0.0","0.0","$1","$1"
"","895","Chris Manhertz","15.0","15.0","TE","NYG","8","56.01","0.0","3.0","0.0","0.0","0.0","0.0","$1","$1"
"","896","Nate Adkins","15.0","15.0","TE","DEN","10","37.09","0.0","12.0","0.0","0.0","0.0","0.0","$1","$1"
"","897","Shane Zylstra","15.0","15.0","TE","DET","6","28.02","0.0","0.0","0.0","0.0","0.0","0.0","$1","$1"
"","898","Nick Vannett","15.0","15.0","TE","UNS","18","55.16","0.0","0.0","0.0","0.0","0.0","0.0","$1","$1"
"","899","Blake Whiteheart","15.0","15.0","TE","CLE","11","33.12","0.0","0.0","0.0","0.0","0.0","0.0","$1","$1"
"","900","E.J. Jenkins","15.0","15.0","TE","PHI","10","51.07","0.0","0.0","0.0","0.0","0.0","0.0","$1","$1"
"","901","Feleipe Franks","15.0","15.0","TE","CAR","5","46.10","0.0","1.0","0.0","0.0","0.0","0.0","$1","$1"
"","902","John FitzPatrick","15.0","15.0","TE","GB","11","49.09","0.0","0.0","0.0","0.0","0.0","0.0","$1","$1"
"","903","Jack Westover","15.0","15.0","TE","NE","11","51.10","0.0","0.0","0.0","0.0","0.0","0.0","$1","$1"
"","904","Briley Moore","15.0","15.0","TE","TEN","9","64.15","0.0","0.0","0.0","0.0","0.0","0.0","$1","$1"
"","905","Kenny Yeboah","15.0","15.0","TE","UNS","18","39.09","0.0","0.0","0.0","0.0","0.0","0.0","$1","$1"
"","906","Tanner McLachlan","15.0","15.0","TE","CIN","6","32.02","0.0","0.0","0.0","0.0","0.0","0.0","$1","$1"
"","907","Jaheim Bell","15.0","15.0","TE","UNS","18","39.12","0.0","26.0","0.0","0.0","0.0","0.0","$1","$1"
"","908","Cameron Latu","15.0","15.0","TE","UNS","18","32.11","0.0","2.0","0.0","0.0","0.0","0.0","$1","$1"
"","909","Taylen Green","15.0","8.0","QB","CLE","11","21.15","11.3","31.0","13.3","46.6","22.0","0.0","$1","$1"
"","910","Drew Allar","15.0","8.0","QB","PIT","9","17.14","12.3","8.0","13.7","42.5","21.3","0.0","$1","$1"
"","911","Dillon Gabriel","15.0","8.0","QB","CLE","11","31.08","11.4","13.0","12.7","40.6","20.1","0.0","$1","$1"
"","912","Zach Wilson","15.0","9.0","QB","NO","8","30.14","0.0","0.0","0.0","0.0","0.0","0.0","$1","$1"
"","913","Justin Fields","15.0","9.0","QB","KC","5","16.13","0.0","16.0","0.0","0.0","0.0","0.0","$1","$1"
"","914","Trey Lance","15.0","9.0","QB","LAC","7","24.01","0.0","14.0","0.0","0.0","0.0","0.0","$1","$1"
"","915","Mac Jones","15.0","9.0","QB","SF","8","17.03","0.0","23.0","0.0","0.0","0.0","0.0","$1","$1"
"","916","Jacob Eason","15.0","9.0","QB","NYG","8","64.15","0.0","0.0","0.0","0.0","0.0","0.0","$1","$1"
"","917","Graham Mertz","15.0","9.0","QB","HOU","8","48.06","0.0","0.0","0.0","0.0","0.0","0.0","$1","$1"
"","918","Brady Cook","15.0","9.0","QB","NYJ","13","22.07","0.0","0.0","0.0","0.0","0.0","0.0","$1","$1"
"","919","Seth Henigan","15.0","9.0","QB","JAC","7","64.15","0.0","0.0","0.0","0.0","0.0","0.0","$1","$1"
"","920","Max Brosmer","15.0","9.0","QB","MIN","6","56.05","0.0","0.0","0.0","0.0","0.0","0.0","$1","$1"
"","921","Kurtis Rourke","15.0","9.0","QB","SF","8","48.07","0.0","0.0","0.0","0.0","0.0","0.0","$1","$1"
"","922","Kyle McCord","15.0","9.0","QB","PHI","10","56.04","0.0","0.0","0.0","0.0","0.0","0.0","$1","$1"
"","923","Will Howard","15.0","9.0","QB","PIT","9","23.05","0.0","11.0","0.0","0.0","0.0","0.0","$1","$1"
"","924","Kyle Allen","15.0","9.0","QB","BUF","7","28.04","0.0","0.0","0.0","0.0","0.0","0.0","$1","$1"
"","925","Vernon Adams Jr.","15.0","9.0","QB","UNS","18","64.15","0.0","0.0","0.0","0.0","0.0","0.0","$1","$1"
"","926","Jack Plummer","15.0","9.0","QB","CAR","5","64.15","0.0","0.0","0.0","0.0","0.0","0.0","$1","$1"
"","927","Haynes King","15.0","9.0","QB","CAR","5","64.15","0.0","0.0","0.0","0.0","0.0","0.0","$1","$1"
"","928","Luke Altmyer","15.0","9.0","QB","DET","6","64.15","0.0","0.0","0.0","0.0","0.0","0.0","$1","$1"
"","929","DJ Uiagalelei","15.0","9.0","QB","LAC","7","64.15","0.0","0.0","0.0","0.0","0.0","0.0","$1","$1"
"","930","Hunter Dekkers","15.0","9.0","QB","NO","8","64.15","0.0","0.0","0.0","0.0","0.0","0.0","$1","$1"
"","931","Tommy Mellott","15.0","9.0","WR","UNS","18","25.09","0.0","0.0","0.0","0.0","0.0","0.0","$1","$1"
"","932","Cam Miller","15.0","9.0","QB","UNS","18","25.05","0.0","0.0","0.0","0.0","0.0","0.0","$1","$1"
"","933","Tanner McKee","15.0","9.0","QB","PHI","10","31.13","0.0","0.0","0.0","0.0","0.0","0.0","$1","$1"
"","934","Sam Ehlinger","15.0","9.0","QB","UNS","18","47.14","0.0","0.0","0.0","0.0","0.0","0.0","$1","$1"
"","935","Kedon Slovis","15.0","9.0","QB","UNS","18","49.06","0.0","0.0","0.0","0.0","0.0","0.0","$1","$1"
"","936","Austin Reed","15.0","9.0","QB","CHI","10","64.15","0.0","0.0","0.0","0.0","0.0","0.0","$1","$1"
"","937","Ian Book","15.0","9.0","QB","UNS","18","64.15","0.0","0.0","0.0","0.0","0.0","0.0","$1","$1"
"","938","Tommy DeVito","15.0","9.0","QB","NE","11","16.06","0.0","12.0","0.0","0.0","0.0","0.0","$1","$1"
"","939","Aidan O'Connell","15.0","9.0","QB","LVR","13","24.03","0.0","0.0","0.0","0.0","0.0","0.0","$1","$1"
"","940","Spencer Rattler","15.0","9.0","QB","NO","8","28.13","0.0","13.0","0.0","0.0","0.0","0.0","$1","$1"
"","941","Michael Pratt","15.0","9.0","QB","TB","10","17.09","0.0","0.0","0.0","0.0","0.0","0.0","$1","$1"
"","942","Joe Milton III","15.0","9.0","QB","DAL","14","16.08","0.0","12.0","0.0","0.0","0.0","0.0","$1","$1"
"","943","Devin Leary","15.0","9.0","QB","BAL","13","18.09","0.0","0.0","0.0","0.0","0.0","0.0","$1","$1"
"","944","Sam Hartman","15.0","9.0","QB","UNS","18","64.15","0.0","0.0","0.0","0.0","0.0","0.0","$1","$1"
"","945","Josh Johnson","15.0","9.0","QB","CIN","6","30.16","0.0","0.0","0.0","0.0","0.0","0.0","$1","$1"
"","946","Nathan Rourke","15.0","9.0","QB","NE","11","52.15","0.0","0.0","0.0","0.0","0.0","0.0","$1","$1"
"","947","Ben DiNucci","15.0","9.0","QB","UNS","18","64.15","0.0","0.0","0.0","0.0","0.0","0.0","$1","$1"
"","948","Max Duggan","15.0","9.0","QB","UNS","18","39.07","0.0","0.0","0.0","0.0","0.0","0.0","$1","$1"
"","949","Sean Clifford","15.0","9.0","QB","UNS","18","41.14","0.0","0.0","0.0","0.0","0.0","0.0","$1","$1"
"","950","Skylar Thompson","15.0","9.0","QB","PIT","9","26.14","0.0","0.0","0.0","0.0","0.0","0.0","$1","$1"
"","951","Brandon Allen","15.0","9.0","QB","NYG","8","45.03","0.0","0.0","0.0","0.0","0.0","0.0","$1","$1"
"","952","Riley Leonard","15.0","9.0","QB","IND","13","18.13","0.0","12.0","0.0","0.0","0.0","0.0","$1","$1"
"","953","Quinn Ewers","15.0","9.0","QB","MIA","6","20.03","0.0","14.0","0.0","0.0","0.0","0.0","$1","$1"
"","954","Jalen Milroe","15.0","9.0","QB","SEA","11","29.08","0.0","11.0","0.0","0.0","0.0","0.0","$1","$1"
"","955","Chris Oladokun","15.0","9.0","QB","KC","5","54.16","0.0","12.0","0.0","0.0","0.0","0.0","$1","$1"
"","956","Dresser Winn","15.0","9.0","QB","LAR","11","64.15","0.0","0.0","0.0","0.0","0.0","0.0","$1","$1"
"","957","Garrett Nussmeier","15.0","9.0","QB","KC","5","49.14","0.0","3.0","0.0","0.0","0.0","0.0","$1","$1"
"","958","Diego Pavia","15.0","9.0","QB","BAL","13","64.15","0.0","4.0","0.0","0.0","0.0","0.0","$1","$1"
"","959","Sawyer Robertson","15.0","9.0","QB","LVR","13","64.15","0.0","0.0","0.0","0.0","0.0","0.0","$1","$1"
"","960","Joe Fagnano","15.0","9.0","QB","BAL","13","64.15","0.0","0.0","0.0","0.0","0.0","0.0","$1","$1"
"","961","Joey Aguilar","15.0","9.0","QB","JAC","7","64.15","0.0","0.0","0.0","0.0","0.0","0.0","$1","$1"
"","962","Athan Kaliakmanis","15.0","9.0","QB","WAS","7","49.15","0.0","0.0","0.0","0.0","0.0","0.0","$1","$1"
"","963","Mark Gronowski","15.0","9.0","QB","MIA","6","64.15","0.0","0.0","0.0","0.0","0.0","0.0","$1","$1"
"","964","Jalon Daniels","15.0","9.0","QB","TB","10","64.15","0.0","0.0","0.0","0.0","0.0","0.0","$1","$1"
"","965","Behren Morton","15.0","9.0","QB","NE","11","40.06","0.0","0.0","0.0","0.0","0.0","0.0","$1","$1"
"","966","Cole Payton","15.0","9.0","QB","PHI","10","57.10","0.0","0.0","0.0","0.0","0.0","0.0","$1","$1"
"","967","Nick Mullens","15.0","9.0","QB","JAC","7","35.14","0.0","12.0","0.0","0.0","0.0","0.0","$1","$1"
"","968","Cooper Rush","15.0","9.0","QB","UNS","18","51.03","0.0","0.0","0.0","0.0","0.0","0.0","$1","$1"
"","969","Mason Rudolph","15.0","9.0","QB","PIT","9","20.01","0.0","12.0","0.0","0.0","0.0","0.0","$1","$1"
"","970","Stetson Bennett","15.0","9.0","QB","LAR","11","15.03","0.0","0.0","0.0","0.0","0.0","0.0","$1","$1"
"","971","Will Levis","15.0","9.0","QB","TEN","9","21.12","0.0","12.0","0.0","0.0","0.0","0.0","$1","$1"
"","972","Anthony Richardson","15.0","9.0","QB","IND","13","25.08","0.0","15.0","0.0","0.0","0.0","0.0","$1","$1"
"","973","Bailey Zappe","15.0","9.0","QB","UNS","18","24.06","0.0","0.0","0.0","0.0","0.0","0.0","$1","$1"
"","974","Sam Howell","15.0","9.0","QB","DAL","14","38.13","0.0","4.0","0.0","0.0","0.0","0.0","$1","$1"
"","975","Kenny Pickett","15.0","9.0","QB","CAR","5","20.02","0.0","6.0","0.0","0.0","0.0","0.0","$1","$1"
"","976","Desmond Ridder","15.0","9.0","QB","GB","11","26.08","0.0","0.0","0.0","0.0","0.0","0.0","$1","$1"
"","977","Joshua Dobbs","15.0","9.0","QB","UNS","18","25.07","0.0","10.0","0.0","0.0","0.0","0.0","$1","$1"
"","978","Tim Boyle","15.0","9.0","QB","UNS","18","42.05","0.0","0.0","0.0","0.0","0.0","0.0","$1","$1"
"","979","Tyler Huntley","15.0","9.0","QB","BAL","13","30.15","0.0","12.0","0.0","0.0","0.0","0.0","$1","$1"
"","980","Davis Mills","15.0","9.0","QB","HOU","8","30.11","0.0","15.0","0.0","0.0","0.0","0.0","$1","$1"
"","981","Kyle Trask","15.0","9.0","QB","UNS","18","46.14","0.0","0.0","0.0","0.0","0.0","0.0","$1","$1"
"","982","Hendon Hooker","15.0","9.0","QB","TEN","9","31.06","0.0","0.0","0.0","0.0","0.0","0.0","$1","$1"
"","983","Malik Cunningham","15.0","9.0","QB","BAL","13","49.13","0.0","0.0","0.0","0.0","0.0","0.0","$1","$1"
"","984","Jaren Hall","15.0","9.0","QB","SEA","11","52.06","0.0","0.0","0.0","0.0","0.0","0.0","$1","$1"
"","985","Clayton Tune","15.0","9.0","QB","GB","11","23.01","0.0","10.0","0.0","0.0","0.0","0.0","$1","$1"
"","986","Tyson Bagent","15.0","9.0","QB","CHI","10","17.04","0.0","7.0","0.0","0.0","0.0","0.0","$1","$1"
"","987","Dorian Thompson-Robinson","15.0","9.0","QB","UNS","18","51.05","0.0","0.0","0.0","0.0","0.0","0.0","$1","$1"
"","988","Jake Haener","15.0","9.0","QB","UNS","18","33.09","0.0","0.0","0.0","0.0","0.0","0.0","$1","$1"
"","989","Mitchell 'Mitch' Trubisky","15.0","9.0","QB","TEN","9","36.14","0.0","12.0","0.0","0.0","0.0","0.0","$1","$1"
"","990","Taylor Heinicke","15.0","9.0","QB","UNS","18","55.10","0.0","0.0","0.0","0.0","0.0","0.0","$1","$1"
"","991","C.J. Beathard","15.0","9.0","QB","UNS","18","64.15","0.0","0.0","0.0","0.0","0.0","0.0","$1","$1"
"","992","Jeff Driskel","15.0","9.0","QB","UNS","18","56.13","0.0","0.0","0.0","0.0","0.0","0.0","$1","$1"
"","993","Carson Wentz","15.0","9.0","QB","MIN","6","57.05","0.0","3.0","0.0","0.0","0.0","0.0","$1","$1"
"","994","Trevor Siemian","15.0","9.0","QB","ATL","11","35.06","0.0","0.0","0.0","0.0","0.0","0.0","$1","$1"
"","995","Marcus Mariota","15.0","9.0","QB","WAS","7","28.16","0.0","13.0","0.0","0.0","0.0","0.0","$1","$1"
"","996","Jameis Winston","15.0","9.0","QB","NYG","8","14.15","0.0","11.0","0.0","0.0","0.0","0.0","$1","$1"
"","997","Jimmy Garoppolo","15.0","9.0","QB","UNS","18","58.01","0.0","11.0","0.0","0.0","0.0","0.0","$1","$1"
"","998","Drew Lock","15.0","9.0","QB","SEA","11","23.13","0.0","5.0","0.0","0.0","0.0","0.0","$1","$1"
"","999","Will Grier","15.0","9.0","QB","CAR","5","64.15","0.0","0.0","0.0","0.0","0.0","0.0","$1","$1"
"","1000","Jarrett Stidham","15.0","9.0","QB","DEN","10","22.06","0.0","13.0","0.0","0.0","0.0","0.0","$1","$1"
"","1001","Mike White","15.0","9.0","QB","UNS","18","42.15","0.0","0.0","0.0","0.0","0.0","0.0","$1","$1"
"","1002","Brett Rypien","15.0","9.0","QB","IND","13","52.10","0.0","0.0","0.0","0.0","0.0","0.0","$1","$1"
"","1003","Jake Browning","15.0","9.0","QB","TB","10","42.03","0.0","5.0","0.0","0.0","0.0","0.0","$1","$1"
"","1004","Gardner Minshew","15.0","9.0","QB","ARI","14","20.07","0.0","23.0","0.0","0.0","0.0","0.0","$1","$1"
"","1005","Easton Stick","15.0","9.0","QB","UNS","18","32.03","0.0","0.0","0.0","0.0","0.0","0.0","$1","$1"
"","1006","Joe Flacco","15.0","9.0","QB","CIN","6","15.11","0.0","20.0","0.0","0.0","0.0","0.0","$1","$1"
"","1007","Philip Rivers","15.0","9.0","QB","IND","13","14.03","0.0","0.0","0.0","0.0","0.0","0.0","$1","$1"
"","1008","Derek Carr","15.0","9.0","QB","UNS","18","28.07","0.0","21.0","0.0","0.0","0.0","0.0","$1","$1"
"","1009","Teddy Bridgewater","15.0","9.0","QB","DET","6","36.05","0.0","14.0","0.0","0.0","0.0","0.0","$1","$1"
"","1010","Case Keenum","15.0","9.0","QB","CHI","10","50.08","0.0","0.0","0.0","0.0","0.0","0.0","$1","$1"
"","1011","Russell Wilson","15.0","9.0","QB","UNS","18","21.01","0.0","0.0","0.0","0.0","0.0","0.0","$1","$1"
"","1012","Ryan Tannehill","15.0","9.0","QB","UNS","18","64.15","0.0","0.0","0.0","0.0","0.0","0.0","$1","$1"
"","1013","Tyrod Taylor","15.0","9.0","QB","GB","11","33.11","0.0","12.0","0.0","0.0","0.0","0.0","$1","$1"
"","1014","Andy Dalton","15.0","9.0","QB","PHI","10","32.14","0.0","13.0","0.0","0.0","0.0","0.0","$1","$1"
"","1015","Blaine Gabbert","15.0","9.0","QB","KC","5","64.15","0.0","0.0","0.0","0.0","0.0","0.0","$1","$1"
"","1016","Joshua Karty","15.0","7.0","K","ARI","14","39.05","63.4","0.0","64.0","89.6","70.9","0.0","$1","$1"
"","1017","Spencer Shrader","15.0","7.0","K","IND","13","15.05","62.7","59.0","64.0","86.4","69.9","0.0","$1","$1"
"","1018","Blake Grupe","15.0","7.0","K","IND","13","62.13","56.1","96.0","56.7","82.2","63.6","0.0","$1","$1"
"","1019","Jason Sanders","15.0","8.0","K","NYG","8","59.07","10.1","98.0","10.1","10.1","10.1","0.0","$1","$1"
"","1020","Randy Bullock","15.0","9.0","K","NYG","8","64.15","0.0","0.0","0.0","0.0","0.0","0.0","$1","$1"
"","1021","Greg Zuerlein","15.0","9.0","K","UNS","18","16.14","0.0","0.0","0.0","0.0","0.0","0.0","$1","$1"
"","1022","Austin Seibert","15.0","9.0","K","WAS","7","27.11","0.0","0.0","0.0","0.0","0.0","0.0","$1","$1"
"","1023","Matthew Wright","15.0","9.0","K","BUF","7","38.16","0.0","0.0","0.0","0.0","0.0","0.0","$1","$1"
"","1024","Daniel Carlson","15.0","9.0","K","LVR","13","23.12","0.0","79.0","0.0","0.0","0.0","0.0","$1","$1"
"","1025","Brett Maher","15.0","9.0","K","LAR","11","64.15","0.0","0.0","0.0","0.0","0.0","0.0","$1","$1"
"","1026","Greg Joseph","15.0","9.0","K","UNS","18","19.11","0.0","0.0","0.0","0.0","0.0","0.0","$1","$1"
"","1027","Michael 'Mike' Badgley","15.0","9.0","K","BUF","7","27.02","0.0","106.0","0.0","0.0","0.0","0.0","$1","$1"
"","1028","Younghoe Koo","15.0","9.0","K","NYJ","13","15.04","0.0","106.0","0.0","0.0","0.0","0.0","$1","$1"
"","1029","Lucas Havrisik","15.0","9.0","K","GB","11","19.05","0.0","0.0","0.0","0.0","0.0","0.0","$1","$1"
"","1030","Riley Patterson","15.0","9.0","K","MIA","6","55.14","0.0","65.0","0.0","0.0","0.0","0.0","$1","$1"
"","1031","Matt Ammendola","15.0","9.0","K","HOU","8","64.15","0.0","0.0","0.0","0.0","0.0","0.0","$1","$1"
"","1032","Elliott Fry","15.0","9.0","K","DEN","10","64.15","0.0","0.0","0.0","0.0","0.0","0.0","$1","$1"
"","1033","Jake Bailey","15.0","9.0","K","ATL","11","64.15","0.0","0.0","0.0","0.0","0.0","0.0","$1","$1"
"","1034","Tress Way","15.0","9.0","K","WAS","7","64.15","0.0","0.0","0.0","0.0","0.0","0.0","$1","$1"
"","1035","Jordan Stout","15.0","9.0","K","BAL","13","64.15","0.0","0.0","0.0","0.0","0.0","0.0","$1","$1"
"","1036","Daniel Whelan","15.0","9.0","K","GB","11","64.15","0.0","0.0","0.0","0.0","0.0","0.0","$1","$1"
"","1037","John Hoyland","15.0","9.0","K","BAL","13","64.15","0.0","0.0","0.0","0.0","0.0","0.0","$1","$1"
"","1038","Caden Davis","15.0","9.0","K","UNS","18","15.02","0.0","0.0","0.0","0.0","0.0","0.0","$1","$1"
"","1039","Maddux Trujillo","15.0","9.0","K","IND","13","64.15","0.0","0.0","0.0","0.0","0.0","0.0","$1","$1"
"","1040","Lenny Krieg","15.0","9.0","K","ATL","11","64.15","0.0","113.0","0.0","0.0","0.0","0.0","$1","$1"
"","1041","Jamie Gillan","15.0","9.0","K","UNS","18","64.15","0.0","0.0","0.0","0.0","0.0","0.0","$1","$1"
"","1042","Mike Meyer","15.0","9.0","K","UNS","18","64.15","0.0","0.0","0.0","0.0","0.0","0.0","$1","$1"
"","1043","Tucker McCann","15.0","9.0","K","UNS","18","64.15","0.0","0.0","0.0","0.0","0.0","0.0","$1","$1"
"","1044","Tommy Townsend","15.0","9.0","K","HOU","8","64.15","0.0","0.0","0.0","0.0","0.0","0.0","$1","$1"
"","1045","Blake Gillikin","15.0","9.0","K","ARI","14","64.15","0.0","0.0","0.0","0.0","0.0","0.0","$1","$1"
"","1046","Bradley Pinion","15.0","9.0","K","ATL","11","64.15","0.0","0.0","0.0","0.0","0.0","0.0","$1","$1"
"","1047","Matthew Hayball","15.0","9.0","K","NO","8","64.15","0.0","0.0","0.0","0.0","0.0","0.0","$1","$1"
"","1048","Tory Taylor","15.0","9.0","K","CHI","10","64.15","0.0","0.0","0.0","0.0","0.0","0.0","$1","$1"
"","1049","Corey Bojorquez","15.0","9.0","K","CLE","11","64.15","0.0","0.0","0.0","0.0","0.0","0.0","$1","$1"
"","1050","Riley Dixon","15.0","9.0","K","DEN","10","64.15","0.0","0.0","0.0","0.0","0.0","0.0","$1","$1"
"","1051","Logan Cooke","15.0","9.0","K","JAC","7","64.15","0.0","0.0","0.0","0.0","0.0","0.0","$1","$1"
"","1052","Michael Dickson","15.0","9.0","K","SEA","11","64.15","0.0","0.0","0.0","0.0","0.0","0.0","$1","$1"
"","1053","Thomas Morstead","15.0","9.0","K","NYJ","13","64.15","0.0","0.0","0.0","0.0","0.0","0.0","$1","$1"
"","1054","Jack Fox","15.0","9.0","K","DET","6","64.15","0.0","0.0","0.0","0.0","0.0","0.0","$1","$1"
"","1055","Rigoberto Sanchez","15.0","9.0","K","IND","13","64.15","0.0","0.0","0.0","0.0","0.0","0.0","$1","$1"
"","1056","Ryan Rehkow","15.0","9.0","K","CIN","6","64.15","0.0","0.0","0.0","0.0","0.0","0.0","$1","$1"
"","1057","Corliss Waitman","15.0","9.0","K","SF","8","64.15","0.0","0.0","0.0","0.0","0.0","0.0","$1","$1"
"","1058","Dominic Zvada","15.0","9.0","K","NYG","8","64.15","0.0","72.0","0.0","0.0","0.0","0.0","$1","$1"
"","1059","Brayden Narveson","15.0","9.0","K","TEN","9","22.09","0.0","0.0","0.0","0.0","0.0","0.0","$1","$1"
"","1060","John Parker Romo","15.0","9.0","K","ATL","11","19.07","0.0","0.0","0.0","0.0","0.0","0.0","$1","$1"
"","1061","Jude McAtamney","15.0","9.0","K","UNS","18","16.09","0.0","0.0","0.0","0.0","0.0","0.0","$1","$1"
"","1062","Tristan Vizcaino","15.0","9.0","K","UNS","18","64.15","0.0","0.0","0.0","0.0","0.0","0.0","$1","$1"
"","1063","Ramiz Ahmed","15.0","9.0","K","WAS","7","64.15","0.0","0.0","0.0","0.0","0.0","0.0","$1","$1"
"","1064","Anders Carlson","15.0","9.0","K","UNS","18","24.13","0.0","0.0","0.0","0.0","0.0","0.0","$1","$1"
"","1065","Justin Tucker","15.0","9.0","K","UNS","18","14.04","0.0","0.0","0.0","0.0","0.0","0.0","$1","$1"
"","1066","Dustin Hopkins","15.0","9.0","K","UNS","18","32.09","0.0","0.0","0.0","0.0","0.0","0.0","$1","$1"
"","1067","Matt Prater","15.0","9.0","K","BUF","7","14.08","0.0","106.0","0.0","0.0","0.0","0.0","$1","$1"