player_id,player,team,pos,season,week,snaps,snaps_pct,routes,routes_pct,rush_att,rush_att_pct,targets,targets_pct,catchable_tgts,catchable_tgts_pct,ez_tgts,ez_tgts_pct,inside5_rush,inside5_rush_pct,sdd_snaps,sdd_snaps_pct,ldd_snaps,ldd_snaps_pct,two_min_snaps,two_min_snaps_pct,tprr,team_sdd_snaps,team_ldd_snaps,team_ez_tgts,team_third_fourth_pass,team_inside5_rush,team_snaps,team_routes,team_targets,team_rush_att,team_two_min_snaps
1c60c3f7-60f9-486b-8b97-f9737b9a0723,Keon Coleman,BUF,WR,2025,1,68,87.2,50,94.3,0,0.0,11,25.6,9,81.8,2,40.0,0,0.0,10,83.3,10,100.0,8,100.0,22.0,12,10,5,9,6,78,53,43,22,8
34ac644e-daf6-4699-b378-be585cf14045,Casey Washington,ATL,WR,2025,1,67,94.4,46,97.9,0,0.0,6,15.4,5,83.3,0,0.0,0,0.0,4,80.0,14,100.0,6,85.7,13.0,5,14,3,10,3,71,47,39,23,7
7bfd2708-9995-4488-a82a-b897002a1a60,Courtland Sutton,DEN,WR,2025,1,67,94.4,43,100.0,0,0.0,9,25.0,6,66.7,1,50.0,0,0.0,7,87.5,11,100.0,6,100.0,20.9,8,11,2,11,0,71,43,36,26,6
5cc16827-4339-4092-97fe-c0f56e6e0ef9,Juwan Johnson,NO,TE,2025,1,67,98.5,47,95.9,0,0.0,11,26.8,10,90.9,1,25.0,0,0.0,6,100.0,11,91.7,21,100.0,23.4,6,12,4,11,1,68,49,41,20,21
b26dec5d-666e-4bdb-9dad-dbd5624e60f1,Cedric Tillman,CLE,WR,2025,1,63,88.7,46,95.8,0,0.0,8,19.5,6,75.0,1,100.0,0,0.0,3,37.5,14,100.0,5,100.0,17.4,8,14,1,10,4,71,48,41,23,5
e6b3a8b4-9120-408a-9522-0a7e8efddcb3,Jameson Williams,DET,WR,2025,1,63,96.9,43,100.0,1,4.8,5,13.9,4,80.0,0,0.0,0,0.0,6,85.7,13,100.0,0,0.0,11.6,7,13,1,15,0,65,43,36,21,0
2359ae0a-46a7-4ccc-aca5-bc913bece14b,Hunter Henry,NE,TE,2025,1,63,92.6,39,73.6,0,0.0,8,18.6,5,62.5,0,0.0,0,0.0,8,88.9,9,100.0,9,81.8,20.5,9,9,3,10,1,68,53,43,15,11
abaf1508-e615-4287-aa70-3ab031795ae5,Drake London,ATL,WR,2025,1,62,87.3,39,83.0,0,0.0,14,35.9,8,57.1,2,66.7,0,0.0,5,100.0,13,92.9,0,0.0,35.9,5,14,3,10,3,71,47,39,23,7
915d6acf-2c38-4cd0-846c-9c54e9dd0e43,Jerry Jeudy,CLE,WR,2025,1,62,87.3,46,95.8,0,0.0,8,19.5,7,87.5,0,0.0,0,0.0,4,50.0,14,100.0,5,100.0,17.4,8,14,1,10,4,71,48,41,23,5
349676e8-d0c9-4e51-b671-f1d541641ecd,Garrett Wilson,NYJ,WR,2025,1,62,100.0,25,100.0,0,0.0,8,44.4,8,100.0,0,0.0,0,0.0,8,100.0,10,100.0,6,100.0,32.0,8,10,0,5,3,62,25,18,37,6
74dad55c-78db-444f-8843-423894176da5,David Njoku,CLE,TE,2025,1,61,85.9,41,85.4,0,0.0,5,12.2,3,60.0,0,0.0,0,0.0,8,100.0,9,64.3,5,100.0,12.2,8,14,1,10,4,71,48,41,23,5
d6ab35b4-32fe-4052-938e-1a8f7a5ffa56,Amon-Ra St. Brown,DET,WR,2025,1,61,93.8,42,97.7,0,0.0,5,13.9,4,80.0,0,0.0,0,0.0,6,85.7,13,100.0,0,0.0,11.9,7,13,1,15,0,65,43,36,21,0
b1cf668e-31ee-4d0d-80bb-1ca8cf26bf42,Trey McBride,ARI,TE,2025,1,60,98.4,37,97.4,0,0.0,8,28.6,6,75.0,0,0.0,0,0.0,2,100.0,12,100.0,0,0.0,21.6,2,12,1,7,1,61,38,28,23,0
8fb03685-5aa2-4a0a-bd0f-475b3af883f3,Darius Slayton,NYG,WR,2025,1,60,96.8,44,97.8,0,0.0,1,3.7,0,0.0,0,0.0,0,0.0,4,80.0,14,100.0,0,0.0,2.3,5,14,2,11,1,62,45,27,17,0
fa9012a1-a65b-4c87-bec8-db1c7301f926,Josh Reynolds,NYJ,WR,2025,1,60,96.8,25,100.0,0,0.0,3,16.7,2,66.7,0,0.0,0,0.0,8,100.0,10,100.0,6,100.0,12.0,8,10,0,5,3,62,25,18,37,6
c98a20dd-1ff5-4713-b78f-648800290fc2,Rashid Shaheed,NO,WR,2025,1,60,88.2,46,93.9,0,0.0,9,22.0,6,66.7,1,25.0,0,0.0,5,83.3,11,91.7,19,90.5,19.6,6,12,4,11,1,68,49,41,20,21
a28a9b00-33d8-4221-a3f1-310bcbc08f1b,Ricky Pearsall,SF,WR,2025,1,60,83.3,35,89.7,0,0.0,6,18.2,4,66.7,1,33.3,0,0.0,8,72.7,9,100.0,0,0.0,17.1,11,9,3,9,0,72,39,33,31,0
5fbde45e-1771-4a35-ac8e-cbb4d4744e04,Bijan Robinson,ATL,RB,2025,1,59,83.1,36,76.6,12,52.2,7,17.9,7,100.0,0,0.0,2,66.7,3,60.0,13,92.9,7,100.0,19.4,5,14,3,10,3,71,47,39,23,7
b9932d52-2ce9-4dcd-8e48-c34c5fb95681,Rome Odunze,CHI,WR,2025,1,59,93.7,41,93.2,0,0.0,8,25.0,7,87.5,1,100.0,0,0.0,2,100.0,12,100.0,6,100.0,19.5,2,12,1,10,0,63,44,32,19,6
3185a3cd-8dba-4aca-bc26-6bba0cc696eb,Sam LaPorta,DET,TE,2025,1,59,90.8,38,88.4,0,0.0,8,22.2,6,75.0,0,0.0,0,0.0,6,85.7,13,100.0,0,0.0,21.1,7,13,1,15,0,65,43,36,21,0
f6c2cecd-fadd-4416-bd9e-2898bdcc0ede,Malik Nabers,NYG,WR,2025,1,59,95.2,43,95.6,0,0.0,9,33.3,5,55.6,1,50.0,0,0.0,4,80.0,13,92.9,0,0.0,20.9,5,14,2,11,1,62,45,27,17,0
c1696ca6-bfe1-4d64-ae56-a1075a3c88eb,Jakobi Meyers,LV,WR,2025,1,58,95.1,37,92.5,0,0.0,10,30.3,10,100.0,0,0.0,0,0.0,7,100.0,10,100.0,7,100.0,27.0,7,10,1,10,1,61,40,33,21,7
e74df9b4-afb4-4c92-bca5-93e816e2c077,Chris Olave,NO,WR,2025,1,58,85.3,43,87.8,0,0.0,13,31.7,7,53.8,1,25.0,0,0.0,2,33.3,11,91.7,18,85.7,30.2,6,12,4,11,1,68,49,41,20,21
a7d68b3b-02b2-4d1a-9fb9-36c62dc5a441,Michael Pittman Jr.,IND,WR,2025,1,57,81.4,29,87.9,0,0.0,8,27.6,6,75.0,0,0.0,0,0.0,9,81.8,7,77.8,0,0.0,27.6,11,9,2,9,5,70,33,29,37,0
a541a205-8eac-4df0-b432-9f3195be6c30,Cole Kmet,CHI,TE,2025,1,56,88.9,30,68.2,0,0.0,4,12.5,1,25.0,0,0.0,0,0.0,2,100.0,9,75.0,4,66.7,13.3,2,12,1,10,0,63,44,32,19,6
d200b227-6575-48c1-a680-c0442c85d800,Tre Tucker,LV,WR,2025,1,56,91.8,37,92.5,0,0.0,3,9.1,2,66.7,1,100.0,0,0.0,7,100.0,9,90.0,7,100.0,8.1,7,10,1,10,1,61,40,33,21,7
41693ead-2e7a-43d8-9d5a-4d5e05ad3082,Alvin Kamara,NO,RB,2025,1,56,82.4,36,73.5,11,55.0,2,4.9,2,100.0,0,0.0,1,100.0,5,83.3,10,83.3,21,100.0,5.6,6,12,4,11,1,68,49,41,20,21
5a253a6c-0769-4a9f-8bc0-b9af300323e7,Kyle Pitts,ATL,TE,2025,1,55,77.5,39,83.0,0,0.0,8,20.5,7,87.5,0,0.0,0,0.0,4,80.0,13,92.9,7,100.0,20.5,5,14,3,10,3,71,47,39,23,7
d8cbf5b3-dee1-4d5c-bcc1-e40e1df911ac,Alec Pierce,IND,WR,2025,1,55,78.6,27,81.8,0,0.0,3,10.3,1,33.3,1,50.0,0,0.0,11,100.0,6,66.7,0,0.0,11.1,11,9,2,9,5,70,33,29,37,0
c739b7b0-2f88-4c97-ab7b-a07eaa6ca333,Kayshon Boutte,NE,WR,2025,1,55,80.9,44,83.0,0,0.0,8,18.6,6,75.0,1,33.3,0,0.0,6,66.7,9,100.0,10,90.9,18.2,9,9,3,10,1,68,53,43,15,11
d012a0c5-cd87-437f-a772-50fdc7ec7dfc,DeVonta Smith,PHI,WR,2025,1,55,88.7,33,97.1,0,0.0,3,15.0,3,100.0,0,0.0,0,0.0,7,100.0,8,80.0,5,100.0,9.1,7,10,0,6,2,62,34,20,25,5
20afb131-b018-4b53-9462-8a99a035cfb1,Marvin Harrison Jr.,ARI,WR,2025,1,54,88.5,35,92.1,0,0.0,6,21.4,5,83.3,1,100.0,0,0.0,1,50.0,12,100.0,0,0.0,17.1,2,12,1,7,1,61,38,28,23,0
239c6290-839c-4cd0-a604-ebb091b88ebb,Khalil Shakir,BUF,WR,2025,1,54,69.2,46,86.8,0,0.0,8,18.6,6,75.0,0,0.0,0,0.0,4,33.3,9,90.0,8,100.0,17.4,12,10,5,9,6,78,53,43,22,8
c1fdbfb1-e4f1-4c67-a2bd-9e1e7a402be8,Brandin Cooks,NO,WR,2025,1,54,79.4,42,85.7,0,0.0,4,9.8,3,75.0,0,0.0,0,0.0,5,83.3,11,91.7,18,85.7,9.5,6,12,4,11,1,68,49,41,20,21
a6b79e65-6180-40a7-b172-d14373c0dd22,Brian Thomas Jr.,JAC,WR,2025,1,54,85.7,33,100.0,1,3.6,7,25.0,3,42.9,0,0.0,0,0.0,5,100.0,9,90.0,5,100.0,21.2,5,10,1,7,0,63,33,28,28,5
d5c9a653-e4f2-4724-90eb-525423d2a541,Marquise Brown,KC,WR,2025,1,54,93.1,46,97.9,0,0.0,14,40.0,11,78.6,0,0.0,0,0.0,3,60.0,12,100.0,13,100.0,30.4,5,12,1,12,0,58,47,35,10,13
c31d94ec-04ba-497d-a73f-cd06676c0793,Mason Taylor,NYJ,TE,2025,1,54,87.1,21,84.0,0,0.0,1,5.6,1,100.0,0,0.0,0,0.0,8,100.0,9,90.0,6,100.0,4.8,8,10,0,5,3,62,25,18,37,6
c4083a97-e146-4e03-9045-f65f53e6be19,A.J. Brown,PHI,WR,2025,1,54,87.1,33,97.1,0,0.0,1,5.0,1,100.0,0,0.0,0,0.0,5,71.4,9,90.0,5,100.0,3.0,7,10,0,6,2,62,34,20,25,5
03f8f7e5-3512-43d2-bbee-bb8faa7b50a9,Christian McCaffrey,SF,RB,2025,1,54,75.0,29,74.4,22,71.0,10,30.3,9,90.0,0,0.0,0,0.0,10,90.9,9,100.0,0,0.0,34.5,11,9,3,9,0,72,39,33,31,0
342ee78f-f6c6-42d5-ba14-5a1b05bfe951,Ashton Jeanty,LV,RB,2025,1,53,86.9,22,55.0,18,85.7,2,6.1,2,100.0,0,0.0,1,100.0,7,100.0,7,70.0,7,100.0,9.1,7,10,1,10,1,61,40,33,21,7
0a643540-5e1e-4ce9-b883-26d898691d40,DJ Moore,CHI,WR,2025,1,52,82.5,38,86.4,2,10.5,5,15.6,3,60.0,0,0.0,0,0.0,2,100.0,12,100.0,4,66.7,13.2,2,12,1,10,0,63,44,32,19,6
feb09bdf-0f17-4ef2-9917-5780f044c98a,Brenton Strange,JAC,TE,2025,1,52,82.5,23,69.7,0,0.0,4,14.3,4,100.0,0,0.0,0,0.0,5,100.0,9,90.0,5,100.0,17.4,5,10,1,7,0,63,33,28,28,5
f9c12962-1c66-4ec9-9f80-7bf58579b8f2,Davante Adams,LA,WR,2025,1,52,91.2,29,90.6,0,0.0,8,29.6,6,75.0,0,0.0,0,0.0,5,100.0,10,100.0,0,0.0,27.6,5,10,1,7,3,57,32,27,23,0
d81d3117-a780-4d23-946a-42906805ca2b,Ladd McConkey,LAC,WR,2025,1,52,83.9,38,92.7,0,0.0,9,26.5,6,66.7,0,0.0,0,0.0,3,60.0,10,90.9,0,0.0,23.7,5,11,4,8,0,62,41,34,18,0
a40d7ba0-38e4-4090-a496-e1b1751a03c2,Ray-Ray McCloud III,ATL,WR,2025,1,52,73.2,38,80.9,0,0.0,3,7.7,3,100.0,0,0.0,0,0.0,2,40.0,14,100.0,7,100.0,7.9,5,14,3,10,3,71,47,39,23,7
8a5333e6-17c1-48e3-8232-61bcb068a262,D.K. Metcalf,PIT,WR,2025,1,52,96.3,33,97.1,0,0.0,7,25.0,5,71.4,0,0.0,0,0.0,3,100.0,8,100.0,5,100.0,21.2,3,8,1,6,1,54,34,28,19,5
5ea600d7-d788-4194-b598-a59ff43f3525,Emeka Egbuka,TB,WR,2025,1,52,92.9,36,97.3,1,5.6,6,20.7,4,66.7,1,100.0,0,0.0,7,77.8,8,88.9,8,100.0,16.7,9,9,1,8,0,56,37,29,18,8
c93c93a2-7461-4a26-b641-c8dd1dae3d9b,Calvin Ridley,TEN,WR,2025,1,52,94.5,32,94.1,0,0.0,8,32.0,6,75.0,0,0.0,0,0.0,2,66.7,14,100.0,4,100.0,25.0,3,14,0,9,1,55,34,25,21,4
76457f7f-07a1-4ed6-bffe-7ddf971bf45f,Terry McLaurin,WAS,WR,2025,1,52,80.0,33,89.2,0,0.0,4,13.8,3,75.0,0,0.0,0,0.0,4,66.7,7,87.5,9,90.0,12.1,6,8,1,7,0,65,37,29,25,10
0d40bdbc-b7b9-48af-a36d-34aaf05ab100,Harold Fannin Jr.,CLE,TE,2025,1,51,71.8,31,64.6,1,4.3,9,22.0,8,88.9,0,0.0,0,0.0,6,75.0,9,64.3,1,20.0,29.0,8,14,1,10,4,71,48,41,23,5
4e042a70-f018-4e0a-b0f6-1f83d8274a15,CeeDee Lamb,DAL,WR,2025,1,51,91.1,32,91.4,0,0.0,13,40.6,11,84.6,0,0.0,0,0.0,5,100.0,7,100.0,12,92.3,40.6,5,7,3,10,2,56,35,32,21,13
71e0a1c0-a5be-4cb7-b9a1-79e4353d6ee9,George Pickens,DAL,WR,2025,1,51,91.1,33,94.3,0,0.0,4,12.5,3,75.0,1,33.3,0,0.0,4,80.0,7,100.0,13,100.0,12.1,5,7,3,10,2,56,35,32,21,13
b6b4230b-521a-40e5-b697-6fcabbff904a,Jonathan Taylor,IND,RB,2025,1,51,72.9,24,72.7,18,48.6,3,10.3,3,100.0,0,0.0,2,40.0,7,63.6,6,66.7,0,0.0,12.5,11,9,2,9,5,70,33,29,37,0
f1b9e657-a771-44c5-a6bf-d959ffa94375,Dallas Goedert,PHI,TE,2025,1,51,82.3,29,85.3,0,0.0,7,35.0,7,100.0,0,0.0,0,0.0,6,85.7,9,90.0,5,100.0,24.1,7,10,0,6,2,62,34,20,25,5
09707a8c-a2ec-4819-ab71-6734da25111a,Deebo Samuel,WAS,WR,2025,1,51,78.5,31,83.8,1,4.0,10,34.5,8,80.0,0,0.0,0,0.0,5,83.3,6,75.0,10,100.0,32.3,6,8,1,7,0,65,37,29,25,10
5233565b-bcd1-4217-9403-e72002d2db89,Tetairoa McMillan,CAR,WR,2025,1,50,82.0,35,87.5,0,0.0,8,26.7,5,62.5,0,0.0,0,0.0,9,81.8,11,91.7,15,88.2,22.9,11,12,0,9,0,61,40,30,20,17
f508d244-a60a-4c6a-b54d-f27ae93fdfdf,D'Andre Swift,CHI,RB,2025,1,50,79.4,29,65.9,17,89.5,5,15.6,3,60.0,0,0.0,0,0.0,1,50.0,11,91.7,4,66.7,17.2,2,12,1,10,0,63,44,32,19,6
ee788fa7-565a-4400-8f89-9d245cd1e83f,Tyler Warren,IND,TE,2025,1,50,71.4,24,72.7,1,2.7,9,31.0,7,77.8,1,50.0,0,0.0,7,63.6,8,88.9,0,0.0,37.5,11,9,2,9,5,70,33,29,37,0
616e049f-104f-4aa7-bb10-d198f5954d3a,Omarion Hampton,LAC,RB,2025,1,50,80.6,25,61.0,15,83.3,2,5.9,2,100.0,0,0.0,0,0.0,5,100.0,9,81.8,0,0.0,8.0,5,11,4,8,0,62,41,34,18,0
023755cc-e6f5-49bb-a2d0-70d01f135c31,Quentin Johnston,LAC,WR,2025,1,50,80.6,36,87.8,0,0.0,7,20.6,5,71.4,2,50.0,0,0.0,3,60.0,10,90.9,0,0.0,19.4,5,11,4,8,0,62,41,34,18,0
6239402a-45bf-445b-b0d3-d536274c76e0,Travis Kelce,KC,TE,2025,1,49,84.5,38,80.9,0,0.0,3,8.6,2,66.7,0,0.0,0,0.0,4,80.0,12,100.0,12,92.3,7.9,5,12,1,12,0,58,47,35,10,13
0ea3a955-4fbe-4bf9-814b-7d987e98c589,Justin Jefferson,MIN,WR,2025,1,49,100.0,25,100.0,0,0.0,7,38.9,6,85.7,1,100.0,0,0.0,5,100.0,8,100.0,1,100.0,28.0,5,8,1,6,0,49,25,18,24,1
3be23ca8-a082-4f11-a2ca-48fae57ee15e,Saquon Barkley,PHI,RB,2025,1,49,79.0,27,79.4,18,72.0,5,25.0,5,100.0,0,0.0,2,100.0,6,85.7,7,70.0,5,100.0,18.5,7,10,0,6,2,62,34,20,25,5
b9f32830-4cc3-40fa-b660-f1c0a072c933,Cade Otton,TB,TE,2025,1,49,87.5,31,83.8,0,0.0,2,6.9,0,0.0,0,0.0,0,0.0,9,100.0,9,100.0,8,100.0,6.5,9,9,1,8,0,56,37,29,18,8
dadf0427-bf49-406b-8182-1297ca4e2e09,Tony Pollard,TEN,RB,2025,1,49,89.1,20,58.8,18,85.7,1,4.0,1,100.0,0,0.0,0,0.0,2,66.7,13,92.9,4,100.0,5.0,3,14,0,9,1,55,34,25,21,4
7bf6186d-c640-4bf6-acf0-4e8c1190c4f8,Joshua Palmer,BUF,WR,2025,1,48,61.5,40,75.5,0,0.0,9,20.9,5,55.6,1,20.0,0,0.0,5,41.7,6,60.0,8,100.0,22.5,12,10,5,9,6,78,53,43,22,8
6a406a94-9c4f-4a80-8868-dc0204fa025c,Nico Collins,HOU,WR,2025,1,48,84.2,30,88.2,0,0.0,5,19.2,3,60.0,0,0.0,0,0.0,2,66.7,9,100.0,6,75.0,16.7,3,9,0,5,0,57,34,26,23,8
50720a07-ff50-4c4d-9665-7859438e9d17,Chigoziem Okonkwo,TEN,TE,2025,1,48,87.3,28,82.4,0,0.0,4,16.0,3,75.0,0,0.0,0,0.0,2,66.7,11,78.6,4,100.0,14.3,3,14,0,9,1,55,34,25,21,4
67ed0316-707b-4d9b-bc50-71f57724646e,Xavier Legette,CAR,WR,2025,1,47,77.0,31,77.5,0,0.0,6,20.0,4,66.7,0,0.0,0,0.0,10,90.9,9,75.0,11,64.7,19.4,11,12,0,9,0,61,40,30,20,17
fcd966e3-7bc2-45b2-b302-c068f41a5ec7,Theo Johnson,NYG,TE,2025,1,47,75.8,32,71.1,0,0.0,3,11.1,2,66.7,0,0.0,0,0.0,5,100.0,14,100.0,0,0.0,9.4,5,14,2,11,1,62,45,27,17,0
3f85220c-e955-44a8-8cf5-0e2c0fcc409d,Wan'Dale Robinson,NYG,WR,2025,1,47,75.8,37,82.2,0,0.0,8,29.6,6,75.0,1,50.0,0,0.0,1,20.0,14,100.0,0,0.0,21.6,5,14,2,11,1,62,45,27,17,0
055d72e7-6860-47a7-8a55-1d757d383b71,Jauan Jennings,SF,WR,2025,1,47,65.3,26,66.7,0,0.0,5,15.2,2,40.0,1,33.3,0,0.0,6,54.5,7,77.8,0,0.0,19.2,11,9,3,9,0,72,39,33,31,0
351e754d-fc0c-4146-aea3-352204a76d36,Mike Evans,TB,WR,2025,1,47,83.9,33,89.2,0,0.0,8,27.6,5,62.5,0,0.0,0,0.0,7,77.8,9,100.0,8,100.0,24.2,9,9,1,8,0,56,37,29,18,8
0cf680c0-a4dd-48b6-abb5-440c84e31d2e,James Cook,BUF,RB,2025,1,46,59.0,27,50.9,13,59.1,5,11.6,5,100.0,0,0.0,2,33.3,9,75.0,2,20.0,3,37.5,18.5,12,10,5,9,6,78,53,43,22,8
8b6aa391-627f-45d7-bcbd-454c34dd9518,Dyami Brown,JAC,WR,2025,1,46,73.0,28,84.8,2,7.1,4,14.3,4,100.0,0,0.0,0,0.0,4,80.0,8,80.0,5,100.0,14.3,5,10,1,7,0,63,33,28,28,5
050f81c3-6e60-4792-abb3-dabc225eb210,JuJu Smith-Schuster,KC,WR,2025,1,46,79.3,38,80.9,0,0.0,5,14.3,5,100.0,0,0.0,0,0.0,3,60.0,9,75.0,12,92.3,13.2,5,12,1,12,0,58,47,35,10,13
25239300-231c-4582-9afd-19727c9c45c1,Kyren Williams,LA,RB,2025,1,46,80.7,17,53.1,18,78.3,1,3.7,1,100.0,0,0.0,2,66.7,5,100.0,8,80.0,0,0.0,5.9,5,10,1,7,3,57,32,27,23,0
37f6090b-3d04-4da4-8921-580b01eec256,Zay Flowers,BAL,WR,2025,1,45,90.0,22,100.0,2,7.1,9,50.0,7,77.8,1,100.0,0,0.0,0,0.0,11,100.0,0,0.0,40.9,0,11,1,6,0,50,22,18,28,0
e3d03a5c-a204-4db3-af94-30644d17bdb2,Javonte Williams,DAL,RB,2025,1,45,80.4,27,77.1,15,71.4,2,6.2,2,100.0,0,0.0,2,100.0,5,100.0,7,100.0,13,100.0,7.4,5,7,3,10,2,56,35,32,21,13
95265030-c6d8-4b54-8ab2-95c69ff56132,Rhamondre Stevenson,NE,RB,2025,1,45,66.2,23,43.4,7,46.7,3,7.0,2,66.7,0,0.0,1,100.0,7,77.8,6,66.7,8,72.7,13.0,9,9,3,10,1,68,53,43,15,11
d213828c-b302-459d-afff-f417e80d690c,Tyrone Tracy,NYG,RB,2025,1,45,72.6,30,66.7,10,58.8,3,11.1,3,100.0,0,0.0,0,0.0,3,60.0,13,92.9,0,0.0,10.0,5,14,2,11,1,62,45,27,17,0
a71fbfe1-26e2-41da-9c57-2bdf5e98faee,Adam Trautman,DEN,TE,2025,1,44,62.0,16,37.2,0,0.0,1,2.8,1,100.0,0,0.0,0,0.0,3,37.5,3,27.3,1,16.7,6.2,8,11,2,11,0,71,43,36,26,6
e555cbf5-05aa-4bf5-a836-21eeb37ced41,Jalen Nailor,MIN,WR,2025,1,44,89.8,24,96.0,0,0.0,1,5.6,1,100.0,0,0.0,0,0.0,5,100.0,7,87.5,1,100.0,4.2,5,8,1,6,0,49,25,18,24,1
91a5f6be-59c2-46ff-b8fa-d7fd37727a82,Demario Douglas,NE,WR,2025,1,44,64.7,39,73.6,1,6.7,5,11.6,3,60.0,2,66.7,0,0.0,6,66.7,9,100.0,9,81.8,12.8,9,9,3,10,1,68,53,43,15,11
baaf3ee6-c7a8-49e1-803e-773328aec75f,Calvin Austin III,PIT,WR,2025,1,44,81.5,29,85.3,0,0.0,6,21.4,4,66.7,1,100.0,0,0.0,3,100.0,8,100.0,5,100.0,20.7,3,8,1,6,1,54,34,28,19,5
d6ed24f0-f6c4-412b-86ab-420733ef7bb9,Cooper Kupp,SEA,WR,2025,1,44,89.8,25,96.2,0,0.0,3,13.6,3,100.0,0,0.0,0,0.0,3,75.0,7,100.0,12,100.0,12.0,4,7,0,7,2,49,26,22,24,12
99be8a87-998b-4cc0-94b2-776870d0034c,Dawson Knox,BUF,TE,2025,1,43,55.1,23,43.4,0,0.0,2,4.7,2,100.0,0,0.0,0,0.0,7,58.3,7,70.0,3,37.5,8.7,12,10,5,9,6,78,53,43,22,8
1108bce6-20ee-4dd6-b3c8-1a76ff1a0576,Tucker Kraft,GB,TE,2025,1,43,91.5,18,78.3,1,4.3,4,18.2,2,50.0,1,50.0,0,0.0,5,100.0,6,100.0,0,0.0,22.2,5,6,2,6,1,47,23,22,23,0
e342b017-bdde-4e14-8a8c-00b662da06bd,Bucky Irving,TB,RB,2025,1,43,76.8,21,56.8,14,77.8,4,13.8,4,100.0,0,0.0,0,0.0,8,88.9,2,22.2,5,62.5,19.0,9,9,1,8,0,56,37,29,18,8
1b6f2bd1-48ed-4bbb-b1da-942f81bc5b26,Elic Ayomanor,TEN,WR,2025,1,43,78.2,28,82.4,0,0.0,7,28.0,4,57.1,0,0.0,0,0.0,1,33.3,11,78.6,4,100.0,25.0,3,14,0,9,1,55,34,25,21,4
0ea7b887-760f-49d0-bc8a-47e923da68aa,Michael Wilson,ARI,WR,2025,1,42,68.9,27,71.1,0,0.0,4,14.3,1,25.0,0,0.0,0,0.0,1,50.0,12,100.0,0,0.0,14.8,2,12,1,7,1,61,38,28,23,0
7b450484-9a9c-46f0-9c2d-425b840cadd5,Ja'Marr Chase,CIN,WR,2025,1,42,85.7,27,93.1,0,0.0,5,22.7,3,60.0,0,0.0,0,0.0,5,62.5,7,87.5,2,100.0,18.5,8,8,2,8,2,49,29,22,20,2
d19fec1d-9874-4bd1-a74a-0e1cbb499bbc,Jake Ferguson,DAL,TE,2025,1,42,75.0,29,82.9,0,0.0,6,18.8,5,83.3,1,33.3,0,0.0,4,80.0,7,100.0,12,92.3,20.7,5,7,3,10,2,56,35,32,21,13
74a1fffd-b450-49af-a8db-e8ea9b9803f7,Kalif Raymond,DET,WR,2025,1,42,64.6,33,76.7,0,0.0,3,8.3,2,66.7,0,0.0,0,0.0,5,71.4,10,76.9,0,0.0,9.1,7,13,1,15,0,65,43,36,21,0
78a9587a-e70d-4ff4-9f91-de5e16e695d6,Jahmyr Gibbs,DET,RB,2025,1,42,64.6,28,65.1,9,42.9,10,27.8,10,100.0,0,0.0,0,0.0,4,57.1,7,53.8,0,0.0,35.7,7,13,1,15,0,65,43,36,21,0
677ab1ea-294d-4579-bf11-935467f6b96b,Tyquan Thornton,KC,WR,2025,1,42,72.4,38,80.9,0,0.0,4,11.4,2,50.0,0,0.0,0,0.0,2,40.0,9,75.0,9,69.2,10.5,5,12,1,12,0,58,47,35,10,13
4d9ab615-df0d-47d4-b338-f99210eed789,AJ Barner,SEA,TE,2025,1,42,85.7,19,73.1,1,4.2,2,9.1,1,50.0,0,0.0,0,0.0,4,100.0,5,71.4,11,91.7,10.5,4,7,0,7,2,49,26,22,24,12
d5ec0a76-0891-456f-ae34-2782c9a213e3,Luke Farrell,SF,TE,2025,1,42,58.3,14,35.9,0,0.0,1,3.0,1,100.0,0,0.0,0,0.0,10,90.9,1,11.1,0,0.0,7.1,11,9,3,9,0,72,39,33,31,0
31427cb3-cb95-4244-90a3-cf08814a8c85,Dalton Kincaid,BUF,TE,2025,1,41,52.6,32,60.4,0,0.0,4,9.3,4,100.0,1,20.0,0,0.0,4,33.3,4,40.0,6,75.0,12.5,12,10,5,9,6,78,53,43,22,8
4598a60e-9bd6-4bbc-9466-072b67c5af3d,Troy Franklin,DEN,WR,2025,1,41,57.7,28,65.1,0,0.0,6,16.7,5,83.3,0,0.0,0,0.0,6,75.0,4,36.4,5,83.3,21.4,8,11,2,11,0,71,43,36,26,6
ac6d8552-3395-4227-858d-5dd120166115,Josh Jacobs,GB,RB,2025,1,41,87.2,15,65.2,19,82.6,1,4.5,1,100.0,0,0.0,1,100.0,5,100.0,3,50.0,0,0.0,6.7,5,6,2,6,1,47,23,22,23,0
f40e4ea4-5fbe-48bd-9dd7-7be9dcab0390,Chuba Hubbard,CAR,RB,2025,1,40,65.6,19,47.5,16,80.0,4,13.3,4,100.0,0,0.0,0,0.0,8,72.7,2,16.7,12,70.6,21.1,11,12,0,9,0,61,40,30,20,17
a3c06d33-73fa-40d8-b2a5-c4c305119a81,T.J. Hockenson,MIN,TE,2025,1,40,81.6,21,84.0,0,0.0,4,22.2,3,75.0,0,0.0,0,0.0,5,100.0,8,100.0,1,100.0,19.0,5,8,1,6,0,49,25,18,24,1
8e20b566-e5af-42a6-aa8b-873d6011f865,Stefon Diggs,NE,WR,2025,1,40,58.8,37,69.8,0,0.0,7,16.3,6,85.7,0,0.0,0,0.0,6,66.7,6,66.7,6,54.5,18.9,9,9,3,10,1,68,53,43,15,11
103d3133-9fb5-4c59-ac23-dc931adca437,Zach Ertz,WAS,TE,2025,1,40,61.5,30,81.1,0,0.0,5,17.2,5,100.0,0,0.0,0,0.0,3,50.0,7,87.5,10,100.0,16.7,6,8,1,7,0,65,37,29,25,10
df82cd36-0e8b-44ad-91d1-f50d853f437b,James Conner,ARI,RB,2025,1,39,63.9,21,55.3,12,52.2,4,14.3,4,100.0,0,0.0,1,100.0,2,100.0,3,25.0,0,0.0,19.0,2,12,1,7,1,61,38,28,23,0
a1671032-26b1-4c2a-bc0b-fb44f8837493,Hunter Renfrow,CAR,WR,2025,1,39,63.9,33,82.5,0,0.0,5,16.7,2,40.0,0,0.0,0,0.0,5,45.5,12,100.0,17,100.0,15.2,11,12,0,9,0,61,40,30,20,17
603822d0-3e5d-4ea0-b33a-46dfc79ac4b9,Tee Higgins,CIN,WR,2025,1,39,79.6,25,86.2,0,0.0,4,18.2,4,100.0,0,0.0,0,0.0,6,75.0,7,87.5,2,100.0,16.0,8,8,2,8,2,49,29,22,20,2
d1bbd98f-9075-43e1-aa0d-944e1c282104,Xavier Hutchinson,HOU,WR,2025,1,39,68.4,23,67.6,1,4.3,2,7.7,2,100.0,0,0.0,0,0.0,2,66.7,1,11.1,8,100.0,8.7,3,9,0,5,0,57,34,26,23,8
8500bbe1-1d43-4268-9a95-f3f18c8145d2,Travis Hunter,JAC,WR,2025,1,39,61.9,27,81.8,0,0.0,8,28.6,7,87.5,0,0.0,0,0.0,2,40.0,8,80.0,5,100.0,29.6,5,10,1,7,0,63,33,28,28,5
6c64548f-c91e-43d0-9d30-9352c7c589bc,Travis Etienne Jr.,JAC,RB,2025,1,39,61.9,15,45.5,16,57.1,3,10.7,3,100.0,0,0.0,0,0.0,3,60.0,1,10.0,4,80.0,20.0,5,10,1,7,0,63,33,28,28,5
fd6821bf-31c8-4127-8eea-7f5318590a33,Michael Mayer,LV,TE,2025,1,39,63.9,16,40.0,0,0.0,4,12.1,4,100.0,0,0.0,0,0.0,4,57.1,6,60.0,0,0.0,25.0,7,10,1,10,1,61,40,33,21,7
12c8d08c-26ee-4e68-9656-d89328a08fcf,Mark Andrews,BAL,TE,2025,1,38,76.0,16,72.7,0,0.0,1,5.6,1,100.0,0,0.0,0,0.0,0,0.0,10,90.9,0,0.0,6.2,0,11,1,6,0,50,22,18,28,0
6920de01-7261-4903-94fa-a8a481c8f7eb,Keenan Allen,LAC,WR,2025,1,38,61.3,32,78.0,0,0.0,10,29.4,9,90.0,1,25.0,0,0.0,0,0.0,10,90.9,0,0.0,31.2,5,11,4,8,0,62,41,34,18,0
3e2752a5-6cfe-412f-a59d-7ddebb7349d3,Dont'e Thornton Jr.,LV,WR,2025,1,38,62.3,25,62.5,0,0.0,4,12.1,2,50.0,0,0.0,0,0.0,5,71.4,7,70.0,7,100.0,16.0,7,10,1,10,1,61,40,33,21,7
0b8b555a-379b-4b01-8923-c225f1181f2a,Jaxon Smith-Njigba,SEA,WR,2025,1,38,77.6,23,88.5,0,0.0,13,59.1,10,76.9,0,0.0,0,0.0,2,50.0,7,100.0,11,91.7,56.5,4,7,0,7,2,49,26,22,24,12
c6087e40-8804-4907-9aff-d3fc10c08e49,Ja'Tavion Sanders,CAR,TE,2025,1,37,60.7,26,65.0,0,0.0,3,10.0,3,100.0,0,0.0,0,0.0,6,54.5,10,83.3,13,76.5,11.5,11,12,0,9,0,61,40,30,20,17
d4f18944-8136-4c18-a64d-cd91ee9f4319,Jerome Ford,CLE,RB,2025,1,37,52.1,25,52.1,6,26.1,1,2.4,1,100.0,0,0.0,2,50.0,3,37.5,12,85.7,5,100.0,4.0,8,14,1,10,4,71,48,41,23,5
67d9c82c-38f0-4212-9126-c6c0c3a5c2f2,J.K. Dobbins,DEN,RB,2025,1,37,52.1,13,30.2,16,61.5,2,5.6,2,100.0,0,0.0,0,0.0,5,62.5,3,27.3,2,33.3,15.4,8,11,2,11,0,71,43,36,26,6
8f4bcbe9-f840-4894-88bd-f8c35d687d10,Rashod Bateman,BAL,WR,2025,1,36,72.0,19,86.4,0,0.0,3,16.7,2,66.7,0,0.0,0,0.0,0,0.0,10,90.9,0,0.0,15.8,0,11,1,6,0,50,22,18,28,0
e79513b6-48db-4786-b8ff-c02f072db551,Chase Brown,CIN,RB,2025,1,36,73.5,13,44.8,20,100.0,3,13.6,3,100.0,0,0.0,2,100.0,6,75.0,2,25.0,0,0.0,23.1,8,8,2,8,2,49,29,22,20,2
c2f48e37-77dd-4b9a-8920-ec3b6e8d2475,Marvin Mims Jr.,DEN,WR,2025,1,36,50.7,27,62.8,0,0.0,4,11.1,3,75.0,0,0.0,0,0.0,4,50.0,8,72.7,5,83.3,14.8,8,11,2,11,0,71,43,36,26,6
2735c8e9-1338-4cf8-88c1-cb0452687768,Puka Nacua,LA,WR,2025,1,36,63.2,22,68.8,1,4.3,11,40.7,10,90.9,0,0.0,0,0.0,3,60.0,7,70.0,0,0.0,50.0,5,10,1,7,3,57,32,27,23,0
f0ac0084-7bf6-4ada-9fd3-bd8771869643,Breece Hall,NYJ,RB,2025,1,36,58.1,8,32.0,19,51.4,2,11.1,2,100.0,0,0.0,1,33.3,4,50.0,3,30.0,4,66.7,25.0,8,10,0,5,3,62,25,18,37,6
b93fca13-6ff1-43b4-8e9c-9c5358534869,Grant Calcaterra,PHI,TE,2025,1,36,58.1,10,29.4,0,0.0,0,0.0,0,0.0,0,0.0,0,0.0,4,57.1,3,30.0,0,0.0,0.0,7,10,0,6,2,62,34,20,25,5
e4813e39-9e02-4fa1-a944-409c3a2d5c9c,Josh Downs,IND,WR,2025,1,35,50.0,17,51.5,0,0.0,3,10.3,2,66.7,0,0.0,0,0.0,6,54.5,7,77.8,0,0.0,17.6,11,9,2,9,5,70,33,29,37,0
f69e2d9c-8c94-463e-b965-ae5b34f18872,Will Dissly,LAC,TE,2025,1,35,56.5,21,51.2,0,0.0,1,2.9,1,100.0,0,0.0,0,0.0,2,40.0,4,36.4,0,0.0,4.8,5,11,4,8,0,62,41,34,18,0
003cd807-fc20-451d-a436-71c1f4a7655d,Mack Hollins,NE,WR,2025,1,35,51.5,21,39.6,0,0.0,2,4.7,1,50.0,0,0.0,0,0.0,6,66.7,2,22.2,7,63.6,9.5,9,9,3,10,1,68,53,43,15,11
aaf61fde-6940-42c8-9f49-51e1cc9240e7,Jonnu Smith,PIT,TE,2025,1,35,64.8,18,52.9,0,0.0,6,21.4,5,83.3,0,0.0,0,0.0,2,66.7,7,87.5,5,100.0,33.3,3,8,1,6,1,54,34,28,19,5
60849038-7306-4861-ad03-d64b3bf11f43,Sterling Shepard,TB,WR,2025,1,35,62.5,27,73.0,0,0.0,6,20.7,3,50.0,0,0.0,0,0.0,3,33.3,8,88.9,7,87.5,22.2,9,9,1,8,0,56,37,29,18,8
dceee638-01c3-409d-ac0d-cf4d091988f8,Colston Loveland,CHI,TE,2025,1,34,54.0,21,47.7,0,0.0,2,6.2,2,100.0,0,0.0,0,0.0,1,50.0,4,33.3,2,33.3,9.5,2,12,1,10,0,63,44,32,19,6
424755d3-3fc8-4c68-bc9b-fa5bfae6907d,Drew Sample,CIN,TE,2025,1,33,67.3,12,41.4,0,0.0,0,0.0,0,0.0,0,0.0,0,0.0,6,75.0,1,12.5,0,0.0,0.0,8,8,2,8,2,49,29,22,20,2
85a80da0-deb9-4bed-8678-aa7750bdfc2f,Andrei Iosivas,CIN,WR,2025,1,33,67.3,20,69.0,0,0.0,0,0.0,0,0.0,0,0.0,0,0.0,6,75.0,8,100.0,2,100.0,0.0,8,8,2,8,2,49,29,22,20,2
d7630875-9826-48c6-b896-c10bc6bb4b31,Romeo Doubs,GB,WR,2025,1,33,70.2,17,73.9,0,0.0,4,18.2,2,50.0,0,0.0,0,0.0,5,100.0,4,66.7,0,0.0,23.5,5,6,2,6,1,47,23,22,23,0
c5da02ca-761e-47b6-aa73-5b216e3b7d27,Cade Stover,HOU,TE,2025,1,33,57.9,12,35.3,0,0.0,4,15.4,4,100.0,0,0.0,0,0.0,3,100.0,2,22.2,0,0.0,33.3,3,9,0,5,0,57,34,26,23,8
5a0c8b1b-567c-4993-9f60-2af1ad861aee,Tyler Higbee,LA,TE,2025,1,33,57.9,21,65.6,0,0.0,0,0.0,0,0.0,0,0.0,0,0.0,3,60.0,10,100.0,0,0.0,0.0,5,10,1,7,3,57,32,27,23,0
dc6f41a1-f5d7-4add-aac4-ea650630799b,De'Von Achane,MIA,RB,2025,1,33,71.7,21,58.3,7,70.0,4,13.3,4,100.0,0,0.0,0,0.0,2,66.7,8,72.7,0,0.0,19.0,3,11,1,9,0,46,36,30,10,0
ca676e3f-0f0b-44e6-94f2-d55bdd34f804,John Bates,WAS,TE,2025,1,33,50.8,7,18.9,0,0.0,0,0.0,0,0.0,0,0.0,0,0.0,4,66.7,0,0.0,0,0.0,0.0,6,8,1,7,0,65,37,29,25,10
3662b33e-b74a-4f79-bb40-8a050b8618cc,Dylan Sampson,CLE,RB,2025,1,32,45.1,15,31.2,12,52.2,8,19.5,8,100.0,0,0.0,0,0.0,3,37.5,2,14.3,0,0.0,53.3,8,14,1,10,4,71,48,41,23,5
de621f53-33ca-407e-8646-93e05a2eb320,Justin Watson,HOU,WR,2025,1,32,56.1,18,52.9,0,0.0,2,7.7,2,100.0,0,0.0,0,0.0,2,66.7,0,0.0,4,50.0,11.1,3,9,0,5,0,57,34,26,23,8
0655b4ca-8e32-4021-a7db-37a88d47b60d,Mo Alie-Cox,IND,TE,2025,1,32,45.7,10,30.3,0,0.0,1,3.4,1,100.0,0,0.0,0,0.0,4,36.4,2,22.2,0,0.0,10.0,11,9,2,9,5,70,33,29,37,0
0d6df34c-94f5-4ce5-b8b1-91e2fb197877,Tyler Lockett,TEN,WR,2025,1,32,58.2,26,76.5,0,0.0,1,4.0,0,0.0,0,0.0,0,0.0,1,33.3,10,71.4,4,100.0,3.8,3,14,0,9,1,55,34,25,21,4
333c6365-cfac-4b93-9015-49cff018311e,Tyler Johnson,NYJ,WR,2025,1,32,51.6,14,56.0,0,0.0,2,11.1,2,100.0,0,0.0,0,0.0,5,62.5,9,90.0,6,100.0,14.3,8,10,0,5,3,62,25,18,37,6
0baeefd8-70de-4fe6-9f72-bdc3c70fbae7,Austin Ekeler,WAS,RB,2025,1,32,49.2,19,51.4,6,24.0,3,10.3,3,100.0,0,0.0,0,0.0,3,50.0,7,87.5,7,70.0,15.8,6,8,1,7,0,65,37,29,25,10
a8f31dde-5a1d-4b89-8811-18b8edefbed7,Brock Bowers,LV,TE,2025,1,31,50.8,26,65.0,0,0.0,8,24.2,6,75.0,0,0.0,0,0.0,1,14.3,6,60.0,7,100.0,30.8,7,10,1,10,1,61,40,33,21,7
4ecad50c-e06c-4a78-865e-7a34cc0f5a2a,Tip Reiman,ARI,TE,2025,1,30,49.2,14,36.8,0,0.0,1,3.6,1,100.0,0,0.0,0,0.0,1,50.0,1,8.3,0,0.0,7.1,2,12,1,7,1,61,38,28,23,0
9684e43f-e300-4390-ba3a-e18aa7728040,Dalton Schultz,HOU,TE,2025,1,30,52.6,21,61.8,0,0.0,4,15.4,4,100.0,0,0.0,0,0.0,1,33.3,7,77.8,8,100.0,19.0,3,9,0,5,0,57,34,26,23,8
f4818c06-8928-482c-b6e8-c5cfec1ee774,Noah Brown,WAS,WR,2025,1,30,46.2,21,56.8,0,0.0,3,10.3,2,66.7,1,100.0,0,0.0,5,83.3,3,37.5,4,40.0,14.3,6,8,1,7,0,65,37,29,25,10
6180f681-02a5-4c99-b54b-fbe9b5747e5f,Zay Jones,ARI,WR,2025,1,29,47.5,20,52.6,0,0.0,1,3.6,1,100.0,0,0.0,0,0.0,1,50.0,6,50.0,0,0.0,5.0,2,12,1,7,1,61,38,28,23,0
2435a2af-2fc6-400d-ae89-c0799e15f75e,Charlie Woerner,ATL,TE,2025,1,29,40.8,6,12.8,0,0.0,0,0.0,0,0.0,0,0.0,0,0.0,3,60.0,1,7.1,0,0.0,0.0,5,14,3,10,3,71,47,39,23,7
f516fce4-a946-4295-a314-b85429a93ea4,Jordan Whittington,LA,WR,2025,1,29,50.9,10,31.2,1,4.3,0,0.0,0,0.0,0,0.0,0,0.0,4,80.0,3,30.0,0,0.0,0.0,5,10,1,7,3,57,32,27,23,0
267c587c-b94c-459c-99ef-58a2be6b7e6b,Jaylen Waddle,MIA,WR,2025,1,29,63.0,21,58.3,0,0.0,5,16.7,4,80.0,0,0.0,0,0.0,3,100.0,7,63.6,0,0.0,23.8,3,11,1,9,0,46,36,30,10,0
bb1f47a9-dcae-4ec0-94a0-e892709f095a,Zach Charbonnet,SEA,RB,2025,1,29,59.2,11,42.3,11,45.8,0,0.0,0,0.0,0,0.0,2,100.0,3,75.0,5,71.4,10,83.3,0.0,4,7,0,7,2,49,26,22,24,12
5e85bccd-0962-4974-af90-62349bcb28aa,Derrick Henry,BAL,RB,2025,1,28,56.0,5,22.7,18,64.3,1,5.6,1,100.0,0,0.0,0,0.0,0,0.0,0,0.0,0,0.0,20.0,0,11,1,6,0,50,22,18,28,0
85dbb5d3-9f1b-4003-8c71-5faf36546817,Charlie Kolar,BAL,TE,2025,1,28,56.0,9,40.9,0,0.0,0,0.0,0,0.0,0,0.0,0,0.0,0,0.0,3,27.3,0,0.0,0.0,0,11,1,6,0,50,22,18,28,0
6392da3f-c326-4ad1-9f38-d415c3142f1e,Tommy Tremble,CAR,TE,2025,1,28,45.9,13,32.5,0,0.0,1,3.3,1,100.0,0,0.0,0,0.0,4,36.4,1,8.3,4,23.5,7.7,11,12,0,9,0,61,40,30,20,17
85c654f2-1792-412a-b849-e8a99f15c37c,Olamide Zaccheaus,CHI,WR,2025,1,28,44.4,26,59.1,0,0.0,6,18.8,4,66.7,0,0.0,0,0.0,1,50.0,10,83.3,5,83.3,23.1,2,12,1,10,0,63,44,32,19,6
541c2896-40b2-43d1-aef3-cfa4db5d2798,Nick Chubb,HOU,RB,2025,1,28,49.1,9,26.5,13,56.5,1,3.8,0,0.0,0,0.0,0,0.0,3,100.0,0,0.0,0,0.0,11.1,3,9,0,5,0,57,34,26,23,8
acba4bcf-e673-4fa1-9935-ab22041bed1e,Johnny Mundt,JAC,TE,2025,1,28,44.4,8,24.2,0,0.0,0,0.0,0,0.0,0,0.0,0,0.0,2,40.0,1,10.0,0,0.0,0.0,5,10,1,7,0,63,33,28,28,5
debcba0e-e6cf-4e9e-88de-d964b8d7aa49,Isiah Pacheco,KC,RB,2025,1,28,48.3,21,44.7,5,50.0,3,8.6,3,100.0,0,0.0,0,0.0,0,0.0,1,8.3,9,69.2,14.3,5,12,1,12,0,58,47,35,10,13
fe155533-4fbf-417e-bffd-f0a91e337fed,Colby Parkinson,LA,TE,2025,1,28,49.1,9,28.1,0,0.0,2,7.4,2,100.0,0,0.0,0,0.0,2,40.0,1,10.0,0,0.0,22.2,5,10,1,7,3,57,32,27,23,0
d2d35213-1690-4f25-a82a-db685b7069dd,Malik Washington,MIA,WR,2025,1,28,60.9,26,72.2,1,10.0,5,16.7,3,60.0,0,0.0,0,0.0,1,33.3,10,90.9,0,0.0,19.2,3,11,1,9,0,46,36,30,10,0
2f8ab04e-0e8d-448b-9f43-e45b084bd6ef,Tyreek Hill,MIA,WR,2025,1,28,60.9,22,61.1,0,0.0,6,20.0,5,83.3,0,0.0,0,0.0,1,33.3,6,54.5,0,0.0,27.3,3,11,1,9,0,46,36,30,10,0
ae296013-3874-468d-9a92-dab21b7d904b,Jordan Mason,MIN,RB,2025,1,28,57.1,7,28.0,15,62.5,1,5.6,1,100.0,0,0.0,0,0.0,1,20.0,5,62.5,0,0.0,14.3,5,8,1,6,0,49,25,18,24,1
a13928ca-181a-456c-9565-49736fd1c5a8,Jeremy Ruckert,NYJ,TE,2025,1,28,45.2,6,24.0,0,0.0,2,11.1,2,100.0,0,0.0,0,0.0,3,37.5,2,20.0,0,0.0,33.3,8,10,0,5,3,62,25,18,37,6
14f86e27-f8fb-4038-8f55-c7f5f7370c9a,Jahan Dotson,PHI,WR,2025,1,28,45.2,23,67.6,0,0.0,3,15.0,3,100.0,0,0.0,0,0.0,2,28.6,7,70.0,5,100.0,13.0,7,10,0,6,2,62,34,20,25,5
2695261a-7154-4d11-b667-425791c63e2a,Adam Thielen,MIN,WR,2025,1,28,57.1,17,68.0,0,0.0,1,5.6,1,100.0,0,0.0,0,0.0,4,80.0,5,62.5,1,100.0,5.9,5,8,1,6,0,49,25,18,24,1
1946f4d7-7461-43b5-9997-f4cc9d1b6107,Jake Tonges,SF,TE,2025,1,28,38.9,16,41.0,0,0.0,3,9.1,3,100.0,1,33.3,0,0.0,5,45.5,4,44.4,0,0.0,18.8,11,9,3,9,0,72,39,33,31,0
6b3d7a7b-5061-4c98-aa72-1f5bc9a96b6d,Tanner Conner,MIA,TE,2025,1,27,58.7,21,58.3,0,0.0,4,13.3,2,50.0,1,100.0,0,0.0,2,66.7,8,72.7,0,0.0,19.0,3,11,1,9,0,46,36,30,10,0
9ef4c1f8-2cba-41b6-84b9-a09173a96dd4,Kenneth Gainwell,PIT,RB,2025,1,27,50.0,16,47.1,7,36.8,3,10.7,3,100.0,0,0.0,0,0.0,1,33.3,8,100.0,5,100.0,18.8,3,8,1,6,1,54,34,28,19,5
1ee74b8c-5cd0-4301-8794-10ecfb6c648a,Russell Gage,SF,WR,2025,1,27,37.5,19,48.7,0,0.0,0,0.0,0,0.0,0,0.0,0,0.0,3,27.3,9,100.0,0,0.0,0.0,11,9,3,9,0,72,39,33,31,0
7a47c1c1-6cca-428a-bb29-b4dcddf8ec9c,Noah Fant,CIN,TE,2025,1,26,53.1,14,48.3,0,0.0,5,22.7,5,100.0,1,50.0,0,0.0,3,37.5,4,50.0,1,50.0,35.7,8,8,2,8,2,49,29,22,20,2
987919a2-efe3-45a6-9c67-2b24a2d97252,KaVontae Turpin,DAL,WR,2025,1,26,46.4,17,48.6,2,9.5,2,6.2,2,100.0,0,0.0,0,0.0,2,40.0,5,71.4,5,38.5,11.8,5,7,3,10,2,56,35,32,21,13
9e9bafb0-5fef-4c4d-a004-f74092fd2c41,Andrew Ogletree,IND,TE,2025,1,26,37.1,5,15.2,0,0.0,0,0.0,0,0.0,0,0.0,0,0.0,4,36.4,2,22.2,0,0.0,0.0,11,9,2,9,5,70,33,29,37,0
891f828a-34a4-45b1-bca3-81956a75c51c,Tyler Conklin,LAC,TE,2025,1,26,41.9,12,29.3,1,5.6,2,5.9,2,100.0,0,0.0,0,0.0,5,100.0,6,54.5,0,0.0,16.7,5,11,4,8,0,62,41,34,18,0
f3b80456-8f50-491b-a2fa-57dec77471a9,Julian Hill,MIA,TE,2025,1,26,56.5,15,41.7,0,0.0,0,0.0,0,0.0,0,0.0,0,0.0,2,66.7,4,36.4,0,0.0,0.0,3,11,1,9,0,46,36,30,10,0
32abc43e-19b1-47a3-a9a9-3f1a15d7d593,Pat Freiermuth,PIT,TE,2025,1,26,48.1,18,52.9,0,0.0,3,10.7,3,100.0,0,0.0,0,0.0,1,33.3,7,87.5,3,60.0,16.7,3,8,1,6,1,54,34,28,19,5
797df14b-342b-46d2-8ae3-37cbb79249f1,Marquez Valdes-Scantling,SF,WR,2025,1,26,36.1,15,38.5,0,0.0,0,0.0,0,0.0,0,0.0,0,0.0,5,45.5,2,22.2,0,0.0,0.0,11,9,3,9,0,72,39,33,31,0
7126505c-4b3a-4401-ba0a-b23f85b0ba54,Darnell Washington,PIT,TE,2025,1,26,48.1,8,23.5,0,0.0,0,0.0,0,0.0,0,0.0,0,0.0,2,66.7,0,0.0,0,0.0,0.0,3,8,1,6,1,54,34,28,19,5
1d67bcea-533e-442c-a2e8-22b9ddc2389d,Tory Horton,SEA,WR,2025,1,26,53.1,17,65.4,0,0.0,0,0.0,0,0.0,0,0.0,0,0.0,1,25.0,6,85.7,12,100.0,0.0,4,7,0,7,2,49,26,22,24,12
7e7ffbde-37ad-459c-99b3-72e11eadddbb,Ty Johnson,BUF,RB,2025,1,25,32.1,18,34.0,1,4.5,1,2.3,1,100.0,1,20.0,0,0.0,3,25.0,8,80.0,2,25.0,5.6,12,10,5,9,6,78,53,43,22,8
0600e774-93c3-4fa9-8213-642bd02d0771,Jalen Tolbert,DAL,WR,2025,1,25,44.6,18,51.4,0,0.0,2,6.2,1,50.0,1,33.3,0,0.0,1,20.0,2,28.6,9,69.2,11.1,5,7,3,10,2,56,35,32,21,13
8f33c0ee-0e7b-40f8-b1a0-2e116301146d,David Montgomery,DET,RB,2025,1,25,38.5,14,32.6,11,52.4,4,11.1,4,100.0,0,0.0,0,0.0,3,42.9,7,53.8,0,0.0,28.6,7,13,1,15,0,65,43,36,21,0
2047e10e-17be-4341-900b-01c47eedccec,Jaylen Warren,PIT,RB,2025,1,25,46.3,9,26.5,11,57.9,2,7.1,2,100.0,0,0.0,1,100.0,2,66.7,0,0.0,0,0.0,22.2,3,8,1,6,1,54,34,28,19,5
9da77ee0-eae7-40ea-bd9a-d5ad8f231391,Trent Sherfield,DEN,WR,2025,1,24,33.8,16,37.2,0,0.0,1,2.8,1,100.0,0,0.0,0,0.0,3,37.5,5,45.5,0,0.0,6.2,8,11,2,11,0,71,43,36,26,6
1fca03ab-4c91-4de8-b8e4-9f290c31c63a,Brock Wright,DET,TE,2025,1,24,36.9,6,14.0,0,0.0,0,0.0,0,0.0,0,0.0,0,0.0,3,42.9,0,0.0,0,0.0,0.0,7,13,1,15,0,65,43,36,21,0
cb0376ff-77a1-4a10-9873-e684dc4da02c,Jayden Higgins,HOU,WR,2025,1,24,42.1,14,41.2,0,0.0,3,11.5,3,100.0,0,0.0,0,0.0,1,33.3,8,88.9,2,25.0,21.4,3,9,0,5,0,57,34,26,23,8
d33b79b9-79ab-4d1f-b448-93271850b27e,Justice Hill,BAL,RB,2025,1,23,46.0,13,59.1,2,7.1,2,11.1,2,100.0,0,0.0,0,0.0,0,0.0,11,100.0,0,0.0,15.4,0,11,1,6,0,50,22,18,28,0
68f77860-f7d1-42a3-a022-0ac87285695c,Noah Gray,KC,TE,2025,1,23,39.7,15,31.9,0,0.0,1,2.9,1,100.0,0,0.0,0,0.0,3,60.0,3,25.0,3,23.1,6.7,5,12,1,12,0,58,47,35,10,13
b4c567a0-2390-48f0-a58c-76ee757d5436,Tutu Atwell,LA,WR,2025,1,23,40.4,19,59.4,0,0.0,1,3.7,1,100.0,0,0.0,0,0.0,1,20.0,9,90.0,0,0.0,5.3,5,10,1,7,3,57,32,27,23,0
f7d5ed48-8166-4f36-9b7d-59721eec3d79,Josh Oliver,MIN,TE,2025,1,23,46.9,4,16.0,0,0.0,1,5.6,1,100.0,0,0.0,0,0.0,1,20.0,1,12.5,0,0.0,25.0,5,8,1,6,0,49,25,18,24,1
e5b3bc59-2f46-45d5-a41e-f32b6af28b1e,Aaron Jones,MIN,RB,2025,1,23,46.9,13,52.0,8,33.3,3,16.7,3,100.0,0,0.0,0,0.0,4,80.0,3,37.5,1,100.0,23.1,5,8,1,6,0,49,25,18,24,1
b6072304-87ca-48d3-8723-701c7bb4477c,TreVeyon Henderson,NE,RB,2025,1,23,33.8,18,34.0,5,33.3,6,14.0,6,100.0,0,0.0,0,0.0,3,33.3,3,33.3,3,27.3,33.3,9,9,3,10,1,68,53,43,15,11
afe63be8-23e2-4e7e-a3d5-62c8d39415f0,Rico Dowdle,CAR,RB,2025,1,22,36.1,13,32.5,3,15.0,3,10.0,2,66.7,0,0.0,0,0.0,3,27.3,10,83.3,5,29.4,23.1,11,12,0,9,0,61,40,30,20,17
63bee737-b9f3-4d45-b988-2b2cc9b844e7,RJ Harvey,DEN,RB,2025,1,22,31.0,14,32.6,6,23.1,1,2.8,1,100.0,0,0.0,0,0.0,2,25.0,3,27.3,0,0.0,7.1,8,11,2,11,0,71,43,36,26,6
84e2f637-e22a-451c-b144-3a45dda1145f,Lucas Krull,DEN,TE,2025,1,22,31.0,11,25.6,0,0.0,2,5.6,1,50.0,0,0.0,0,0.0,2,25.0,4,36.4,2,33.3,18.2,8,11,2,11,0,71,43,36,26,6
1db285a6-c443-45d9-bdd2-8d28824cfcb0,Matthew Golden,GB,WR,2025,1,22,46.8,13,56.5,0,0.0,2,9.1,2,100.0,0,0.0,0,0.0,1,20.0,5,83.3,0,0.0,15.4,5,6,2,6,1,47,23,22,23,0
db42abda-4d21-42f0-bb2c-5515b32f7567,Kareem Hunt,KC,RB,2025,1,22,37.9,17,36.2,4,40.0,3,8.6,3,100.0,0,0.0,0,0.0,4,80.0,10,83.3,4,30.8,17.6,5,12,1,12,0,58,47,35,10,13
80cccf1b-0ff3-4614-acfd-a11a5dd93690,Gunnar Helm,TEN,TE,2025,1,22,40.0,6,17.6,0,0.0,2,8.0,2,100.0,0,0.0,0,0.0,2,66.7,3,21.4,0,0.0,33.3,3,14,0,9,1,55,34,25,21,4
95b4bd21-47d4-4f86-991b-1bfb26bd95a0,Trey Benson,ARI,RB,2025,1,21,34.4,10,26.3,8,34.8,1,3.6,1,100.0,0,0.0,0,0.0,0,0.0,9,75.0,0,0.0,10.0,2,12,1,7,1,61,38,28,23,0
39744a7a-6075-4512-950b-b3d86c965eb8,Evan Engram,DEN,TE,2025,1,21,29.6,18,41.9,0,0.0,4,11.1,3,75.0,0,0.0,0,0.0,4,50.0,5,45.5,4,66.7,22.2,8,11,2,11,0,71,43,36,26,6
b8db7dce-1075-40fb-b159-eba83452ef7f,Dontayvion Wicks,GB,WR,2025,1,21,44.7,9,39.1,0,0.0,2,9.1,2,100.0,0,0.0,0,0.0,4,80.0,2,33.3,0,0.0,22.2,5,6,2,6,1,47,23,22,23,0
e1702d62-f90b-4ea6-9c2f-857e692e8b37,Davis Allen,LA,TE,2025,1,21,36.8,11,34.4,0,0.0,2,7.4,2,100.0,1,100.0,0,0.0,2,40.0,0,0.0,0,0.0,18.2,5,10,1,7,3,57,32,27,23,0
1fbde5fd-dc6e-4749-8a6b-3f13e3013612,Austin Hooper,NE,TE,2025,1,21,30.9,9,17.0,0,0.0,1,2.3,1,100.0,0,0.0,0,0.0,3,33.3,0,0.0,2,18.2,11.1,9,9,3,10,1,68,53,43,15,11
87eb888d-bca6-4c8e-88d4-df906836290b,Jamari Thrash,CLE,WR,2025,1,20,28.2,14,29.2,0,0.0,1,2.4,1,100.0,0,0.0,0,0.0,1,12.5,6,42.9,4,80.0,7.1,8,14,1,10,4,71,48,41,23,5
7c9f68c4-9f0f-419f-b44b-a70c9d36a7f3,Ian Thomas,LV,TE,2025,1,20,32.8,2,5.0,0,0.0,0,0.0,0,0.0,0,0.0,0,0.0,4,57.1,1,10.0,0,0.0,0.0,7,10,1,10,1,61,40,33,21,7
1f970f47-a072-4c76-b236-fd5008b21191,Nick Westbrook-Ikhine,MIA,WR,2025,1,20,43.5,15,41.7,0,0.0,1,3.3,1,100.0,0,0.0,0,0.0,1,33.3,5,45.5,0,0.0,6.7,3,11,1,9,0,46,36,30,10,0
a2cadcf6-bce7-4926-a2f0-2539ebec165c,Kenneth Walker III,SEA,RB,2025,1,20,40.8,9,34.6,10,41.7,3,13.6,3,100.0,0,0.0,0,0.0,1,25.0,1,14.3,2,16.7,33.3,4,7,0,7,2,49,26,22,24,12
70935f39-1ff7-4fbe-bc22-a968cd77c0d3,George Kittle,SF,TE,2025,1,20,27.8,13,33.3,0,0.0,4,12.1,4,100.0,0,0.0,0,0.0,0,0.0,4,44.4,0,0.0,30.8,11,9,3,9,0,72,39,33,31,0
667f117f-b46b-4507-b314-1080710328f6,Brycen Tremayne,CAR,WR,2025,1,19,31.1,10,25.0,0,0.0,0,0.0,0,0.0,0,0.0,0,0.0,6,54.5,3,25.0,6,35.3,0.0,11,12,0,9,0,61,40,30,20,17
dde39a38-5c46-464b-a368-dcb7354c519f,Braelon Allen,NYJ,RB,2025,1,19,30.6,3,12.0,6,16.2,0,0.0,0,0.0,0,0.0,0,0.0,3,37.5,1,10.0,0,0.0,0.0,8,10,0,5,3,62,25,18,37,6
7052b38c-117e-4b4f-847e-4010fd0a7997,Jacory Croskey-Merritt,WAS,RB,2025,1,19,29.2,7,18.9,10,40.0,1,3.4,0,0.0,0,0.0,0,0.0,2,33.3,0,0.0,0,0.0,14.3,6,8,1,7,0,65,37,29,25,10
329b5077-f730-4d2b-943d-92ecab387041,Jaylin Lane,WAS,WR,2025,1,19,29.2,12,32.4,0,0.0,2,6.9,2,100.0,0,0.0,0,0.0,1,16.7,4,50.0,6,60.0,16.7,6,8,1,7,0,65,37,29,25,10
f7e583c7-6864-4f1c-b610-7f4615a7196b,Tyler Allgeier,ATL,RB,2025,1,18,25.4,6,12.8,10,43.5,0,0.0,0,0.0,0,0.0,1,33.3,2,40.0,1,7.1,0,0.0,0.0,5,14,3,10,3,71,47,39,23,7
14b863e1-dc93-41d0-94f4-1743fff8e5e1,Isaiah Bond,CLE,WR,2025,1,18,25.4,11,22.9,0,0.0,1,2.4,1,100.0,0,0.0,0,0.0,3,37.5,4,28.6,0,0.0,9.1,8,14,1,10,4,71,48,41,23,5
3370de69-cd2b-41f2-9716-bffb659a9a2f,Jayden Reed,GB,WR,2025,1,18,38.3,12,52.2,0,0.0,5,22.7,4,80.0,1,50.0,0,0.0,1,20.0,6,100.0,0,0.0,41.7,5,6,2,6,1,47,23,22,23,0
4e277956-5bb3-4e0a-b38b-470907848e4b,Brian Robinson,SF,RB,2025,1,18,25.0,7,17.9,9,29.0,2,6.1,1,50.0,0,0.0,0,0.0,1,9.1,0,0.0,0,0.0,28.6,11,9,3,9,0,72,39,33,31,0
10d47ed6-b230-41eb-8387-e5e5d6010153,Chris Moore,WAS,WR,2025,1,18,27.7,9,24.3,0,0.0,1,3.4,1,100.0,0,0.0,0,0.0,2,33.3,2,25.0,1,10.0,11.1,6,8,1,7,0,65,37,29,25,10
a2ce2d86-54e6-420a-adf4-b9f8ed18787b,Elijah Higgins,ARI,TE,2025,1,17,27.9,7,18.4,0,0.0,2,7.1,1,50.0,0,0.0,0,0.0,1,50.0,0,0.0,0,0.0,28.6,2,12,1,7,1,61,38,28,23,0
6c443211-b64a-4bd7-a517-98dc3ba34b2c,DeAndre Hopkins,BAL,WR,2025,1,17,34.0,12,54.5,0,0.0,2,11.1,2,100.0,0,0.0,0,0.0,0,0.0,7,63.6,0,0.0,16.7,0,11,1,6,0,50,22,18,28,0
8e133a8a-07d0-47d2-9afc-d02c63b97565,Luther Burden III,CHI,WR,2025,1,17,27.0,10,22.7,0,0.0,1,3.1,1,100.0,0,0.0,0,0.0,1,50.0,1,8.3,3,50.0,10.0,2,12,1,10,0,63,44,32,19,6
83991c64-2c8f-414b-adb6-dfa7973159db,Luke Musgrave,GB,TE,2025,1,17,36.2,4,17.4,0,0.0,1,4.5,1,100.0,0,0.0,0,0.0,3,60.0,0,0.0,0,0.0,25.0,5,6,2,6,1,47,23,22,23,0
199650c1-792e-4a57-b63e-c9ddde2a6755,DJ Giddens,IND,RB,2025,1,17,24.3,1,3.0,12,32.4,0,0.0,0,0.0,0,0.0,1,20.0,4,36.4,1,11.1,0,0.0,0.0,11,9,2,9,5,70,33,29,37,0
12106509-e9dc-4927-a0d2-5aceeb65d42d,Jack Stoll,NO,TE,2025,1,17,25.0,5,10.2,0,0.0,0,0.0,0,0.0,0,0.0,0,0.0,3,50.0,2,16.7,2,9.5,0.0,6,12,4,11,1,68,49,41,20,21
ad3a5c80-259e-4733-a181-0152689972ca,Chris Manhertz,NYG,TE,2025,1,17,27.4,3,6.7,0,0.0,0,0.0,0,0.0,0,0.0,0,0.0,4,80.0,0,0.0,0,0.0,0.0,5,14,2,11,1,62,45,27,17,0
a4035ddb-9f9b-4a81-9153-e6c8cd2fe3c7,Kylen Granson,PHI,TE,2025,1,17,27.4,4,11.8,0,0.0,1,5.0,1,100.0,0,0.0,0,0.0,2,28.6,2,20.0,0,0.0,25.0,7,10,0,6,2,62,34,20,25,5
ff907e4d-9cd3-452d-be41-9770e7709321,Tylan Wallace,BAL,WR,2025,1,16,32.0,5,22.7,0,0.0,0,0.0,0,0.0,0,0.0,0,0.0,0,0.0,3,27.3,0,0.0,0.0,0,11,1,6,0,50,22,18,28,0
5bdda924-3869-4d1b-bca4-e99bc6b7e2b1,Jackson Hawes,BUF,TE,2025,1,16,20.5,2,3.8,0,0.0,1,2.3,1,100.0,0,0.0,0,0.0,5,41.7,0,0.0,0,0.0,50.0,12,10,5,9,6,78,53,43,22,8
94949848-4c8d-4d83-921b-1c3adb5b16f1,Tyrell Shavers,BUF,WR,2025,1,16,20.5,5,9.4,0,0.0,0,0.0,0,0.0,0,0.0,0,0.0,5,41.7,0,0.0,0,0.0,0.0,12,10,5,9,6,78,53,43,22,8
aa262ce5-6d23-4bc4-8fce-f54b2ebc69ee,Jaylin Noel,HOU,WR,2025,1,16,28.1,13,38.2,0,0.0,2,7.7,1,50.0,0,0.0,0,0.0,0,0.0,9,100.0,4,50.0,15.4,3,9,0,5,0,57,34,26,23,8
302f2b22-be97-4120-bd47-87c1bed8dd89,Elijah Arroyo,SEA,TE,2025,1,16,32.7,10,38.5,0,0.0,1,4.5,1,100.0,0,0.0,0,0.0,0,0.0,3,42.9,1,8.3,10.0,4,7,0,7,2,49,26,22,24,12
9b4628dc-c57f-44d1-b7b0-c8a9f0103fa4,Mike Gesicki,CIN,TE,2025,1,15,30.6,11,37.9,0,0.0,3,13.6,1,33.3,1,50.0,0,0.0,4,50.0,4,50.0,1,50.0,27.3,8,8,2,8,2,49,29,22,20,2
9edf9141-b4b6-4f2b-b31a-788023510e71,John FitzPatrick,GB,TE,2025,1,15,31.9,4,17.4,0,0.0,1,4.5,1,100.0,0,0.0,0,0.0,1,20.0,0,0.0,0,0.0,25.0,5,6,2,6,1,47,23,22,23,0
8ce3e1a6-a488-40c5-a47f-1cf1526c290f,Dare Ogunbowale,HOU,RB,2025,1,15,26.3,8,23.5,2,8.7,2,7.7,2,100.0,0,0.0,0,0.0,0,0.0,9,100.0,6,75.0,25.0,3,9,0,5,0,57,34,26,23,8
ab44049f-67a1-4103-adc3-010d9ed05095,Parker Washington,JAC,WR,2025,1,15,23.8,6,18.2,0,0.0,0,0.0,0,0.0,0,0.0,0,0.0,0,0.0,3,30.0,0,0.0,0.0,5,10,1,7,0,63,33,28,28,5
a85cd240-090d-47c2-92b0-0930677a770a,Daniel Bellinger,NYG,TE,2025,1,15,24.2,8,17.8,0,0.0,1,3.7,1,100.0,0,0.0,0,0.0,1,20.0,0,0.0,0,0.0,12.5,5,14,2,11,1,62,45,27,17,0
30deec0c-0006-4685-bacb-8e6465af938e,Luke Schoonmaker,DAL,TE,2025,1,14,25.0,4,11.4,0,0.0,1,3.1,0,0.0,0,0.0,0,0.0,2,40.0,0,0.0,1,7.7,25.0,5,7,3,10,2,56,35,32,21,13
c63edaa5-8978-4195-b524-8de3b0a7981f,KeAndre Lambert-Smith,LAC,WR,2025,1,14,22.6,7,17.1,0,0.0,1,2.9,0,0.0,1,25.0,0,0.0,2,40.0,1,9.1,0,0.0,14.3,5,11,4,8,0,62,41,34,18,0
d2917a8b-4373-40d4-9226-c9e903539c76,Zaire Mitchell-Paden,BAL,TE,2025,1,14,28.0,1,4.5,0,0.0,0,0.0,0,0.0,0,0.0,0,0.0,0,0.0,0,0.0,0,0.0,0.0,0,11,1,6,0,50,22,18,28,0
59471ae6-b004-4818-a36c-65d77332f276,Devaughn Vele,NO,WR,2025,1,14,20.6,9,18.4,0,0.0,2,4.9,1,50.0,1,25.0,0,0.0,0,0.0,2,16.7,6,28.6,22.2,6,12,4,11,1,68,49,41,20,21
1a03444a-f582-40d8-a139-7eabfd3d5003,Adonai Mitchell,IND,WR,2025,1,14,20.0,5,15.2,0,0.0,2,6.9,2,100.0,0,0.0,0,0.0,0,0.0,3,33.3,0,0.0,40.0,11,9,2,9,5,70,33,29,37,0
6a98dd72-0d14-4042-9390-c929374285d4,Rachaad White,TB,RB,2025,1,14,25.0,8,21.6,2,11.1,1,3.4,1,100.0,0,0.0,0,0.0,1,11.1,7,77.8,3,37.5,12.5,9,9,1,8,0,56,37,29,18,8
862a3cce-0028-4fd3-a532-b90cf6df99c7,Samaje Perine,CIN,RB,2025,1,13,26.5,10,34.5,0,0.0,2,9.1,2,100.0,0,0.0,0,0.0,2,25.0,6,75.0,2,100.0,20.0,8,8,2,8,2,49,29,22,20,2
29d9420e-0b6b-4663-afd2-3750e968eb28,D'Wayne Eskridge,MIA,WR,2025,1,13,28.3,13,36.1,0,0.0,2,6.7,1,50.0,0,0.0,0,0.0,0,0.0,4,36.4,0,0.0,15.4,3,11,1,9,0,46,36,30,10,0
123f6592-00e8-4072-996d-3f865682ed09,Payne Durham,TB,TE,2025,1,13,23.2,5,13.5,0,0.0,0,0.0,0,0.0,0,0.0,0,0.0,3,33.3,0,0.0,0,0.0,0.0,9,9,1,8,0,56,37,29,18,8
eca553b8-299e-46e9-ab6a-f71183ab0a79,Jeremy McNichols,WAS,RB,2025,1,13,20.0,5,13.5,4,16.0,0,0.0,0,0.0,0,0.0,0,0.0,1,16.7,1,12.5,3,30.0,0.0,6,8,1,7,0,65,37,29,25,10
f4ff5901-b3f7-48db-a432-452ec47c6850,David Moore,CAR,WR,2025,1,12,19.7,6,15.0,0,0.0,0,0.0,0,0.0,0,0.0,0,0.0,2,18.2,2,16.7,2,11.8,0.0,11,12,0,9,0,61,40,30,20,17
81990179-e954-4e54-9891-ee31806ac0c7,Tyler Badie,DEN,RB,2025,1,12,16.9,11,25.6,0,0.0,5,13.9,3,60.0,1,50.0,0,0.0,1,12.5,5,45.5,4,66.7,45.5,8,11,2,11,0,71,43,36,26,6
08e71dae-2224-49f3-98b6-0f4f1b157dfa,Ollie Gordon II,MIA,RB,2025,1,12,26.1,9,25.0,2,20.0,1,3.3,1,100.0,0,0.0,0,0.0,1,33.3,2,18.2,0,0.0,11.1,3,11,1,9,0,46,36,30,10,0
0d61bea5-d356-455e-982a-2ad5bcabfe6f,Tank Bigsby,JAC,RB,2025,1,12,19.0,7,21.2,5,17.9,0,0.0,0,0.0,0,0.0,0,0.0,1,20.0,1,10.0,0,0.0,0.0,5,10,1,7,0,63,33,28,28,5
79c13577-00f5-46c9-a9a3-b1bffeb94044,Malik Heath,GB,WR,2025,1,11,23.4,4,17.4,0,0.0,0,0.0,0,0.0,0,0.0,0,0.0,0,0.0,1,16.7,0,0.0,0.0,5,6,2,6,1,47,23,22,23,0
36bcfdaa-68d9-4521-a1dd-b935eb845fc9,Najee Harris,LAC,RB,2025,1,11,17.7,6,14.6,1,5.6,1,2.9,1,100.0,0,0.0,0,0.0,0,0.0,2,18.2,0,0.0,16.7,5,11,4,8,0,62,41,34,18,0
1d57049b-db4a-4a0f-bcff-c67dc350991a,Greg Dortch,ARI,WR,2025,1,10,16.4,8,21.1,0,0.0,1,3.6,1,100.0,0,0.0,0,0.0,0,0.0,5,41.7,0,0.0,12.5,2,12,1,7,1,61,38,28,23,0
61e88b78-e748-49f7-b65a-837733ed2e06,Brevyn Spann-Ford,DAL,TE,2025,1,10,17.9,4,11.4,0,0.0,1,3.1,0,0.0,0,0.0,0,0.0,1,20.0,0,0.0,0,0.0,25.0,5,7,3,10,2,56,35,32,21,13
505be8e1-c606-467a-a6db-088371a0791e,Elijah Moore,BUF,WR,2025,1,10,12.8,7,13.2,1,4.5,1,2.3,1,100.0,0,0.0,0,0.0,2,16.7,3,30.0,0,0.0,14.3,12,10,5,9,6,78,53,43,22,8
76d936d7-1b4c-4817-8c79-8f9151314be5,Ashton Dulin,IND,WR,2025,1,10,14.3,0,0.0,1,2.7,0,0.0,0,0.0,0,0.0,0,0.0,2,18.2,1,11.1,0,0.0,0.0,11,9,2,9,5,70,33,29,37,0
56cc0f2d-52f4-4559-9374-b0df76b9a110,Blake Corum,LA,RB,2025,1,10,17.5,5,15.6,1,4.3,1,3.7,1,100.0,0,0.0,0,0.0,0,0.0,2,20.0,0,0.0,20.0,5,10,1,7,3,57,32,27,23,0
a81c8d8a-7a0f-4a0e-96d3-f2c2db58c01f,Devin Singletary,NYG,RB,2025,1,10,16.1,6,13.3,3,17.6,0,0.0,0,0.0,0,0.0,0,0.0,1,20.0,1,7.1,0,0.0,0.0,5,14,2,11,1,62,45,27,17,0
366cca02-7b77-4ed1-92da-54f37ff21a46,Ben Skowronek,PIT,WR,2025,1,10,18.5,5,14.7,0,0.0,1,3.6,1,100.0,0,0.0,0,0.0,1,33.3,0,0.0,0,0.0,20.0,3,8,1,6,1,54,34,28,19,5
64eef8f3-8f61-447d-bca1-b52b6824d873,Roman Wilson,PIT,WR,2025,1,10,18.5,7,20.6,0,0.0,0,0.0,0,0.0,0,0.0,0,0.0,0,0.0,2,25.0,2,40.0,0.0,3,8,1,6,1,54,34,28,19,5
d8fac662-3f29-4c24-b60f-066884a04068,Chimere Dike,TEN,WR,2025,1,10,18.2,5,14.7,1,4.8,1,4.0,0,0.0,0,0.0,0,0.0,0,0.0,4,28.6,0,0.0,20.0,3,14,0,9,1,55,34,25,21,4
40435b69-e78b-4fd1-8425-b332d28d5c05,Mitchell Evans,CAR,TE,2025,1,9,14.8,3,7.5,0,0.0,0,0.0,0,0.0,0,0.0,0,0.0,2,18.2,0,0.0,0,0.0,0.0,11,12,0,9,0,61,40,30,20,17
f6f340d3-84e5-4514-acc3-3a9b4c5e43b6,Kyle Monangai,CHI,RB,2025,1,9,14.3,7,15.9,0,0.0,1,3.1,1,100.0,0,0.0,0,0.0,0,0.0,1,8.3,2,33.3,14.3,2,12,1,10,0,63,44,32,19,6
38e3f537-becc-4e8d-a35d-7f3927482464,Chris Brooks,GB,RB,2025,1,9,19.1,3,13.0,1,4.3,1,4.5,1,100.0,0,0.0,0,0.0,0,0.0,3,50.0,0,0.0,33.3,5,6,2,6,1,47,23,22,23,0
0154fd2e-e285-4ee1-82e2-cc6ccf0ce1fe,LeQuint Allen,JAC,RB,2025,1,9,14.3,6,18.2,1,3.6,1,3.6,1,100.0,0,0.0,0,0.0,0,0.0,8,80.0,1,20.0,16.7,5,10,1,7,0,63,33,28,28,5
8db19916-2aec-4c72-bdb0-f084da98bda8,Zamir White,LV,RB,2025,1,9,14.8,5,12.5,3,14.3,0,0.0,0,0.0,0,0.0,0,0.0,0,0.0,3,30.0,0,0.0,0.0,7,10,1,10,1,61,40,33,21,7
b54e8a9d-003d-4c52-bb41-66444f4dd4bb,Kendre Miller,NO,RB,2025,1,9,13.2,2,4.1,5,25.0,0,0.0,0,0.0,0,0.0,0,0.0,1,16.7,1,8.3,0,0.0,0.0,6,12,4,11,1,68,49,41,20,21
55f30a94-df41-42e5-a5d3-7397401331b3,Eric Saubert,SEA,TE,2025,1,9,18.4,1,3.8,0,0.0,0,0.0,0,0.0,0,0.0,0,0.0,2,50.0,0,0.0,0,0.0,0.0,4,7,0,7,2,49,26,22,24,12
fb25fcfe-4bf5-47cb-b8d8-599029107f71,KhaDarel Hodge,ATL,WR,2025,1,8,11.3,8,17.0,0,0.0,1,2.6,0,0.0,1,33.3,0,0.0,0,0.0,1,7.1,7,100.0,12.5,5,14,3,10,3,71,47,39,23,7
5d571d84-d446-4515-8ba1-1590b8ab777a,Ray Davis,BUF,RB,2025,1,8,10.3,6,11.3,1,4.5,1,2.3,1,100.0,0,0.0,0,0.0,1,8.3,0,0.0,2,25.0,16.7,12,10,5,9,6,78,53,43,22,8
80dbb8e4-fe03-4cee-8a74-63226f3a3e6f,Miles Sanders,DAL,RB,2025,1,8,14.3,3,8.6,4,19.0,1,3.1,1,100.0,0,0.0,0,0.0,0,0.0,0,0.0,0,0.0,33.3,5,7,3,10,2,56,35,32,21,13
7c9b004c-f12b-4769-82cd-7c9d3cfe7eae,Isaiah Davis,NYJ,RB,2025,1,8,12.9,4,16.0,2,5.4,0,0.0,0,0.0,0,0.0,0,0.0,1,12.5,6,60.0,2,33.3,0.0,8,10,0,5,3,62,25,18,37,6
faf22cf7-07e2-4e72-b5f8-cc2589ea5997,AJ Dillon,PHI,RB,2025,1,8,12.9,2,5.9,3,12.0,0,0.0,0,0.0,0,0.0,0,0.0,1,14.3,2,20.0,0,0.0,0.0,7,10,0,6,2,62,34,20,25,5
4e5e0d79-085e-4687-b1cf-09bfda5e3063,Scott Miller,PIT,WR,2025,1,8,14.8,4,11.8,0,0.0,0,0.0,0,0.0,0,0.0,0,0.0,0,0.0,0,0.0,0,0.0,0.0,3,8,1,6,1,54,34,28,19,5
31e51db0-674d-43fa-862c-bcd108980b1a,Tez Johnson,TB,WR,2025,1,8,14.3,5,13.5,0,0.0,1,3.4,1,100.0,0,0.0,0,0.0,1,11.1,2,22.2,1,12.5,20.0,9,9,1,8,0,56,37,29,18,8
c4909a2c-162e-4b16-8dec-f4e3e36016c7,Ko Kieft,TB,TE,2025,1,8,14.3,2,5.4,0,0.0,0,0.0,0,0.0,0,0.0,0,0.0,1,11.1,0,0.0,0,0.0,0.0,9,9,1,8,0,56,37,29,18,8
1f8d0b54-5b5c-4263-8d67-7a23a518825c,Ryan Miller,TB,WR,2025,1,8,14.3,4,10.8,0,0.0,1,3.4,0,0.0,0,0.0,0,0.0,3,33.3,0,0.0,0,0.0,25.0,9,9,1,8,0,56,37,29,18,8
bb4ef656-a346-4d92-99b7-7e3d1991c755,Ben Sinnott,WAS,TE,2025,1,8,12.3,0,0.0,0,0.0,0,0.0,0,0.0,0,0.0,0,0.0,0,0.0,1,12.5,0,0.0,0.0,6,8,1,7,0,65,37,29,25,10
aa6757d8-d077-4484-865e-d35e723dd2af,Woody Marks,HOU,RB,2025,1,7,12.3,3,8.8,3,13.0,0,0.0,0,0.0,0,0.0,0,0.0,0,0.0,0,0.0,2,25.0,0.0,3,9,0,5,0,57,34,26,23,8
8c0d19e4-dc18-4c91-9e74-956d6cd42860,Tim Patrick,JAC,WR,2025,1,7,11.1,0,0.0,0,0.0,0,0.0,0,0.0,0,0.0,0,0.0,0,0.0,1,10.0,0,0.0,0.0,5,10,1,7,0,63,33,28,28,5
c347da52-ea8f-45ae-a5d5-1b4e460d8a48,Dameon Pierce,HOU,RB,2025,1,7,12.3,3,8.8,3,13.0,1,3.8,1,100.0,0,0.0,0,0.0,0,0.0,0,0.0,0,0.0,33.3,3,9,0,5,0,57,34,26,23,8
aa3b3c47-4350-435c-be61-dfe5fd10aca2,Brashard Smith,KC,RB,2025,1,7,12.1,6,12.8,0,0.0,0,0.0,0,0.0,0,0.0,0,0.0,0,0.0,1,8.3,0,0.0,0.0,5,12,1,12,0,58,47,35,10,13
c231e113-ccee-4e39-a8ce-9ba3dcb58d31,Derius Davis,LAC,WR,2025,1,7,11.3,3,7.3,1,5.6,0,0.0,0,0.0,0,0.0,0,0.0,1,20.0,0,0.0,0,0.0,0.0,5,11,4,8,0,62,41,34,18,0
b95a4342-e21d-4ebc-890a-f3afe987c1b2,Benjamin Yurosek,MIN,TE,2025,1,7,14.3,1,4.0,0,0.0,0,0.0,0,0.0,0,0.0,0,0.0,0,0.0,1,12.5,0,0.0,0.0,5,8,1,6,0,49,25,18,24,1
cddd23eb-a339-47f1-bc5f-3c37072e26a3,Kyle Williams,NE,WR,2025,1,7,10.3,5,9.4,0,0.0,1,2.3,1,100.0,0,0.0,0,0.0,0,0.0,1,11.1,1,9.1,20.0,9,9,3,10,1,68,53,43,15,11
e4428037-e731-4af3-8430-6c7662d221e9,Cam Skattebo,NYG,RB,2025,1,7,11.3,3,6.7,2,11.8,2,7.4,2,100.0,0,0.0,1,100.0,1,20.0,0,0.0,0,0.0,66.7,5,14,2,11,1,62,45,27,17,0
66ca01c8-310f-4166-b011-d3ce17829542,Van Jefferson,TEN,WR,2025,1,7,12.7,3,8.8,0,0.0,0,0.0,0,0.0,0,0.0,0,0.0,0,0.0,2,14.3,0,0.0,0.0,3,14,0,9,1,55,34,25,21,4
c2fac9d0-6eda-4778-9068-8609a447c01d,Durham Smythe,CHI,TE,2025,1,6,9.5,1,2.3,0,0.0,0,0.0,0,0.0,0,0.0,0,0.0,0,0.0,0,0.0,0,0.0,0.0,2,12,1,10,0,63,44,32,19,6
18720868-40ca-4596-b278-b80b4d3c210b,Shane Zylstra,DET,TE,2025,1,6,9.2,1,2.3,0,0.0,0,0.0,0,0.0,0,0.0,0,0.0,2,28.6,0,0.0,0,0.0,0.0,7,13,1,15,0,65,43,36,21,0
d49016e9-8ec3-499a-966e-f6e6a8a6cea7,Hunter Long,JAC,TE,2025,1,6,9.5,2,6.1,0,0.0,1,3.6,1,100.0,1,100.0,0,0.0,0,0.0,1,10.0,0,0.0,50.0,5,10,1,7,0,63,33,28,28,5
90a2dd2b-bc87-4ce0-9214-66acbde514d4,Konata Mumpfield,LA,WR,2025,1,6,10.5,3,9.4,0,0.0,0,0.0,0,0.0,0,0.0,0,0.0,0,0.0,0,0.0,0,0.0,0.0,5,10,1,7,3,57,32,27,23,0
92b7cd5f-0a9f-42d0-b486-4102c2f90fb8,Arian Smith,NYJ,WR,2025,1,6,9.7,3,12.0,0,0.0,0,0.0,0,0.0,0,0.0,0,0.0,0,0.0,0,0.0,0,0.0,0.0,8,10,0,5,3,62,25,18,37,6
9756663e-321f-4219-ad67-0a93d097062a,Julius Chestnut,TEN,RB,2025,1,6,10.9,2,5.9,2,9.5,0,0.0,0,0.0,0,0.0,1,100.0,1,33.3,1,7.1,0,0.0,0.0,3,14,0,9,1,55,34,25,21,4
078317d9-a4ea-41d7-96ff-f9fcf8c2fec8,Jason Brownlee,KC,WR,2025,1,5,8.6,4,8.5,0,0.0,1,2.9,0,0.0,1,100.0,0,0.0,0,0.0,2,16.7,2,15.4,25.0,5,12,1,12,0,58,47,35,10,13
23eebe48-f8ba-4625-941c-c709669351fa,Robert Tonyan,KC,TE,2025,1,5,8.6,1,2.1,0,0.0,0,0.0,0,0.0,0,0.0,0,0.0,1,20.0,0,0.0,1,7.7,0.0,5,12,1,12,0,58,47,35,10,13
9842ea3c-30ce-47dd-b8c7-4748f8d988fe,Tre Harris,LAC,WR,2025,1,5,8.1,5,12.2,0,0.0,1,2.9,1,100.0,0,0.0,0,0.0,0,0.0,2,18.2,0,0.0,20.0,5,11,4,8,0,62,41,34,18,0
e51183fa-5f5e-4779-80cf-1727eea911bb,Antonio Gibson,NE,RB,2025,1,5,7.4,3,5.7,1,6.7,1,2.3,1,100.0,0,0.0,0,0.0,0,0.0,0,0.0,0,0.0,33.3,9,9,3,10,1,68,53,43,15,11
4ec83899-1483-49d7-a534-590a077ddf1b,Devin Neal,NO,RB,2025,1,5,7.4,3,6.1,2,10.0,0,0.0,0,0.0,0,0.0,0,0.0,0,0.0,1,8.3,0,0.0,0.0,6,12,4,11,1,68,49,41,20,21
620df56e-ad03-4259-afc7-e0a58b6140ec,Will Shipley,PHI,RB,2025,1,5,8.1,3,8.8,2,8.0,0,0.0,0,0.0,0,0.0,0,0.0,0,0.0,1,10.0,0,0.0,0.0,7,10,0,6,2,62,34,20,25,5
01f482ef-7f66-4248-89c4-a711e34c72bf,Cody White,SEA,WR,2025,1,5,10.2,2,7.7,0,0.0,0,0.0,0,0.0,0,0.0,0,0.0,1,25.0,0,0.0,1,8.3,0.0,4,7,0,7,2,49,26,22,24,12
fa6a6d64-7b5a-4be3-aa53-6e9400cbf9f2,Luke McCaffrey,WAS,WR,2025,1,5,7.7,0,0.0,0,0.0,0,0.0,0,0.0,0,0.0,0,0.0,0,0.0,1,12.5,0,0.0,0.0,6,8,1,7,0,65,37,29,25,10
9b5c428b-20dd-4a8b-ac32-dfe17265c04f,Pat Bryant,DEN,WR,2025,1,4,5.6,2,4.7,0,0.0,0,0.0,0,0.0,0,0.0,0,0.0,0,0.0,1,9.1,0,0.0,0.0,8,11,2,11,0,71,43,36,26,6
fbd73988-75d8-4638-89f7-939e4e40ebf9,Bhayshul Tuten,JAC,RB,2025,1,4,6.3,0,0.0,3,10.7,0,0.0,0,0.0,0,0.0,0,0.0,1,20.0,0,0.0,0,0.0,0.0,5,10,1,7,0,63,33,28,28,5
1532b59d-a117-42a4-9df8-28f427ba236e,Jack Bech,LV,WR,2025,1,4,6.6,2,5.0,0,0.0,1,3.0,1,100.0,0,0.0,0,0.0,0,0.0,1,10.0,0,0.0,50.0,7,10,1,10,1,61,40,33,21,7
c90f57aa-01e0-4c92-9414-356ca9f25ad1,Colson Yankoff,WAS,TE,2025,1,4,6.2,1,2.7,0,0.0,0,0.0,0,0.0,0,0.0,0,0.0,0,0.0,1,12.5,0,0.0,0.0,6,8,1,7,0,65,37,29,25,10
64ebfe5c-5dd0-4b21-a46d-05d36f7fc3a0,Travis Vokolek,ARI,TE,2025,1,3,4.9,1,2.6,0,0.0,0,0.0,0,0.0,0,0.0,0,0.0,1,50.0,0,0.0,0,0.0,0.0,2,12,1,7,1,61,38,28,23,0
b7c02828-4e26-41be-925c-39b6ba9674bb,Mitchell Tinsley,CIN,WR,2025,1,3,6.1,2,6.9,0,0.0,0,0.0,0,0.0,0,0.0,0,0.0,0,0.0,0,0.0,0,0.0,0.0,8,8,2,8,2,49,29,22,20,2
47808af2-5c11-42d7-b344-832a1e4502f7,Raheim Sanders,CLE,RB,2025,1,3,4.2,0,0.0,3,13.0,0,0.0,0,0.0,0,0.0,2,50.0,3,37.5,0,0.0,0,0.0,0.0,8,14,1,10,4,71,48,41,23,5
e269dd33-359f-48fc-a8b5-8de7e765ed04,Blake Whiteheart,CLE,TE,2025,1,3,4.2,1,2.1,0,0.0,0,0.0,0,0.0,0,0.0,0,0.0,1,12.5,0,0.0,0,0.0,0.0,8,14,1,10,4,71,48,41,23,5
ceec6ef9-ace8-458b-9e4a-699d60381562,Isaac TeSlaa,DET,WR,2025,1,3,4.6,3,7.0,0,0.0,1,2.8,1,100.0,1,100.0,0,0.0,0,0.0,2,15.4,0,0.0,33.3,7,13,1,15,0,65,43,36,21,0
e270908a-4b7f-45f2-9f56-cb6baef7253d,Savion Williams,GB,WR,2025,1,3,6.4,1,4.3,0,0.0,1,4.5,1,100.0,0,0.0,0,0.0,0,0.0,0,0.0,0,0.0,100.0,5,6,2,6,1,47,23,22,23,0
c9f74ec0-d158-4e79-bb3d-e484d34933a9,Tim Jones,MIN,WR,2025,1,3,6.1,3,12.0,0,0.0,0,0.0,0,0.0,0,0.0,0,0.0,0,0.0,2,25.0,0,0.0,0.0,5,8,1,6,0,49,25,18,24,1
c1b43109-a1c1-4cca-b36f-545aef22b01a,Xavier Worthy,KC,WR,2025,1,3,5.2,1,2.1,1,10.0,1,2.9,0,0.0,0,0.0,0,0.0,0,0.0,1,8.3,0,0.0,100.0,5,12,1,12,0,58,47,35,10,13
76d34289-43b7-4fe8-9f44-de5f87b63869,Skyy Moore,SF,WR,2025,1,3,4.2,1,2.6,0,0.0,0,0.0,0,0.0,0,0.0,0,0.0,0,0.0,0,0.0,0,0.0,0.0,11,9,3,9,0,72,39,33,31,0
a558c755-9783-42f9-a04b-8db361da7219,Bryce Oliver,TEN,WR,2025,1,3,5.5,3,8.8,0,0.0,1,4.0,1,100.0,0,0.0,0,0.0,1,33.3,1,7.1,0,0.0,33.3,3,14,0,9,1,55,34,25,21,4
1eb97d1b-8d91-4a8f-bcc5-4cb5cd147cff,Teagan Quitoriano,ATL,TE,2025,1,2,2.8,0,0.0,0,0.0,0,0.0,0,0.0,0,0.0,0,0.0,1,20.0,0,0.0,0,0.0,0.0,5,14,3,10,3,71,47,39,23,7
74f8ab69-fe72-4f4b-a39c-d44e11897e71,David Sills V,ATL,WR,2025,1,2,2.8,1,2.1,0,0.0,0,0.0,0,0.0,0,0.0,0,0.0,0,0.0,0,0.0,1,14.3,0.0,5,14,3,10,3,71,47,39,23,7
f73eaa24-6780-4e72-96dd-c0f73af7e18b,Trevor Etienne,CAR,RB,2025,1,2,3.3,0,0.0,1,5.0,0,0.0,0,0.0,0,0.0,0,0.0,0,0.0,0,0.0,0,0.0,0.0,11,12,0,9,0,61,40,30,20,17
dcc0469f-59b0-4fdc-bf63-ecf999d95dcb,Emanuel Wilson,GB,RB,2025,1,2,4.3,0,0.0,1,4.3,0,0.0,0,0.0,0,0.0,0,0.0,0,0.0,0,0.0,0,0.0,0.0,5,6,2,6,1,47,23,22,23,0
2711d445-65da-4166-a1ce-5c7ab0daf1c4,Ulysses Bentley IV,IND,RB,2025,1,2,2.9,1,3.0,1,2.7,0,0.0,0,0.0,0,0.0,0,0.0,0,0.0,2,22.2,0,0.0,0.0,11,9,2,9,5,70,33,29,37,0
508e7bb5-47d7-4d03-aff8-01dac08a92bd,Alex Bachman,LV,WR,2025,1,2,3.3,1,2.5,0,0.0,1,3.0,0,0.0,0,0.0,0,0.0,0,0.0,0,0.0,0,0.0,100.0,7,10,1,10,1,61,40,33,21,7
dadc9cd2-f8a2-4948-a47c-fae9b9e0a7da,Jack Westover,NE,TE,2025,1,2,2.9,1,1.9,0,0.0,0,0.0,0,0.0,0,0.0,0,0.0,0,0.0,0,0.0,0,0.0,0.0,9,9,3,10,1,68,53,43,15,11
e22bf61c-ce6e-4f39-8377-42632dbbdf04,Darius Cooper,PHI,WR,2025,1,2,3.2,1,2.9,0,0.0,0,0.0,0,0.0,0,0.0,0,0.0,1,14.3,1,10.0,0,0.0,0.0,7,10,0,6,2,62,34,20,25,5
91d90b42-a63e-4958-8306-28c44239e475,Kaleb Johnson,PIT,RB,2025,1,2,3.7,1,2.9,1,5.3,0,0.0,0,0.0,0,0.0,0,0.0,0,0.0,0,0.0,0,0.0,0.0,3,8,1,6,1,54,34,28,19,5
ced13e8c-6594-4962-8290-82569c254000,Feleipe Franks,ATL,TE,2025,1,1,1.4,0,0.0,0,0.0,0,0.0,0,0.0,0,0.0,0,0.0,1,20.0,0,0.0,0,0.0,0.0,5,14,3,10,3,71,47,39,23,7
c7b40d63-d368-4da9-8cb7-6dbffa513e57,Rasheen Ali,BAL,RB,2025,1,1,2.0,0,0.0,1,3.6,0,0.0,0,0.0,0,0.0,0,0.0,0,0.0,0,0.0,0,0.0,0.0,0,11,1,6,0,50,22,18,28,0
62550ece-86c9-4f1c-8685-e0941a5dbcf6,Nikko Remigio,KC,WR,2025,1,1,1.7,1,2.1,0,0.0,0,0.0,0,0.0,0,0.0,0,0.0,0,0.0,0,0.0,0,0.0,0.0,5,12,1,12,0,58,47,35,10,13
0445de92-84cb-409a-8489-27c569926f55,Xavier Smith,LA,WR,2025,1,1,1.8,1,3.1,0,0.0,1,3.7,1,100.0,0,0.0,0,0.0,0,0.0,0,0.0,0,0.0,100.0,5,10,1,7,3,57,32,27,23,0
11e4efdf-8a00-4974-8b4b-41091c149206,Hassan Haskins,LAC,RB,2025,1,1,1.6,1,2.4,0,0.0,0,0.0,0,0.0,0,0.0,0,0.0,0,0.0,0,0.0,0,0.0,0.0,5,11,4,8,0,62,41,34,18,0
ddd1ef68-0cb2-49f0-ad1a-462ab86999a8,Jeff Wilson Jr.,MIA,RB,2025,1,1,2.2,1,2.8,0,0.0,0,0.0,0,0.0,0,0.0,0,0.0,0,0.0,1,9.1,0,0.0,0.0,3,11,1,9,0,46,36,30,10,0
22a4aabf-3c11-46ed-a980-11363e77a29c,Moliki Matavao,NO,TE,2025,1,1,1.5,0,0.0,0,0.0,0,0.0,0,0.0,0,0.0,0,0.0,1,16.7,0,0.0,0,0.0,0.0,6,12,4,11,1,68,49,41,20,21
1ee4359a-d353-4e4c-956b-bd993c5d7af8,Beaux Collins,NYG,WR,2025,1,1,1.6,1,2.2,0,0.0,0,0.0,0,0.0,0,0.0,0,0.0,0,0.0,1,7.1,0,0.0,0.0,5,14,2,11,1,62,45,27,17,0
a2bd6ac5-17e5-4b79-b1fe-5c72b1d22f6f,John Metchie III,PHI,WR,2025,1,1,1.6,0,0.0,0,0.0,0,0.0,0,0.0,0,0.0,0,0.0,0,0.0,0,0.0,0,0.0,0.0,7,10,0,6,2,62,34,20,25,5
e2fe2a61-8983-462f-95d9-2ffce3367116,Kameron Johnson,TB,WR,2025,1,1,1.8,0,0.0,0,0.0,0,0.0,0,0.0,0,0.0,0,0.0,1,11.1,0,0.0,0,0.0,0.0,9,9,1,8,0,56,37,29,18,8
957608cf-b2ce-48fe-9ad7-8d4fc49c670a,Sean Tucker,TB,RB,2025,1,1,1.8,0,0.0,1,5.6,0,0.0,0,0.0,0,0.0,0,0.0,0,0.0,0,0.0,0,0.0,0.0,9,9,1,8,0,56,37,29,18,8
824f4b06-d5b1-46d6-9406-40260dd1eed7,David Martin-Robinson,TEN,TE,2025,1,1,1.8,0,0.0,0,0.0,0,0.0,0,0.0,0,0.0,0,0.0,1,33.3,0,0.0,0,0.0,0.0,3,14,0,9,1,55,34,25,21,4
4e042a70-f018-4e0a-b0f6-1f83d8274a15,CeeDee Lamb,DAL,WR,2025,2,77,92.8,54,94.7,0,0.0,11,22.0,10,90.9,0,0.0,0,0.0,2,100.0,14,100.0,22,100.0,20.4,2,14,5,12,1,83,57,50,26,22
71e0a1c0-a5be-4cb7-b9a1-79e4353d6ee9,George Pickens,DAL,WR,2025,2,74,89.2,55,96.5,0,0.0,8,16.0,5,62.5,4,80.0,0,0.0,2,100.0,14,100.0,21,95.5,14.5,2,14,5,12,1,83,57,50,26,22
b26dec5d-666e-4bdb-9dad-dbd5624e60f1,Cedric Tillman,CLE,WR,2025,2,69,95.8,48,94.1,0,0.0,7,17.1,2,28.6,1,50.0,0,0.0,6,100.0,18,100.0,5,100.0,14.6,6,18,2,13,0,72,51,41,21,5
e74df9b4-afb4-4c92-bca5-93e816e2c077,Chris Olave,NO,WR,2025,2,67,100.0,40,100.0,0,0.0,10,29.4,6,60.0,1,33.3,0,0.0,6,100.0,10,100.0,8,100.0,25.0,6,10,3,8,0,67,40,34,27,8
5ea600d7-d788-4194-b598-a59ff43f3525,Emeka Egbuka,TB,WR,2025,2,67,93.1,44,97.8,0,0.0,7,20.0,5,71.4,1,33.3,0,0.0,8,100.0,11,100.0,14,100.0,15.9,8,11,3,9,1,72,45,35,27,14
5233565b-bcd1-4217-9403-e72002d2db89,Tetairoa McMillan,CAR,WR,2025,2,66,85.7,53,89.8,0,0.0,10,20.0,8,80.0,1,14.3,0,0.0,3,60.0,15,93.8,18,90.0,18.9,5,16,7,12,1,77,59,50,17,20
a6b79e65-6180-40a7-b172-d14373c0dd22,Brian Thomas Jr.,JAC,WR,2025,2,66,94.3,42,95.5,0,0.0,11,27.5,6,54.5,2,33.3,0,0.0,6,100.0,12,100.0,1,100.0,26.2,6,12,6,10,0,70,44,40,26,1
b9f32830-4cc3-40fa-b660-f1c0a072c933,Cade Otton,TB,TE,2025,2,66,91.7,42,93.3,0,0.0,4,11.4,4,100.0,0,0.0,0,0.0,8,100.0,11,100.0,14,100.0,9.5,8,11,3,9,1,72,45,35,27,14
5cc16827-4339-4092-97fe-c0f56e6e0ef9,Juwan Johnson,NO,TE,2025,2,65,97.0,37,92.5,0,0.0,9,26.5,7,77.8,1,33.3,0,0.0,6,100.0,10,100.0,8,100.0,24.3,6,10,3,8,0,67,40,34,27,8
8fb03685-5aa2-4a0a-bd0f-475b3af883f3,Darius Slayton,NYG,WR,2025,2,65,100.0,45,100.0,0,0.0,2,5.1,2,100.0,0,0.0,0,0.0,6,100.0,14,100.0,3,100.0,4.4,6,14,4,13,1,65,45,39,20,3
b9932d52-2ce9-4dcd-8e48-c34c5fb95681,Rome Odunze,CHI,WR,2025,2,64,100.0,41,100.0,0,0.0,10,32.3,8,80.0,1,100.0,0,0.0,6,100.0,12,100.0,0,0.0,24.4,6,12,1,9,1,64,41,31,23,0
f6c2cecd-fadd-4416-bd9e-2898bdcc0ede,Malik Nabers,NYG,WR,2025,2,64,98.5,45,100.0,0,0.0,13,33.3,10,76.9,3,75.0,0,0.0,5,83.3,14,100.0,3,100.0,28.9,6,14,4,13,1,65,45,39,20,3
a1671032-26b1-4c2a-bc0b-fb44f8837493,Hunter Renfrow,CAR,WR,2025,2,63,81.8,53,89.8,0,0.0,9,18.0,7,77.8,3,42.9,0,0.0,3,60.0,16,100.0,20,100.0,17.0,5,16,7,12,1,77,59,50,17,20
7b450484-9a9c-46f0-9c2d-425b840cadd5,Ja'Marr Chase,CIN,WR,2025,2,63,96.9,47,97.9,0,0.0,17,39.5,15,88.2,1,33.3,0,0.0,2,100.0,13,100.0,14,93.3,36.2,2,13,3,11,4,65,48,43,17,15
915d6acf-2c38-4cd0-846c-9c54e9dd0e43,Jerry Jeudy,CLE,WR,2025,2,63,87.5,45,88.2,0,0.0,8,19.5,6,75.0,0,0.0,0,0.0,4,66.7,15,83.3,4,80.0,17.8,6,18,2,13,0,72,51,41,21,5
ee788fa7-565a-4400-8f89-9d245cd1e83f,Tyler Warren,IND,TE,2025,2,63,94.0,32,84.2,1,3.4,7,21.2,5,71.4,0,0.0,0,0.0,8,100.0,10,100.0,12,100.0,21.9,8,10,2,9,2,67,38,33,29,12
feb09bdf-0f17-4ef2-9917-5780f044c98a,Brenton Strange,JAC,TE,2025,2,63,90.0,37,84.1,0,0.0,5,12.5,4,80.0,0,0.0,0,0.0,4,66.7,12,100.0,1,100.0,13.5,6,12,6,10,0,70,44,40,26,1
67ed0316-707b-4d9b-bc50-71f57724646e,Xavier Legette,CAR,WR,2025,2,62,80.5,48,81.4,1,5.9,6,12.0,1,16.7,2,28.6,0,0.0,3,60.0,10,62.5,14,70.0,12.5,5,16,7,12,1,77,59,50,17,20
b6b4230b-521a-40e5-b697-6fcabbff904a,Jonathan Taylor,IND,RB,2025,2,62,92.5,27,71.1,25,86.2,2,6.1,2,100.0,0,0.0,0,0.0,8,100.0,8,80.0,12,100.0,7.4,8,10,2,9,2,67,38,33,29,12
d19fec1d-9874-4bd1-a74a-0e1cbb499bbc,Jake Ferguson,DAL,TE,2025,2,60,72.3,43,75.4,0,0.0,12,24.0,11,91.7,0,0.0,0,0.0,2,100.0,14,100.0,19,86.4,27.9,2,14,5,12,1,83,57,50,26,22
d8cbf5b3-dee1-4d5c-bcc1-e40e1df911ac,Alec Pierce,IND,WR,2025,2,60,89.6,34,89.5,0,0.0,5,15.2,4,80.0,1,50.0,0,0.0,7,87.5,9,90.0,11,91.7,14.7,8,10,2,9,2,67,38,33,29,12
c1696ca6-bfe1-4d64-ae56-a1075a3c88eb,Jakobi Meyers,LV,WR,2025,2,60,92.3,47,97.9,0,0.0,11,26.8,6,54.5,2,50.0,0,0.0,7,77.8,14,100.0,12,100.0,23.4,9,14,4,13,0,65,48,41,17,12
a28a9b00-33d8-4221-a3f1-310bcbc08f1b,Ricky Pearsall,SF,WR,2025,2,60,89.6,40,93.0,1,4.5,6,16.7,4,66.7,0,0.0,0,0.0,3,75.0,11,91.7,9,100.0,15.0,4,12,1,12,0,67,43,36,22,9
055d72e7-6860-47a7-8a55-1d757d383b71,Jauan Jennings,SF,WR,2025,2,60,89.6,39,90.7,0,0.0,9,25.0,5,55.6,0,0.0,0,0.0,3,75.0,10,83.3,9,100.0,23.1,4,12,1,12,0,67,43,36,22,9
76457f7f-07a1-4ed6-bffe-7ddf971bf45f,Terry McLaurin,WAS,WR,2025,2,60,93.8,48,92.3,0,0.0,9,23.7,5,55.6,0,0.0,0,0.0,5,100.0,15,93.8,19,90.5,18.8,5,16,0,14,0,64,52,38,13,21
74dad55c-78db-444f-8843-423894176da5,David Njoku,CLE,TE,2025,2,59,81.9,39,76.5,0,0.0,5,12.2,4,80.0,0,0.0,0,0.0,4,66.7,17,94.4,5,100.0,12.8,6,18,2,13,0,72,51,41,21,5
e3d03a5c-a204-4db3-af94-30644d17bdb2,Javonte Williams,DAL,RB,2025,2,59,71.1,30,52.6,18,69.2,6,12.0,6,100.0,0,0.0,0,0.0,2,100.0,9,64.3,22,100.0,20.0,2,14,5,12,1,83,57,50,26,22
d200b227-6575-48c1-a680-c0442c85d800,Tre Tucker,LV,WR,2025,2,59,90.8,44,91.7,1,5.9,8,19.5,5,62.5,1,25.0,0,0.0,8,88.9,12,85.7,11,91.7,18.2,9,14,4,13,0,65,48,41,17,12
f40e4ea4-5fbe-48bd-9dd7-7be9dcab0390,Chuba Hubbard,CAR,RB,2025,2,58,75.3,43,72.9,10,58.8,6,12.0,6,100.0,0,0.0,0,0.0,5,100.0,13,81.2,20,100.0,14.0,5,16,7,12,1,77,59,50,17,20
351e754d-fc0c-4146-aea3-352204a76d36,Mike Evans,TB,WR,2025,2,58,80.6,42,93.3,0,0.0,11,31.4,5,45.5,1,33.3,0,0.0,7,87.5,11,100.0,14,100.0,26.2,8,11,3,9,1,72,45,35,27,14
103d3133-9fb5-4c59-ac23-dc931adca437,Zach Ertz,WAS,TE,2025,2,58,90.6,45,86.5,0,0.0,7,18.4,7,100.0,0,0.0,0,0.0,5,100.0,16,100.0,21,100.0,15.6,5,16,0,14,0,64,52,38,13,21
a541a205-8eac-4df0-b432-9f3195be6c30,Cole Kmet,CHI,TE,2025,2,57,89.1,33,80.5,0,0.0,2,6.5,2,100.0,0,0.0,0,0.0,5,83.3,10,83.3,0,0.0,6.1,6,12,1,9,1,64,41,31,23,0
0a643540-5e1e-4ce9-b883-26d898691d40,DJ Moore,CHI,WR,2025,2,57,89.1,39,95.1,0,0.0,6,19.4,5,83.3,0,0.0,0,0.0,4,66.7,10,83.3,0,0.0,15.4,6,12,1,9,1,64,41,31,23,0
603822d0-3e5d-4ea0-b33a-46dfc79ac4b9,Tee Higgins,CIN,WR,2025,2,57,87.7,46,95.8,0,0.0,9,20.9,3,33.3,1,33.3,0,0.0,2,100.0,13,100.0,14,93.3,19.6,2,13,3,11,4,65,48,43,17,15
1108bce6-20ee-4dd6-b3c8-1a76ff1a0576,Tucker Kraft,GB,TE,2025,2,57,90.5,28,82.4,0,0.0,6,23.1,6,100.0,1,33.3,0,0.0,4,100.0,10,90.9,2,100.0,21.4,4,11,3,8,1,63,34,26,27,2
41693ead-2e7a-43d8-9d5a-4d5e05ad3082,Alvin Kamara,NO,RB,2025,2,57,85.1,32,80.0,21,77.8,6,17.6,6,100.0,0,0.0,0,0.0,5,83.3,8,80.0,8,100.0,18.8,6,10,3,8,0,67,40,34,27,8
4d9ab615-df0d-47d4-b338-f99210eed789,AJ Barner,SEA,TE,2025,2,57,89.1,24,68.6,1,3.4,3,10.7,2,66.7,0,0.0,0,0.0,5,100.0,12,92.3,4,100.0,12.5,5,13,1,9,0,64,35,28,29,4
dadf0427-bf49-406b-8182-1297ca4e2e09,Tony Pollard,TEN,RB,2025,2,57,89.1,29,70.7,20,87.0,1,3.3,1,100.0,0,0.0,0,0.0,4,80.0,11,84.6,6,75.0,3.4,5,13,3,9,0,64,41,30,23,8
09707a8c-a2ec-4819-ab71-6734da25111a,Deebo Samuel,WAS,WR,2025,2,57,89.1,46,88.5,0,0.0,8,21.1,7,87.5,0,0.0,0,0.0,5,100.0,14,87.5,20,95.2,17.4,5,16,0,14,0,64,52,38,13,21
a7d68b3b-02b2-4d1a-9fb9-36c62dc5a441,Michael Pittman Jr.,IND,WR,2025,2,56,83.6,32,84.2,0,0.0,5,15.2,5,100.0,0,0.0,0,0.0,6,75.0,10,100.0,10,83.3,15.6,8,10,2,9,2,67,38,33,29,12
8b6aa391-627f-45d7-bcbd-454c34dd9518,Dyami Brown,JAC,WR,2025,2,56,80.0,36,81.8,1,3.8,7,17.5,7,100.0,2,33.3,0,0.0,4,66.7,10,83.3,1,100.0,19.4,6,12,6,10,0,70,44,40,26,1
c4083a97-e146-4e03-9045-f65f53e6be19,A.J. Brown,PHI,WR,2025,2,56,96.6,27,100.0,0,0.0,8,38.1,5,62.5,0,0.0,0,0.0,7,100.0,10,100.0,6,100.0,29.6,7,10,0,8,4,58,27,21,29,6
c93c93a2-7461-4a26-b641-c8dd1dae3d9b,Calvin Ridley,TEN,WR,2025,2,56,87.5,37,90.2,0,0.0,6,20.0,4,66.7,1,33.3,0,0.0,2,40.0,13,100.0,7,87.5,16.2,5,13,3,9,0,64,41,30,23,8
fcd966e3-7bc2-45b2-b302-c068f41a5ec7,Theo Johnson,NYG,TE,2025,2,55,84.6,35,77.8,0,0.0,5,12.8,5,100.0,0,0.0,0,0.0,5,83.3,14,100.0,3,100.0,14.3,6,14,4,13,1,65,45,39,20,3
baaf3ee6-c7a8-49e1-803e-773328aec75f,Calvin Austin III,PIT,WR,2025,2,55,93.2,35,89.7,0,0.0,3,10.0,1,33.3,0,0.0,0,0.0,8,88.9,10,100.0,8,100.0,8.6,9,10,2,11,2,59,39,30,20,8
98e857ba-b9f4-45b2-a408-8545ec4560bf,Darnell Mooney,ATL,WR,2025,2,54,85.7,24,100.0,0,0.0,4,19.0,2,50.0,2,66.7,0,0.0,3,37.5,9,100.0,0,0.0,16.7,8,9,3,9,1,63,24,21,38,0
2435a2af-2fc6-400d-ae89-c0799e15f75e,Charlie Woerner,ATL,TE,2025,2,54,85.7,10,41.7,0,0.0,0,0.0,0,0.0,0,0.0,0,0.0,8,100.0,2,22.2,0,0.0,0.0,8,9,3,9,1,63,24,21,38,0
85a80da0-deb9-4bed-8678-aa7750bdfc2f,Andrei Iosivas,CIN,WR,2025,2,54,83.1,39,81.2,0,0.0,4,9.3,1,25.0,0,0.0,0,0.0,2,100.0,13,100.0,14,93.3,10.3,2,13,3,11,4,65,48,43,17,15
8a5333e6-17c1-48e3-8232-61bcb068a262,D.K. Metcalf,PIT,WR,2025,2,54,91.5,36,92.3,0,0.0,6,20.0,4,66.7,1,50.0,0,0.0,8,88.9,10,100.0,8,100.0,16.7,9,10,2,11,2,59,39,30,20,8
60849038-7306-4861-ad03-d64b3bf11f43,Sterling Shepard,TB,WR,2025,2,54,75.0,40,88.9,0,0.0,4,11.4,4,100.0,0,0.0,0,0.0,7,87.5,11,100.0,13,92.9,10.0,8,11,3,9,1,72,45,35,27,14
abaf1508-e615-4287-aa70-3ab031795ae5,Drake London,ATL,WR,2025,2,53,84.1,24,100.0,0,0.0,4,19.0,3,75.0,0,0.0,0,0.0,3,37.5,9,100.0,0,0.0,16.7,8,9,3,9,1,63,24,21,38,0
03f8f7e5-3512-43d2-bbee-bb8faa7b50a9,Christian McCaffrey,SF,RB,2025,2,53,79.1,35,81.4,13,59.1,7,19.4,7,100.0,1,100.0,0,0.0,4,100.0,11,91.7,9,100.0,20.0,4,12,1,12,0,67,43,36,22,9
1946f4d7-7461-43b5-9997-f4cc9d1b6107,Jake Tonges,SF,TE,2025,2,53,79.1,31,72.1,0,0.0,5,13.9,5,100.0,0,0.0,0,0.0,3,75.0,11,91.7,9,100.0,16.1,4,12,1,12,0,67,43,36,22,9
e342b017-bdde-4e14-8a8c-00b662da06bd,Bucky Irving,TB,RB,2025,2,53,73.6,33,73.3,17,63.0,6,17.1,6,100.0,0,0.0,0,0.0,6,75.0,6,54.5,11,78.6,18.2,8,11,3,9,1,72,45,35,27,14
0600e774-93c3-4fa9-8213-642bd02d0771,Jalen Tolbert,DAL,WR,2025,2,52,62.7,35,61.4,0,0.0,4,8.0,3,75.0,0,0.0,0,0.0,1,50.0,10,71.4,15,68.2,11.4,2,14,5,12,1,83,57,50,26,22
3e2752a5-6cfe-412f-a59d-7ddebb7349d3,Dont'e Thornton Jr.,LV,WR,2025,2,52,80.0,41,85.4,0,0.0,4,9.8,1,25.0,0,0.0,0,0.0,6,66.7,13,92.9,11,91.7,9.8,9,14,4,13,0,65,48,41,17,12
e6b3a8b4-9120-408a-9522-0a7e8efddcb3,Jameson Williams,DET,WR,2025,2,51,87.9,29,100.0,0,0.0,4,14.3,2,50.0,0,0.0,0,0.0,4,80.0,9,90.0,8,100.0,13.8,5,10,2,7,3,58,29,28,29,8
b93fca13-6ff1-43b4-8e9c-9c5358534869,Grant Calcaterra,PHI,TE,2025,2,51,87.9,22,81.5,0,0.0,2,9.5,1,50.0,0,0.0,0,0.0,7,100.0,10,100.0,6,100.0,9.1,7,10,0,8,4,58,27,21,29,6
5a253a6c-0769-4a9f-8bc0-b9af300323e7,Kyle Pitts,ATL,TE,2025,2,50,79.4,23,95.8,0,0.0,5,23.8,4,80.0,0,0.0,0,0.0,3,37.5,9,100.0,0,0.0,21.7,8,9,3,9,1,63,24,21,38,0
c6087e40-8804-4907-9aff-d3fc10c08e49,Ja'Tavion Sanders,CAR,TE,2025,2,50,64.9,38,64.4,0,0.0,9,18.0,8,88.9,1,14.3,0,0.0,2,40.0,13,81.2,14,70.0,23.7,5,16,7,12,1,77,59,50,17,20
d6ab35b4-32fe-4052-938e-1a8f7a5ffa56,Amon-Ra St. Brown,DET,WR,2025,2,50,86.2,28,96.6,2,6.9,11,39.3,9,81.8,2,100.0,0,0.0,4,80.0,8,80.0,8,100.0,39.3,5,10,2,7,3,58,29,28,29,8
3185a3cd-8dba-4aca-bc26-6bba0cc696eb,Sam LaPorta,DET,TE,2025,2,49,84.5,21,72.4,0,0.0,4,14.3,3,75.0,0,0.0,0,0.0,5,100.0,9,90.0,8,100.0,19.0,5,10,2,7,3,58,29,28,29,8
ac6d8552-3395-4227-858d-5dd120166115,Josh Jacobs,GB,RB,2025,2,49,77.8,16,47.1,23,85.2,0,0.0,0,0.0,0,0.0,1,100.0,4,100.0,4,36.4,2,100.0,0.0,4,11,3,8,1,63,34,26,27,2
a8f31dde-5a1d-4b89-8811-18b8edefbed7,Brock Bowers,LV,TE,2025,2,49,75.4,39,81.2,0,0.0,7,17.1,5,71.4,1,25.0,0,0.0,4,44.4,14,100.0,12,100.0,17.9,9,14,4,13,0,65,48,41,17,12
dc6f41a1-f5d7-4add-aac4-ea650630799b,De'Von Achane,MIA,RB,2025,2,49,94.2,36,92.3,9,69.2,10,32.3,8,80.0,0,0.0,0,0.0,4,100.0,10,90.9,13,100.0,27.8,4,11,2,7,0,52,39,31,13,13
3be23ca8-a082-4f11-a2ca-48fae57ee15e,Saquon Barkley,PHI,RB,2025,2,49,84.5,12,44.4,21,72.4,2,9.5,2,100.0,0,0.0,2,50.0,7,100.0,8,80.0,6,100.0,16.7,7,10,0,8,4,58,27,21,29,6
50720a07-ff50-4c4d-9665-7859438e9d17,Chigoziem Okonkwo,TEN,TE,2025,2,48,75.0,31,75.6,0,0.0,6,20.0,5,83.3,0,0.0,0,0.0,3,60.0,9,69.2,5,62.5,19.4,5,13,3,9,0,64,41,30,23,8
f9c12962-1c66-4ec9-9f80-7bf58579b8f2,Davante Adams,LA,WR,2025,2,47,79.7,31,91.2,0,0.0,12,38.7,8,66.7,5,100.0,0,0.0,4,80.0,8,88.9,1,100.0,38.7,5,9,5,9,1,59,34,31,23,1
2359ae0a-46a7-4ccc-aca5-bc913bece14b,Hunter Henry,NE,TE,2025,2,47,85.5,21,67.7,0,0.0,2,9.1,2,100.0,0,0.0,0,0.0,3,75.0,10,90.9,0,0.0,9.5,4,11,2,8,0,55,31,22,21,0
e79513b6-48db-4786-b8ff-c02f072db551,Chase Brown,CIN,RB,2025,2,46,70.8,22,45.8,16,94.1,3,7.0,2,66.7,0,0.0,3,75.0,2,100.0,2,15.4,9,60.0,13.6,2,13,3,11,4,65,48,43,17,15
4598a60e-9bd6-4bbc-9466-072b67c5af3d,Troy Franklin,DEN,WR,2025,2,46,85.2,28,90.3,1,4.3,9,32.1,8,88.9,0,0.0,0,0.0,3,75.0,8,100.0,3,100.0,32.1,4,8,3,7,3,54,31,28,23,3
6c64548f-c91e-43d0-9d30-9352c7c589bc,Travis Etienne Jr.,JAC,RB,2025,2,46,65.7,22,50.0,14,53.8,3,7.5,2,66.7,0,0.0,0,0.0,4,66.7,1,8.3,1,100.0,13.6,6,12,6,10,0,70,44,40,26,1
e555cbf5-05aa-4bf5-a836-21eeb37ced41,Jalen Nailor,MIN,WR,2025,2,46,100.0,30,100.0,0,0.0,5,25.0,3,60.0,0,0.0,0,0.0,10,100.0,5,100.0,6,100.0,16.7,10,5,1,5,0,46,30,20,16,6
0ea3a955-4fbe-4bf9-814b-7d987e98c589,Justin Jefferson,MIN,WR,2025,2,46,100.0,30,100.0,0,0.0,6,30.0,4,66.7,1,100.0,0,0.0,10,100.0,5,100.0,6,100.0,20.0,10,5,1,5,0,46,30,20,16,6
3f85220c-e955-44a8-8cf5-0e2c0fcc409d,Wan'Dale Robinson,NYG,WR,2025,2,46,70.8,35,77.8,0,0.0,10,25.6,8,80.0,1,25.0,0,0.0,2,33.3,14,100.0,3,100.0,28.6,6,14,4,13,1,65,45,39,20,3
c98a20dd-1ff5-4713-b78f-648800290fc2,Rashid Shaheed,NO,WR,2025,2,46,68.7,31,77.5,0,0.0,5,14.7,4,80.0,0,0.0,0,0.0,6,100.0,9,90.0,8,100.0,16.1,6,10,3,8,0,67,40,34,27,8
1b6f2bd1-48ed-4bbb-b1da-942f81bc5b26,Elic Ayomanor,TEN,WR,2025,2,46,71.9,28,68.3,0,0.0,6,20.0,4,66.7,1,33.3,0,0.0,3,60.0,8,61.5,5,62.5,21.4,5,13,3,9,0,64,41,30,23,8
c1fdbfb1-e4f1-4c67-a2bd-9e1e7a402be8,Brandin Cooks,NO,WR,2025,2,45,67.2,32,80.0,0,0.0,2,5.9,2,100.0,0,0.0,0,0.0,4,66.7,10,100.0,8,100.0,6.2,6,10,3,8,0,67,40,34,27,8
0d40bdbc-b7b9-48af-a36d-34aaf05ab100,Harold Fannin Jr.,CLE,TE,2025,2,45,62.5,33,64.7,0,0.0,5,12.2,5,100.0,0,0.0,0,0.0,5,83.3,12,66.7,1,20.0,15.2,6,18,2,13,0,72,51,41,21,5
d7630875-9826-48c6-b896-c10bc6bb4b31,Romeo Doubs,GB,WR,2025,2,45,71.4,26,76.5,0,0.0,5,19.2,3,60.0,1,33.3,0,0.0,4,100.0,9,81.8,2,100.0,19.2,4,11,3,8,1,63,34,26,27,2
6239402a-45bf-445b-b0d3-d536274c76e0,Travis Kelce,KC,TE,2025,2,45,78.9,29,76.3,0,0.0,6,22.2,6,100.0,0,0.0,0,0.0,5,83.3,8,88.9,5,83.3,20.7,6,9,1,7,0,57,38,27,19,6
333c6365-cfac-4b93-9015-49cff018311e,Tyler Johnson,NYJ,WR,2025,2,45,95.7,30,96.8,0,0.0,1,5.3,1,100.0,0,0.0,0,0.0,3,100.0,11,100.0,5,100.0,3.3,3,11,1,10,0,47,31,19,16,5
20afb131-b018-4b53-9462-8a99a035cfb1,Marvin Harrison Jr.,ARI,WR,2025,2,44,91.7,28,96.6,0,0.0,4,18.2,3,75.0,1,33.3,0,0.0,1,50.0,8,100.0,6,100.0,14.3,2,8,3,6,3,48,29,22,18,6
677ab1ea-294d-4579-bf11-935467f6b96b,Tyquan Thornton,KC,WR,2025,2,44,77.2,30,78.9,0,0.0,5,18.5,3,60.0,1,100.0,0,0.0,4,66.7,5,55.6,5,83.3,16.7,6,9,1,7,0,57,38,27,19,6
5a0c8b1b-567c-4993-9f60-2af1ad861aee,Tyler Higbee,LA,TE,2025,2,44,74.6,21,61.8,0,0.0,4,12.9,4,100.0,0,0.0,0,0.0,5,100.0,5,55.6,1,100.0,19.0,5,9,5,9,1,59,34,31,23,1
023755cc-e6f5-49bb-a2d0-70d01f135c31,Quentin Johnston,LAC,WR,2025,2,44,80.0,30,93.8,1,4.8,6,23.1,4,66.7,0,0.0,0,0.0,7,77.8,7,100.0,0,0.0,20.0,9,7,1,5,3,55,32,26,21,0
349676e8-d0c9-4e51-b671-f1d541641ecd,Garrett Wilson,NYJ,WR,2025,2,44,93.6,31,100.0,0,0.0,7,36.8,5,71.4,0,0.0,0,0.0,3,100.0,11,100.0,5,100.0,22.6,3,11,1,10,0,47,31,19,16,5
d012a0c5-cd87-437f-a772-50fdc7ec7dfc,DeVonta Smith,PHI,WR,2025,2,44,75.9,26,96.3,0,0.0,6,28.6,4,66.7,0,0.0,0,0.0,2,28.6,10,100.0,6,100.0,23.1,7,10,0,8,4,58,27,21,29,6
d6ed24f0-f6c4-412b-86ab-420733ef7bb9,Cooper Kupp,SEA,WR,2025,2,44,68.8,28,80.0,0,0.0,8,28.6,7,87.5,0,0.0,0,0.0,2,40.0,12,92.3,4,100.0,28.6,5,13,1,9,0,64,35,28,29,4
b1cf668e-31ee-4d0d-80bb-1ca8cf26bf42,Trey McBride,ARI,TE,2025,2,43,89.6,29,100.0,0,0.0,7,31.8,6,85.7,0,0.0,0,0.0,2,100.0,8,100.0,6,100.0,24.1,2,8,3,6,3,48,29,22,18,6
d5c9a653-e4f2-4724-90eb-525423d2a541,Marquise Brown,KC,WR,2025,2,43,75.4,30,78.9,0,0.0,5,18.5,5,100.0,0,0.0,0,0.0,4,66.7,6,66.7,5,83.3,16.7,6,9,1,7,0,57,38,27,19,6
2f8ab04e-0e8d-448b-9f43-e45b084bd6ef,Tyreek Hill,MIA,WR,2025,2,43,82.7,35,89.7,0,0.0,7,22.6,6,85.7,0,0.0,0,0.0,4,100.0,11,100.0,12,92.3,20.0,4,11,2,7,0,52,39,31,13,13
5fbde45e-1771-4a35-ac8e-cbb4d4744e04,Bijan Robinson,ATL,RB,2025,2,42,66.7,18,75.0,22,57.9,5,23.8,4,80.0,0,0.0,0,0.0,3,37.5,9,100.0,0,0.0,27.8,8,9,3,9,1,63,24,21,38,0
12c8d08c-26ee-4e68-9656-d89328a08fcf,Mark Andrews,BAL,TE,2025,2,42,79.2,26,78.8,1,5.9,3,11.1,2,66.7,2,28.6,0,0.0,4,100.0,7,70.0,2,100.0,11.5,4,10,7,9,2,53,33,27,17,2
8500bbe1-1d43-4268-9a95-f3f18c8145d2,Travis Hunter,JAC,WR,2025,2,42,60.0,27,61.4,0,0.0,6,15.0,4,66.7,1,16.7,0,0.0,2,33.3,7,58.3,0,0.0,22.2,6,12,6,10,0,70,44,40,26,1
d81d3117-a780-4d23-946a-42906805ca2b,Ladd McConkey,LAC,WR,2025,2,42,76.4,28,87.5,0,0.0,5,19.2,5,100.0,0,0.0,0,0.0,7,77.8,7,100.0,0,0.0,17.9,9,7,1,5,3,55,32,26,21,0
267c587c-b94c-459c-99ef-58a2be6b7e6b,Jaylen Waddle,MIA,WR,2025,2,42,80.8,33,84.6,0,0.0,6,19.4,5,83.3,2,100.0,0,0.0,4,100.0,11,100.0,12,92.3,18.2,4,11,2,7,0,52,39,31,13,13
0b8b555a-379b-4b01-8923-c225f1181f2a,Jaxon Smith-Njigba,SEA,WR,2025,2,42,65.6,31,88.6,0,0.0,9,32.1,8,88.9,0,0.0,0,0.0,2,40.0,12,92.3,4,100.0,29.0,5,13,1,9,0,64,35,28,29,4
37f6090b-3d04-4da4-8921-580b01eec256,Zay Flowers,BAL,WR,2025,2,41,77.4,29,87.9,1,5.9,10,37.0,7,70.0,0,0.0,0,0.0,1,25.0,9,90.0,2,100.0,34.5,4,10,7,9,2,53,33,27,17,2
6a406a94-9c4f-4a80-8868-dc0204fa025c,Nico Collins,HOU,WR,2025,2,41,89.1,26,86.7,0,0.0,9,39.1,3,33.3,3,75.0,0,0.0,5,83.3,5,83.3,3,75.0,34.6,6,6,4,7,1,46,30,23,15,4
25239300-231c-4582-9afd-19727c9c45c1,Kyren Williams,LA,RB,2025,2,41,69.5,15,44.1,17,73.9,2,6.5,2,100.0,0,0.0,0,0.0,4,80.0,8,88.9,1,100.0,13.3,5,9,5,9,1,59,34,31,23,1
7bfd2708-9995-4488-a82a-b897002a1a60,Courtland Sutton,DEN,WR,2025,2,40,74.1,24,77.4,0,0.0,4,14.3,1,25.0,1,33.3,0,0.0,3,75.0,8,100.0,3,100.0,16.7,4,8,3,7,3,54,31,28,23,3
e4813e39-9e02-4fa1-a944-409c3a2d5c9c,Josh Downs,IND,WR,2025,2,40,59.7,23,60.5,0,0.0,8,24.2,6,75.0,1,50.0,0,0.0,3,37.5,9,90.0,7,58.3,34.8,8,10,2,9,2,67,38,33,29,12
2735c8e9-1338-4cf8-88c1-cb0452687768,Puka Nacua,LA,WR,2025,2,40,67.8,29,85.3,1,4.3,9,29.0,8,88.9,0,0.0,0,0.0,3,60.0,8,88.9,1,100.0,31.0,5,9,5,9,1,59,34,31,23,1
c739b7b0-2f88-4c97-ab7b-a07eaa6ca333,Kayshon Boutte,NE,WR,2025,2,40,72.7,23,74.2,0,0.0,1,4.5,1,100.0,1,50.0,0,0.0,2,50.0,8,72.7,0,0.0,4.3,4,11,2,8,0,55,31,22,21,0
d5ec0a76-0891-456f-ae34-2782c9a213e3,Luke Farrell,SF,TE,2025,2,40,59.7,19,44.2,0,0.0,2,5.6,2,100.0,0,0.0,0,0.0,3,75.0,2,16.7,0,0.0,10.5,4,12,1,12,0,67,43,36,22,9
99be8a87-998b-4cc0-94b2-776870d0034c,Dawson Knox,BUF,TE,2025,2,39,54.9,15,46.9,0,0.0,4,16.7,4,100.0,0,0.0,0,0.0,4,80.0,4,33.3,0,0.0,26.7,5,12,1,9,2,71,32,24,35,0
050f81c3-6e60-4792-abb3-dabc225eb210,JuJu Smith-Schuster,KC,WR,2025,2,39,68.4,29,76.3,0,0.0,2,7.4,1,50.0,0,0.0,0,0.0,4,66.7,8,88.9,5,83.3,6.9,6,9,1,7,0,57,38,27,19,6
f516fce4-a946-4295-a314-b85429a93ea4,Jordan Whittington,LA,WR,2025,2,39,66.1,17,50.0,0,0.0,2,6.5,2,100.0,0,0.0,0,0.0,4,80.0,4,44.4,0,0.0,11.8,5,9,5,9,1,59,34,31,23,1
1db285a6-c443-45d9-bdd2-8d28824cfcb0,Matthew Golden,GB,WR,2025,2,37,58.7,23,67.6,2,7.4,2,7.7,0,0.0,1,33.3,0,0.0,3,75.0,10,90.9,2,100.0,8.7,4,11,3,8,1,63,34,26,27,2
68f77860-f7d1-42a3-a022-0ac87285695c,Noah Gray,KC,TE,2025,2,37,64.9,19,50.0,0,0.0,4,14.8,2,50.0,0,0.0,0,0.0,3,50.0,3,33.3,2,33.3,21.1,6,9,1,7,0,57,38,27,19,6
342ee78f-f6c6-42d5-ba14-5a1b05bfe951,Ashton Jeanty,LV,RB,2025,2,37,56.9,18,37.5,11,64.7,4,9.8,3,75.0,0,0.0,0,0.0,6,66.7,1,7.1,0,0.0,22.2,9,14,4,13,0,65,48,41,17,12
2695261a-7154-4d11-b667-425791c63e2a,Adam Thielen,MIN,WR,2025,2,37,80.4,27,90.0,0,0.0,3,15.0,2,66.7,0,0.0,0,0.0,8,80.0,5,100.0,6,100.0,11.1,10,5,1,5,0,46,30,20,16,6
f508d244-a60a-4c6a-b54d-f27ae93fdfdf,D'Andre Swift,CHI,RB,2025,2,36,56.2,16,39.0,11,47.8,3,9.7,3,100.0,0,0.0,1,100.0,3,50.0,5,41.7,0,0.0,18.8,6,12,1,9,1,64,41,31,23,0
dceee638-01c3-409d-ac0d-cf4d091988f8,Colston Loveland,CHI,TE,2025,2,36,56.2,21,51.2,0,0.0,1,3.2,0,0.0,0,0.0,0,0.0,2,33.3,2,16.7,0,0.0,4.8,6,12,1,9,1,64,41,31,23,0
b8db7dce-1075-40fb-b159-eba83452ef7f,Dontayvion Wicks,GB,WR,2025,2,36,57.1,22,64.7,0,0.0,6,23.1,4,66.7,0,0.0,0,0.0,1,25.0,10,90.9,2,100.0,27.3,4,11,3,8,1,63,34,26,27,2
95265030-c6d8-4b54-8ab2-95c69ff56132,Rhamondre Stevenson,NE,RB,2025,2,36,65.5,15,48.4,10,47.6,5,22.7,5,100.0,0,0.0,0,0.0,3,75.0,9,81.8,0,0.0,33.3,4,11,2,8,0,55,31,22,21,0
0cf680c0-a4dd-48b6-abb5-440c84e31d2e,James Cook,BUF,RB,2025,2,35,49.3,10,31.2,21,60.0,1,4.2,1,100.0,0,0.0,1,50.0,1,20.0,1,8.3,0,0.0,10.0,5,12,1,9,2,71,32,24,35,0
1c60c3f7-60f9-486b-8b97-f9737b9a0723,Keon Coleman,BUF,WR,2025,2,35,49.3,20,62.5,0,0.0,4,16.7,3,75.0,0,0.0,0,0.0,5,100.0,10,83.3,0,0.0,20.0,5,12,1,9,2,71,32,24,35,0
5bdda924-3869-4d1b-bca4-e99bc6b7e2b1,Jackson Hawes,BUF,TE,2025,2,35,49.3,3,9.4,0,0.0,1,4.2,1,100.0,0,0.0,0,0.0,1,20.0,3,25.0,0,0.0,33.3,5,12,1,9,2,71,32,24,35,0
9b4628dc-c57f-44d1-b7b0-c8a9f0103fa4,Mike Gesicki,CIN,TE,2025,2,35,53.8,31,64.6,0,0.0,4,9.3,3,75.0,0,0.0,0,0.0,0,0.0,10,76.9,10,66.7,12.9,2,13,3,11,4,65,48,43,17,15
d4f18944-8136-4c18-a64d-cd91ee9f4319,Jerome Ford,CLE,RB,2025,2,35,48.6,24,47.1,6,28.6,6,14.6,6,100.0,0,0.0,0,0.0,2,33.3,15,83.3,4,80.0,25.0,6,18,2,13,0,72,51,41,21,5
1fbde5fd-dc6e-4749-8a6b-3f13e3013612,Austin Hooper,NE,TE,2025,2,35,63.6,14,45.2,0,0.0,3,13.6,3,100.0,0,0.0,0,0.0,3,75.0,4,36.4,0,0.0,21.4,4,11,2,8,0,55,31,22,21,0
003cd807-fc20-451d-a436-71c1f4a7655d,Mack Hollins,NE,WR,2025,2,35,63.6,18,58.1,0,0.0,2,9.1,1,50.0,1,50.0,0,0.0,3,75.0,5,45.5,0,0.0,11.1,4,11,2,8,0,55,31,22,21,0
bb1f47a9-dcae-4ec0-94a0-e892709f095a,Zach Charbonnet,SEA,RB,2025,2,35,54.7,13,37.1,15,51.7,0,0.0,0,0.0,0,0.0,0,0.0,3,60.0,5,38.5,4,100.0,0.0,5,13,1,9,0,64,35,28,29,4
0baeefd8-70de-4fe6-9f72-bdc3c70fbae7,Austin Ekeler,WAS,RB,2025,2,35,54.7,21,40.4,8,61.5,4,10.5,2,50.0,0,0.0,0,0.0,4,80.0,12,75.0,10,47.6,19.0,5,16,0,14,0,64,52,38,13,21
329b5077-f730-4d2b-943d-92ecab387041,Jaylin Lane,WAS,WR,2025,2,35,54.7,27,51.9,0,0.0,3,7.9,1,33.3,0,0.0,0,0.0,4,80.0,8,50.0,16,76.2,11.1,5,16,0,14,0,64,52,38,13,21
7bf6186d-c640-4bf6-acf0-4e8c1190c4f8,Joshua Palmer,BUF,WR,2025,2,34,47.9,21,65.6,0,0.0,3,12.5,2,66.7,0,0.0,0,0.0,3,60.0,9,75.0,0,0.0,14.3,5,12,1,9,2,71,32,24,35,0
31427cb3-cb95-4244-90a3-cf08814a8c85,Dalton Kincaid,BUF,TE,2025,2,34,47.9,19,59.4,0,0.0,6,25.0,4,66.7,1,100.0,0,0.0,2,40.0,8,66.7,0,0.0,31.6,5,12,1,9,2,71,32,24,35,0
239c6290-839c-4cd0-a604-ebb091b88ebb,Khalil Shakir,BUF,WR,2025,2,34,47.9,18,56.2,0,0.0,1,4.2,1,100.0,0,0.0,0,0.0,1,20.0,9,75.0,0,0.0,5.6,5,12,1,9,2,71,32,24,35,0
debcba0e-e6cf-4e9e-88de-d964b8d7aa49,Isiah Pacheco,KC,RB,2025,2,34,59.6,19,50.0,10,52.6,2,7.4,1,50.0,0,0.0,0,0.0,2,33.3,1,11.1,5,83.3,10.5,6,9,1,7,0,57,38,27,19,6
616e049f-104f-4aa7-bb10-d198f5954d3a,Omarion Hampton,LAC,RB,2025,2,34,61.8,16,50.0,8,38.1,2,7.7,1,50.0,0,0.0,3,100.0,5,55.6,6,85.7,0,0.0,12.5,9,7,1,5,3,55,32,26,21,0
a3c06d33-73fa-40d8-b2a5-c4c305119a81,T.J. Hockenson,MIN,TE,2025,2,34,73.9,23,76.7,0,0.0,3,15.0,2,66.7,0,0.0,0,0.0,6,60.0,5,100.0,6,100.0,13.0,10,5,1,5,0,46,30,20,16,6
c31d94ec-04ba-497d-a73f-cd06676c0793,Mason Taylor,NYJ,TE,2025,2,34,72.3,22,71.0,0,0.0,2,10.5,1,50.0,0,0.0,0,0.0,1,33.3,8,72.7,5,100.0,9.1,3,11,1,10,0,47,31,19,16,5
2047e10e-17be-4341-900b-01c47eedccec,Jaylen Warren,PIT,RB,2025,2,34,57.6,16,41.0,14,70.0,4,13.3,4,100.0,0,0.0,1,50.0,5,55.6,5,50.0,3,37.5,25.0,9,10,2,11,2,59,39,30,20,8
78a9587a-e70d-4ff4-9f91-de5e16e695d6,Jahmyr Gibbs,DET,RB,2025,2,33,56.9,15,51.7,12,41.4,3,10.7,3,100.0,0,0.0,0,0.0,4,80.0,4,40.0,8,100.0,20.0,5,10,2,7,3,58,29,28,29,8
e4428037-e731-4af3-8430-6c7662d221e9,Cam Skattebo,NYG,RB,2025,2,33,50.8,19,42.2,11,55.0,3,7.7,3,100.0,0,0.0,1,100.0,3,50.0,7,50.0,0,0.0,15.8,6,14,4,13,1,65,45,39,20,3
a4035ddb-9f9b-4a81-9153-e6c8cd2fe3c7,Kylen Granson,PHI,TE,2025,2,33,56.9,5,18.5,0,0.0,1,4.8,1,100.0,0,0.0,0,0.0,7,100.0,0,0.0,0,0.0,20.0,7,10,0,8,4,58,27,21,29,6
aaf61fde-6940-42c8-9f49-51e1cc9240e7,Jonnu Smith,PIT,TE,2025,2,33,55.9,22,56.4,0,0.0,4,13.3,4,100.0,0,0.0,0,0.0,4,44.4,6,60.0,5,62.5,18.2,9,10,2,11,2,59,39,30,20,8
19ba8174-6b80-4611-b42c-48491934ccb0,Kendrick Bourne,SF,WR,2025,2,33,49.3,26,60.5,0,0.0,3,8.3,3,100.0,0,0.0,0,0.0,1,25.0,11,91.7,9,100.0,11.5,4,12,1,12,0,67,43,36,22,9
0ea7b887-760f-49d0-bc8a-47e923da68aa,Michael Wilson,ARI,WR,2025,2,32,66.7,24,82.8,0,0.0,2,9.1,1,50.0,1,33.3,0,0.0,0,0.0,7,87.5,6,100.0,8.3,2,8,3,6,3,48,29,22,18,6
85dbb5d3-9f1b-4003-8c71-5faf36546817,Charlie Kolar,BAL,TE,2025,2,32,60.4,15,45.5,0,0.0,0,0.0,0,0.0,0,0.0,0,0.0,4,100.0,4,40.0,0,0.0,0.0,4,10,7,9,2,53,33,27,17,2
a71fbfe1-26e2-41da-9c57-2bdf5e98faee,Adam Trautman,DEN,TE,2025,2,32,59.3,8,25.8,0,0.0,3,10.7,3,100.0,1,33.3,0,0.0,4,100.0,2,25.0,0,0.0,37.5,4,8,3,7,3,54,31,28,23,3
74a1fffd-b450-49af-a8db-e8ea9b9803f7,Kalif Raymond,DET,WR,2025,2,32,55.2,13,44.8,1,3.4,1,3.6,1,100.0,0,0.0,0,0.0,2,40.0,10,100.0,0,0.0,7.7,5,10,2,7,3,58,29,28,29,8
5e85bccd-0962-4974-af90-62349bcb28aa,Derrick Henry,BAL,RB,2025,2,31,58.5,13,39.4,11,64.7,0,0.0,0,0.0,0,0.0,1,50.0,3,75.0,0,0.0,0,0.0,0.0,4,10,7,9,2,53,33,27,17,2
6392da3f-c326-4ad1-9f38-d415c3142f1e,Tommy Tremble,CAR,TE,2025,2,31,40.3,20,33.9,0,0.0,3,6.0,3,100.0,0,0.0,0,0.0,4,80.0,3,18.8,6,30.0,15.0,5,16,7,12,1,77,59,50,17,20
6920de01-7261-4903-94fa-a8a481c8f7eb,Keenan Allen,LAC,WR,2025,2,31,56.4,25,78.1,0,0.0,7,26.9,5,71.4,1,100.0,0,0.0,4,44.4,7,100.0,0,0.0,28.0,9,7,1,5,3,55,32,26,21,0
0d6df34c-94f5-4ce5-b8b1-91e2fb197877,Tyler Lockett,TEN,WR,2025,2,31,48.4,19,46.3,0,0.0,2,6.7,2,100.0,0,0.0,0,0.0,3,60.0,4,30.8,5,62.5,10.5,5,13,3,9,0,64,41,30,23,8
d2d35213-1690-4f25-a82a-db685b7069dd,Malik Washington,MIA,WR,2025,2,31,59.6,24,61.5,3,23.1,2,6.5,1,50.0,0,0.0,0,0.0,2,50.0,10,90.9,10,76.9,8.3,4,11,2,7,0,52,39,31,13,13
8f4bcbe9-f840-4894-88bd-f8c35d687d10,Rashod Bateman,BAL,WR,2025,2,30,56.6,25,75.8,0,0.0,4,14.8,2,50.0,0,0.0,0,0.0,1,25.0,9,90.0,2,100.0,16.0,4,10,7,9,2,53,33,27,17,2
1fca03ab-4c91-4de8-b8e4-9f290c31c63a,Brock Wright,DET,TE,2025,2,30,51.7,6,20.7,0,0.0,3,10.7,3,100.0,0,0.0,0,0.0,2,40.0,2,20.0,0,0.0,50.0,5,10,2,7,3,58,29,28,29,8
f0ac0084-7bf6-4ada-9fd3-bd8771869643,Breece Hall,NYJ,RB,2025,2,30,63.8,14,45.2,10,62.5,2,10.5,2,100.0,0,0.0,0,0.0,2,66.7,3,27.3,2,40.0,14.3,3,11,1,10,0,47,31,19,16,5
32abc43e-19b1-47a3-a9a9-3f1a15d7d593,Pat Freiermuth,PIT,TE,2025,2,30,50.8,24,61.5,0,0.0,4,13.3,3,75.0,1,50.0,0,0.0,6,66.7,7,70.0,7,87.5,16.7,9,10,2,11,2,59,39,30,20,8
505be8e1-c606-467a-a6db-088371a0791e,Elijah Moore,BUF,WR,2025,2,29,40.8,13,40.6,2,5.7,1,4.2,1,100.0,0,0.0,1,50.0,1,20.0,3,25.0,0,0.0,7.7,5,12,1,9,2,71,32,24,35,0
9684e43f-e300-4390-ba3a-e18aa7728040,Dalton Schultz,HOU,TE,2025,2,28,60.9,22,73.3,0,0.0,4,17.4,3,75.0,0,0.0,0,0.0,4,66.7,6,100.0,4,100.0,18.2,6,6,4,7,1,46,30,23,15,4
8e20b566-e5af-42a6-aa8b-873d6011f865,Stefon Diggs,NE,WR,2025,2,28,50.9,18,58.1,0,0.0,5,22.7,4,80.0,0,0.0,0,0.0,1,25.0,9,81.8,0,0.0,27.8,4,11,2,8,0,55,31,22,21,0
ff907e4d-9cd3-452d-be41-9770e7709321,Tylan Wallace,BAL,WR,2025,2,27,50.9,16,48.5,0,0.0,2,7.4,2,100.0,1,14.3,0,0.0,3,75.0,7,70.0,1,50.0,12.5,4,10,7,9,2,53,33,27,17,2
f6f340d3-84e5-4514-acc3-3a9b4c5e43b6,Kyle Monangai,CHI,RB,2025,2,27,42.2,15,36.6,7,30.4,2,6.5,1,50.0,0,0.0,0,0.0,3,50.0,6,50.0,0,0.0,13.3,6,12,1,9,1,64,41,31,23,0
85c654f2-1792-412a-b849-e8a99f15c37c,Olamide Zaccheaus,CHI,WR,2025,2,27,42.2,19,46.3,1,4.3,5,16.1,2,40.0,0,0.0,0,0.0,2,33.3,11,91.7,0,0.0,26.3,6,12,1,9,1,64,41,31,23,0
14b863e1-dc93-41d0-94f4-1743fff8e5e1,Isaiah Bond,CLE,WR,2025,2,27,37.5,20,39.2,1,4.8,3,7.3,2,66.7,0,0.0,0,0.0,3,50.0,5,27.8,1,20.0,15.0,6,18,2,13,0,72,51,41,21,5
d1bbd98f-9075-43e1-aa0d-944e1c282104,Xavier Hutchinson,HOU,WR,2025,2,27,58.7,21,70.0,0,0.0,3,13.0,2,66.7,0,0.0,0,0.0,3,50.0,5,83.3,3,75.0,14.3,6,6,4,7,1,46,30,23,15,4
f3b80456-8f50-491b-a2fa-57dec77471a9,Julian Hill,MIA,TE,2025,2,27,51.9,11,28.2,0,0.0,0,0.0,0,0.0,0,0.0,0,0.0,2,50.0,4,36.4,1,7.7,0.0,4,11,2,7,0,52,39,31,13,13
ae296013-3874-468d-9a92-dab21b7d904b,Jordan Mason,MIN,RB,2025,2,27,58.7,12,40.0,9,56.2,2,10.0,2,100.0,0,0.0,0,0.0,7,70.0,2,40.0,4,66.7,16.7,10,5,1,5,0,46,30,20,16,6
d213828c-b302-459d-afff-f417e80d690c,Tyrone Tracy,NYG,RB,2025,2,27,41.5,18,40.0,5,25.0,5,12.8,5,100.0,0,0.0,0,0.0,3,50.0,7,50.0,3,100.0,27.8,6,14,4,13,1,65,45,39,20,3
d8fac662-3f29-4c24-b60f-066884a04068,Chimere Dike,TEN,WR,2025,2,27,42.2,17,41.5,2,8.7,5,16.7,2,40.0,1,33.3,0,0.0,0,0.0,8,61.5,3,37.5,29.4,5,13,3,9,0,64,41,30,23,8
891f828a-34a4-45b1-bca3-81956a75c51c,Tyler Conklin,LAC,TE,2025,2,26,47.3,11,34.4,0,0.0,0,0.0,0,0.0,0,0.0,0,0.0,2,22.2,1,14.3,0,0.0,0.0,9,7,1,5,3,55,32,26,21,0
1d67bcea-533e-442c-a2e8-22b9ddc2389d,Tory Horton,SEA,WR,2025,2,26,40.6,18,51.4,0,0.0,4,14.3,2,50.0,1,100.0,0,0.0,1,20.0,8,61.5,4,100.0,22.2,5,13,1,9,0,64,35,28,29,4
df82cd36-0e8b-44ad-91d1-f50d853f437b,James Conner,ARI,RB,2025,2,25,52.1,11,37.9,11,61.1,1,4.5,1,100.0,0,0.0,2,66.7,1,50.0,0,0.0,0,0.0,9.1,2,8,3,6,3,48,29,22,18,6
94949848-4c8d-4d83-921b-1c3adb5b16f1,Tyrell Shavers,BUF,WR,2025,2,25,35.2,10,31.2,0,0.0,2,8.3,0,0.0,0,0.0,0,0.0,1,20.0,2,16.7,0,0.0,20.0,5,12,1,9,2,71,32,24,35,0
424755d3-3fc8-4c68-bc9b-fa5bfae6907d,Drew Sample,CIN,TE,2025,2,25,38.5,8,16.7,0,0.0,1,2.3,1,100.0,0,0.0,0,0.0,2,100.0,2,15.4,5,33.3,12.5,2,13,3,11,4,65,48,43,17,15
30deec0c-0006-4685-bacb-8e6465af938e,Luke Schoonmaker,DAL,TE,2025,2,25,30.1,12,21.1,0,0.0,2,4.0,0,0.0,0,0.0,0,0.0,0,0.0,1,7.1,3,13.6,16.7,2,14,5,12,1,83,57,50,26,22
67d9c82c-38f0-4212-9126-c6c0c3a5c2f2,J.K. Dobbins,DEN,RB,2025,2,25,46.3,10,32.3,14,60.9,2,7.1,1,50.0,0,0.0,3,100.0,3,75.0,0,0.0,0,0.0,20.0,4,8,3,7,3,54,31,28,23,3
39744a7a-6075-4512-950b-b3d86c965eb8,Evan Engram,DEN,TE,2025,2,25,46.3,18,58.1,0,0.0,2,7.1,1,50.0,0,0.0,0,0.0,0,0.0,7,87.5,3,100.0,11.1,4,8,3,7,3,54,31,28,23,3
b4c567a0-2390-48f0-a58c-76ee757d5436,Tutu Atwell,LA,WR,2025,2,25,42.4,18,52.9,0,0.0,1,3.2,0,0.0,0,0.0,0,0.0,2,40.0,5,55.6,1,100.0,5.6,5,9,5,9,1,59,34,31,23,1
9ef4c1f8-2cba-41b6-84b9-a09173a96dd4,Kenneth Gainwell,PIT,RB,2025,2,25,42.4,19,48.7,5,25.0,5,16.7,4,80.0,0,0.0,1,50.0,4,44.4,5,50.0,5,62.5,26.3,9,10,2,11,2,59,39,30,20,8
302f2b22-be97-4120-bd47-87c1bed8dd89,Elijah Arroyo,SEA,TE,2025,2,25,39.1,18,51.4,0,0.0,3,10.7,3,100.0,0,0.0,0,0.0,3,60.0,7,53.8,0,0.0,16.7,5,13,1,9,0,64,35,28,29,4
f4818c06-8928-482c-b6e8-c5cfec1ee774,Noah Brown,WAS,WR,2025,2,25,39.1,20,38.5,0,0.0,4,10.5,3,75.0,0,0.0,0,0.0,1,20.0,7,43.8,1,4.8,20.0,5,16,0,14,0,64,52,38,13,21
541c2896-40b2-43d1-aef3-cfa4db5d2798,Nick Chubb,HOU,RB,2025,2,24,52.2,9,30.0,12,80.0,2,8.7,2,100.0,0,0.0,1,100.0,3,50.0,0,0.0,0,0.0,22.2,6,6,4,7,1,46,30,23,15,4
0655b4ca-8e32-4021-a7db-37a88d47b60d,Mo Alie-Cox,IND,TE,2025,2,24,35.8,10,26.3,0,0.0,1,3.0,1,100.0,0,0.0,0,0.0,3,37.5,1,10.0,5,41.7,10.0,8,10,2,9,2,67,38,33,29,12
e1702d62-f90b-4ea6-9c2f-857e692e8b37,Davis Allen,LA,TE,2025,2,24,40.7,4,11.8,0,0.0,1,3.2,1,100.0,0,0.0,0,0.0,1,20.0,2,22.2,0,0.0,25.0,5,9,5,9,1,59,34,31,23,1
fd6821bf-31c8-4127-8eea-7f5318590a33,Michael Mayer,LV,TE,2025,2,24,36.9,10,20.8,0,0.0,2,4.9,2,100.0,0,0.0,0,0.0,6,66.7,0,0.0,0,0.0,20.0,9,14,4,13,0,65,48,41,17,12
6b3d7a7b-5061-4c98-aa72-1f5bc9a96b6d,Tanner Conner,MIA,TE,2025,2,24,46.2,21,53.8,0,0.0,0,0.0,0,0.0,0,0.0,0,0.0,2,50.0,5,45.5,12,92.3,0.0,4,11,2,7,0,52,39,31,13,13
59471ae6-b004-4818-a36c-65d77332f276,Devaughn Vele,NO,WR,2025,2,24,35.8,8,20.0,0,0.0,1,2.9,1,100.0,1,33.3,0,0.0,0,0.0,1,10.0,0,0.0,12.5,6,10,3,8,0,67,40,34,27,8
55f30a94-df41-42e5-a5d3-7397401331b3,Eric Saubert,SEA,TE,2025,2,24,37.5,3,8.6,0,0.0,0,0.0,0,0.0,0,0.0,0,0.0,3,60.0,3,23.1,0,0.0,0.0,5,13,1,9,0,64,35,28,29,4
6180f681-02a5-4c99-b54b-fbe9b5747e5f,Zay Jones,ARI,WR,2025,2,23,47.9,16,55.2,0,0.0,0,0.0,0,0.0,0,0.0,0,0.0,0,0.0,4,50.0,6,100.0,0.0,2,8,3,6,3,48,29,22,18,6
95b4bd21-47d4-4f86-991b-1bfb26bd95a0,Trey Benson,ARI,RB,2025,2,23,47.9,16,55.2,3,16.7,5,22.7,4,80.0,1,33.3,0,0.0,1,50.0,8,100.0,6,100.0,31.2,2,8,3,6,3,48,29,22,18,6
a2cadcf6-bce7-4926-a2f0-2539ebec165c,Kenneth Walker III,SEA,RB,2025,2,23,35.9,7,20.0,13,44.8,1,3.6,1,100.0,0,0.0,0,0.0,2,40.0,2,15.4,0,0.0,14.3,5,13,1,9,0,64,35,28,29,4
d33b79b9-79ab-4d1f-b448-93271850b27e,Justice Hill,BAL,RB,2025,2,22,41.5,13,39.4,3,17.6,3,11.1,3,100.0,0,0.0,0,0.0,1,25.0,10,100.0,2,100.0,23.1,4,10,7,9,2,53,33,27,17,2
afe63be8-23e2-4e7e-a3d5-62c8d39415f0,Rico Dowdle,CAR,RB,2025,2,22,28.6,11,18.6,6,35.3,1,2.0,1,100.0,0,0.0,1,100.0,2,40.0,3,18.8,0,0.0,9.1,5,16,7,12,1,77,59,50,17,20
8f33c0ee-0e7b-40f8-b1a0-2e116301146d,David Montgomery,DET,RB,2025,2,22,37.9,6,20.7,11,37.9,1,3.6,1,100.0,0,0.0,3,100.0,1,20.0,5,50.0,0,0.0,16.7,5,10,2,7,3,58,29,28,29,8
79c13577-00f5-46c9-a9a3-b1bffeb94044,Malik Heath,GB,WR,2025,2,22,34.9,7,20.6,0,0.0,1,3.8,1,100.0,0,0.0,0,0.0,1,25.0,3,27.3,0,0.0,14.3,4,11,3,8,1,63,34,26,27,2
db42abda-4d21-42f0-bb2c-5515b32f7567,Kareem Hunt,KC,RB,2025,2,22,38.6,14,36.8,8,42.1,1,3.7,1,100.0,0,0.0,0,0.0,5,83.3,7,77.8,1,16.7,7.1,6,9,1,7,0,57,38,27,19,6
f69e2d9c-8c94-463e-b965-ae5b34f18872,Will Dissly,LAC,TE,2025,2,22,40.0,11,34.4,0,0.0,1,3.8,1,100.0,0,0.0,0,0.0,4,44.4,2,28.6,0,0.0,9.1,9,7,1,5,3,55,32,26,21,0
92b7cd5f-0a9f-42d0-b486-4102c2f90fb8,Arian Smith,NYJ,WR,2025,2,22,46.8,19,61.3,1,6.2,2,10.5,2,100.0,0,0.0,0,0.0,2,66.7,4,36.4,2,40.0,10.5,3,11,1,10,0,47,31,19,16,5
01d6e6d2-b8f4-45e8-ad2c-faac8b966012,Allen Lazard,NYJ,WR,2025,2,22,46.8,10,32.3,0,0.0,0,0.0,0,0.0,0,0.0,0,0.0,1,33.3,7,63.6,3,60.0,0.0,3,11,1,10,0,47,31,19,16,5
80cccf1b-0ff3-4614-acfd-a11a5dd93690,Gunnar Helm,TEN,TE,2025,2,22,34.4,14,34.1,0,0.0,2,6.7,2,100.0,0,0.0,0,0.0,4,80.0,4,30.8,3,37.5,14.3,5,13,3,9,0,64,41,30,23,8
a2ce2d86-54e6-420a-adf4-b9f8ed18787b,Elijah Higgins,ARI,TE,2025,2,21,43.8,10,34.5,0,0.0,2,9.1,2,100.0,0,0.0,0,0.0,0,0.0,0,0.0,0,0.0,20.0,2,8,3,6,3,48,29,22,18,6
9da77ee0-eae7-40ea-bd9a-d5ad8f231391,Trent Sherfield,DEN,WR,2025,2,21,38.9,9,29.0,0,0.0,1,3.6,1,100.0,0,0.0,0,0.0,2,50.0,1,12.5,0,0.0,11.1,4,8,3,7,3,54,31,28,23,3
14f86e27-f8fb-4038-8f55-c7f5f7370c9a,Jahan Dotson,PHI,WR,2025,2,21,36.2,19,70.4,0,0.0,1,4.8,1,100.0,0,0.0,0,0.0,0,0.0,10,100.0,6,100.0,5.3,7,10,0,8,4,58,27,21,29,6
64eef8f3-8f61-447d-bca1-b52b6824d873,Roman Wilson,PIT,WR,2025,2,21,35.6,15,38.5,0,0.0,2,6.7,1,50.0,0,0.0,0,0.0,3,33.3,7,70.0,4,50.0,13.3,9,10,2,11,2,59,39,30,20,8
7126505c-4b3a-4401-ba0a-b23f85b0ba54,Darnell Washington,PIT,TE,2025,2,21,35.6,7,17.9,0,0.0,1,3.3,0,0.0,0,0.0,0,0.0,4,44.4,0,0.0,0,0.0,14.3,9,10,2,11,2,59,39,30,20,8
6a98dd72-0d14-4042-9390-c929374285d4,Rachaad White,TB,RB,2025,2,21,29.2,8,17.8,10,37.0,2,5.7,2,100.0,0,0.0,1,100.0,2,25.0,5,45.5,3,21.4,25.0,8,11,3,9,1,72,45,35,27,14
f7e583c7-6864-4f1c-b610-7f4615a7196b,Tyler Allgeier,ATL,RB,2025,2,20,31.7,2,8.3,16,42.1,1,4.8,1,100.0,0,0.0,1,100.0,5,62.5,0,0.0,0,0.0,50.0,8,9,3,9,1,63,24,21,38,0
87eb888d-bca6-4c8e-88d4-df906836290b,Jamari Thrash,CLE,WR,2025,2,20,27.8,14,27.5,0,0.0,1,2.4,1,100.0,0,0.0,0,0.0,0,0.0,6,33.3,4,80.0,7.1,6,18,2,13,0,72,51,41,21,5
83991c64-2c8f-414b-adb6-dfa7973159db,Luke Musgrave,GB,TE,2025,2,20,31.7,6,17.6,0,0.0,2,7.7,2,100.0,0,0.0,0,0.0,2,50.0,1,9.1,0,0.0,33.3,4,11,3,8,1,63,34,26,27,2
de621f53-33ca-407e-8646-93e05a2eb320,Justin Watson,HOU,WR,2025,2,20,43.5,14,46.7,0,0.0,2,8.7,1,50.0,1,25.0,0,0.0,2,33.3,1,16.7,3,75.0,14.3,6,6,4,7,1,46,30,23,15,4
e5b3bc59-2f46-45d5-a41e-f32b6af28b1e,Aaron Jones,MIN,RB,2025,2,20,43.5,12,40.0,5,31.2,1,5.0,1,100.0,0,0.0,0,0.0,3,30.0,3,60.0,2,33.3,8.3,10,5,1,5,0,46,30,20,16,6
5d571d84-d446-4515-8ba1-1590b8ab777a,Ray Davis,BUF,RB,2025,2,19,26.8,5,15.6,9,25.7,0,0.0,0,0.0,0,0.0,0,0.0,3,60.0,2,16.7,0,0.0,0.0,5,12,1,9,2,71,32,24,35,0
862a3cce-0028-4fd3-a532-b90cf6df99c7,Samaje Perine,CIN,RB,2025,2,19,29.2,11,22.9,0,0.0,0,0.0,0,0.0,0,0.0,0,0.0,0,0.0,11,84.6,6,40.0,0.0,2,13,3,11,4,65,48,43,17,15
80dbb8e4-fe03-4cee-8a74-63226f3a3e6f,Miles Sanders,DAL,RB,2025,2,19,22.9,7,12.3,5,19.2,2,4.0,2,100.0,0,0.0,1,100.0,0,0.0,2,14.3,0,0.0,28.6,2,14,5,12,1,83,57,50,26,22
c2f48e37-77dd-4b9a-8920-ec3b6e8d2475,Marvin Mims Jr.,DEN,WR,2025,2,19,35.2,13,41.9,0,0.0,2,7.1,2,100.0,1,33.3,0,0.0,1,25.0,3,37.5,3,100.0,15.4,4,8,3,7,3,54,31,28,23,3
cb0376ff-77a1-4a10-9873-e684dc4da02c,Jayden Higgins,HOU,WR,2025,2,19,41.3,12,40.0,0,0.0,1,4.3,1,100.0,0,0.0,0,0.0,4,66.7,2,33.3,2,50.0,8.3,6,6,4,7,1,46,30,23,15,4
acba4bcf-e673-4fa1-9935-ab22041bed1e,Johnny Mundt,JAC,TE,2025,2,19,27.1,4,9.1,0,0.0,0,0.0,0,0.0,0,0.0,0,0.0,5,83.3,0,0.0,0,0.0,0.0,6,12,6,10,0,70,44,40,26,1
36bcfdaa-68d9-4521-a1dd-b935eb845fc9,Najee Harris,LAC,RB,2025,2,19,34.5,7,21.9,8,38.1,2,7.7,2,100.0,0,0.0,0,0.0,3,33.3,1,14.3,0,0.0,28.6,9,7,1,5,3,55,32,26,21,0
3662b33e-b74a-4f79-bb40-8a050b8618cc,Dylan Sampson,CLE,RB,2025,2,18,25.0,10,19.6,4,19.0,3,7.3,3,100.0,1,50.0,0,0.0,2,33.3,2,11.1,1,20.0,30.0,6,18,2,13,0,72,51,41,21,5
b586b9d7-7613-4ab0-9160-05fdca1d2fff,Quinshon Judkins,CLE,RB,2025,2,18,25.0,8,15.7,10,47.6,3,7.3,3,100.0,0,0.0,0,0.0,2,33.3,0,0.0,0,0.0,37.5,6,18,2,13,0,72,51,41,21,5
9edf9141-b4b6-4f2b-b31a-788023510e71,John FitzPatrick,GB,TE,2025,2,18,28.6,5,14.7,0,0.0,0,0.0,0,0.0,0,0.0,0,0.0,1,25.0,0,0.0,0,0.0,0.0,4,11,3,8,1,63,34,26,27,2
fbd73988-75d8-4638-89f7-939e4e40ebf9,Bhayshul Tuten,JAC,RB,2025,2,18,25.7,6,13.6,8,30.8,2,5.0,2,100.0,0,0.0,0,0.0,2,33.3,0,0.0,0,0.0,33.3,6,12,6,10,0,70,44,40,26,1
56cc0f2d-52f4-4559-9374-b0df76b9a110,Blake Corum,LA,RB,2025,2,18,30.5,9,26.5,5,21.7,0,0.0,0,0.0,0,0.0,1,100.0,1,20.0,1,11.1,0,0.0,0.0,5,9,5,9,1,59,34,31,23,1
8db19916-2aec-4c72-bdb0-f084da98bda8,Zamir White,LV,RB,2025,2,18,27.7,10,20.8,2,11.8,3,7.3,2,66.7,0,0.0,0,0.0,5,55.6,8,57.1,0,0.0,30.0,9,14,4,13,0,65,48,41,17,12
63bee737-b9f3-4d45-b988-2b2cc9b844e7,RJ Harvey,DEN,RB,2025,2,17,31.5,10,32.3,5,21.7,1,3.6,1,100.0,0,0.0,0,0.0,1,25.0,2,25.0,0,0.0,10.0,4,8,3,7,3,54,31,28,23,3
ceec6ef9-ace8-458b-9e4a-699d60381562,Isaac TeSlaa,DET,WR,2025,2,17,29.3,11,37.9,0,0.0,1,3.6,1,100.0,0,0.0,0,0.0,3,60.0,1,10.0,8,100.0,9.1,5,10,2,7,3,58,29,28,29,8
b17f7992-bc8b-48df-bd87-53f8ca796263,Harrison Bryant,HOU,TE,2025,2,17,37.0,6,20.0,0,0.0,1,4.3,0,0.0,0,0.0,0,0.0,3,50.0,0,0.0,0,0.0,16.7,6,6,4,7,1,46,30,23,15,4
12106509-e9dc-4927-a0d2-5aceeb65d42d,Jack Stoll,NO,TE,2025,2,17,25.4,2,5.0,0,0.0,0,0.0,0,0.0,0,0.0,0,0.0,1,16.7,0,0.0,0,0.0,0.0,6,10,3,8,0,67,40,34,27,8
a85cd240-090d-47c2-92b0-0930677a770a,Daniel Bellinger,NYG,TE,2025,2,17,26.2,8,17.8,0,0.0,0,0.0,0,0.0,0,0.0,0,0.0,4,66.7,0,0.0,0,0.0,0.0,6,14,4,13,1,65,45,39,20,3
a13928ca-181a-456c-9565-49736fd1c5a8,Jeremy Ruckert,NYJ,TE,2025,2,17,36.2,9,29.0,0,0.0,1,5.3,1,100.0,1,100.0,0,0.0,2,66.7,3,27.3,0,0.0,11.1,3,11,1,10,0,47,31,19,16,5
64ebfe5c-5dd0-4b21-a46d-05d36f7fc3a0,Travis Vokolek,ARI,TE,2025,2,16,33.3,4,13.8,0,0.0,0,0.0,0,0.0,0,0.0,0,0.0,2,100.0,0,0.0,0,0.0,0.0,2,8,3,6,3,48,29,22,18,6
7e7ffbde-37ad-459c-99b3-72e11eadddbb,Ty Johnson,BUF,RB,2025,2,16,22.5,12,37.5,2,5.7,1,4.2,0,0.0,0,0.0,0,0.0,1,20.0,8,66.7,0,0.0,8.3,5,12,1,9,2,71,32,24,35,0
7a47c1c1-6cca-428a-bb29-b4dcddf8ec9c,Noah Fant,CIN,TE,2025,2,16,24.6,12,25.0,0,0.0,4,9.3,3,75.0,0,0.0,0,0.0,0,0.0,1,7.7,1,6.7,33.3,2,13,3,11,4,65,48,43,17,15
ab44049f-67a1-4103-adc3-010d9ed05095,Parker Washington,JAC,WR,2025,2,16,22.9,11,25.0,0,0.0,5,12.5,5,100.0,0,0.0,0,0.0,1,16.7,5,41.7,1,100.0,45.5,6,12,6,10,0,70,44,40,26,1
9842ea3c-30ce-47dd-b8c7-4748f8d988fe,Tre Harris,LAC,WR,2025,2,16,29.1,8,25.0,0,0.0,3,11.5,2,66.7,0,0.0,0,0.0,2,22.2,4,57.1,0,0.0,37.5,9,7,1,5,3,55,32,26,21,0
b6072304-87ca-48d3-8723-701c7bb4477c,TreVeyon Henderson,NE,RB,2025,2,16,29.1,11,35.5,3,14.3,2,9.1,2,100.0,0,0.0,0,0.0,0,0.0,5,45.5,0,0.0,18.2,4,11,2,8,0,55,31,22,21,0
66ca01c8-310f-4166-b011-d3ce17829542,Van Jefferson,TEN,WR,2025,2,16,25.0,11,26.8,0,0.0,2,6.7,2,100.0,0,0.0,0,0.0,0,0.0,5,38.5,3,37.5,18.2,5,13,3,9,0,64,41,30,23,8
9b5c428b-20dd-4a8b-ac32-dfe17265c04f,Pat Bryant,DEN,WR,2025,2,15,27.8,8,25.8,0,0.0,2,7.1,2,100.0,0,0.0,0,0.0,0,0.0,3,37.5,0,0.0,25.0,4,8,3,7,3,54,31,28,23,3
1f970f47-a072-4c76-b236-fd5008b21191,Nick Westbrook-Ikhine,MIA,WR,2025,2,15,28.8,9,23.1,0,0.0,2,6.5,2,100.0,0,0.0,0,0.0,1,25.0,2,18.2,1,7.7,22.2,4,11,2,7,0,52,39,31,13,13
a40d7ba0-38e4-4090-a496-e1b1751a03c2,Ray-Ray McCloud III,ATL,WR,2025,2,15,23.8,6,25.0,0,0.0,2,9.5,0,0.0,1,33.3,0,0.0,5,62.5,5,55.6,0,0.0,33.3,8,9,3,9,1,63,24,21,38,0
4e277956-5bb3-4e0a-b38b-470907848e4b,Brian Robinson,SF,RB,2025,2,15,22.4,4,9.3,6,27.3,1,2.8,1,100.0,0,0.0,0,0.0,0,0.0,1,8.3,0,0.0,25.0,4,12,1,12,0,67,43,36,22,9
123f6592-00e8-4072-996d-3f865682ed09,Payne Durham,TB,TE,2025,2,15,20.8,3,6.7,0,0.0,0,0.0,0,0.0,0,0.0,0,0.0,1,12.5,0,0.0,1,7.1,0.0,8,11,3,9,1,72,45,35,27,14
1f8d0b54-5b5c-4263-8d67-7a23a518825c,Ryan Miller,TB,WR,2025,2,15,20.8,3,6.7,0,0.0,1,2.9,1,100.0,1,33.3,0,0.0,1,12.5,0,0.0,0,0.0,33.3,8,11,3,9,1,72,45,35,27,14
7052b38c-117e-4b4f-847e-4010fd0a7997,Jacory Croskey-Merritt,WAS,RB,2025,2,15,23.4,9,17.3,4,30.8,1,2.6,0,0.0,0,0.0,0,0.0,1,20.0,0,0.0,0,0.0,11.1,5,16,0,14,0,64,52,38,13,21
1eb97d1b-8d91-4a8f-bcc5-4cb5cd147cff,Teagan Quitoriano,ATL,TE,2025,2,14,22.2,0,0.0,0,0.0,0,0.0,0,0.0,0,0.0,0,0.0,5,62.5,0,0.0,0,0.0,0.0,8,9,3,9,1,63,24,21,38,0
667f117f-b46b-4507-b314-1080710328f6,Brycen Tremayne,CAR,WR,2025,2,14,18.2,13,22.0,0,0.0,4,8.0,3,75.0,0,0.0,0,0.0,0,0.0,6,37.5,6,30.0,30.8,5,16,7,12,1,77,59,50,17,20
987919a2-efe3-45a6-9c67-2b24a2d97252,KaVontae Turpin,DAL,WR,2025,2,14,16.9,12,21.1,2,7.7,4,8.0,4,100.0,1,20.0,0,0.0,1,50.0,4,28.6,5,22.7,33.3,2,14,5,12,1,83,57,50,26,22
aa262ce5-6d23-4bc4-8fce-f54b2ebc69ee,Jaylin Noel,HOU,WR,2025,2,14,30.4,10,33.3,0,0.0,0,0.0,0,0.0,0,0.0,0,0.0,1,16.7,5,83.3,1,25.0,0.0,6,6,4,7,1,46,30,23,15,4
d2917a8b-4373-40d4-9226-c9e903539c76,Zaire Mitchell-Paden,BAL,TE,2025,2,14,26.4,3,9.1,0,0.0,1,3.7,0,0.0,1,14.3,0,0.0,1,25.0,1,10.0,0,0.0,33.3,4,10,7,9,2,53,33,27,17,2
ad3a5c80-259e-4733-a181-0152689972ca,Chris Manhertz,NYG,TE,2025,2,14,21.5,1,2.2,0,0.0,0,0.0,0,0.0,0,0.0,0,0.0,2,33.3,0,0.0,0,0.0,0.0,6,14,4,13,1,65,45,39,20,3
fa6a6d64-7b5a-4be3-aa53-6e9400cbf9f2,Luke McCaffrey,WAS,WR,2025,2,14,21.9,12,23.1,0,0.0,1,2.6,1,100.0,0,0.0,0,0.0,0,0.0,5,31.2,8,38.1,8.3,5,16,0,14,0,64,52,38,13,21
b5f7b325-50e2-482f-8956-7818fbf9882e,Devontez Walker,BAL,WR,2025,2,13,24.5,5,15.2,0,0.0,2,7.4,2,100.0,2,28.6,0,0.0,2,50.0,2,20.0,1,50.0,40.0,4,10,7,9,2,53,33,27,17,2
aa6757d8-d077-4484-865e-d35e723dd2af,Woody Marks,HOU,RB,2025,2,13,28.3,7,23.3,3,20.0,1,4.3,1,100.0,0,0.0,0,0.0,0,0.0,0,0.0,3,75.0,14.3,6,6,4,7,1,46,30,23,15,4
f7d5ed48-8166-4f36-9b7d-59721eec3d79,Josh Oliver,MIN,TE,2025,2,13,28.3,3,10.0,0,0.0,0,0.0,0,0.0,0,0.0,0,0.0,4,40.0,0,0.0,0,0.0,0.0,10,5,1,5,0,46,30,20,16,6
91a5f6be-59c2-46ff-b8fa-d7fd37727a82,Demario Douglas,NE,WR,2025,2,13,23.6,11,35.5,0,0.0,1,4.5,1,100.0,0,0.0,0,0.0,1,25.0,4,36.4,0,0.0,9.1,4,11,2,8,0,55,31,22,21,0
eca553b8-299e-46e9-ab6a-f71183ab0a79,Jeremy McNichols,WAS,RB,2025,2,13,20.3,12,23.1,0,0.0,0,0.0,0,0.0,0,0.0,0,0.0,0,0.0,3,18.8,10,47.6,0.0,5,16,0,14,0,64,52,38,13,21
81990179-e954-4e54-9891-ee31806ac0c7,Tyler Badie,DEN,RB,2025,2,12,22.2,9,29.0,1,4.3,2,7.1,2,100.0,0,0.0,0,0.0,0,0.0,6,75.0,3,100.0,22.2,4,8,3,7,3,54,31,28,23,3
8c0d19e4-dc18-4c91-9e74-956d6cd42860,Tim Patrick,JAC,WR,2025,2,12,17.1,6,13.6,0,0.0,1,2.5,0,0.0,1,16.7,0,0.0,2,33.3,2,16.7,0,0.0,16.7,6,12,6,10,0,70,44,40,26,1
3a3965d6-9161-4a54-94bd-74a57b74f147,Dylan Laube,LV,RB,2025,2,12,18.5,11,22.9,0,0.0,2,4.9,2,100.0,0,0.0,0,0.0,0,0.0,5,35.7,12,100.0,18.2,9,14,4,13,0,65,48,41,17,12
f4ff5901-b3f7-48db-a432-452ec47c6850,David Moore,CAR,WR,2025,2,11,14.3,6,10.2,0,0.0,0,0.0,0,0.0,0,0.0,0,0.0,2,40.0,1,6.2,2,10.0,0.0,5,16,7,12,1,77,59,50,17,20
8e133a8a-07d0-47d2-9afc-d02c63b97565,Luther Burden III,CHI,WR,2025,2,11,17.2,5,12.2,0,0.0,2,6.5,2,100.0,0,0.0,0,0.0,2,33.3,4,33.3,0,0.0,40.0,6,12,1,9,1,64,41,31,23,0
61e88b78-e748-49f7-b65a-837733ed2e06,Brevyn Spann-Ford,DAL,TE,2025,2,11,13.3,2,3.5,0,0.0,1,2.0,1,100.0,0,0.0,0,0.0,0,0.0,0,0.0,0,0.0,50.0,2,14,5,12,1,83,57,50,26,22
38e3f537-becc-4e8d-a35d-7f3927482464,Chris Brooks,GB,RB,2025,2,11,17.5,9,26.5,0,0.0,4,15.4,4,100.0,0,0.0,0,0.0,0,0.0,6,54.5,0,0.0,44.4,4,11,3,8,1,63,34,26,27,2
0154fd2e-e285-4ee1-82e2-cc6ccf0ce1fe,LeQuint Allen,JAC,RB,2025,2,11,15.7,7,15.9,2,7.7,0,0.0,0,0.0,0,0.0,0,0.0,0,0.0,11,91.7,0,0.0,0.0,6,12,6,10,0,70,44,40,26,1
90a2dd2b-bc87-4ce0-9214-66acbde514d4,Konata Mumpfield,LA,WR,2025,2,11,18.6,2,5.9,0,0.0,0,0.0,0,0.0,0,0.0,0,0.0,1,20.0,1,11.1,0,0.0,0.0,5,9,5,9,1,59,34,31,23,1
b54e8a9d-003d-4c52-bb41-66444f4dd4bb,Kendre Miller,NO,RB,2025,2,11,16.4,1,2.5,5,18.5,1,2.9,1,100.0,0,0.0,0,0.0,2,33.3,2,20.0,0,0.0,100.0,6,10,3,8,0,67,40,34,27,8
e22bf61c-ce6e-4f39-8377-42632dbbdf04,Darius Cooper,PHI,WR,2025,2,11,19.0,2,7.4,0,0.0,0,0.0,0,0.0,0,0.0,0,0.0,5,71.4,0,0.0,0,0.0,0.0,7,10,0,8,4,58,27,21,29,6
e0175787-6c57-4755-a384-8a4c04b5736d,Ryan Flournoy,DAL,WR,2025,2,10,12.0,3,5.3,0,0.0,0,0.0,0,0.0,0,0.0,0,0.0,0,0.0,0,0.0,2,9.1,0.0,2,14,5,12,1,83,57,50,26,22
e270908a-4b7f-45f2-9f56-cb6baef7253d,Savion Williams,GB,WR,2025,2,10,15.9,4,11.8,2,7.4,0,0.0,0,0.0,0,0.0,0,0.0,0,0.0,0,0.0,0,0.0,0.0,4,11,3,8,1,63,34,26,27,2
9e9bafb0-5fef-4c4d-a004-f74092fd2c41,Andrew Ogletree,IND,TE,2025,2,10,14.9,3,7.9,0,0.0,0,0.0,0,0.0,0,0.0,0,0.0,2,25.0,1,10.0,3,25.0,0.0,8,10,2,9,2,67,38,33,29,12
e51183fa-5f5e-4779-80cf-1727eea911bb,Antonio Gibson,NE,RB,2025,2,10,18.2,4,12.9,5,23.8,1,4.5,1,100.0,0,0.0,0,0.0,1,25.0,1,9.1,0,0.0,25.0,4,11,2,8,0,55,31,22,21,0
7c9b004c-f12b-4769-82cd-7c9d3cfe7eae,Isaiah Davis,NYJ,RB,2025,2,10,21.3,7,22.6,0,0.0,3,15.8,2,66.7,0,0.0,0,0.0,0,0.0,5,45.5,3,60.0,42.9,3,11,1,10,0,47,31,19,16,5
6fd8d004-0aaf-422d-a58b-660569de2578,Jake Bobo,SEA,WR,2025,2,10,15.6,3,8.6,0,0.0,0,0.0,0,0.0,0,0.0,0,0.0,1,20.0,3,23.1,0,0.0,0.0,5,13,1,9,0,64,35,28,29,4
1d57049b-db4a-4a0f-bcff-c67dc350991a,Greg Dortch,ARI,WR,2025,2,9,18.8,5,17.2,0,0.0,1,4.5,1,100.0,0,0.0,0,0.0,1,50.0,5,62.5,0,0.0,20.0,2,8,3,6,3,48,29,22,18,6
fb25fcfe-4bf5-47cb-b8d8-599029107f71,KhaDarel Hodge,ATL,WR,2025,2,9,14.3,0,0.0,0,0.0,0,0.0,0,0.0,0,0.0,0,0.0,5,62.5,0,0.0,0,0.0,0.0,8,9,3,9,1,63,24,21,38,0
6c443211-b64a-4bd7-a517-98dc3ba34b2c,DeAndre Hopkins,BAL,WR,2025,2,9,17.0,7,21.2,0,0.0,2,7.4,2,100.0,1,14.3,0,0.0,0,0.0,0,0.0,0,0.0,28.6,4,10,7,9,2,53,33,27,17,2
b7c02828-4e26-41be-925c-39b6ba9674bb,Mitchell Tinsley,CIN,WR,2025,2,9,13.8,5,10.4,0,0.0,1,2.3,1,100.0,1,33.3,0,0.0,0,0.0,0,0.0,2,13.3,20.0,2,13,3,11,4,65,48,43,17,15
8ce3e1a6-a488-40c5-a47f-1cf1526c290f,Dare Ogunbowale,HOU,RB,2025,2,9,19.6,3,10.0,0,0.0,0,0.0,0,0.0,0,0.0,0,0.0,3,50.0,6,100.0,1,25.0,0.0,6,6,4,7,1,46,30,23,15,4
cddd23eb-a339-47f1-bc5f-3c37072e26a3,Kyle Williams,NE,WR,2025,2,9,16.4,3,9.7,0,0.0,0,0.0,0,0.0,0,0.0,0,0.0,2,50.0,0,0.0,0,0.0,0.0,4,11,2,8,0,55,31,22,21,0
dde39a38-5c46-464b-a368-dcb7354c519f,Braelon Allen,NYJ,RB,2025,2,9,19.1,3,9.7,2,12.5,1,5.3,1,100.0,0,0.0,0,0.0,1,33.3,3,27.3,0,0.0,33.3,3,11,1,10,0,47,31,19,16,5
faf22cf7-07e2-4e72-b5f8-cc2589ea5997,AJ Dillon,PHI,RB,2025,2,9,15.5,3,11.1,2,6.9,0,0.0,0,0.0,0,0.0,0,0.0,0,0.0,2,20.0,0,0.0,0.0,7,10,0,8,4,58,27,21,29,6
4e5e0d79-085e-4687-b1cf-09bfda5e3063,Scott Miller,PIT,WR,2025,2,9,15.3,6,15.4,0,0.0,0,0.0,0,0.0,0,0.0,0,0.0,1,11.1,0,0.0,0,0.0,0.0,9,10,2,11,2,59,39,30,20,8
76d936d7-1b4c-4817-8c79-8f9151314be5,Ashton Dulin,IND,WR,2025,2,8,11.9,3,7.9,0,0.0,0,0.0,0,0.0,0,0.0,0,0.0,2,25.0,0,0.0,0,0.0,0.0,8,10,2,9,2,67,38,33,29,12
23eebe48-f8ba-4625-941c-c709669351fa,Robert Tonyan,KC,TE,2025,2,8,14.0,3,7.9,0,0.0,0,0.0,0,0.0,0,0.0,0,0.0,2,33.3,0,0.0,0,0.0,0.0,6,9,1,7,0,57,38,27,19,6
797df14b-342b-46d2-8ae3-37cbb79249f1,Marquez Valdes-Scantling,SF,WR,2025,2,8,11.9,4,9.3,0,0.0,1,2.8,0,0.0,0,0.0,0,0.0,1,25.0,2,16.7,0,0.0,25.0,4,12,1,12,0,67,43,36,22,9
e853cc9d-5f6a-4ed0-a3ca-d484071d3699,Dareke Young,SEA,WR,2025,2,8,12.5,2,5.7,0,0.0,0,0.0,0,0.0,0,0.0,0,0.0,1,20.0,0,0.0,0,0.0,0.0,5,13,1,9,0,64,35,28,29,4
a558c755-9783-42f9-a04b-8db361da7219,Bryce Oliver,TEN,WR,2025,2,8,12.5,6,14.6,0,0.0,0,0.0,0,0.0,0,0.0,0,0.0,3,60.0,1,7.7,1,12.5,0.0,5,13,3,9,0,64,41,30,23,8
ca676e3f-0f0b-44e6-94f2-d55bdd34f804,John Bates,WAS,TE,2025,2,8,12.5,2,3.8,0,0.0,0,0.0,0,0.0,0,0.0,0,0.0,0,0.0,0,0.0,0,0.0,0.0,5,16,0,14,0,64,52,38,13,21
84e2f637-e22a-451c-b144-3a45dda1145f,Lucas Krull,DEN,TE,2025,2,7,13.0,2,6.5,0,0.0,0,0.0,0,0.0,0,0.0,0,0.0,1,25.0,0,0.0,0,0.0,0.0,4,8,3,7,3,54,31,28,23,3
7c9f68c4-9f0f-419f-b44b-a70c9d36a7f3,Ian Thomas,LV,TE,2025,2,7,10.8,0,0.0,0,0.0,0,0.0,0,0.0,0,0.0,0,0.0,2,22.2,0,0.0,0,0.0,0.0,9,14,4,13,0,65,48,41,17,12
1a03444a-f582-40d8-a139-7eabfd3d5003,Adonai Mitchell,IND,WR,2025,2,7,10.4,5,13.2,0,0.0,4,12.1,2,50.0,0,0.0,0,0.0,1,12.5,0,0.0,0,0.0,80.0,8,10,2,9,2,67,38,33,29,12
a2bd6ac5-17e5-4b79-b1fe-5c72b1d22f6f,John Metchie III,PHI,WR,2025,2,7,12.1,4,14.8,0,0.0,1,4.8,1,100.0,0,0.0,0,0.0,0,0.0,0,0.0,0,0.0,25.0,7,10,0,8,4,58,27,21,29,6
9756663e-321f-4219-ad67-0a93d097062a,Julius Chestnut,TEN,RB,2025,2,7,10.9,5,12.2,0,0.0,0,0.0,0,0.0,0,0.0,0,0.0,1,20.0,2,15.4,2,25.0,0.0,5,13,3,9,0,64,41,30,23,8
078317d9-a4ea-41d7-96ff-f9fcf8c2fec8,Jason Brownlee,KC,WR,2025,2,6,10.5,5,13.2,0,0.0,0,0.0,0,0.0,0,0.0,0,0.0,0,0.0,3,33.3,1,16.7,0.0,6,9,1,7,0,57,38,27,19,6
08e71dae-2224-49f3-98b6-0f4f1b157dfa,Ollie Gordon II,MIA,RB,2025,2,6,11.5,3,7.7,1,7.7,1,3.2,1,100.0,0,0.0,0,0.0,0,0.0,1,9.1,0,0.0,33.3,4,11,2,7,0,52,39,31,13,13
dadc9cd2-f8a2-4948-a47c-fae9b9e0a7da,Jack Westover,NE,TE,2025,2,6,10.9,1,3.2,0,0.0,0,0.0,0,0.0,0,0.0,0,0.0,1,25.0,0,0.0,0,0.0,0.0,4,11,2,8,0,55,31,22,21,0
a7c480c0-5a71-4a2b-946f-cfa43e58b03e,Cameron Latu,PHI,TE,2025,2,6,10.3,0,0.0,0,0.0,0,0.0,0,0.0,0,0.0,0,0.0,0,0.0,0,0.0,0,0.0,0.0,7,10,0,8,4,58,27,21,29,6
5d8056ca-be7f-4559-af37-9d3535532492,Brayden Willis,SF,TE,2025,2,6,9.0,3,7.0,0,0.0,1,2.8,0,0.0,0,0.0,0,0.0,0,0.0,1,8.3,0,0.0,33.3,4,12,1,12,0,67,43,36,22,9
e2fe2a61-8983-462f-95d9-2ffce3367116,Kameron Johnson,TB,WR,2025,2,6,8.3,2,4.4,0,0.0,0,0.0,0,0.0,0,0.0,0,0.0,0,0.0,0,0.0,0,0.0,0.0,8,11,3,9,1,72,45,35,27,14
40435b69-e78b-4fd1-8425-b332d28d5c05,Mitchell Evans,CAR,TE,2025,2,5,6.5,3,5.1,0,0.0,1,2.0,1,100.0,0,0.0,0,0.0,1,20.0,0,0.0,0,0.0,33.3,5,16,7,12,1,77,59,50,17,20
c2fac9d0-6eda-4778-9068-8609a447c01d,Durham Smythe,CHI,TE,2025,2,5,7.8,1,2.4,0,0.0,0,0.0,0,0.0,0,0.0,0,0.0,3,50.0,0,0.0,0,0.0,0.0,6,12,1,9,1,64,41,31,23,0
dcc0469f-59b0-4fdc-bf63-ecf999d95dcb,Emanuel Wilson,GB,RB,2025,2,5,7.9,3,8.8,0,0.0,0,0.0,0,0.0,0,0.0,0,0.0,0,0.0,1,9.1,0,0.0,0.0,4,11,3,8,1,63,34,26,27,2
199650c1-792e-4a57-b63e-c9ddde2a6755,DJ Giddens,IND,RB,2025,2,5,7.5,4,10.5,0,0.0,1,3.0,0,0.0,0,0.0,0,0.0,0,0.0,2,20.0,0,0.0,25.0,8,10,2,9,2,67,38,33,29,12
aa3b3c47-4350-435c-be61-dfe5fd10aca2,Brashard Smith,KC,RB,2025,2,5,8.8,2,5.3,1,5.3,1,3.7,0,0.0,0,0.0,0,0.0,0,0.0,3,33.3,0,0.0,50.0,6,9,1,7,0,57,38,27,19,6
c231e113-ccee-4e39-a8ce-9ba3dcb58d31,Derius Davis,LAC,WR,2025,2,5,9.1,1,3.1,0,0.0,0,0.0,0,0.0,0,0.0,0,0.0,2,22.2,0,0.0,0,0.0,0.0,9,7,1,5,3,55,32,26,21,0
c63edaa5-8978-4195-b524-8de3b0a7981f,KeAndre Lambert-Smith,LAC,WR,2025,2,5,9.1,3,9.4,0,0.0,0,0.0,0,0.0,0,0.0,0,0.0,0,0.0,0,0.0,0,0.0,0.0,9,7,1,5,3,55,32,26,21,0
1532b59d-a117-42a4-9df8-28f427ba236e,Jack Bech,LV,WR,2025,2,5,7.7,4,8.3,0,0.0,0,0.0,0,0.0,0,0.0,0,0.0,1,11.1,2,14.3,1,8.3,0.0,9,14,4,13,0,65,48,41,17,12
e269dd33-359f-48fc-a8b5-8de7e765ed04,Blake Whiteheart,CLE,TE,2025,2,4,5.6,2,3.9,0,0.0,0,0.0,0,0.0,0,0.0,0,0.0,0,0.0,0,0.0,0,0.0,0.0,6,18,2,13,0,72,51,41,21,5
3370de69-cd2b-41f2-9716-bffb659a9a2f,Jayden Reed,GB,WR,2025,2,4,6.3,2,5.9,0,0.0,0,0.0,0,0.0,0,0.0,0,0.0,0,0.0,1,9.1,0,0.0,0.0,4,11,3,8,1,63,34,26,27,2
288a4e22-6e93-4092-812c-b5760ef92291,Terrance Ferguson,LA,TE,2025,2,4,6.8,3,8.8,0,0.0,0,0.0,0,0.0,0,0.0,0,0.0,0,0.0,3,33.3,0,0.0,0.0,5,9,5,9,1,59,34,31,23,1
29d9420e-0b6b-4663-afd2-3750e968eb28,D'Wayne Eskridge,MIA,WR,2025,2,4,7.7,3,7.7,0,0.0,1,3.2,1,100.0,0,0.0,0,0.0,0,0.0,1,9.1,1,7.7,33.3,4,11,2,7,0,52,39,31,13,13
b95a4342-e21d-4ebc-890a-f3afe987c1b2,Benjamin Yurosek,MIN,TE,2025,2,4,8.7,1,3.3,0,0.0,0,0.0,0,0.0,0,0.0,0,0.0,1,10.0,0,0.0,0,0.0,0.0,10,5,1,5,0,46,30,20,16,6
a81c8d8a-7a0f-4a0e-96d3-f2c2db58c01f,Devin Singletary,NYG,RB,2025,2,4,6.2,2,4.4,1,5.0,1,2.6,1,100.0,0,0.0,0,0.0,0,0.0,0,0.0,0,0.0,50.0,6,14,4,13,1,65,45,39,20,3
c4909a2c-162e-4b16-8dec-f4e3e36016c7,Ko Kieft,TB,TE,2025,2,4,5.6,0,0.0,0,0.0,0,0.0,0,0.0,0,0.0,0,0.0,0,0.0,0,0.0,0,0.0,0.0,8,11,3,9,1,72,45,35,27,14
74f8ab69-fe72-4f4b-a39c-d44e11897e71,David Sills V,ATL,WR,2025,2,3,4.8,2,8.3,0,0.0,0,0.0,0,0.0,0,0.0,0,0.0,0,0.0,2,22.2,0,0.0,0.0,8,9,3,9,1,63,24,21,38,0
3ca002fc-0db9-4445-a811-5fd1071e297f,LaJohntay Wester,BAL,WR,2025,2,3,5.7,0,0.0,0,0.0,0,0.0,0,0.0,0,0.0,0,0.0,0,0.0,1,10.0,0,0.0,0.0,4,10,7,9,2,53,33,27,17,2
8c8b09a3-dc8c-42a2-876b-a41b95987fd0,Craig Reynolds,DET,RB,2025,2,3,5.2,0,0.0,3,10.3,0,0.0,0,0.0,0,0.0,0,0.0,0,0.0,1,10.0,0,0.0,0.0,5,10,2,7,3,58,29,28,29,8
6153c528-0cf2-413e-ab99-7c79839689cc,Dominic Lovett,DET,WR,2025,2,3,5.2,0,0.0,0,0.0,0,0.0,0,0.0,0,0.0,0,0.0,0,0.0,1,10.0,0,0.0,0.0,5,10,2,7,3,58,29,28,29,8
c9f74ec0-d158-4e79-bb3d-e484d34933a9,Tim Jones,MIN,WR,2025,2,3,6.5,1,3.3,0,0.0,0,0.0,0,0.0,0,0.0,0,0.0,1,10.0,0,0.0,0,0.0,0.0,10,5,1,5,0,46,30,20,16,6
22a4aabf-3c11-46ed-a980-11363e77a29c,Moliki Matavao,NO,TE,2025,2,3,4.5,0,0.0,0,0.0,0,0.0,0,0.0,0,0.0,0,0.0,0,0.0,0,0.0,0,0.0,0.0,6,10,3,8,0,67,40,34,27,8
366cca02-7b77-4ed1-92da-54f37ff21a46,Ben Skowronek,PIT,WR,2025,2,3,5.1,3,7.7,0,0.0,0,0.0,0,0.0,0,0.0,0,0.0,0,0.0,0,0.0,0,0.0,0.0,9,10,2,11,2,59,39,30,20,8
bb4ef656-a346-4d92-99b7-7e3d1991c755,Ben Sinnott,WAS,TE,2025,2,3,4.7,3,5.8,0,0.0,1,2.6,1,100.0,0,0.0,0,0.0,0,0.0,0,0.0,0,0.0,33.3,5,16,0,14,0,64,52,38,13,21
f73eaa24-6780-4e72-96dd-c0f73af7e18b,Trevor Etienne,CAR,RB,2025,2,2,2.6,1,1.7,0,0.0,1,2.0,1,100.0,0,0.0,0,0.0,0,0.0,0,0.0,0,0.0,100.0,5,16,7,12,1,77,59,50,17,20
0445de92-84cb-409a-8489-27c569926f55,Xavier Smith,LA,WR,2025,2,2,3.4,2,5.9,0,0.0,0,0.0,0,0.0,0,0.0,0,0.0,0,0.0,0,0.0,0,0.0,0.0,5,9,5,9,1,59,34,31,23,1
91d90b42-a63e-4958-8306-28c44239e475,Kaleb Johnson,PIT,RB,2025,2,2,3.4,1,2.6,1,5.0,0,0.0,0,0.0,0,0.0,0,0.0,0,0.0,0,0.0,0,0.0,0.0,9,10,2,11,2,59,39,30,20,8
76d34289-43b7-4fe8-9f44-de5f87b63869,Skyy Moore,SF,WR,2025,2,2,3.0,0,0.0,0,0.0,0,0.0,0,0.0,0,0.0,0,0.0,0,0.0,0,0.0,0,0.0,0.0,4,12,1,12,0,67,43,36,22,9
c76c218c-86ca-4bae-be5a-706ff95d5736,Emari Demercado,ARI,RB,2025,2,1,2.1,0,0.0,0,0.0,0,0.0,0,0.0,0,0.0,0,0.0,0,0.0,0,0.0,0,0.0,0.0,2,8,3,6,3,48,29,22,18,6
20b2539d-27ae-4c83-8374-4b9ac6579a56,Nate Carter,ATL,RB,2025,2,1,1.6,0,0.0,0,0.0,0,0.0,0,0.0,0,0.0,0,0.0,0,0.0,0,0.0,0,0.0,0.0,8,9,3,9,1,63,24,21,38,0
ab807c0c-7cbd-401e-94cc-daf347857dbb,Charlie Jones,CIN,WR,2025,2,1,1.5,0,0.0,0,0.0,0,0.0,0,0.0,0,0.0,0,0.0,0,0.0,0,0.0,0,0.0,0.0,2,13,3,11,4,65,48,43,17,15
d49016e9-8ec3-499a-966e-f6e6a8a6cea7,Hunter Long,JAC,TE,2025,2,1,1.4,0,0.0,0,0.0,0,0.0,0,0.0,0,0.0,0,0.0,0,0.0,0,0.0,0,0.0,0.0,6,12,6,10,0,70,44,40,26,1
62550ece-86c9-4f1c-8685-e0941a5dbcf6,Nikko Remigio,KC,WR,2025,2,1,1.8,1,2.6,0,0.0,1,3.7,1,100.0,0,0.0,0,0.0,0,0.0,1,11.1,1,16.7,100.0,6,9,1,7,0,57,38,27,19,6
11e4efdf-8a00-4974-8b4b-41091c149206,Hassan Haskins,LAC,RB,2025,2,1,1.8,0,0.0,0,0.0,0,0.0,0,0.0,0,0.0,0,0.0,1,11.1,0,0.0,0,0.0,0.0,9,7,1,5,3,55,32,26,21,0
508e7bb5-47d7-4d03-aff8-01dac08a92bd,Alex Bachman,LV,WR,2025,2,1,1.5,1,2.1,0,0.0,0,0.0,0,0.0,0,0.0,0,0.0,0,0.0,1,7.1,1,8.3,0.0,9,14,4,13,0,65,48,41,17,12
957608cf-b2ce-48fe-9ad7-8d4fc49c670a,Sean Tucker,TB,RB,2025,2,1,1.4,1,2.2,0,0.0,0,0.0,0,0.0,0,0.0,0,0.0,0,0.0,0,0.0,0,0.0,0.0,8,11,3,9,1,72,45,35,27,14
c90f57aa-01e0-4c92-9414-356ca9f25ad1,Colson Yankoff,WAS,TE,2025,2,1,1.6,1,1.9,0,0.0,0,0.0,0,0.0,0,0.0,0,0.0,0,0.0,0,0.0,0,0.0,0.0,5,16,0,14,0,64,52,38,13,21
