player_id,player,team,pos,season,week,snaps,snaps_pct,routes,routes_pct,rush_att,rush_att_pct,targets,targets_pct,catchable_tgts,catchable_tgts_pct,ez_tgts,ez_tgts_pct,inside5_rush,inside5_rush_pct,sdd_snaps,sdd_snaps_pct,ldd_snaps,ldd_snaps_pct,two_min_snaps,two_min_snaps_pct,tprr,team_sdd_snaps,team_ldd_snaps,team_ez_tgts,team_third_fourth_pass,team_inside5_rush,team_snaps,team_routes,team_targets,team_rush_att,team_two_min_snaps
59471ae6-b004-4818-a36c-65d77332f276,Devaughn Vele,NO,WR,2026,1,78,90.7,58,92.1,0,0.0,9,18.4,8,88.9,1,25.0,0,0.0,7,100.0,14,100.0,19,100.0,15.5,7,14,4,10,0,86,63,49,23,19
e74df9b4-afb4-4c92-bca5-93e816e2c077,Chris Olave,NO,WR,2026,1,73,84.9,55,87.3,0,0.0,13,26.5,12,92.3,0,0.0,0,0.0,4,57.1,13,92.9,18,94.7,23.6,7,14,4,10,0,86,63,49,23,19
5cc16827-4339-4092-97fe-c0f56e6e0ef9,Juwan Johnson,NO,TE,2026,1,72,83.7,51,81.0,0,0.0,6,12.2,3,50.0,2,50.0,0,0.0,6,85.7,14,100.0,19,100.0,11.8,7,14,4,10,0,86,63,49,23,19
d6ab35b4-32fe-4052-938e-1a8f7a5ffa56,Amon-Ra St. Brown,DET,WR,2026,1,66,90.4,39,95.1,0,0.0,14,38.9,10,71.4,0,0.0,0,0.0,4,66.7,10,100.0,3,100.0,35.9,6,10,1,10,5,73,41,36,32,3
e6b3a8b4-9120-408a-9522-0a7e8efddcb3,Jameson Williams,DET,WR,2026,1,63,86.3,39,95.1,0,0.0,9,25.0,5,55.6,0,0.0,0,0.0,4,66.7,10,100.0,3,100.0,23.1,6,10,1,10,5,73,41,36,32,3
0ea7b887-760f-49d0-bc8a-47e923da68aa,Michael Wilson,ARI,WR,2026,1,61,84.7,36,92.3,0,0.0,7,20.0,5,71.4,0,0.0,0,0.0,3,75.0,9,81.8,7,100.0,19.4,4,11,1,8,2,72,39,35,30,7
dceee638-01c3-409d-ac0d-cf4d091988f8,Colston Loveland,CHI,TE,2026,1,60,87.0,34,89.5,0,0.0,2,7.7,0,0.0,1,33.3,0,0.0,6,85.7,11,100.0,6,100.0,5.9,7,11,3,8,4,69,38,26,32,6
8a5333e6-17c1-48e3-8232-61bcb068a262,D.K. Metcalf,PIT,WR,2026,1,60,93.8,42,100.0,0,0.0,9,25.7,7,77.8,1,33.3,0,0.0,2,100.0,13,92.9,7,100.0,21.4,2,14,3,9,0,64,42,35,18,7
7b450484-9a9c-46f0-9c2d-425b840cadd5,Ja'Marr Chase,CIN,WR,2026,1,59,93.7,36,97.3,0,0.0,4,11.8,2,50.0,0,0.0,0,0.0,9,100.0,9,100.0,6,100.0,11.1,9,9,1,8,3,63,37,34,25,6
3185a3cd-8dba-4aca-bc26-6bba0cc696eb,Sam LaPorta,DET,TE,2026,1,59,80.8,34,82.9,0,0.0,6,16.7,5,83.3,1,100.0,0,0.0,5,83.3,10,100.0,3,100.0,17.6,6,10,1,10,5,73,41,36,32,3
54d7c394-c7dc-486c-ab20-4dae29da1d12,Bryce Lance,NO,WR,2026,1,58,67.4,45,71.4,0,0.0,4,8.2,3,75.0,0,0.0,0,0.0,2,28.6,13,92.9,19,100.0,8.9,7,14,4,10,0,86,63,49,23,19
76457f7f-07a1-4ed6-bffe-7ddf971bf45f,Terry McLaurin,WAS,WR,2026,1,58,87.9,35,92.1,0,0.0,4,13.8,3,75.0,0,0.0,0,0.0,8,80.0,11,100.0,0,0.0,11.4,10,11,2,11,2,66,38,29,29,0
b1cf668e-31ee-4d0d-80bb-1ca8cf26bf42,Trey McBride,ARI,TE,2026,1,57,79.2,34,87.2,0,0.0,12,34.3,10,83.3,1,100.0,0,0.0,4,100.0,10,90.9,7,100.0,35.3,4,11,1,8,2,72,39,35,30,7
95265030-c6d8-4b54-8ab2-95c69ff56132,Rhamondre Stevenson,NE,RB,2026,1,57,85.1,29,69.0,18,72.0,6,19.4,6,100.0,0,0.0,0,0.0,6,100.0,14,100.0,7,100.0,20.7,6,14,2,12,0,67,42,31,25,7
20afb131-b018-4b53-9462-8a99a035cfb1,Marvin Harrison Jr.,ARI,WR,2026,1,56,77.8,34,87.2,0,0.0,3,8.6,2,66.7,0,0.0,0,0.0,3,75.0,9,81.8,7,100.0,8.8,4,11,1,8,2,72,39,35,30,7
abaf1508-e615-4287-aa70-3ab031795ae5,Drake London,ATL,WR,2026,1,56,98.2,25,96.2,1,3.2,3,17.6,2,66.7,0,0.0,0,0.0,3,100.0,10,100.0,3,100.0,12.0,3,10,0,5,0,57,26,17,31,3
f8fb7466-2b26-4940-9e38-f7aae05b9dfd,Rashee Rice,KC,WR,2026,1,56,83.6,30,90.9,0,0.0,2,8.3,2,100.0,0,0.0,0,0.0,7,77.8,12,92.3,0,0.0,6.7,9,13,0,7,1,67,33,24,31,0
0ea3a955-4fbe-4bf9-814b-7d987e98c589,Justin Jefferson,MIN,WR,2026,1,56,91.8,30,100.0,0,0.0,9,40.9,8,88.9,1,50.0,0,0.0,5,100.0,12,92.3,0,0.0,30.0,5,13,2,10,2,61,30,22,28,0
a7d68b3b-02b2-4d1a-9fb9-36c62dc5a441,Michael Pittman Jr.,PIT,WR,2026,1,56,87.5,39,92.9,0,0.0,3,8.6,3,100.0,0,0.0,0,0.0,2,100.0,13,92.9,7,100.0,7.7,2,14,3,9,0,64,42,35,18,7
1db285a6-c443-45d9-bdd2-8d28824cfcb0,Matthew Golden,GB,WR,2026,1,55,82.1,40,87.0,0,0.0,12,30.8,7,58.3,2,50.0,0,0.0,3,75.0,8,72.7,17,85.0,30.0,4,11,4,11,0,67,46,39,21,20
1bda07a0-7a6e-4f9e-b5cb-3cdc6eb0a7e5,Jalen Coker,CAR,WR,2026,1,54,87.1,40,93.0,0,0.0,9,28.1,8,88.9,0,0.0,0,0.0,4,100.0,8,88.9,10,90.9,22.5,4,9,2,6,1,62,43,32,19,11
fd6821bf-31c8-4127-8eea-7f5318590a33,Michael Mayer,LV,TE,2026,1,54,80.6,24,77.4,0,0.0,7,24.1,6,85.7,1,100.0,0,0.0,3,75.0,9,69.2,0,0.0,29.2,4,13,1,8,0,67,31,29,33,0
5233565b-bcd1-4217-9403-e72002d2db89,Tetairoa McMillan,CAR,WR,2026,1,53,85.5,39,90.7,0,0.0,8,25.0,5,62.5,0,0.0,0,0.0,4,100.0,7,77.8,9,81.8,20.5,4,9,2,6,1,62,43,32,19,11
78a9587a-e70d-4ff4-9f91-de5e16e695d6,Jahmyr Gibbs,DET,RB,2026,1,53,72.6,17,41.5,29,90.6,5,13.9,5,100.0,0,0.0,5,100.0,6,100.0,3,30.0,3,100.0,29.4,6,10,1,10,5,73,41,36,32,3
cc3baf33-c279-4985-ae2b-3fabddb2d0f3,Christian Watson,GB,WR,2026,1,52,77.6,38,82.6,0,0.0,8,20.5,6,75.0,1,25.0,0,0.0,4,100.0,9,81.8,17,85.0,21.1,4,11,4,11,0,67,46,39,21,20
6a406a94-9c4f-4a80-8868-dc0204fa025c,Nico Collins,HOU,WR,2026,1,52,71.2,37,88.1,1,3.2,10,27.8,8,80.0,2,100.0,0,0.0,6,50.0,10,100.0,11,78.6,27.0,12,10,2,7,3,73,42,36,31,14
c1b43109-a1c1-4cca-b36f-545aef22b01a,Xavier Worthy,KC,WR,2026,1,52,77.6,30,90.9,0,0.0,6,25.0,3,50.0,0,0.0,0,0.0,4,44.4,9,69.2,0,0.0,20.0,9,13,0,7,1,67,33,24,31,0
2359ae0a-46a7-4ccc-aca5-bc913bece14b,Hunter Henry,NE,TE,2026,1,52,77.6,25,59.5,0,0.0,3,9.7,3,100.0,0,0.0,0,0.0,5,83.3,13,92.9,7,100.0,12.0,6,14,2,12,0,67,42,31,25,7
8f4bcbe9-f840-4894-88bd-f8c35d687d10,Rashod Bateman,BAL,WR,2026,1,51,79.7,27,90.0,0,0.0,1,4.2,0,0.0,0,0.0,0,0.0,1,50.0,9,90.0,5,83.3,3.7,2,10,1,7,3,64,30,24,31,6
b9f32830-4cc3-40fa-b660-f1c0a072c933,Cade Otton,TB,TE,2026,1,51,98.1,31,86.1,0,0.0,5,18.5,4,80.0,0,0.0,0,0.0,5,100.0,8,100.0,0,0.0,16.1,5,8,1,6,0,52,36,27,15,0
8e133a8a-07d0-47d2-9afc-d02c63b97565,Luther Burden III,CHI,WR,2026,1,50,72.5,27,71.1,1,3.1,5,19.2,5,100.0,0,0.0,0,0.0,4,57.1,10,90.9,4,66.7,18.5,7,11,3,8,4,69,38,26,32,6
ceec6ef9-ace8-458b-9e4a-699d60381562,Isaac TeSlaa,DET,WR,2026,1,50,68.5,32,78.0,0,0.0,0,0.0,0,0.0,0,0.0,0,0.0,4,66.7,10,100.0,3,100.0,0.0,6,10,1,10,5,73,41,36,32,3
0debb81b-1b12-4398-a9ac-f980a7c3d144,Jordan Addison,MIN,WR,2026,1,50,82.0,28,93.3,0,0.0,2,9.1,1,50.0,0,0.0,0,0.0,4,80.0,11,84.6,0,0.0,7.1,5,13,2,10,2,61,30,22,28,0
6c64548f-c91e-43d0-9d30-9352c7c589bc,Travis Etienne Jr.,NO,RB,2026,1,50,58.1,24,38.1,10,43.5,8,16.3,7,87.5,0,0.0,0,0.0,3,42.9,8,57.1,13,68.4,33.3,7,14,4,10,0,86,63,49,23,19
d012a0c5-cd87-437f-a772-50fdc7ec7dfc,DeVonta Smith,PHI,WR,2026,1,50,94.3,33,97.1,0,0.0,5,23.8,3,60.0,0,0.0,0,0.0,3,100.0,12,100.0,5,100.0,15.2,3,12,2,8,0,53,34,21,17,5
f1b9e657-a771-44c5-a6bf-d959ffa94375,Dallas Goedert,PHI,TE,2026,1,50,94.3,27,79.4,0,0.0,5,23.8,4,80.0,1,50.0,0,0.0,2,66.7,12,100.0,4,80.0,18.5,3,12,2,8,0,53,34,21,17,5
ee788fa7-565a-4400-8f89-9d245cd1e83f,Tyler Warren,IND,TE,2026,1,49,92.5,30,88.2,0,0.0,5,17.9,4,80.0,0,0.0,0,0.0,4,100.0,10,100.0,7,100.0,16.7,4,10,0,5,3,53,34,28,19,7
342ee78f-f6c6-42d5-ba14-5a1b05bfe951,Ashton Jeanty,LV,RB,2026,1,49,73.1,19,61.3,23,69.7,6,20.7,6,100.0,0,0.0,0,0.0,3,75.0,10,76.9,0,0.0,31.6,4,13,1,8,0,67,31,29,33,0
d2d35213-1690-4f25-a82a-db685b7069dd,Malik Washington,MIA,WR,2026,1,49,98.0,37,100.0,0,0.0,8,32.0,5,62.5,0,0.0,0,0.0,0,0.0,10,100.0,5,100.0,21.6,1,10,0,5,0,50,37,25,13,5
b8883a9b-269c-4b35-81bf-afc875ef513c,Malachi Fields,NYG,WR,2026,1,49,73.1,21,61.8,0,0.0,4,14.3,2,50.0,0,0.0,0,0.0,4,66.7,3,37.5,3,50.0,19.0,6,8,1,7,2,67,34,28,31,6
b8db7dce-1075-40fb-b159-eba83452ef7f,Dontayvion Wicks,PHI,WR,2026,1,48,90.6,31,91.2,0,0.0,4,19.0,2,50.0,1,50.0,0,0.0,2,66.7,12,100.0,5,100.0,12.9,3,12,2,8,0,53,34,21,17,5
351e754d-fc0c-4146-aea3-352204a76d36,Mike Evans,SF,WR,2026,1,48,75.0,26,72.2,0,0.0,7,21.2,7,100.0,1,25.0,0,0.0,5,62.5,6,100.0,0,0.0,26.9,8,6,4,10,0,64,36,33,28,0
19ba8174-6b80-4611-b42c-48491934ccb0,Kendrick Bourne,ARI,WR,2026,1,47,65.3,30,76.9,0,0.0,8,22.9,8,100.0,0,0.0,0,0.0,2,50.0,9,81.8,6,85.7,26.7,4,11,1,8,2,72,39,35,30,7
9684e43f-e300-4390-ba3a-e18aa7728040,Dalton Schultz,HOU,TE,2026,1,47,64.4,32,76.2,0,0.0,7,19.4,4,57.1,0,0.0,0,0.0,7,58.3,10,100.0,14,100.0,21.9,12,10,2,7,3,73,42,36,31,14
e4813e39-9e02-4fa1-a944-409c3a2d5c9c,Josh Downs,IND,WR,2026,1,47,88.7,32,94.1,0,0.0,3,10.7,2,66.7,0,0.0,0,0.0,3,75.0,10,100.0,7,100.0,9.4,4,10,0,5,3,53,34,28,19,7
b6b4230b-521a-40e5-b697-6fcabbff904a,Jonathan Taylor,IND,RB,2026,1,47,88.7,20,58.8,19,100.0,4,14.3,3,75.0,0,0.0,3,100.0,4,100.0,7,70.0,3,42.9,20.0,4,10,0,5,3,53,34,28,19,7
6239402a-45bf-445b-b0d3-d536274c76e0,Travis Kelce,KC,TE,2026,1,47,70.1,26,78.8,0,0.0,5,20.8,3,60.0,0,0.0,0,0.0,5,55.6,11,84.6,0,0.0,19.2,9,13,0,7,1,67,33,24,31,0
d200b227-6575-48c1-a680-c0442c85d800,Tre Tucker,LV,WR,2026,1,47,70.1,27,87.1,0,0.0,4,13.8,2,50.0,0,0.0,0,0.0,2,50.0,10,76.9,0,0.0,14.8,4,13,1,8,0,67,31,29,33,0
003cd807-fc20-451d-a436-71c1f4a7655d,Mack Hollins,NE,WR,2026,1,47,70.1,25,59.5,0,0.0,5,16.1,4,80.0,1,50.0,0,0.0,6,100.0,8,57.1,6,85.7,20.0,6,14,2,12,0,67,42,31,25,7
5ea600d7-d788-4194-b598-a59ff43f3525,Emeka Egbuka,TB,WR,2026,1,47,90.4,32,88.9,0,0.0,6,22.2,5,83.3,0,0.0,0,0.0,4,80.0,8,100.0,0,0.0,18.8,5,8,1,6,0,52,36,27,15,0
603822d0-3e5d-4ea0-b33a-46dfc79ac4b9,Tee Higgins,CIN,WR,2026,1,46,73.0,31,83.8,0,0.0,6,17.6,4,66.7,0,0.0,0,0.0,6,66.7,9,100.0,5,83.3,19.4,9,9,1,8,3,63,37,34,25,6
e79513b6-48db-4786-b8ff-c02f072db551,Chase Brown,CIN,RB,2026,1,46,73.0,20,54.1,16,64.0,6,17.6,5,83.3,0,0.0,3,100.0,7,77.8,3,33.3,6,100.0,30.0,9,9,1,8,3,63,37,34,25,6
3504a78c-cc1e-4ec3-9ddf-7a6ad80a3183,Denzel Boston,CLE,WR,2026,1,46,93.9,30,96.8,0,0.0,4,19.0,2,50.0,1,100.0,0,0.0,4,100.0,9,100.0,5,100.0,13.3,4,9,1,3,1,49,31,21,18,5
a2cadcf6-bce7-4926-a2f0-2539ebec165c,Kenneth Walker III,KC,RB,2026,1,46,68.7,15,45.5,23,74.2,6,25.0,5,83.3,0,0.0,1,100.0,8,88.9,7,53.8,0,0.0,40.0,9,13,0,7,1,67,33,24,31,0
349676e8-d0c9-4e51-b671-f1d541641ecd,Garrett Wilson,NYJ,WR,2026,1,46,73.0,21,80.8,0,0.0,7,30.4,7,100.0,0,0.0,0,0.0,4,57.1,9,90.0,5,100.0,33.3,7,10,0,6,3,63,26,23,34,5
12c8d08c-26ee-4e68-9656-d89328a08fcf,Mark Andrews,BAL,TE,2026,1,45,70.3,23,76.7,0,0.0,6,25.0,5,83.3,0,0.0,0,0.0,2,100.0,9,90.0,5,83.3,26.1,2,10,1,7,3,64,30,24,31,6
677ab1ea-294d-4579-bf11-935467f6b96b,Tyquan Thornton,KC,WR,2026,1,45,67.2,24,72.7,0,0.0,1,4.2,0,0.0,0,0.0,0,0.0,6,66.7,9,69.2,0,0.0,4.2,9,13,0,7,1,67,33,24,31,0
f5c3e996-d9b7-4183-b5c7-f1d732e20f40,Caleb Douglas,MIA,WR,2026,1,45,90.0,32,86.5,0,0.0,6,24.0,5,83.3,0,0.0,0,0.0,1,100.0,9,90.0,5,100.0,18.8,1,10,0,5,0,50,37,25,13,5
32abc43e-19b1-47a3-a9a9-3f1a15d7d593,Pat Freiermuth,PIT,TE,2026,1,45,70.3,31,73.8,0,0.0,5,14.3,5,100.0,1,33.3,0,0.0,0,0.0,11,78.6,6,85.7,16.1,2,14,3,9,0,64,42,35,18,7
d5ec0a76-0891-456f-ae34-2782c9a213e3,Luke Farrell,SF,TE,2026,1,45,70.3,19,52.8,0,0.0,2,6.1,2,100.0,0,0.0,0,0.0,6,75.0,1,16.7,0,0.0,10.5,8,6,4,10,0,64,36,33,28,0
5fbde45e-1771-4a35-ac8e-cbb4d4744e04,Bijan Robinson,ATL,RB,2026,1,44,77.2,21,80.8,21,67.7,9,52.9,8,88.9,0,0.0,0,0.0,3,100.0,9,90.0,3,100.0,42.9,3,10,0,5,0,57,26,17,31,3
71e0a1c0-a5be-4cb7-b9a1-79e4353d6ee9,George Pickens,DAL,WR,2026,1,44,84.6,32,88.9,0,0.0,6,19.4,5,83.3,0,0.0,0,0.0,4,80.0,9,100.0,12,80.0,18.8,5,9,1,9,3,52,36,31,16,15
1108bce6-20ee-4dd6-b3c8-1a76ff1a0576,Tucker Kraft,GB,TE,2026,1,44,65.7,22,47.8,0,0.0,6,15.4,3,50.0,0,0.0,0,0.0,2,50.0,7,63.6,9,45.0,27.3,4,11,4,11,0,67,46,39,21,20
dc6f41a1-f5d7-4add-aac4-ea650630799b,De'Von Achane,MIA,RB,2026,1,44,88.0,29,78.4,11,84.6,4,16.0,4,100.0,0,0.0,0,0.0,1,100.0,9,90.0,5,100.0,13.8,1,10,0,5,0,50,37,25,13,5
0b8b555a-379b-4b01-8923-c225f1181f2a,Jaxon Smith-Njigba,SEA,WR,2026,1,44,91.7,26,96.3,0,0.0,11,45.8,8,72.7,1,100.0,0,0.0,3,75.0,9,100.0,0,0.0,42.3,4,9,1,8,0,48,27,24,20,0
15fe6bfc-f730-49e8-b5d2-7384d0593ddd,Chris Godwin,TB,WR,2026,1,44,84.6,32,88.9,1,6.7,4,14.8,4,100.0,0,0.0,0,0.0,5,100.0,8,100.0,0,0.0,12.5,5,8,1,6,0,52,36,27,15,0
f40e4ea4-5fbe-48bd-9dd7-7be9dcab0390,Chuba Hubbard,CAR,RB,2026,1,43,69.4,25,58.1,10,52.6,3,9.4,3,100.0,1,50.0,1,100.0,3,75.0,7,77.8,9,81.8,12.0,4,9,2,6,1,62,43,32,19,11
fe155533-4fbf-417e-bffd-f0a91e337fed,Colby Parkinson,LA,TE,2026,1,43,75.4,18,62.1,0,0.0,2,7.4,1,50.0,0,0.0,0,0.0,8,72.7,0,0.0,0,0.0,11.1,11,7,0,8,3,57,29,27,27,0
c31d94ec-04ba-497d-a73f-cd06676c0793,Mason Taylor,NYJ,TE,2026,1,43,68.3,16,61.5,0,0.0,3,13.0,3,100.0,0,0.0,0,0.0,5,71.4,6,60.0,3,60.0,18.8,7,10,0,6,3,63,26,23,34,5
bf5ef40d-9ee2-40e2-8fb0-ce07685fabce,Carnell Tate,TEN,WR,2026,1,43,87.8,36,92.3,0,0.0,6,22.2,4,66.7,0,0.0,0,0.0,2,100.0,12,100.0,2,100.0,16.7,2,12,1,8,0,49,39,27,10,2
74a1fffd-b450-49af-a8db-e8ea9b9803f7,Kalif Raymond,CHI,WR,2026,1,42,60.9,22,57.9,0,0.0,9,34.6,8,88.9,0,0.0,0,0.0,2,28.6,9,81.8,4,66.7,40.9,7,11,3,8,4,69,38,26,32,6
4e042a70-f018-4e0a-b0f6-1f83d8274a15,CeeDee Lamb,DAL,WR,2026,1,42,80.8,29,80.6,1,6.2,8,25.8,7,87.5,1,100.0,0,0.0,4,80.0,8,88.9,11,73.3,27.6,5,9,1,9,3,52,36,31,16,15
d1bbd98f-9075-43e1-aa0d-944e1c282104,Xavier Hutchinson,HOU,WR,2026,1,42,57.5,29,69.0,0,0.0,6,16.7,3,50.0,0,0.0,0,0.0,5,41.7,7,70.0,11,78.6,20.7,12,10,2,7,3,73,42,36,31,14
f7d5ed48-8166-4f36-9b7d-59721eec3d79,Josh Oliver,MIN,TE,2026,1,42,68.9,9,30.0,0,0.0,4,18.2,3,75.0,0,0.0,0,0.0,5,100.0,2,15.4,0,0.0,44.4,5,13,2,10,2,61,30,22,28,0
1a03444a-f582-40d8-a139-7eabfd3d5003,Adonai Mitchell,NYJ,WR,2026,1,42,66.7,21,80.8,0,0.0,3,13.0,3,100.0,0,0.0,0,0.0,4,57.1,7,70.0,5,100.0,14.3,7,10,0,6,3,63,26,23,34,5
4d9ab615-df0d-47d4-b338-f99210eed789,AJ Barner,SEA,TE,2026,1,42,87.5,19,70.4,0,0.0,2,8.3,2,100.0,0,0.0,0,0.0,4,100.0,6,66.7,0,0.0,10.5,4,9,1,8,0,48,27,24,20,0
f7e583c7-6864-4f1c-b610-7f4615a7196b,Tyler Allgeier,ARI,RB,2026,1,41,56.9,14,35.9,17,56.7,2,5.7,2,100.0,0,0.0,1,50.0,2,50.0,8,72.7,7,100.0,14.3,4,11,1,8,2,72,39,35,30,7
a541a205-8eac-4df0-b432-9f3195be6c30,Cole Kmet,CHI,TE,2026,1,41,59.4,19,50.0,0,0.0,3,11.5,2,66.7,1,33.3,0,0.0,6,85.7,2,18.2,2,33.3,15.8,7,11,3,8,4,69,38,26,32,6
424755d3-3fc8-4c68-bc9b-fa5bfae6907d,Drew Sample,CIN,TE,2026,1,41,65.1,13,35.1,0,0.0,3,8.8,3,100.0,0,0.0,0,0.0,5,55.6,6,66.7,0,0.0,23.1,9,9,1,8,3,63,37,34,25,6
91a5f6be-59c2-46ff-b8fa-d7fd37727a82,Demario Douglas,NE,WR,2026,1,41,61.2,33,78.6,0,0.0,7,22.6,5,71.4,0,0.0,0,0.0,3,50.0,13,92.9,6,85.7,21.2,6,14,2,12,0,67,42,31,25,7
e4428037-e731-4af3-8430-6c7662d221e9,Cam Skattebo,NYG,RB,2026,1,41,61.2,13,38.2,18,58.1,0,0.0,0,0.0,0,0.0,2,100.0,6,100.0,2,25.0,0,0.0,0.0,6,8,1,7,2,67,34,28,31,6
7126505c-4b3a-4401-ba0a-b23f85b0ba54,Darnell Washington,PIT,TE,2026,1,41,64.1,16,38.1,0,0.0,2,5.7,2,100.0,0,0.0,0,0.0,2,100.0,5,35.7,1,14.3,12.5,2,14,3,9,0,64,42,35,18,7
4a211e6e-1f23-47a4-af9f-fbdd2a1a1034,Ted Hurst,TB,WR,2026,1,41,78.8,30,83.3,0,0.0,3,11.1,3,100.0,0,0.0,0,0.0,4,80.0,7,87.5,0,0.0,10.0,5,8,1,6,0,52,36,27,15,0
8e20b566-e5af-42a6-aa8b-873d6011f865,Stefon Diggs,WAS,WR,2026,1,41,62.1,25,65.8,0,0.0,9,31.0,7,77.8,0,0.0,0,0.0,6,60.0,7,63.6,0,0.0,36.0,10,11,2,11,2,66,38,29,29,0
c2fac9d0-6eda-4778-9068-8609a447c01d,Durham Smythe,BAL,TE,2026,1,40,62.5,9,30.0,0,0.0,1,4.2,1,100.0,0,0.0,0,0.0,1,50.0,1,10.0,0,0.0,11.1,2,10,1,7,3,64,30,24,31,6
31427cb3-cb95-4244-90a3-cf08814a8c85,Dalton Kincaid,BUF,TE,2026,1,40,76.9,22,68.8,0,0.0,6,23.1,5,83.3,0,0.0,0,0.0,1,33.3,6,66.7,2,100.0,27.3,3,9,1,6,1,52,32,26,19,2
0d40bdbc-b7b9-48af-a36d-34aaf05ab100,Harold Fannin Jr.,CLE,TE,2026,1,40,81.6,24,77.4,0,0.0,3,14.3,2,66.7,0,0.0,0,0.0,3,75.0,8,88.9,5,100.0,12.5,4,9,1,3,1,49,31,21,18,5
023755cc-e6f5-49bb-a2d0-70d01f135c31,Quentin Johnston,LAC,WR,2026,1,40,78.4,27,77.1,0,0.0,5,19.2,2,40.0,0,0.0,0,0.0,2,66.7,9,81.8,8,88.9,18.5,3,11,1,8,0,51,35,26,16,9
e555cbf5-05aa-4bf5-a836-21eeb37ced41,Jalen Nailor,LV,WR,2026,1,40,59.7,19,61.3,0,0.0,5,17.2,3,60.0,0,0.0,0,0.0,2,50.0,8,61.5,0,0.0,26.3,4,13,1,8,0,67,31,29,33,0
e394cdfa-30c2-4f28-9f39-4fde6499a1b7,Demarcus Robinson,SF,WR,2026,1,40,62.5,21,58.3,0,0.0,3,9.1,2,66.7,2,50.0,0,0.0,5,62.5,5,83.3,0,0.0,14.3,8,6,4,10,0,64,36,33,28,0
3f85220c-e955-44a8-8cf5-0e2c0fcc409d,Wan'Dale Robinson,TEN,WR,2026,1,40,81.6,34,87.2,0,0.0,6,22.2,5,83.3,0,0.0,0,0.0,2,100.0,11,91.7,2,100.0,17.6,2,12,1,8,0,49,39,27,10,2
0a643540-5e1e-4ce9-b883-26d898691d40,DJ Moore,BUF,WR,2026,1,39,75.0,26,81.2,0,0.0,7,26.9,5,71.4,0,0.0,0,0.0,2,66.7,9,100.0,2,100.0,26.9,3,9,1,6,1,52,32,26,19,2
f508d244-a60a-4c6a-b54d-f27ae93fdfdf,D'Andre Swift,CHI,RB,2026,1,39,56.5,9,23.7,18,56.2,1,3.8,1,100.0,0,0.0,3,75.0,4,57.1,5,45.5,0,0.0,11.1,7,11,3,8,4,69,38,26,32,6
d19fec1d-9874-4bd1-a74a-0e1cbb499bbc,Jake Ferguson,DAL,TE,2026,1,39,75.0,27,75.0,0,0.0,2,6.5,2,100.0,0,0.0,0,0.0,5,100.0,9,100.0,11,73.3,7.4,5,9,1,9,3,52,36,31,16,15
feb09bdf-0f17-4ef2-9917-5780f044c98a,Brenton Strange,JAC,TE,2026,1,39,69.6,16,64.0,0,0.0,3,14.3,3,100.0,1,25.0,0,0.0,7,77.8,4,80.0,0,0.0,18.8,9,5,4,2,0,56,25,21,28,0
2735c8e9-1338-4cf8-88c1-cb0452687768,Puka Nacua,LA,WR,2026,1,39,68.4,20,69.0,0,0.0,9,33.3,5,55.6,0,0.0,0,0.0,7,63.6,6,85.7,0,0.0,45.0,11,7,0,8,3,57,29,27,27,0
a3c06d33-73fa-40d8-b2a5-c4c305119a81,T.J. Hockenson,MIN,TE,2026,1,39,63.9,23,76.7,0,0.0,4,18.2,4,100.0,1,50.0,0,0.0,1,20.0,12,92.3,0,0.0,17.4,5,13,2,10,2,61,30,22,28,0
98e857ba-b9f4-45b2-a408-8545ec4560bf,Darnell Mooney,NYG,WR,2026,1,39,58.2,26,76.5,0,0.0,2,7.1,2,100.0,0,0.0,0,0.0,1,16.7,6,75.0,6,100.0,7.7,6,8,1,7,2,67,34,28,31,6
66f1ce1b-b1eb-4f4a-9dff-076f81c1be41,Isaiah Williams,NYJ,WR,2026,1,39,61.9,19,73.1,0,0.0,1,4.3,1,100.0,0,0.0,0,0.0,5,71.4,6,60.0,5,100.0,5.3,7,10,0,6,3,63,26,23,34,5
85a80da0-deb9-4bed-8678-aa7750bdfc2f,Andrei Iosivas,CIN,WR,2026,1,38,60.3,26,70.3,0,0.0,3,8.8,2,66.7,0,0.0,0,0.0,2,22.2,5,55.6,6,100.0,11.5,9,9,1,8,3,63,37,34,25,6
e0175787-6c57-4755-a384-8a4c04b5736d,Ryan Flournoy,DAL,WR,2026,1,38,73.1,26,72.2,0,0.0,5,16.1,4,80.0,0,0.0,0,0.0,4,80.0,9,100.0,12,80.0,19.2,5,9,1,9,3,52,36,31,16,15
e3d03a5c-a204-4db3-af94-30644d17bdb2,Javonte Williams,DAL,RB,2026,1,38,73.1,20,55.6,12,75.0,5,16.1,5,100.0,0,0.0,3,100.0,5,100.0,4,44.4,11,73.3,25.0,5,9,1,9,3,52,36,31,16,15
3370de69-cd2b-41f2-9716-bffb659a9a2f,Jayden Reed,GB,WR,2026,1,38,56.7,29,63.0,0,0.0,7,17.9,4,57.1,0,0.0,0,0.0,1,25.0,10,90.9,16,80.0,24.1,4,11,4,11,0,67,46,39,21,20
50720a07-ff50-4c4d-9665-7859438e9d17,Chigoziem Okonkwo,WAS,TE,2026,1,38,57.6,22,57.9,0,0.0,3,10.3,2,66.7,0,0.0,0,0.0,2,20.0,8,72.7,0,0.0,13.6,10,11,2,11,2,66,38,29,29,0
38e3f537-becc-4e8d-a35d-7f3927482464,Chris Brooks,GB,RB,2026,1,37,55.2,10,21.7,7,33.3,0,0.0,0,0.0,0,0.0,0,0.0,2,50.0,9,81.8,15,75.0,0.0,4,11,4,11,0,67,46,39,21,20
8f33c0ee-0e7b-40f8-b1a0-2e116301146d,David Montgomery,HOU,RB,2026,1,37,50.7,14,33.3,20,64.5,3,8.3,3,100.0,0,0.0,3,100.0,7,58.3,4,40.0,0,0.0,21.4,12,10,2,7,3,73,42,36,31,14
b65eac5f-5271-4a9f-8e9f-d037c29683e4,Nate Boerkircher,JAC,TE,2026,1,37,66.1,10,40.0,0,0.0,1,4.8,1,100.0,0,0.0,0,0.0,5,55.6,3,60.0,0,0.0,10.0,9,5,4,2,0,56,25,21,28,0
9842ea3c-30ce-47dd-b8c7-4748f8d988fe,Tre Harris,LAC,WR,2026,1,37,72.5,27,77.1,0,0.0,6,23.1,3,50.0,0,0.0,0,0.0,2,66.7,11,100.0,9,100.0,22.2,3,11,1,8,0,51,35,26,16,9
6f2a6838-ed25-4068-a15b-bac7f768eeb0,Greg Dulcich,MIA,TE,2026,1,37,74.0,28,75.7,0,0.0,2,8.0,2,100.0,0,0.0,0,0.0,0,0.0,8,80.0,5,100.0,7.1,1,10,0,5,0,50,37,25,13,5
d7630875-9826-48c6-b896-c10bc6bb4b31,Romeo Doubs,NE,WR,2026,1,37,55.2,32,76.2,0,0.0,3,9.7,1,33.3,0,0.0,0,0.0,2,33.3,13,92.9,5,71.4,9.4,6,14,2,12,0,67,42,31,25,7
7a47c1c1-6cca-428a-bb29-b4dcddf8ec9c,Noah Fant,NO,TE,2026,1,37,43.0,18,28.6,0,0.0,8,16.3,4,50.0,1,25.0,0,0.0,6,85.7,1,7.1,0,0.0,44.4,7,14,4,10,0,86,63,49,23,19
f0ac0084-7bf6-4ada-9fd3-bd8771869643,Breece Hall,NYJ,RB,2026,1,37,58.7,8,30.8,22,64.7,2,8.7,2,100.0,0,0.0,2,66.7,4,57.1,2,20.0,3,60.0,25.0,7,10,0,6,3,63,26,23,34,5
3be23ca8-a082-4f11-a2ca-48fae57ee15e,Saquon Barkley,PHI,RB,2026,1,37,69.8,10,29.4,14,82.4,2,9.5,2,100.0,0,0.0,0,0.0,1,33.3,9,75.0,0,0.0,20.0,3,12,2,8,0,53,34,21,17,5
afe63be8-23e2-4e7e-a3d5-62c8d39415f0,Rico Dowdle,PIT,RB,2026,1,37,57.8,21,50.0,8,44.4,4,11.4,3,75.0,0,0.0,0,0.0,0,0.0,10,71.4,4,57.1,19.0,2,14,3,9,0,64,42,35,18,7
d6ed24f0-f6c4-412b-86ab-420733ef7bb9,Cooper Kupp,SEA,WR,2026,1,37,77.1,21,77.8,0,0.0,3,12.5,2,66.7,0,0.0,0,0.0,2,50.0,9,100.0,0,0.0,14.3,4,9,1,8,0,48,27,24,20,0
80cccf1b-0ff3-4614-acfd-a11a5dd93690,Gunnar Helm,TEN,TE,2026,1,37,75.5,22,56.4,0,0.0,4,14.8,4,100.0,0,0.0,0,0.0,1,50.0,8,66.7,2,100.0,18.2,2,12,1,8,0,49,39,27,10,2
5a253a6c-0769-4a9f-8bc0-b9af300323e7,Kyle Pitts,ATL,TE,2026,1,36,63.2,21,80.8,0,0.0,1,5.9,0,0.0,0,0.0,0,0.0,2,66.7,10,100.0,3,100.0,4.8,3,10,0,5,0,57,26,17,31,3
14f86e27-f8fb-4038-8f55-c7f5f7370c9a,Jahan Dotson,ATL,WR,2026,1,36,63.2,19,73.1,0,0.0,3,17.6,1,33.3,0,0.0,0,0.0,1,33.3,8,80.0,3,100.0,15.8,3,10,0,5,0,57,26,17,31,3
0cf680c0-a4dd-48b6-abb5-440c84e31d2e,James Cook,BUF,RB,2026,1,36,69.2,16,50.0,13,68.4,4,15.4,4,100.0,0,0.0,0,0.0,3,100.0,1,11.1,0,0.0,25.0,3,9,1,6,1,52,32,26,19,2
7bfd2708-9995-4488-a82a-b897002a1a60,Courtland Sutton,DEN,WR,2026,1,36,76.6,29,87.9,0,0.0,4,16.0,2,50.0,0,0.0,0,0.0,1,50.0,11,100.0,9,100.0,13.8,2,11,1,9,0,47,33,25,13,9
aa6757d8-d077-4484-865e-d35e723dd2af,Woody Marks,HOU,RB,2026,1,36,49.3,14,33.3,9,29.0,1,2.8,1,100.0,0,0.0,0,0.0,5,41.7,6,60.0,14,100.0,7.1,12,10,2,7,3,73,42,36,31,14
6920de01-7261-4903-94fa-a8a481c8f7eb,Keenan Allen,IND,WR,2026,1,36,67.9,26,76.5,0,0.0,6,21.4,6,100.0,0,0.0,0,0.0,4,100.0,9,90.0,7,100.0,23.1,4,10,0,5,3,53,34,28,19,7
c1696ca6-bfe1-4d64-ae56-a1075a3c88eb,Jakobi Meyers,JAC,WR,2026,1,36,64.3,20,80.0,1,3.6,2,9.5,2,100.0,1,25.0,0,0.0,5,55.6,3,60.0,0,0.0,10.0,9,5,4,2,0,56,25,21,28,0
68f77860-f7d1-42a3-a022-0ac87285695c,Noah Gray,KC,TE,2026,1,36,53.7,11,33.3,0,0.0,1,4.2,1,100.0,0,0.0,0,0.0,3,33.3,3,23.1,0,0.0,9.1,9,13,0,7,1,67,33,24,31,0
25239300-231c-4582-9afd-19727c9c45c1,Kyren Williams,LA,RB,2026,1,36,63.2,20,69.0,11,40.7,3,11.1,3,100.0,0,0.0,2,66.7,7,63.6,5,71.4,0,0.0,15.0,11,7,0,8,3,57,29,27,27,0
cb95349a-d07c-406c-9c31-9853f0be1eaf,Eli Raridon,NE,TE,2026,1,36,53.7,10,23.8,0,0.0,1,3.2,1,100.0,1,50.0,0,0.0,3,50.0,2,14.3,0,0.0,10.0,6,14,2,12,0,67,42,31,25,7
f6c2cecd-fadd-4416-bd9e-2898bdcc0ede,Malik Nabers,NYG,WR,2026,1,36,53.7,24,70.6,0,0.0,9,32.1,6,66.7,0,0.0,0,0.0,0,0.0,5,62.5,6,100.0,37.5,6,8,1,7,2,67,34,28,31,6
2435a2af-2fc6-400d-ae89-c0799e15f75e,Charlie Woerner,ATL,TE,2026,1,35,61.4,10,38.5,0,0.0,0,0.0,0,0.0,0,0.0,0,0.0,3,100.0,4,40.0,0,0.0,0.0,3,10,0,5,0,57,26,17,31,3
5e85bccd-0962-4974-af90-62349bcb28aa,Derrick Henry,BAL,RB,2026,1,35,54.7,5,16.7,24,77.4,1,4.2,1,100.0,0,0.0,2,66.7,0,0.0,1,10.0,0,0.0,20.0,2,10,1,7,3,64,30,24,31,6
6392da3f-c326-4ad1-9f38-d415c3142f1e,Tommy Tremble,CAR,TE,2026,1,35,56.5,18,41.9,0,0.0,3,9.4,3,100.0,0,0.0,0,0.0,4,100.0,0,0.0,3,27.3,16.7,4,9,2,6,1,62,43,32,19,11
67ed0316-707b-4d9b-bc50-71f57724646e,Xavier Legette,CAR,WR,2026,1,35,56.5,27,62.8,0,0.0,2,6.2,1,50.0,0,0.0,0,0.0,0,0.0,8,88.9,9,81.8,7.4,4,9,2,6,1,62,43,32,19,11
1fca03ab-4c91-4de8-b8e4-9f290c31c63a,Brock Wright,DET,TE,2026,1,35,47.9,7,17.1,0,0.0,1,2.8,1,100.0,0,0.0,0,0.0,3,50.0,0,0.0,0,0.0,14.3,6,10,1,10,5,73,41,36,32,3
ebf07919-b714-4e47-a9bb-3344fdeb04f9,Makai Lemon,PHI,WR,2026,1,35,66.0,29,85.3,0,0.0,4,19.0,3,75.0,0,0.0,0,0.0,3,100.0,12,100.0,5,100.0,13.8,3,12,2,8,0,53,34,21,17,5
64eef8f3-8f61-447d-bca1-b52b6824d873,Roman Wilson,PIT,WR,2026,1,35,54.7,27,64.3,0,0.0,6,17.1,4,66.7,1,33.3,0,0.0,1,50.0,10,71.4,6,85.7,22.2,2,14,3,9,0,64,42,35,18,7
03f8f7e5-3512-43d2-bbee-bb8faa7b50a9,Christian McCaffrey,SF,RB,2026,1,35,54.7,21,58.3,10,35.7,8,24.2,6,75.0,0,0.0,0,0.0,5,62.5,5,83.3,0,0.0,38.1,8,6,4,10,0,64,36,33,28,0
8b6aa391-627f-45d7-bcbd-454c34dd9518,Dyami Brown,WAS,WR,2026,1,35,53.0,23,60.5,0,0.0,2,6.9,0,0.0,0,0.0,0,0.0,3,30.0,9,81.8,0,0.0,8.7,10,11,2,11,2,66,38,29,29,0
b9932d52-2ce9-4dcd-8e48-c34c5fb95681,Rome Odunze,CHI,WR,2026,1,34,49.3,22,57.9,0,0.0,3,11.5,2,66.7,0,0.0,0,0.0,3,42.9,7,63.6,6,100.0,13.6,7,11,3,8,4,69,38,26,32,6
aff3440f-935d-4821-aeea-5922bec5507a,KC Concepcion,CLE,WR,2026,1,34,69.4,20,64.5,3,16.7,4,19.0,4,100.0,0,0.0,0,0.0,4,100.0,8,88.9,1,20.0,20.0,4,9,1,3,1,49,31,21,18,5
267c587c-b94c-459c-99ef-58a2be6b7e6b,Jaylen Waddle,DEN,WR,2026,1,34,72.3,27,81.8,0,0.0,3,12.0,2,66.7,0,0.0,0,0.0,2,100.0,10,90.9,7,77.8,11.1,2,11,1,9,0,47,33,25,13,9
79c2e6cc-2327-429b-98e0-3e5a4c4dfa9f,Foster Moreau,HOU,TE,2026,1,34,46.6,9,21.4,0,0.0,2,5.6,2,100.0,0,0.0,0,0.0,7,58.3,0,0.0,0,0.0,22.2,12,10,2,7,3,73,42,36,31,14
ab44049f-67a1-4103-adc3-010d9ed05095,Parker Washington,JAC,WR,2026,1,34,60.7,18,72.0,0,0.0,6,28.6,5,83.3,1,25.0,0,0.0,5,55.6,3,60.0,0,0.0,33.3,9,5,4,2,0,56,25,21,28,0
99be8a87-998b-4cc0-94b2-776870d0034c,Dawson Knox,BUF,TE,2026,1,33,63.5,12,37.5,0,0.0,1,3.8,1,100.0,0,0.0,0,0.0,2,66.7,4,44.4,0,0.0,8.3,3,9,1,6,1,52,32,26,19,2
b586b9d7-7613-4ab0-9160-05fdca1d2fff,Quinshon Judkins,CLE,RB,2026,1,33,67.3,13,41.9,12,66.7,2,9.5,2,100.0,0,0.0,1,100.0,3,75.0,3,33.3,0,0.0,15.4,4,9,1,3,1,49,31,21,18,5
c739b7b0-2f88-4c97-ab7b-a07eaa6ca333,Kayshon Boutte,HOU,WR,2026,1,33,45.2,27,64.3,0,0.0,2,5.6,2,100.0,0,0.0,0,0.0,4,33.3,9,90.0,10,71.4,7.4,12,10,2,7,3,73,42,36,31,14
d0a18f0d-ccfc-4c37-a7f1-8ebf36a3d4b1,Isaiah Likely,NYG,TE,2026,1,33,49.3,23,67.6,0,0.0,8,28.6,8,100.0,1,100.0,0,0.0,3,50.0,7,87.5,6,100.0,34.8,6,8,1,7,2,67,34,28,31,6
7052b38c-117e-4b4f-847e-4010fd0a7997,Jacory Croskey-Merritt,WAS,RB,2026,1,33,50.0,13,34.2,16,55.2,1,3.4,1,100.0,0,0.0,1,50.0,4,40.0,0,0.0,0,0.0,7.7,10,11,2,11,2,66,38,29,29,0
e19370db-7e03-4906-95cd-8692527163fd,Jeremiyah Love,ARI,RB,2026,1,32,44.4,15,38.5,11,36.7,3,8.6,3,100.0,0,0.0,1,50.0,2,50.0,2,18.2,1,14.3,20.0,4,11,1,8,2,72,39,35,30,7
28f5aa7b-e932-40ba-829e-7772f5d7bdc5,Jahdae Walker,CHI,WR,2026,1,32,46.4,16,42.1,0,0.0,1,3.8,1,100.0,1,33.3,0,0.0,4,57.1,3,27.3,1,16.7,6.2,7,11,3,8,4,69,38,26,32,6
aaf61fde-6940-42c8-9f49-51e1cc9240e7,Jonnu Smith,GB,TE,2026,1,32,47.8,17,37.0,0,0.0,3,7.7,3,100.0,0,0.0,0,0.0,3,75.0,5,45.5,11,55.0,17.6,4,11,4,11,0,67,46,39,21,20
fcd966e3-7bc2-45b2-b302-c068f41a5ec7,Theo Johnson,NYG,TE,2026,1,32,47.8,15,44.1,0,0.0,1,3.6,1,100.0,0,0.0,0,0.0,3,50.0,4,50.0,2,33.3,6.7,6,8,1,7,2,67,34,28,31,6
c98a20dd-1ff5-4713-b78f-648800290fc2,Rashid Shaheed,SEA,WR,2026,1,32,66.7,20,74.1,0,0.0,3,12.5,1,33.3,0,0.0,0,0.0,2,50.0,9,100.0,0,0.0,15.0,4,9,1,8,0,48,27,24,20,0
e342b017-bdde-4e14-8a8c-00b662da06bd,Bucky Irving,TB,RB,2026,1,32,61.5,21,58.3,8,53.3,7,25.9,7,100.0,0,0.0,0,0.0,3,60.0,6,75.0,0,0.0,33.3,5,8,1,6,0,52,36,27,15,0
f6f340d3-84e5-4514-acc3-3a9b4c5e43b6,Kyle Monangai,CHI,RB,2026,1,31,44.9,15,39.5,10,31.2,2,7.7,2,100.0,0,0.0,0,0.0,3,42.9,6,54.5,6,100.0,13.3,7,11,3,8,4,69,38,26,32,6
915d6acf-2c38-4cd0-846c-9c54e9dd0e43,Jerry Jeudy,CLE,WR,2026,1,31,63.3,25,80.6,0,0.0,4,19.0,2,50.0,0,0.0,0,0.0,2,50.0,8,88.9,3,60.0,16.0,4,9,1,3,1,49,31,21,18,5
d8cbf5b3-dee1-4d5c-bcc1-e40e1df911ac,Alec Pierce,IND,WR,2026,1,31,58.5,22,64.7,0,0.0,6,21.4,4,66.7,0,0.0,0,0.0,3,75.0,6,60.0,7,100.0,27.3,4,10,0,5,3,53,34,28,19,7
f9c12962-1c66-4ec9-9f80-7bf58579b8f2,Davante Adams,LA,WR,2026,1,31,54.4,21,72.4,0,0.0,6,22.2,3,50.0,0,0.0,0,0.0,3,27.3,7,100.0,0,0.0,28.6,11,7,0,8,3,57,29,27,27,0
7c9f68c4-9f0f-419f-b44b-a70c9d36a7f3,Ian Thomas,LV,TE,2026,1,31,46.3,2,6.5,0,0.0,0,0.0,0,0.0,0,0.0,0,0.0,3,75.0,5,38.5,0,0.0,0.0,4,13,1,8,0,67,31,29,33,0
c93c93a2-7461-4a26-b641-c8dd1dae3d9b,Calvin Ridley,TEN,WR,2026,1,31,63.3,25,64.1,0,0.0,0,0.0,0,0.0,0,0.0,0,0.0,1,50.0,8,66.7,1,50.0,0.0,2,12,1,8,0,49,39,27,10,2
ca676e3f-0f0b-44e6-94f2-d55bdd34f804,John Bates,WAS,TE,2026,1,31,47.0,10,26.3,0,0.0,3,10.3,2,66.7,1,50.0,0,0.0,5,50.0,0,0.0,0,0.0,30.0,10,11,2,11,2,66,38,29,29,0
39744a7a-6075-4512-950b-b3d86c965eb8,Evan Engram,DEN,TE,2026,1,30,63.8,22,66.7,0,0.0,4,16.0,4,100.0,1,100.0,0,0.0,1,50.0,7,63.6,8,88.9,18.2,2,11,1,9,0,47,33,25,13,9
8cbc9f47-d238-48db-ad34-c809d19e5e1c,MarShawn Lloyd,GB,RB,2026,1,30,44.8,7,15.2,13,61.9,1,2.6,0,0.0,0,0.0,0,0.0,2,50.0,2,18.2,5,25.0,14.3,4,11,4,11,0,67,46,39,21,20
288a4e22-6e93-4092-812c-b5760ef92291,Terrance Ferguson,LA,TE,2026,1,30,52.6,13,44.8,0,0.0,1,3.7,0,0.0,0,0.0,0,0.0,7,63.6,7,100.0,0,0.0,7.7,11,7,0,8,3,57,29,27,27,0
c4083a97-e146-4e03-9045-f65f53e6be19,A.J. Brown,NE,WR,2026,1,30,44.8,16,38.1,0,0.0,4,12.9,3,75.0,0,0.0,0,0.0,1,16.7,7,50.0,0,0.0,25.0,6,14,2,12,0,67,42,31,25,7
70935f39-1ff7-4fbe-bc22-a968cd77c0d3,George Kittle,SF,TE,2026,1,30,46.9,17,47.2,0,0.0,5,15.2,3,60.0,0,0.0,0,0.0,6,75.0,4,66.7,0,0.0,29.4,8,6,4,10,0,64,36,33,28,0
d33b79b9-79ab-4d1f-b448-93271850b27e,Justice Hill,BAL,RB,2026,1,29,45.3,17,56.7,6,19.4,1,4.2,1,100.0,0,0.0,0,0.0,2,100.0,9,90.0,6,100.0,5.9,2,10,1,7,3,64,30,24,31,6
616e049f-104f-4aa7-bb10-d198f5954d3a,Omarion Hampton,LAC,RB,2026,1,29,56.9,11,31.4,12,75.0,0,0.0,0,0.0,0,0.0,0,0.0,2,66.7,3,27.3,2,22.2,0.0,3,11,1,8,0,51,35,26,16,9
74dad55c-78db-444f-8843-423894176da5,David Njoku,LAC,TE,2026,1,29,56.9,17,48.6,0,0.0,5,19.2,5,100.0,0,0.0,0,0.0,3,100.0,7,63.6,4,44.4,29.4,3,11,1,8,0,51,35,26,16,9
ae296013-3874-468d-9a92-dab21b7d904b,Jordan Mason,MIN,RB,2026,1,29,47.5,7,23.3,15,53.6,0,0.0,0,0.0,0,0.0,1,50.0,3,60.0,2,15.4,0,0.0,0.0,5,13,2,10,2,61,30,22,28,0
85dbb5d3-9f1b-4003-8c71-5faf36546817,Charlie Kolar,LAC,TE,2026,1,28,54.9,12,34.3,0,0.0,0,0.0,0,0.0,0,0.0,0,0.0,3,100.0,2,18.2,3,33.3,0.0,3,11,1,8,0,51,35,26,16,9
edd3eaab-5cb5-4dba-bd6c-eae714788689,Kaelon Black,SF,RB,2026,1,28,43.8,12,33.3,14,50.0,1,3.0,1,100.0,0,0.0,0,0.0,3,37.5,1,16.7,0,0.0,8.3,8,6,4,10,0,64,36,33,28,0
1c60c3f7-60f9-486b-8b97-f9737b9a0723,Keon Coleman,BUF,WR,2026,1,27,51.9,19,59.4,0,0.0,1,3.8,1,100.0,0,0.0,0,0.0,2,66.7,6,66.7,2,100.0,5.3,3,9,1,6,1,52,32,26,19,2
239c6290-839c-4cd0-a604-ebb091b88ebb,Khalil Shakir,BUF,WR,2026,1,27,51.9,20,62.5,0,0.0,5,19.2,4,80.0,0,0.0,0,0.0,2,66.7,9,100.0,2,100.0,25.0,3,9,1,6,1,52,32,26,19,2
9b5c428b-20dd-4a8b-ac32-dfe17265c04f,Pat Bryant,DEN,WR,2026,1,27,57.4,21,63.6,0,0.0,6,24.0,5,83.3,0,0.0,0,0.0,1,50.0,7,63.6,5,55.6,28.6,2,11,1,9,0,47,33,25,13,9
fbd73988-75d8-4638-89f7-939e4e40ebf9,Bhayshul Tuten,JAC,RB,2026,1,27,48.2,8,32.0,15,53.6,1,4.8,1,100.0,0,0.0,0,0.0,3,33.3,2,40.0,0,0.0,12.5,9,5,4,2,0,56,25,21,28,0
1532b59d-a117-42a4-9df8-28f427ba236e,Jack Bech,LV,WR,2026,1,27,40.3,13,41.9,0,0.0,4,13.8,3,75.0,0,0.0,0,0.0,0,0.0,9,69.2,0,0.0,30.8,4,13,1,8,0,67,31,29,33,0
055d72e7-6860-47a7-8a55-1d757d383b71,Jauan Jennings,MIN,WR,2026,1,27,44.3,19,63.3,0,0.0,1,4.5,0,0.0,0,0.0,0,0.0,2,40.0,11,84.6,0,0.0,5.3,5,13,2,10,2,61,30,22,28,0
a13928ca-181a-456c-9565-49736fd1c5a8,Jeremy Ruckert,NYJ,TE,2026,1,27,42.9,6,23.1,0,0.0,1,4.3,1,100.0,0,0.0,0,0.0,6,85.7,1,10.0,0,0.0,16.7,7,10,0,6,3,63,26,23,34,5
6a98dd72-0d14-4042-9390-c929374285d4,Rachaad White,WAS,RB,2026,1,27,40.9,14,36.8,7,24.1,2,6.9,2,100.0,0,0.0,0,0.0,4,40.0,11,100.0,0,0.0,14.3,10,11,2,11,2,66,38,29,29,0
d49016e9-8ec3-499a-966e-f6e6a8a6cea7,Hunter Long,ARI,TE,2026,1,26,36.1,5,12.8,0,0.0,0,0.0,0,0.0,0,0.0,0,0.0,1,25.0,2,18.2,0,0.0,0.0,4,11,1,8,2,72,39,35,30,7
e5b3bc59-2f46-45d5-a41e-f32b6af28b1e,Aaron Jones,MIN,RB,2026,1,26,42.6,7,23.3,12,42.9,1,4.5,0,0.0,0,0.0,1,50.0,2,40.0,6,46.2,0,0.0,14.3,5,13,2,10,2,61,30,22,28,0
b54e8a9d-003d-4c52-bb41-66444f4dd4bb,Kendre Miller,NO,RB,2026,1,26,30.2,5,7.9,9,39.1,0,0.0,0,0.0,0,0.0,0,0.0,4,57.1,1,7.1,3,15.8,0.0,7,14,4,10,0,86,63,49,23,19
c5809c80-a251-472c-8b81-d413479692f9,Kenyon Sadiq,NYJ,TE,2026,1,26,41.3,12,46.2,1,2.9,3,13.0,3,100.0,0,0.0,1,33.3,3,42.9,6,60.0,2,40.0,25.0,7,10,0,6,3,63,26,23,34,5
09707a8c-a2ec-4819-ab71-6734da25111a,Deebo Samuel,SF,WR,2026,1,26,40.6,19,52.8,1,3.6,7,21.2,7,100.0,1,25.0,0,0.0,3,37.5,4,66.7,0,0.0,36.8,8,6,4,10,0,64,36,33,28,0
1b6f2bd1-48ed-4bbb-b1da-942f81bc5b26,Elic Ayomanor,TEN,WR,2026,1,26,53.1,21,53.8,0,0.0,3,11.1,2,66.7,1,100.0,0,0.0,1,50.0,5,41.7,0,0.0,14.3,2,12,1,8,0,49,39,27,10,2
63bee737-b9f3-4d45-b988-2b2cc9b844e7,RJ Harvey,DEN,RB,2026,1,25,53.2,15,45.5,3,23.1,4,16.0,4,100.0,0,0.0,0,0.0,2,100.0,9,81.8,8,88.9,26.7,2,11,1,9,0,47,33,25,13,9
d81d3117-a780-4d23-946a-42906805ca2b,Ladd McConkey,LAC,WR,2026,1,25,49.0,18,51.4,0,0.0,7,26.9,6,85.7,1,100.0,0,0.0,1,33.3,6,54.5,0,0.0,38.9,3,11,1,8,0,51,35,26,16,9
2b91f329-c73e-4704-963f-68137c352a0c,Chris Bell,MIA,WR,2026,1,25,50.0,20,54.1,0,0.0,2,8.0,2,100.0,0,0.0,0,0.0,0,0.0,4,40.0,5,100.0,10.0,1,10,0,5,0,50,37,25,13,5
a81c8d8a-7a0f-4a0e-96d3-f2c2db58c01f,Devin Singletary,NYG,RB,2026,1,25,37.3,17,50.0,6,19.4,4,14.3,4,100.0,0,0.0,0,0.0,0,0.0,6,75.0,6,100.0,23.5,6,8,1,7,2,67,34,28,31,6
dde39a38-5c46-464b-a368-dcb7354c519f,Braelon Allen,NYJ,RB,2026,1,25,39.7,10,38.5,10,29.4,1,4.3,1,100.0,0,0.0,0,0.0,3,42.9,8,80.0,2,40.0,10.0,7,10,0,6,3,63,26,23,34,5
dadf0427-bf49-406b-8182-1297ca4e2e09,Tony Pollard,TEN,RB,2026,1,25,51.0,7,17.9,7,70.0,2,7.4,1,50.0,0,0.0,0,0.0,0,0.0,3,25.0,0,0.0,28.6,2,12,1,8,0,49,39,27,10,2
906c523f-5f46-4cde-aeef-42449dc85864,Tyjae Spears,TEN,RB,2026,1,25,51.0,14,35.9,3,30.0,4,14.8,3,75.0,0,0.0,0,0.0,2,100.0,9,75.0,2,100.0,28.6,2,12,1,8,0,49,39,27,10,2
9f9dfc96-ef76-4f0b-b82f-aaebd4250210,Antonio Williams,WAS,WR,2026,1,25,37.9,11,28.9,0,0.0,4,13.8,4,100.0,1,50.0,0,0.0,7,70.0,3,27.3,0,0.0,36.4,10,11,2,11,2,66,38,29,29,0
10d47ed6-b230-41eb-8387-e5e5d6010153,Chris Moore,BAL,WR,2026,1,24,37.5,7,23.3,0,0.0,2,8.3,1,50.0,0,0.0,0,0.0,1,50.0,5,50.0,1,16.7,28.6,2,10,1,7,3,64,30,24,31,6
2c7f8dfd-1db6-4b6f-8e29-1dd3fa92ffdb,Ja'Kobi Lane,BAL,WR,2026,1,24,37.5,16,53.3,0,0.0,3,12.5,1,33.3,1,100.0,0,0.0,1,50.0,5,50.0,6,100.0,18.8,2,10,1,7,3,64,30,24,31,6
5bdda924-3869-4d1b-bca4-e99bc6b7e2b1,Jackson Hawes,BUF,TE,2026,1,24,46.2,3,9.4,0,0.0,0,0.0,0,0.0,0,0.0,0,0.0,1,33.3,0,0.0,0,0.0,0.0,3,9,1,6,1,52,32,26,19,2
a8907a21-cefe-483f-86f7-48eb33015e7c,Quintin Morris,JAC,TE,2026,1,24,42.9,7,28.0,0,0.0,1,4.8,0,0.0,0,0.0,0,0.0,4,44.4,2,40.0,0,0.0,14.3,9,5,4,2,0,56,25,21,28,0
65b68604-0134-478a-915a-fddd472e7a20,Emmett Johnson,KC,RB,2026,1,24,35.8,8,24.2,8,25.8,2,8.3,2,100.0,0,0.0,0,0.0,1,11.1,8,61.5,0,0.0,25.0,9,13,0,7,1,67,33,24,31,0
f516fce4-a946-4295-a314-b85429a93ea4,Jordan Whittington,LA,WR,2026,1,24,42.1,13,44.8,0,0.0,1,3.7,1,100.0,0,0.0,0,0.0,3,27.3,1,14.3,0,0.0,7.7,11,7,0,8,3,57,29,27,27,0
bdbcb723-548a-4126-aff5-eaead9975ecb,Jadarian Price,SEA,RB,2026,1,24,50.0,11,40.7,10,50.0,2,8.3,2,100.0,0,0.0,0,0.0,1,25.0,0,0.0,0,0.0,18.2,4,9,1,8,0,48,27,24,20,0
9ef4c1f8-2cba-41b6-84b9-a09173a96dd4,Kenneth Gainwell,TB,RB,2026,1,24,46.2,13,36.1,5,33.3,1,3.7,1,100.0,0,0.0,0,0.0,2,40.0,2,25.0,0,0.0,7.7,5,8,1,6,0,52,36,27,15,0
c5da02ca-761e-47b6-aa73-5b216e3b7d27,Cade Stover,HOU,TE,2026,1,23,31.5,4,9.5,0,0.0,1,2.8,1,100.0,0,0.0,0,0.0,6,50.0,0,0.0,0,0.0,25.0,12,10,2,7,3,73,42,36,31,14
5d6a6eec-d491-4c02-9033-66cde80096df,Chris Rodriguez Jr.,JAC,RB,2026,1,23,41.1,8,32.0,6,21.4,0,0.0,0,0.0,0,0.0,0,0.0,5,55.6,1,20.0,0,0.0,0.0,9,5,4,2,0,56,25,21,28,0
ad3a5c80-259e-4733-a181-0152689972ca,Chris Manhertz,NYG,TE,2026,1,23,34.3,3,8.8,0,0.0,0,0.0,0,0.0,0,0.0,0,0.0,6,100.0,1,12.5,0,0.0,0.0,6,8,1,7,2,67,34,28,31,6
2047e10e-17be-4341-900b-01c47eedccec,Jaylen Warren,PIT,RB,2026,1,23,35.9,13,31.0,10,55.6,6,17.1,5,83.3,0,0.0,0,0.0,2,100.0,3,21.4,3,42.9,46.2,2,14,3,9,0,64,42,35,18,7
3d16ca6f-ddfb-4f39-8dc5-1bbf69a6aea0,Sione Vaki,DET,RB,2026,1,22,30.1,17,41.5,2,6.2,1,2.8,1,100.0,0,0.0,0,0.0,0,0.0,7,70.0,0,0.0,5.9,6,10,1,10,5,73,41,36,32,3
cffd1eab-6b5a-416f-ac63-39b4b0d679d6,Jared Wayne,HOU,WR,2026,1,22,30.1,8,19.0,0,0.0,1,2.8,1,100.0,0,0.0,0,0.0,4,33.3,0,0.0,2,14.3,12.5,12,10,2,7,3,73,42,36,31,14
40435b69-e78b-4fd1-8425-b332d28d5c05,Mitchell Evans,CAR,TE,2026,1,21,33.9,8,18.6,0,0.0,2,6.2,1,50.0,1,50.0,0,0.0,4,100.0,1,11.1,2,18.2,25.0,4,9,2,6,1,62,43,32,19,11
b64885a1-9ce3-4ca5-80eb-83cd659a59a6,Darren Waller,CAR,TE,2026,1,21,33.9,18,41.9,0,0.0,2,6.2,2,100.0,0,0.0,0,0.0,0,0.0,7,77.8,6,54.5,11.1,4,9,2,6,1,62,43,32,19,11
9b4628dc-c57f-44d1-b7b0-c8a9f0103fa4,Mike Gesicki,CIN,TE,2026,1,21,33.3,17,45.9,0,0.0,7,20.6,5,71.4,1,100.0,0,0.0,4,44.4,5,55.6,6,100.0,41.2,9,9,1,8,3,63,37,34,25,6
4517fec9-1760-4f67-9412-e9c71bb9c1ab,Mark Redman,GB,TE,2026,1,21,31.3,2,4.3,0,0.0,0,0.0,0,0.0,0,0.0,0,0.0,1,25.0,1,9.1,1,5.0,0.0,4,11,4,11,0,67,46,39,21,20
aa262ce5-6d23-4bc4-8fce-f54b2ebc69ee,Jaylin Noel,HOU,WR,2026,1,21,28.8,15,35.7,0,0.0,2,5.6,2,100.0,0,0.0,0,0.0,3,25.0,4,40.0,8,57.1,13.3,12,10,2,7,3,73,42,36,31,14
2ae957ad-c171-4583-8c2a-95e6ef320803,George Holani,SEA,RB,2026,1,21,43.8,7,25.9,8,40.0,1,4.2,0,0.0,0,0.0,0,0.0,1,25.0,9,100.0,0,0.0,14.3,4,9,1,8,0,48,27,24,20,0
90f9920a-bd89-43eb-9f4b-5165cf51ecbb,De'Zhaun Stribling,SF,WR,2026,1,21,32.8,14,38.9,0,0.0,0,0.0,0,0.0,0,0.0,0,0.0,2,25.0,2,33.3,0,0.0,0.0,8,6,4,10,0,64,36,33,28,0
a2ce2d86-54e6-420a-adf4-b9f8ed18787b,Elijah Higgins,ARI,TE,2026,1,20,27.8,4,10.3,0,0.0,0,0.0,0,0.0,0,0.0,0,0.0,2,50.0,2,18.2,0,0.0,0.0,4,11,1,8,2,72,39,35,30,7
37f6090b-3d04-4da4-8921-580b01eec256,Zay Flowers,BAL,WR,2026,1,20,31.2,11,36.7,0,0.0,6,25.0,5,83.3,0,0.0,0,0.0,0,0.0,4,40.0,0,0.0,54.5,2,10,1,7,3,64,30,24,31,6
b8fcd099-a2d0-49c7-85f9-8ad3c5c39d05,Matthew Hibner,BAL,TE,2026,1,20,31.2,5,16.7,0,0.0,1,4.2,1,100.0,0,0.0,0,0.0,1,50.0,1,10.0,0,0.0,20.0,2,10,1,7,3,64,30,24,31,6
6f9e2a1d-a4cf-4184-b358-86f533363b82,Erick All,CIN,TE,2026,1,20,31.7,6,16.2,0,0.0,0,0.0,0,0.0,0,0.0,0,0.0,4,44.4,0,0.0,0,0.0,0.0,9,9,1,8,3,63,37,34,25,6
e269dd33-359f-48fc-a8b5-8de7e765ed04,Blake Whiteheart,CLE,TE,2026,1,20,40.8,9,29.0,0,0.0,1,4.8,1,100.0,0,0.0,0,0.0,1,25.0,1,11.1,0,0.0,11.1,4,9,1,3,1,49,31,21,18,5
3ca002fc-0db9-4445-a811-5fd1071e297f,LaJohntay Wester,BAL,WR,2026,1,19,29.7,13,43.3,0,0.0,2,8.3,2,100.0,0,0.0,0,0.0,1,50.0,5,50.0,6,100.0,15.4,2,10,1,7,3,64,30,24,31,6
67d9c82c-38f0-4212-9126-c6c0c3a5c2f2,J.K. Dobbins,DEN,RB,2026,1,19,40.4,6,18.2,8,61.5,0,0.0,0,0.0,0,0.0,0,0.0,0,0.0,0,0.0,0,0.0,0.0,2,11,1,9,0,47,33,25,13,9
c5ac248b-de39-4992-8880-3321282efb28,Laquon Treadwell,IND,WR,2026,1,19,35.8,9,26.5,0,0.0,1,3.6,0,0.0,0,0.0,0,0.0,1,25.0,4,40.0,0,0.0,11.1,4,10,0,5,3,53,34,28,19,7
a6b79e65-6180-40a7-b172-d14373c0dd22,Brian Thomas Jr.,JAC,WR,2026,1,19,33.9,14,56.0,0,0.0,3,14.3,3,100.0,0,0.0,0,0.0,4,44.4,1,20.0,0,0.0,21.4,9,5,4,2,0,56,25,21,28,0
47ca8708-ee17-4ac0-8ce0-88218166b6a5,Josh Cameron,JAC,WR,2026,1,19,33.9,7,28.0,0,0.0,2,9.5,2,100.0,1,25.0,0,0.0,4,44.4,2,40.0,0,0.0,28.6,9,5,4,2,0,56,25,21,28,0
e1702d62-f90b-4ea6-9c2f-857e692e8b37,Davis Allen,LA,TE,2026,1,19,33.3,4,13.8,0,0.0,1,3.7,1,100.0,0,0.0,0,0.0,7,63.6,0,0.0,0,0.0,25.0,11,7,0,8,3,57,29,27,27,0
862a3cce-0028-4fd3-a532-b90cf6df99c7,Samaje Perine,CIN,RB,2026,1,18,28.6,7,18.9,5,20.0,3,8.8,3,100.0,0,0.0,0,0.0,3,33.3,6,66.7,0,0.0,42.9,9,9,1,8,3,63,37,34,25,6
acba4bcf-e673-4fa1-9935-ab22041bed1e,Johnny Mundt,PHI,TE,2026,1,18,34.0,4,11.8,0,0.0,0,0.0,0,0.0,0,0.0,0,0.0,1,33.3,0,0.0,1,20.0,0.0,3,12,2,8,0,53,34,21,17,5
329b5077-f730-4d2b-943d-92ecab387041,Jaylin Lane,WAS,WR,2026,1,18,27.3,9,23.7,0,0.0,1,3.4,1,100.0,0,0.0,0,0.0,3,30.0,3,27.3,0,0.0,11.1,10,11,2,11,2,66,38,29,29,0
bb4ef656-a346-4d92-99b7-7e3d1991c755,Ben Sinnott,WAS,TE,2026,1,18,27.3,10,26.3,0,0.0,0,0.0,0,0.0,0,0.0,0,0.0,4,40.0,3,27.3,0,0.0,0.0,10,11,2,11,2,66,38,29,29,0
c0a93dd3-b56b-47bd-b8e8-577712cbf235,Zachariah Branch,ATL,WR,2026,1,17,29.8,6,23.1,0,0.0,0,0.0,0,0.0,0,0.0,0,0.0,0,0.0,4,40.0,0,0.0,0.0,3,10,0,5,0,57,26,17,31,3
85c654f2-1792-412a-b849-e8a99f15c37c,Olamide Zaccheaus,ATL,WR,2026,1,16,28.1,9,34.6,0,0.0,1,5.9,1,100.0,0,0.0,0,0.0,0,0.0,2,20.0,3,100.0,11.1,3,10,0,5,0,57,26,17,31,3
47808af2-5c11-42d7-b344-832a1e4502f7,Raheim Sanders,CLE,RB,2026,1,16,32.7,13,41.9,1,5.6,3,14.3,3,100.0,0,0.0,0,0.0,1,25.0,6,66.7,5,100.0,23.1,4,9,1,3,1,49,31,21,18,5
a71fbfe1-26e2-41da-9c57-2bdf5e98faee,Adam Trautman,DEN,TE,2026,1,16,34.0,8,24.2,0,0.0,3,12.0,3,100.0,0,0.0,0,0.0,1,50.0,1,9.1,0,0.0,37.5,2,11,1,9,0,47,33,25,13,9
4598a60e-9bd6-4bbc-9466-072b67c5af3d,Troy Franklin,DEN,WR,2026,1,16,34.0,9,27.3,1,7.7,1,4.0,0,0.0,0,0.0,0,0.0,0,0.0,3,27.3,6,66.7,11.1,2,11,1,9,0,47,33,25,13,9
90a2dd2b-bc87-4ce0-9214-66acbde514d4,Konata Mumpfield,LA,WR,2026,1,16,28.1,11,37.9,0,0.0,1,3.7,0,0.0,0,0.0,0,0.0,3,27.3,6,85.7,0,0.0,9.1,11,7,0,8,3,57,29,27,27,0
d12fa42a-6853-43f0-8691-635c9100de80,Keaton Mitchell,LAC,RB,2026,1,16,31.4,11,31.4,4,25.0,0,0.0,0,0.0,0,0.0,0,0.0,1,33.3,4,36.4,4,44.4,0.0,3,11,1,8,0,51,35,26,16,9
7bf6186d-c640-4bf6-acf0-4e8c1190c4f8,Joshua Palmer,BUF,WR,2026,1,15,28.8,13,40.6,0,0.0,2,7.7,1,50.0,1,100.0,0,0.0,0,0.0,3,33.3,0,0.0,15.4,3,9,1,6,1,52,32,26,19,2
0445de92-84cb-409a-8489-27c569926f55,Xavier Smith,LA,WR,2026,1,15,26.3,9,31.0,0,0.0,0,0.0,0,0.0,0,0.0,0,0.0,3,27.3,1,14.3,0,0.0,0.0,11,7,0,8,3,57,29,27,27,0
7d4defd3-0cdb-4220-912e-1580e8568a39,Jelani Woods,NYJ,TE,2026,1,15,23.8,2,7.7,0,0.0,0,0.0,0,0.0,0,0.0,0,0.0,0,0.0,2,20.0,0,0.0,0.0,7,10,0,6,3,63,26,23,34,5
1fbde5fd-dc6e-4749-8a6b-3f13e3013612,Austin Hooper,ATL,TE,2026,1,14,24.6,6,23.1,0,0.0,0,0.0,0,0.0,0,0.0,0,0.0,1,33.3,1,10.0,0,0.0,0.0,3,10,0,5,0,57,26,17,31,3
4e277956-5bb3-4e0a-b38b-470907848e4b,Brian Robinson,ATL,RB,2026,1,14,24.6,2,7.7,9,29.0,0,0.0,0,0.0,0,0.0,0,0.0,1,33.3,1,10.0,0,0.0,0.0,3,10,0,5,0,57,26,17,31,3
ff907e4d-9cd3-452d-be41-9770e7709321,Tylan Wallace,CLE,WR,2026,1,14,28.6,4,12.9,0,0.0,0,0.0,0,0.0,0,0.0,0,0.0,2,50.0,1,11.1,2,40.0,0.0,4,9,1,3,1,49,31,21,18,5
4f512076-d61e-4c05-8abe-959970a38060,Kevin Coleman Jr.,MIA,WR,2026,1,14,28.0,14,37.8,0,0.0,2,8.0,0,0.0,0,0.0,0,0.0,0,0.0,7,70.0,0,0.0,14.3,1,10,0,5,0,50,37,25,13,5
ab6763b5-edee-46b3-9660-bb7b3e73649f,Will Kacmarek,MIA,TE,2026,1,14,28.0,5,13.5,0,0.0,1,4.0,0,0.0,0,0.0,0,0.0,1,100.0,2,20.0,0,0.0,20.0,1,10,0,5,0,50,37,25,13,5
10ea30c1-842b-49c4-a30e-4afef390dfb8,CJ Donaldson,NO,RB,2026,1,14,16.3,7,11.1,2,8.7,1,2.0,1,100.0,0,0.0,0,0.0,3,42.9,5,35.7,3,15.8,14.3,7,14,4,10,0,86,63,49,23,19
a85cd240-090d-47c2-92b0-0930677a770a,Daniel Bellinger,TEN,TE,2026,1,14,28.6,5,12.8,0,0.0,1,3.7,1,100.0,0,0.0,0,0.0,1,50.0,3,25.0,0,0.0,20.0,2,12,1,8,0,49,39,27,10,2
db4c2e50-6f9a-4cd4-bb36-43c7acb4a727,Jimmy Horn Jr.,CAR,WR,2026,1,13,21.0,7,16.3,0,0.0,1,3.1,0,0.0,0,0.0,0,0.0,0,0.0,2,22.2,1,9.1,14.3,4,9,2,6,1,62,43,32,19,11
d8358a27-8b46-473a-8301-985b8a6583a8,Nate Adkins,DEN,TE,2026,1,13,27.7,4,12.1,0,0.0,0,0.0,0,0.0,0,0.0,0,0.0,0,0.0,2,18.2,1,11.1,0.0,2,11,1,9,0,47,33,25,13,9
0655b4ca-8e32-4021-a7db-37a88d47b60d,Mo Alie-Cox,IND,TE,2026,1,13,24.5,3,8.8,0,0.0,0,0.0,0,0.0,0,0.0,0,0.0,0,0.0,0,0.0,0,0.0,0.0,4,10,0,5,3,53,34,28,19,7
56cc0f2d-52f4-4559-9374-b0df76b9a110,Blake Corum,LA,RB,2026,1,13,22.8,2,6.9,10,37.0,0,0.0,0,0.0,0,0.0,0,0.0,2,18.2,1,14.3,0,0.0,0.0,11,7,0,8,3,57,29,27,27,0
c010089e-8496-4e0c-b0f4-89b2edf57041,Mike Washington Jr.,LV,RB,2026,1,13,19.4,3,9.7,7,21.2,0,0.0,0,0.0,0,0.0,0,0.0,1,25.0,1,7.7,0,0.0,0.0,4,13,1,8,0,67,31,29,33,0
af0c4224-9d82-459a-a768-8db8b1db381e,Jonathon Brooks,CAR,RB,2026,1,12,19.4,5,11.6,4,21.1,2,6.2,1,50.0,0,0.0,0,0.0,1,25.0,1,11.1,2,18.2,40.0,4,9,2,6,1,62,43,32,19,11
a1305552-c3b7-43eb-a7d6-82fef1b32825,Sam Roush,CHI,TE,2026,1,12,17.4,5,13.2,0,0.0,0,0.0,0,0.0,0,0.0,0,0.0,2,28.6,1,9.1,1,16.7,0.0,7,11,3,8,4,69,38,26,32,6
61e88b78-e748-49f7-b65a-837733ed2e06,Brevyn Spann-Ford,DAL,TE,2026,1,12,23.1,8,22.2,0,0.0,2,6.5,2,100.0,0,0.0,0,0.0,1,20.0,0,0.0,2,13.3,25.0,5,9,1,9,3,52,36,31,16,15
aa912baa-3032-4644-90c5-74795b325000,Jake Briningstool,KC,TE,2026,1,12,17.9,3,9.1,0,0.0,1,4.2,1,100.0,0,0.0,0,0.0,1,11.1,3,23.1,0,0.0,33.3,9,13,0,7,1,67,33,24,31,0
667f117f-b46b-4507-b314-1080710328f6,Brycen Tremayne,CAR,WR,2026,1,11,17.7,6,14.0,0,0.0,0,0.0,0,0.0,0,0.0,0,0.0,0,0.0,2,22.2,4,36.4,0.0,4,9,2,6,1,62,43,32,19,11
b9a2e82f-15c8-41da-a623-363048d88b6f,Jonathan Mingo,DAL,WR,2026,1,11,21.2,7,19.4,0,0.0,1,3.2,1,100.0,0,0.0,0,0.0,1,20.0,0,0.0,6,40.0,14.3,5,9,1,9,3,52,36,31,16,15
62c058a1-0e93-441c-bf70-321d010cbb94,Josh Whyle,GB,TE,2026,1,11,16.4,1,2.2,0,0.0,0,0.0,0,0.0,0,0.0,0,0.0,0,0.0,1,9.1,0,0.0,0.0,4,11,4,11,0,67,46,39,21,20
5a0c8b1b-567c-4993-9f60-2af1ad861aee,Tyler Higbee,LA,TE,2026,1,11,19.3,4,13.8,0,0.0,2,7.4,2,100.0,0,0.0,0,0.0,3,27.3,0,0.0,0,0.0,50.0,11,7,0,8,3,57,29,27,27,0
01f482ef-7f66-4248-89c4-a711e34c72bf,Cody White,LV,WR,2026,1,11,16.4,5,16.1,0,0.0,1,3.4,1,100.0,0,0.0,0,0.0,1,25.0,4,30.8,0,0.0,20.0,4,13,1,8,0,67,31,29,33,0
cddd23eb-a339-47f1-bc5f-3c37072e26a3,Kyle Williams,NE,WR,2026,1,11,16.4,7,16.7,0,0.0,0,0.0,0,0.0,0,0.0,0,0.0,1,16.7,0,0.0,2,28.6,0.0,6,14,2,12,0,67,42,31,25,7
72b4b8fd-f561-4d90-bff6-c166000120f1,Braxton Berrios,NYG,WR,2026,1,11,16.4,4,11.8,0,0.0,0,0.0,0,0.0,0,0.0,0,0.0,1,16.7,2,25.0,1,16.7,0.0,6,8,1,7,2,67,34,28,31,6
c1823bda-bb86-4135-aeea-98631bf2e41b,Odell Beckham Jr.,NYG,WR,2026,1,11,16.4,6,17.6,0,0.0,0,0.0,0,0.0,0,0.0,0,0.0,1,16.7,3,37.5,0,0.0,0.0,6,8,1,7,2,67,34,28,31,6
302f2b22-be97-4120-bd47-87c1bed8dd89,Elijah Arroyo,SEA,TE,2026,1,11,22.9,7,25.9,0,0.0,0,0.0,0,0.0,0,0.0,0,0.0,0,0.0,3,33.3,0,0.0,0.0,4,9,1,8,0,48,27,24,20,0
31e51db0-674d-43fa-862c-bcd108980b1a,Tez Johnson,TB,WR,2026,1,11,21.2,6,16.7,1,6.7,1,3.7,1,100.0,1,100.0,0,0.0,1,20.0,1,12.5,0,0.0,16.7,5,8,1,6,0,52,36,27,15,0
85e2d20b-47e1-42df-9968-bf7dd37dad47,Chris Blair,ATL,WR,2026,1,10,17.5,3,11.5,0,0.0,0,0.0,0,0.0,0,0.0,0,0.0,0,0.0,1,10.0,0,0.0,0.0,3,10,0,5,0,57,26,17,31,3
793d9231-8b1c-4310-9c1b-57f057762925,Frank Gore Jr.,BUF,RB,2026,1,10,19.2,4,12.5,1,5.3,0,0.0,0,0.0,0,0.0,0,0.0,0,0.0,6,66.7,0,0.0,0.0,3,9,1,6,1,52,32,26,19,2
30deec0c-0006-4685-bacb-8e6465af938e,Luke Schoonmaker,DAL,TE,2026,1,10,19.2,5,13.9,0,0.0,1,3.2,1,100.0,0,0.0,0,0.0,1,20.0,0,0.0,2,13.3,20.0,5,9,1,9,3,52,36,31,16,15
76d936d7-1b4c-4817-8c79-8f9151314be5,Ashton Dulin,IND,WR,2026,1,10,18.9,6,17.6,0,0.0,1,3.6,0,0.0,0,0.0,0,0.0,1,25.0,1,10.0,0,0.0,16.7,4,10,0,5,3,53,34,28,19,7
8bead2f5-4a39-44b7-9b5e-34065b431bb2,CJ Williams,JAC,WR,2026,1,10,17.9,1,4.0,0,0.0,0,0.0,0,0.0,0,0.0,0,0.0,0,0.0,2,40.0,0,0.0,0.0,9,5,4,2,0,56,25,21,28,0
3c0ade45-a735-4a05-aa9f-529eefc98b67,Brenen Thompson,LAC,WR,2026,1,10,19.6,9,25.7,0,0.0,0,0.0,0,0.0,0,0.0,0,0.0,0,0.0,3,27.3,4,44.4,0.0,3,11,1,8,0,51,35,26,16,9
e853cc9d-5f6a-4ed0-a3ca-d484071d3699,Dareke Young,LV,WR,2026,1,10,14.9,2,6.5,0,0.0,0,0.0,0,0.0,0,0.0,0,0.0,2,50.0,2,15.4,0,0.0,0.0,4,13,1,8,0,67,31,29,33,0
0be49684-e20c-4589-b0fc-370d62850713,Treyton Welch,NO,TE,2026,1,10,11.6,5,7.9,0,0.0,0,0.0,0,0.0,0,0.0,0,0.0,0,0.0,0,0.0,0,0.0,0.0,7,14,4,10,0,86,63,49,23,19
620df56e-ad03-4259-afc7-e0a58b6140ec,Will Shipley,PHI,RB,2026,1,10,18.9,7,20.6,2,11.8,1,4.8,1,100.0,0,0.0,0,0.0,2,66.7,3,25.0,5,100.0,14.3,3,12,2,8,0,53,34,21,17,5
9401f2ed-d2a0-48ae-a43f-1ad142b9fdaf,Kaden Davis,CHI,WR,2026,1,9,13.0,2,5.3,0,0.0,0,0.0,0,0.0,0,0.0,0,0.0,1,14.3,1,9.1,0,0.0,0.0,7,11,3,8,4,69,38,26,32,6
0329e53c-a4e3-42ef-a384-c28a68c9baec,Dohnte Meyers,CIN,WR,2026,1,9,14.3,5,13.5,1,4.0,1,2.9,1,100.0,0,0.0,0,0.0,1,11.1,1,11.1,1,16.7,20.0,9,9,1,8,3,63,37,34,25,6
f4a8eee3-c99b-4aec-b950-9bb115d694c6,Colbie Young,CIN,WR,2026,1,9,14.3,3,8.1,0,0.0,0,0.0,0,0.0,0,0.0,0,0.0,2,22.2,0,0.0,0,0.0,0.0,9,9,1,8,3,63,37,34,25,6
c2f48e37-77dd-4b9a-8920-ec3b6e8d2475,Marvin Mims Jr.,DEN,WR,2026,1,9,19.1,6,18.2,0,0.0,0,0.0,0,0.0,0,0.0,0,0.0,0,0.0,3,27.3,0,0.0,0.0,2,11,1,9,0,47,33,25,13,9
891f828a-34a4-45b1-bca3-81956a75c51c,Tyler Conklin,DET,TE,2026,1,9,12.3,2,4.9,0,0.0,0,0.0,0,0.0,0,0.0,0,0.0,2,33.3,0,0.0,0,0.0,0.0,6,10,1,10,5,73,41,36,32,3
c231e113-ccee-4e39-a8ce-9ba3dcb58d31,Derius Davis,LAC,WR,2026,1,9,17.6,9,25.7,0,0.0,1,3.8,0,0.0,0,0.0,0,0.0,0,0.0,4,36.4,6,66.7,11.1,3,11,1,8,0,51,35,26,16,9
3a3965d6-9161-4a54-94bd-74a57b74f147,Dylan Laube,LV,RB,2026,1,9,13.4,5,16.1,0,0.0,0,0.0,0,0.0,0,0.0,0,0.0,0,0.0,4,30.8,0,0.0,0.0,4,13,1,8,0,67,31,29,33,0
55f30a94-df41-42e5-a5d3-7397401331b3,Eric Saubert,SEA,TE,2026,1,9,18.8,3,11.1,0,0.0,0,0.0,0,0.0,0,0.0,0,0.0,2,50.0,0,0.0,0,0.0,0.0,4,9,1,8,0,48,27,24,20,0
01a6807b-d207-41a6-b570-8cc578506d30,Marlin Klein,HOU,TE,2026,1,8,11.0,2,4.8,0,0.0,1,2.8,1,100.0,0,0.0,0,0.0,3,25.0,0,0.0,0,0.0,50.0,12,10,2,7,3,73,42,36,31,14
d128db00-96a2-4a18-b570-a06c4649c920,Ronnie Rivers,LA,RB,2026,1,8,14.0,3,10.3,5,18.5,1,3.7,1,100.0,0,0.0,0,0.0,2,18.2,1,14.3,0,0.0,33.3,11,7,0,8,3,57,29,27,27,0
4b350ed0-3e94-4c7a-833b-5d74dbd6a025,Oronde Gadsden II,LAC,TE,2026,1,8,15.7,5,14.3,0,0.0,2,7.7,2,100.0,0,0.0,0,0.0,1,33.3,1,9.1,2,22.2,40.0,3,11,1,8,0,51,35,26,16,9
e3fa3abb-f679-478e-aa2b-9d3225df0cad,Corey Kiner,NE,RB,2026,1,8,11.9,1,2.4,6,24.0,0,0.0,0,0.0,0,0.0,0,0.0,0,0.0,0,0.0,0,0.0,0.0,6,14,2,12,0,67,42,31,25,7
e22bf61c-ce6e-4f39-8377-42632dbbdf04,Darius Cooper,PHI,WR,2026,1,8,15.1,4,11.8,0,0.0,0,0.0,0,0.0,0,0.0,0,0.0,1,33.3,0,0.0,0,0.0,0.0,3,12,2,8,0,53,34,21,17,5
1946f4d7-7461-43b5-9997-f4cc9d1b6107,Jake Tonges,SF,TE,2026,1,8,12.5,5,13.9,0,0.0,0,0.0,0,0.0,0,0.0,0,0.0,0,0.0,1,16.7,0,0.0,0.0,8,6,4,10,0,64,36,33,28,0
faf22cf7-07e2-4e72-b5f8-cc2589ea5997,AJ Dillon,CAR,RB,2026,1,7,11.3,2,4.7,5,26.3,0,0.0,0,0.0,0,0.0,0,0.0,0,0.0,1,11.1,0,0.0,0.0,4,9,2,6,1,62,43,32,19,11
013c127c-9144-45b1-a10c-2fa10752e107,Bo Melton,GB,WR,2026,1,7,10.4,6,13.0,0,0.0,1,2.6,1,100.0,0,0.0,0,0.0,1,25.0,2,18.2,6,30.0,16.7,4,11,4,11,0,67,46,39,21,20
f20b6c79-933d-45fd-9c9c-fa4f0e552822,Malik Benson,LV,WR,2026,1,7,10.4,4,12.9,1,3.0,2,6.9,1,50.0,0,0.0,0,0.0,0,0.0,0,0.0,0,0.0,50.0,4,13,1,8,0,67,31,29,33,0
da45689a-c50a-4d81-8d41-0707fa8b419b,Barion Brown,NO,WR,2026,1,7,8.1,2,3.2,1,4.3,0,0.0,0,0.0,0,0.0,0,0.0,0,0.0,0,0.0,0,0.0,0.0,7,14,4,10,0,86,63,49,23,19
6a651bbf-bb06-487f-8252-880959575a61,Kaytron Allen,WAS,RB,2026,1,7,10.6,1,2.6,4,13.8,0,0.0,0,0.0,0,0.0,1,50.0,2,20.0,0,0.0,0,0.0,0.0,10,11,2,11,2,66,38,29,29,0
fd505ef2-d8ef-415e-b2ff-bb670fd34478,Simi Fehoko,ARI,WR,2026,1,6,8.3,1,2.6,0,0.0,0,0.0,0,0.0,0,0.0,0,0.0,0,0.0,1,9.1,0,0.0,0.0,4,11,1,8,2,72,39,35,30,7
8848457b-4dd3-4047-8afc-6b6e9916c226,Tanner Hudson,CIN,TE,2026,1,6,9.5,4,10.8,0,0.0,1,2.9,1,100.0,0,0.0,0,0.0,2,22.2,1,11.1,0,0.0,25.0,9,9,1,8,3,63,37,34,25,6
987919a2-efe3-45a6-9c67-2b24a2d97252,KaVontae Turpin,DAL,WR,2026,1,6,11.5,5,13.9,0,0.0,1,3.2,1,100.0,0,0.0,0,0.0,0,0.0,1,11.1,2,13.3,20.0,5,9,1,9,3,52,36,31,16,15
ca946673-3bcf-4ad1-914e-fb90cc728aea,Seth McGowan,IND,RB,2026,1,6,11.3,4,11.8,0,0.0,1,3.6,1,100.0,0,0.0,0,0.0,0,0.0,3,30.0,4,57.1,25.0,4,10,0,5,3,53,34,28,19,7
9e9bafb0-5fef-4c4d-a004-f74092fd2c41,Drew Ogletree,IND,TE,2026,1,6,11.3,1,2.9,0,0.0,1,3.6,1,100.0,0,0.0,0,0.0,0,0.0,0,0.0,0,0.0,100.0,4,10,0,5,3,53,34,28,19,7
0bc45bd2-e6fc-4c35-84bc-f18b6d7ddf67,DeeJay Dallas,MIN,RB,2026,1,6,9.8,4,13.3,0,0.0,1,4.5,1,100.0,0,0.0,0,0.0,0,0.0,5,38.5,0,0.0,25.0,5,13,2,10,2,61,30,22,28,0
0d61bea5-d356-455e-982a-2ad5bcabfe6f,Tank Bigsby,PHI,RB,2026,1,6,11.3,1,2.9,1,5.9,0,0.0,0,0.0,0,0.0,0,0.0,0,0.0,0,0.0,0,0.0,0.0,3,12,2,8,0,53,34,21,17,5
a143db6c-a7b2-4443-8920-4458a8f80314,Nick Muse,ATL,TE,2026,1,5,8.8,0,0.0,0,0.0,0,0.0,0,0.0,0,0.0,0,0.0,0,0.0,0,0.0,0,0.0,0.0,3,10,0,5,0,57,26,17,31,3
0ef7dca3-c913-4782-88a5-e8aeee865def,Josh Cuevas,BAL,TE,2026,1,5,7.8,2,6.7,0,0.0,0,0.0,0,0.0,0,0.0,0,0.0,0,0.0,1,10.0,1,16.7,0.0,2,10,1,7,3,64,30,24,31,6
5d571d84-d446-4515-8ba1-1590b8ab777a,Ray Davis,BUF,RB,2026,1,5,9.6,3,9.4,1,5.3,0,0.0,0,0.0,0,0.0,0,0.0,0,0.0,1,11.1,2,100.0,0.0,3,9,1,6,1,52,32,26,19,2
ced13e8c-6594-4962-8290-82569c254000,Feleipe Franks,CAR,TE,2026,1,5,8.1,2,4.7,0,0.0,0,0.0,0,0.0,0,0.0,0,0.0,0,0.0,1,11.1,0,0.0,0.0,4,9,2,6,1,62,43,32,19,11
14b863e1-dc93-41d0-94f4-1743fff8e5e1,Isaiah Bond,CLE,WR,2026,1,5,10.2,5,16.1,0,0.0,0,0.0,0,0.0,0,0.0,0,0.0,0,0.0,1,11.1,4,80.0,0.0,4,9,1,3,1,49,31,21,18,5
a89e5455-55c1-4733-b442-40421996fa1e,Ameer Abdullah,JAC,RB,2026,1,5,8.9,1,4.0,4,14.3,1,4.8,1,100.0,0,0.0,0,0.0,1,11.1,1,20.0,0,0.0,100.0,9,5,4,2,0,56,25,21,28,0
b3e22c80-ead0-4f90-a611-02b856a36a22,Chris Myarick,LV,TE,2026,1,5,7.5,1,3.2,0,0.0,0,0.0,0,0.0,0,0.0,0,0.0,0,0.0,1,7.7,0,0.0,0.0,4,13,1,8,0,67,31,29,33,0
61cc346d-82f4-4fdc-a2c0-06b0e685f1dd,Kevin Austin Jr.,NO,WR,2026,1,5,5.8,4,6.3,0,0.0,0,0.0,0,0.0,0,0.0,0,0.0,0,0.0,1,7.1,1,5.3,0.0,7,14,4,10,0,86,63,49,23,19
2ef6744e-6c6d-4891-9e63-3fde243d458d,Jacob Cowing,SF,WR,2026,1,5,7.8,4,11.1,0,0.0,0,0.0,0,0.0,0,0.0,0,0.0,0,0.0,0,0.0,0,0.0,0.0,8,6,4,10,0,64,36,33,28,0
123f6592-00e8-4072-996d-3f865682ed09,Payne Durham,TB,TE,2026,1,5,9.6,0,0.0,0,0.0,0,0.0,0,0.0,0,0.0,0,0.0,1,20.0,0,0.0,0,0.0,0.0,5,8,1,6,0,52,36,27,15,0
c436faaa-c1e7-44b1-9b56-5266e0dcd1ce,Jalen Brooks,ARI,WR,2026,1,4,5.6,1,2.6,0,0.0,0,0.0,0,0.0,0,0.0,0,0.0,0,0.0,2,18.2,0,0.0,0.0,4,11,1,8,2,72,39,35,30,7
c76c218c-86ca-4bae-be5a-706ff95d5736,Emari Demercado,DAL,RB,2026,1,4,7.7,2,5.6,2,12.5,0,0.0,0,0.0,0,0.0,0,0.0,0,0.0,0,0.0,0,0.0,0.0,5,9,1,9,3,52,36,31,16,15
76d34289-43b7-4fe8-9f44-de5f87b63869,Skyy Moore,GB,WR,2026,1,4,6.0,3,6.5,0,0.0,1,2.6,0,0.0,1,25.0,0,0.0,1,25.0,1,9.1,3,15.0,33.3,4,11,4,11,0,67,46,39,21,20
8500bbe1-1d43-4268-9a95-f3f18c8145d2,Travis Hunter,JAC,WR,2026,1,4,7.1,3,12.0,1,3.6,1,4.8,1,100.0,0,0.0,0,0.0,0,0.0,0,0.0,0,0.0,33.3,9,5,4,2,0,56,25,21,28,0
c40b1266-0635-4fe3-9cb4-69a5204f5629,Kimani Vidal,LAC,RB,2026,1,4,7.8,3,8.6,0,0.0,0,0.0,0,0.0,0,0.0,0,0.0,0,0.0,4,36.4,3,33.3,0.0,3,11,1,8,0,51,35,26,16,9
4f68f502-d85f-46d2-b0c1-5ead9c3299ec,Omar Cooper Jr.,NYJ,WR,2026,1,4,6.3,1,3.8,0,0.0,1,4.3,1,100.0,0,0.0,0,0.0,0,0.0,1,10.0,0,0.0,100.0,7,10,0,6,3,63,26,23,34,5
e2fe2a61-8983-462f-95d9-2ffce3367116,Kameron Johnson,TB,WR,2026,1,4,7.7,2,5.6,0,0.0,0,0.0,0,0.0,0,0.0,0,0.0,0,0.0,0,0.0,0,0.0,0.0,5,8,1,6,0,52,36,27,15,0
d8fac662-3f29-4c24-b60f-066884a04068,Chimere Dike,TEN,WR,2026,1,4,8.2,3,7.7,0,0.0,1,3.7,1,100.0,0,0.0,0,0.0,0,0.0,1,8.3,1,50.0,33.3,2,12,1,8,0,49,39,27,10,2
b5558c17-a370-41ca-a40d-1514ddaa3779,Bam Knight,ARI,RB,2026,1,3,4.2,0,0.0,0,0.0,0,0.0,0,0.0,0,0.0,0,0.0,0,0.0,1,9.1,0,0.0,0.0,4,11,1,8,2,72,39,35,30,7
6acaa3da-be09-4feb-9c32-4956ae573cab,Keleki Latu,BUF,TE,2026,1,3,5.8,1,3.1,0,0.0,0,0.0,0,0.0,0,0.0,0,0.0,1,33.3,0,0.0,0,0.0,0.0,3,9,1,6,1,52,32,26,19,2
86aadd95-6357-41d9-894d-8a47b15d1851,Jonah Coleman,DEN,RB,2026,1,3,6.4,0,0.0,0,0.0,0,0.0,0,0.0,0,0.0,0,0.0,0,0.0,1,9.1,1,11.1,0.0,2,11,1,9,0,47,33,25,13,9
85b871bb-a7bf-47ff-b931-676c245cd45c,Jaylen Wright,MIA,RB,2026,1,3,6.0,2,5.4,1,7.7,0,0.0,0,0.0,0,0.0,0,0.0,0,0.0,1,10.0,0,0.0,0.0,1,10,0,5,0,50,37,25,13,5
08e71dae-2224-49f3-98b6-0f4f1b157dfa,Ollie Gordon II,MIA,RB,2026,1,3,6.0,1,2.7,0,0.0,0,0.0,0,0.0,0,0.0,0,0.0,0,0.0,0,0.0,0,0.0,0.0,1,10,0,5,0,50,37,25,13,5
7ed166a9-940b-4f57-9ebe-212a140fc626,Tai Felton,MIN,WR,2026,1,3,4.9,0,0.0,0,0.0,0,0.0,0,0.0,0,0.0,0,0.0,0,0.0,1,7.7,0,0.0,0.0,5,13,2,10,2,61,30,22,28,0
9700150e-e2e1-4447-a127-19c575087084,Myles Price,MIN,WR,2026,1,3,4.9,0,0.0,0,0.0,0,0.0,0,0.0,0,0.0,0,0.0,0,0.0,1,7.7,0,0.0,0.0,5,13,2,10,2,61,30,22,28,0
ba88236e-355f-4637-90f1-eb50ebecab24,Germie Bernard,PIT,WR,2026,1,3,4.7,3,7.1,0,0.0,0,0.0,0,0.0,0,0.0,0,0.0,0,0.0,2,14.3,1,14.3,0.0,2,14,3,9,0,64,42,35,18,7
d8285a67-9d52-49c6-ac6c-f69332926aa3,Eli Heidenreich,PIT,RB,2026,1,3,4.7,0,0.0,0,0.0,0,0.0,0,0.0,0,0.0,0,0.0,0,0.0,1,7.1,0,0.0,0.0,2,14,3,9,0,64,42,35,18,7
dcc0469f-59b0-4fdc-bf63-ecf999d95dcb,Emanuel Wilson,SEA,RB,2026,1,3,6.2,1,3.7,2,10.0,0,0.0,0,0.0,0,0.0,0,0.0,2,50.0,0,0.0,0,0.0,0.0,4,9,1,8,0,48,27,24,20,0
6129558c-31b4-460a-9e85-f618d8fba90f,Lan Larison,NE,RB,2026,1,2,3.0,2,4.8,0,0.0,2,6.5,2,100.0,0,0.0,0,0.0,0,0.0,0,0.0,0,0.0,100.0,6,14,2,12,0,67,42,31,25,7
d213828c-b302-459d-afff-f417e80d690c,Tyrone Tracy,NYG,RB,2026,1,2,3.0,0,0.0,2,6.5,0,0.0,0,0.0,0,0.0,0,0.0,0,0.0,0,0.0,0,0.0,0.0,6,8,1,7,2,67,34,28,31,6
92b7cd5f-0a9f-42d0-b486-4102c2f90fb8,Arian Smith,NYJ,WR,2026,1,2,3.2,1,3.8,0,0.0,1,4.3,1,100.0,0,0.0,0,0.0,0,0.0,0,0.0,0,0.0,100.0,7,10,0,6,3,63,26,23,34,5
c90f57aa-01e0-4c92-9414-356ca9f25ad1,Colson Yankoff,WAS,TE,2026,1,2,3.0,2,5.3,0,0.0,0,0.0,0,0.0,0,0.0,0,0.0,1,10.0,0,0.0,0,0.0,0.0,10,11,2,11,2,66,38,29,29,0
f0d72750-2944-434c-9f6c-0bb8cac2cec8,Tahj Brooks,CIN,RB,2026,1,1,1.6,0,0.0,0,0.0,0,0.0,0,0.0,0,0.0,0,0.0,0,0.0,0,0.0,0,0.0,0.0,9,9,1,8,3,63,37,34,25,6
0154fd2e-e285-4ee1-82e2-cc6ccf0ce1fe,LeQuint Allen,JAC,RB,2026,1,1,1.8,1,4.0,0,0.0,0,0.0,0,0.0,0,0.0,0,0.0,0,0.0,1,20.0,0,0.0,0.0,9,5,4,2,0,56,25,21,28,0
89f733a3-caa2-41d6-8f47-4e57a7368857,Cyrus Allen,KC,WR,2026,1,1,1.5,1,3.0,0,0.0,0,0.0,0,0.0,0,0.0,0,0.0,0,0.0,1,7.7,0,0.0,0.0,9,13,0,7,1,67,33,24,31,0
40916bee-9bad-44d8-ae39-c1e47cfbe209,E.J. Jenkins,PHI,TE,2026,1,1,1.9,0,0.0,0,0.0,0,0.0,0,0.0,0,0.0,0,0.0,0,0.0,0,0.0,0,0.0,0.0,3,12,2,8,0,53,34,21,17,5
23eebe48-f8ba-4625-941c-c709669351fa,Robert Tonyan,PIT,TE,2026,1,1,1.6,0,0.0,0,0.0,0,0.0,0,0.0,0,0.0,0,0.0,0,0.0,0,0.0,0,0.0,0.0,2,14,3,9,0,64,42,35,18,7
fb25fcfe-4bf5-47cb-b8d8-599029107f71,KhaDarel Hodge,SF,WR,2026,1,1,1.6,1,2.8,0,0.0,0,0.0,0,0.0,0,0.0,0,0.0,0,0.0,0,0.0,0,0.0,0.0,8,6,4,10,0,64,36,33,28,0
127cd86a-0230-4b3c-bb9d-a0a0aac7d556,Bauer Sharp,TB,TE,2026,1,1,1.9,1,2.8,0,0.0,0,0.0,0,0.0,0,0.0,0,0.0,0,0.0,0,0.0,0,0.0,0.0,5,8,1,6,0,52,36,27,15,0
c1b43109-a1c1-4cca-b36f-545aef22b01a,Xavier Worthy,KC,WR,2026,2,67,85.9,46,90.2,0,0.0,7,17.9,7,100.0,1,33.3,0,0.0,8,66.7,9,100.0,3,100.0,15.2,12,9,3,10,3,78,51,39,27,3
6239402a-45bf-445b-b0d3-d536274c76e0,Travis Kelce,KC,TE,2026,2,66,84.6,40,78.4,0,0.0,11,28.2,11,100.0,0,0.0,0,0.0,9,75.0,9,100.0,3,100.0,27.5,12,9,3,10,3,78,51,39,27,3
d012a0c5-cd87-437f-a772-50fdc7ec7dfc,DeVonta Smith,PHI,WR,2026,2,65,90.3,41,95.3,0,0.0,13,39.4,10,76.9,3,75.0,0,0.0,5,83.3,16,94.1,9,100.0,31.7,6,17,4,13,1,72,43,33,29,9
8a5333e6-17c1-48e3-8232-61bcb068a262,D.K. Metcalf,PIT,WR,2026,2,65,97.0,46,100.0,0,0.0,9,25.0,6,66.7,0,0.0,0,0.0,6,85.7,11,100.0,5,100.0,19.6,7,11,0,8,0,67,46,36,21,5
a2cadcf6-bce7-4926-a2f0-2539ebec165c,Kenneth Walker III,KC,RB,2026,2,64,82.1,24,47.1,24,88.9,7,17.9,6,85.7,1,33.3,3,100.0,9,75.0,4,44.4,0,0.0,29.2,12,9,3,10,3,78,51,39,27,3
d1bbd98f-9075-43e1-aa0d-944e1c282104,Xavier Hutchinson,HOU,WR,2026,2,63,80.8,53,85.5,0,0.0,8,17.4,4,50.0,2,50.0,0,0.0,2,28.6,13,76.5,17,77.3,15.1,7,17,4,14,0,78,62,46,15,22
349676e8-d0c9-4e51-b671-f1d541641ecd,Garrett Wilson,NYJ,WR,2026,2,63,87.5,43,87.8,0,0.0,7,20.6,5,71.4,0,0.0,0,0.0,4,80.0,16,100.0,8,100.0,16.3,5,16,0,12,1,72,49,34,23,8
dceee638-01c3-409d-ac0d-cf4d091988f8,Colston Loveland,CHI,TE,2026,2,61,87.1,29,69.0,0,0.0,2,6.9,1,50.0,1,33.3,0,0.0,6,100.0,10,71.4,8,100.0,6.9,6,14,3,10,1,70,42,29,28,8
3185a3cd-8dba-4aca-bc26-6bba0cc696eb,Sam LaPorta,DET,TE,2026,2,61,98.4,40,90.9,0,0.0,7,20.0,6,85.7,1,25.0,0,0.0,2,66.7,12,100.0,8,100.0,17.5,3,12,4,8,0,62,44,35,18,8
f8fb7466-2b26-4940-9e38-f7aae05b9dfd,Rashee Rice,KC,WR,2026,2,61,78.2,41,80.4,0,0.0,5,12.8,5,100.0,0,0.0,0,0.0,8,66.7,9,100.0,3,100.0,12.2,12,9,3,10,3,78,51,39,27,3
59471ae6-b004-4818-a36c-65d77332f276,Devaughn Vele,NO,WR,2026,2,61,95.3,36,92.3,0,0.0,6,19.4,5,83.3,1,50.0,0,0.0,8,100.0,11,100.0,3,100.0,16.7,8,11,2,10,2,64,39,31,24,3
b9932d52-2ce9-4dcd-8e48-c34c5fb95681,Rome Odunze,CHI,WR,2026,2,60,85.7,38,90.5,0,0.0,4,13.8,4,100.0,0,0.0,0,0.0,6,100.0,14,100.0,8,100.0,10.5,6,14,3,10,1,70,42,29,28,8
e6b3a8b4-9120-408a-9522-0a7e8efddcb3,Jameson Williams,DET,WR,2026,2,60,96.8,42,95.5,0,0.0,3,8.6,3,100.0,0,0.0,0,0.0,3,100.0,12,100.0,8,100.0,7.1,3,12,4,8,0,62,44,35,18,8
b6b4230b-521a-40e5-b697-6fcabbff904a,Jonathan Taylor,IND,RB,2026,2,60,95.2,16,48.5,24,80.0,4,13.3,4,100.0,0,0.0,2,100.0,5,100.0,11,100.0,2,100.0,25.0,5,11,1,8,2,63,33,30,30,2
d6ab35b4-32fe-4052-938e-1a8f7a5ffa56,Amon-Ra St. Brown,DET,WR,2026,2,59,95.2,43,97.7,0,0.0,12,34.3,9,75.0,1,25.0,0,0.0,3,100.0,12,100.0,8,100.0,27.9,3,12,4,8,0,62,44,35,18,8
66f1ce1b-b1eb-4f4a-9dff-076f81c1be41,Isaiah Williams,NYJ,WR,2026,2,59,81.9,42,85.7,1,4.3,6,17.6,6,100.0,0,0.0,0,0.0,4,80.0,16,100.0,7,87.5,14.3,5,16,0,12,1,72,49,34,23,8
1a03444a-f582-40d8-a139-7eabfd3d5003,Adonai Mitchell,NYJ,WR,2026,2,59,81.9,40,81.6,0,0.0,11,32.4,7,63.6,0,0.0,0,0.0,3,60.0,16,100.0,8,100.0,27.5,5,16,0,12,1,72,49,34,23,8
c739b7b0-2f88-4c97-ab7b-a07eaa6ca333,Kayshon Boutte,HOU,WR,2026,2,57,73.1,50,80.6,0,0.0,5,10.9,3,60.0,1,25.0,0,0.0,2,28.6,16,94.1,15,68.2,10.0,7,17,4,14,0,78,62,46,15,22
ee788fa7-565a-4400-8f89-9d245cd1e83f,Tyler Warren,IND,TE,2026,2,56,88.9,26,78.8,1,3.3,7,23.3,6,85.7,1,100.0,0,0.0,5,100.0,10,90.9,2,100.0,26.9,5,11,1,8,2,63,33,30,30,2
b9f32830-4cc3-40fa-b660-f1c0a072c933,Cade Otton,TB,TE,2026,2,56,90.3,34,82.9,0,0.0,6,18.2,5,83.3,0,0.0,0,0.0,5,100.0,10,83.3,3,100.0,17.6,5,12,4,9,0,62,41,33,21,3
e74df9b4-afb4-4c92-bca5-93e816e2c077,Chris Olave,NO,WR,2026,2,54,84.4,37,94.9,0,0.0,10,32.3,8,80.0,1,50.0,0,0.0,5,62.5,11,100.0,3,100.0,27.0,8,11,2,10,2,64,39,31,24,3
e4813e39-9e02-4fa1-a944-409c3a2d5c9c,Josh Downs,IND,WR,2026,2,53,84.1,30,90.9,0,0.0,9,30.0,7,77.8,0,0.0,0,0.0,3,60.0,11,100.0,2,100.0,30.0,5,11,1,8,2,63,33,30,30,2
64eef8f3-8f61-447d-bca1-b52b6824d873,Roman Wilson,PIT,WR,2026,2,53,79.1,42,91.3,0,0.0,6,16.7,5,83.3,0,0.0,0,0.0,5,71.4,11,100.0,5,100.0,14.3,7,11,0,8,0,67,46,36,21,5
4d9ab615-df0d-47d4-b338-f99210eed789,AJ Barner,SEA,TE,2026,2,53,79.1,21,77.8,1,2.5,1,3.8,1,100.0,0,0.0,1,12.5,9,90.0,8,88.9,4,66.7,4.8,10,9,3,9,8,67,27,26,40,6
5ea600d7-d788-4194-b598-a59ff43f3525,Emeka Egbuka,TB,WR,2026,2,53,85.5,37,90.2,0,0.0,5,15.2,3,60.0,2,50.0,0,0.0,5,100.0,11,91.7,3,100.0,13.5,5,12,4,9,0,62,41,33,21,3
15fe6bfc-f730-49e8-b5d2-7384d0593ddd,Chris Godwin,TB,WR,2026,2,53,85.5,37,90.2,1,4.8,3,9.1,3,100.0,0,0.0,0,0.0,5,100.0,12,100.0,3,100.0,8.1,5,12,4,9,0,62,41,33,21,3
8f4bcbe9-f840-4894-88bd-f8c35d687d10,Rashod Bateman,BAL,WR,2026,2,52,92.9,36,94.7,0,0.0,9,33.3,7,77.8,1,100.0,0,0.0,6,100.0,7,100.0,13,100.0,25.0,6,7,1,7,1,56,38,27,18,13
1c60c3f7-60f9-486b-8b97-f9737b9a0723,Keon Coleman,BUF,WR,2026,2,52,75.4,28,73.7,0,0.0,6,21.4,6,100.0,0,0.0,0,0.0,5,55.6,6,85.7,4,80.0,21.4,9,7,2,6,3,69,38,28,27,5
0cf680c0-a4dd-48b6-abb5-440c84e31d2e,James Cook,BUF,RB,2026,2,52,75.4,22,57.9,20,74.1,3,10.7,1,33.3,0,0.0,2,66.7,7,77.8,1,14.3,1,20.0,13.6,9,7,2,6,3,69,38,28,27,5
7b450484-9a9c-46f0-9c2d-425b840cadd5,Ja'Marr Chase,CIN,WR,2026,2,52,88.1,35,97.2,0,0.0,9,33.3,8,88.9,2,100.0,0,0.0,1,100.0,14,93.3,4,100.0,25.7,1,15,2,11,0,59,36,27,22,4
ba88236e-355f-4637-90f1-eb50ebecab24,Germie Bernard,PIT,WR,2026,2,52,77.6,39,84.8,0,0.0,8,22.2,5,62.5,0,0.0,0,0.0,5,71.4,11,100.0,5,100.0,20.5,7,11,0,8,0,67,46,36,21,5
99be8a87-998b-4cc0-94b2-776870d0034c,Dawson Knox,BUF,TE,2026,2,51,73.9,16,42.1,0,0.0,2,7.1,2,100.0,1,50.0,0,0.0,8,88.9,4,57.1,2,40.0,12.5,9,7,2,6,3,69,38,28,27,5
3504a78c-cc1e-4ec3-9ddf-7a6ad80a3183,Denzel Boston,CLE,WR,2026,2,51,92.7,33,94.3,0,0.0,7,24.1,6,85.7,1,100.0,0,0.0,4,66.7,11,100.0,0,0.0,21.2,6,11,1,7,0,55,35,29,18,0
78a9587a-e70d-4ff4-9f91-de5e16e695d6,Jahmyr Gibbs,DET,RB,2026,2,51,82.3,30,68.2,16,88.9,7,20.0,6,85.7,1,25.0,0,0.0,2,66.7,9,75.0,8,100.0,23.3,3,12,4,8,0,62,44,35,18,8
9684e43f-e300-4390-ba3a-e18aa7728040,Dalton Schultz,HOU,TE,2026,2,51,65.4,47,75.8,0,0.0,13,28.3,12,92.3,0,0.0,0,0.0,4,57.1,15,88.2,18,81.8,27.7,7,17,4,14,0,78,62,46,15,22
0ea3a955-4fbe-4bf9-814b-7d987e98c589,Justin Jefferson,MIN,WR,2026,2,51,100.0,24,100.0,0,0.0,6,31.6,4,66.7,1,100.0,0,0.0,6,100.0,10,100.0,5,100.0,25.0,6,10,1,9,0,51,24,19,27,5
14f86e27-f8fb-4038-8f55-c7f5f7370c9a,Jahan Dotson,ATL,WR,2026,2,50,74.6,32,82.1,0,0.0,4,13.3,2,50.0,0,0.0,0,0.0,2,33.3,11,100.0,0,0.0,12.5,6,11,0,10,0,67,39,30,28,0
5233565b-bcd1-4217-9403-e72002d2db89,Tetairoa McMillan,CAR,WR,2026,2,50,83.3,36,92.3,0,0.0,9,30.0,5,55.6,2,33.3,0,0.0,3,60.0,13,92.9,6,100.0,25.0,5,14,6,10,0,60,39,30,20,6
1108bce6-20ee-4dd6-b3c8-1a76ff1a0576,Tucker Kraft,GB,TE,2026,2,50,100.0,27,84.4,0,0.0,3,10.7,2,66.7,0,0.0,0,0.0,0,0.0,10,100.0,1,100.0,11.1,0,10,1,8,0,50,32,28,18,1
9842ea3c-30ce-47dd-b8c7-4748f8d988fe,Tre Harris,LAC,WR,2026,2,50,80.6,22,71.0,0,0.0,2,8.7,1,50.0,0,0.0,0,0.0,8,100.0,9,90.0,9,100.0,9.1,8,10,1,8,2,62,31,23,31,9
fd6821bf-31c8-4127-8eea-7f5318590a33,Michael Mayer,LV,TE,2026,2,50,83.3,27,84.4,0,0.0,4,14.3,3,75.0,0,0.0,0,0.0,5,100.0,11,91.7,5,100.0,14.8,5,12,4,9,4,60,32,28,25,5
54d7c394-c7dc-486c-ab20-4dae29da1d12,Bryce Lance,NO,WR,2026,2,50,78.1,32,82.1,0,0.0,1,3.2,1,100.0,0,0.0,0,0.0,5,62.5,11,100.0,3,100.0,3.1,8,11,2,10,2,64,39,31,24,3
c1696ca6-bfe1-4d64-ae56-a1075a3c88eb,Jakobi Meyers,JAC,WR,2026,2,49,89.1,29,93.5,0,0.0,1,3.7,1,100.0,0,0.0,0,0.0,3,75.0,9,100.0,6,100.0,3.4,4,9,0,6,2,55,31,27,24,6
023755cc-e6f5-49bb-a2d0-70d01f135c31,Quentin Johnston,LAC,WR,2026,2,49,79.0,23,74.2,1,3.2,3,13.0,2,66.7,0,0.0,0,0.0,7,87.5,6,60.0,8,88.9,13.0,8,10,1,8,2,62,31,23,31,9
342ee78f-f6c6-42d5-ba14-5a1b05bfe951,Ashton Jeanty,LV,RB,2026,2,49,81.7,24,75.0,21,84.0,7,25.0,7,100.0,0,0.0,4,100.0,5,100.0,10,83.3,5,100.0,29.2,5,12,4,9,4,60,32,28,25,5
2359ae0a-46a7-4ccc-aca5-bc913bece14b,Hunter Henry,NE,TE,2026,2,49,92.5,22,81.5,0,0.0,4,21.1,3,75.0,0,0.0,0,0.0,5,83.3,9,100.0,1,100.0,18.2,6,9,0,4,0,53,27,19,24,1
a541a205-8eac-4df0-b432-9f3195be6c30,Cole Kmet,CHI,TE,2026,2,48,68.6,13,31.0,0,0.0,0,0.0,0,0.0,0,0.0,0,0.0,4,66.7,7,50.0,1,12.5,0.0,6,14,3,10,1,70,42,29,28,8
2047e10e-17be-4341-900b-01c47eedccec,Jaylen Warren,PIT,RB,2026,2,48,71.6,24,52.2,11,52.4,3,8.3,2,66.7,0,0.0,0,0.0,6,85.7,7,63.6,5,100.0,12.5,7,11,0,8,0,67,46,36,21,5
e342b017-bdde-4e14-8a8c-00b662da06bd,Bucky Irving,TB,RB,2026,2,48,77.4,22,53.7,17,81.0,4,12.1,4,100.0,0,0.0,0,0.0,4,80.0,6,50.0,3,100.0,18.2,5,12,4,9,0,62,41,33,21,3
31427cb3-cb95-4244-90a3-cf08814a8c85,Dalton Kincaid,BUF,TE,2026,2,47,68.1,26,68.4,0,0.0,8,28.6,7,87.5,1,50.0,0,0.0,6,66.7,4,57.1,4,80.0,30.8,9,7,2,6,3,69,38,28,27,5
1bda07a0-7a6e-4f9e-b5cb-3cdc6eb0a7e5,Jalen Coker,CAR,WR,2026,2,47,78.3,34,87.2,0,0.0,9,30.0,8,88.9,1,16.7,0,0.0,3,60.0,13,92.9,6,100.0,26.5,5,14,6,10,0,60,39,30,20,6
f508d244-a60a-4c6a-b54d-f27ae93fdfdf,D'Andre Swift,CHI,RB,2026,2,47,67.1,19,45.2,16,57.1,6,20.7,5,83.3,1,33.3,1,100.0,4,66.7,11,78.6,7,87.5,31.6,6,14,3,10,1,70,42,29,28,8
0d40bdbc-b7b9-48af-a36d-34aaf05ab100,Harold Fannin Jr.,CLE,TE,2026,2,47,85.5,29,82.9,0,0.0,6,20.7,6,100.0,0,0.0,0,0.0,4,66.7,11,100.0,0,0.0,20.7,6,11,1,7,0,55,35,29,18,0
aa262ce5-6d23-4bc4-8fce-f54b2ebc69ee,Jaylin Noel,HOU,WR,2026,2,47,60.3,40,64.5,1,6.7,4,8.7,1,25.0,0,0.0,0,0.0,3,42.9,8,47.1,18,81.8,10.0,7,17,4,14,0,78,62,46,15,22
f5c3e996-d9b7-4183-b5c7-f1d732e20f40,Caleb Douglas,MIA,WR,2026,2,47,85.5,23,82.1,0,0.0,3,13.0,3,100.0,0,0.0,0,0.0,4,100.0,11,84.6,0,0.0,13.0,4,13,0,9,1,55,28,23,27,0
f0ac0084-7bf6-4ada-9fd3-bd8771869643,Breece Hall,NYJ,RB,2026,2,47,65.3,21,42.9,16,69.6,5,14.7,5,100.0,0,0.0,0,0.0,3,60.0,6,37.5,8,100.0,23.8,5,16,0,12,1,72,49,34,23,8
ebf07919-b714-4e47-a9bb-3344fdeb04f9,Makai Lemon,PHI,WR,2026,2,47,65.3,34,79.1,0,0.0,1,3.0,1,100.0,0,0.0,0,0.0,2,33.3,13,76.5,9,100.0,2.9,6,17,4,13,1,72,43,33,29,9
76457f7f-07a1-4ed6-bffe-7ddf971bf45f,Terry McLaurin,WAS,WR,2026,2,47,70.1,34,81.0,0,0.0,9,26.5,3,33.3,3,50.0,0,0.0,8,80.0,6,75.0,0,0.0,26.5,10,8,6,8,1,67,42,34,25,0
ceec6ef9-ace8-458b-9e4a-699d60381562,Isaac TeSlaa,DET,WR,2026,2,46,74.2,34,77.3,0,0.0,5,14.3,2,40.0,1,25.0,0,0.0,2,66.7,12,100.0,8,100.0,14.7,3,12,4,8,0,62,44,35,18,8
cc3baf33-c279-4985-ae2b-3fabddb2d0f3,Christian Watson,GB,WR,2026,2,46,92.0,30,93.8,0,0.0,10,35.7,7,70.0,1,100.0,0,0.0,0,0.0,10,100.0,1,100.0,33.3,0,10,1,8,0,50,32,28,18,1
c5ac248b-de39-4992-8880-3321282efb28,Laquon Treadwell,IND,WR,2026,2,46,73.0,25,75.8,0,0.0,3,10.0,3,100.0,0,0.0,0,0.0,3,60.0,9,81.8,2,100.0,12.0,5,11,1,8,2,63,33,30,30,2
677ab1ea-294d-4579-bf11-935467f6b96b,Tyquan Thornton,KC,WR,2026,2,46,59.0,36,70.6,0,0.0,4,10.3,4,100.0,0,0.0,0,0.0,5,41.7,8,88.9,2,66.7,11.1,12,9,3,10,3,78,51,39,27,3
0debb81b-1b12-4398-a9ac-f980a7c3d144,Jordan Addison,MIN,WR,2026,2,46,90.2,23,95.8,0,0.0,5,26.3,2,40.0,0,0.0,0,0.0,6,100.0,10,100.0,5,100.0,21.7,6,10,1,9,0,51,24,19,27,5
b8883a9b-269c-4b35-81bf-afc875ef513c,Malachi Fields,NYG,WR,2026,2,46,83.6,28,82.4,0,0.0,5,16.7,3,60.0,0,0.0,0,0.0,5,100.0,10,83.3,0,0.0,17.9,5,12,1,10,1,55,34,30,21,0
acba4bcf-e673-4fa1-9935-ab22041bed1e,Johnny Mundt,PHI,TE,2026,2,46,63.9,20,46.5,0,0.0,3,9.1,2,66.7,0,0.0,0,0.0,5,83.3,10,58.8,6,66.7,15.0,6,17,4,13,1,72,43,33,29,9
74a1fffd-b450-49af-a8db-e8ea9b9803f7,Kalif Raymond,CHI,WR,2026,2,45,64.3,32,76.2,0,0.0,5,17.2,5,100.0,0,0.0,0,0.0,2,33.3,12,85.7,7,87.5,15.6,6,14,3,10,1,70,42,29,28,8
b8db7dce-1075-40fb-b159-eba83452ef7f,Dontayvion Wicks,PHI,WR,2026,2,45,62.5,28,65.1,0,0.0,6,18.2,6,100.0,0,0.0,0,0.0,5,83.3,11,64.7,5,55.6,21.4,6,17,4,13,1,72,43,33,29,9
0b8b555a-379b-4b01-8923-c225f1181f2a,Jaxon Smith-Njigba,SEA,WR,2026,2,45,67.2,24,88.9,0,0.0,11,42.3,10,90.9,2,66.7,0,0.0,5,50.0,8,88.9,6,100.0,45.8,10,9,3,9,8,67,27,26,40,6
4a211e6e-1f23-47a4-af9f-fbdd2a1a1034,Ted Hurst,TB,WR,2026,2,45,72.6,26,63.4,0,0.0,7,21.2,4,57.1,2,50.0,0,0.0,4,80.0,10,83.3,3,100.0,26.9,5,12,4,9,0,62,41,33,21,3
bb4ef656-a346-4d92-99b7-7e3d1991c755,Ben Sinnott,WAS,TE,2026,2,45,67.2,17,40.5,0,0.0,1,2.9,1,100.0,0,0.0,0,0.0,7,70.0,1,12.5,0,0.0,5.9,10,8,6,8,1,67,42,34,25,0
0ea7b887-760f-49d0-bc8a-47e923da68aa,Michael Wilson,ARI,WR,2026,2,44,93.6,31,100.0,0,0.0,4,17.4,2,50.0,0,0.0,0,0.0,9,100.0,9,100.0,6,100.0,12.9,9,9,2,8,0,47,31,23,16,6
feb09bdf-0f17-4ef2-9917-5780f044c98a,Brenton Strange,JAC,TE,2026,2,44,80.0,25,80.6,0,0.0,2,7.4,2,100.0,0,0.0,0,0.0,4,100.0,8,88.9,5,83.3,8.0,4,9,0,6,2,55,31,27,24,6
32abc43e-19b1-47a3-a9a9-3f1a15d7d593,Pat Freiermuth,PIT,TE,2026,2,44,65.7,29,63.0,1,4.8,5,13.9,4,80.0,0,0.0,0,0.0,6,85.7,9,81.8,5,100.0,17.2,7,11,0,8,0,67,46,36,21,5
80cccf1b-0ff3-4614-acfd-a11a5dd93690,Gunnar Helm,TEN,TE,2026,2,44,86.3,18,75.0,0,0.0,2,11.8,2,100.0,0,0.0,0,0.0,6,100.0,9,90.0,8,88.9,11.1,6,10,1,5,2,51,24,17,27,9
e3d03a5c-a204-4db3-af94-30644d17bdb2,Javonte Williams,DAL,RB,2026,2,43,79.6,14,38.9,12,66.7,4,12.9,3,75.0,0,0.0,1,100.0,6,100.0,5,71.4,0,0.0,28.6,6,7,4,8,1,54,36,31,18,0
7bfd2708-9995-4488-a82a-b897002a1a60,Courtland Sutton,DEN,WR,2026,2,43,72.9,28,87.5,0,0.0,4,14.3,3,75.0,1,50.0,0,0.0,3,60.0,5,71.4,0,0.0,14.3,5,7,2,7,4,59,32,28,24,0
ab44049f-67a1-4103-adc3-010d9ed05095,Parker Washington,JAC,WR,2026,2,43,78.2,28,90.3,0,0.0,12,44.4,7,58.3,0,0.0,0,0.0,2,50.0,9,100.0,5,83.3,42.9,4,9,0,6,2,55,31,27,24,6
dc6f41a1-f5d7-4add-aac4-ea650630799b,De'Von Achane,MIA,RB,2026,2,43,78.2,19,67.9,20,74.1,6,26.1,3,50.0,0,0.0,1,100.0,2,50.0,10,76.9,0,0.0,31.6,4,13,0,9,1,55,28,23,27,0
abaf1508-e615-4287-aa70-3ab031795ae5,Drake London,ATL,WR,2026,2,42,62.7,21,53.8,1,3.6,5,16.7,4,80.0,0,0.0,0,0.0,6,100.0,5,45.5,0,0.0,23.8,6,11,0,10,0,67,39,30,28,0
603822d0-3e5d-4ea0-b33a-46dfc79ac4b9,Tee Higgins,CIN,WR,2026,2,42,71.2,29,80.6,0,0.0,9,33.3,6,66.7,0,0.0,0,0.0,0,0.0,14,93.3,4,100.0,31.0,1,15,2,11,0,59,36,27,22,4
1db285a6-c443-45d9-bdd2-8d28824cfcb0,Matthew Golden,GB,WR,2026,2,42,84.0,29,90.6,0,0.0,6,21.4,5,83.3,0,0.0,0,0.0,0,0.0,9,90.0,1,100.0,20.7,0,10,1,8,0,50,32,28,18,1
90a2dd2b-bc87-4ce0-9214-66acbde514d4,Konata Mumpfield,LA,WR,2026,2,42,71.2,21,63.6,0,0.0,2,7.1,1,50.0,0,0.0,0,0.0,2,50.0,7,100.0,3,100.0,9.5,4,7,2,7,0,59,33,28,24,3
fe155533-4fbf-417e-bffd-f0a91e337fed,Colby Parkinson,LA,TE,2026,2,42,71.2,10,30.3,0,0.0,2,7.1,2,100.0,0,0.0,0,0.0,4,100.0,2,28.6,0,0.0,20.0,4,7,2,7,0,59,33,28,24,3
f6c2cecd-fadd-4416-bd9e-2898bdcc0ede,Malik Nabers,NYG,WR,2026,2,42,76.4,28,82.4,0,0.0,4,13.3,1,25.0,1,100.0,0,0.0,3,60.0,10,83.3,0,0.0,14.3,5,12,1,10,1,55,34,30,21,0
b1cf668e-31ee-4d0d-80bb-1ca8cf26bf42,Trey McBride,ARI,TE,2026,2,41,87.2,25,80.6,0,0.0,10,43.5,8,80.0,2,100.0,0,0.0,8,88.9,9,100.0,6,100.0,40.0,9,9,2,8,0,47,31,23,16,6
e79513b6-48db-4786-b8ff-c02f072db551,Chase Brown,CIN,RB,2026,2,41,69.5,17,47.2,20,90.9,3,11.1,3,100.0,0,0.0,0,0.0,1,100.0,4,26.7,4,100.0,17.6,1,15,2,11,0,59,36,27,22,4
71e0a1c0-a5be-4cb7-b9a1-79e4353d6ee9,George Pickens,DAL,WR,2026,2,41,75.9,29,80.6,0,0.0,8,25.8,6,75.0,0,0.0,0,0.0,5,83.3,7,100.0,0,0.0,27.6,6,7,4,8,1,54,36,31,18,0
e0175787-6c57-4755-a384-8a4c04b5736d,Ryan Flournoy,DAL,WR,2026,2,41,75.9,29,80.6,0,0.0,6,19.4,5,83.3,0,0.0,0,0.0,4,66.7,7,100.0,0,0.0,20.7,6,7,4,8,1,54,36,31,18,0
8f33c0ee-0e7b-40f8-b1a0-2e116301146d,David Montgomery,HOU,RB,2026,2,41,52.6,28,45.2,6,40.0,2,4.3,2,100.0,0,0.0,0,0.0,1,14.3,11,64.7,16,72.7,7.1,7,17,4,14,0,78,62,46,15,22
e5b3bc59-2f46-45d5-a41e-f32b6af28b1e,Aaron Jones,MIN,RB,2026,2,41,80.4,10,41.7,23,85.2,0,0.0,0,0.0,0,0.0,0,0.0,5,83.3,5,50.0,4,80.0,0.0,6,10,1,9,0,51,24,19,27,5
12c8d08c-26ee-4e68-9656-d89328a08fcf,Mark Andrews,BAL,TE,2026,2,40,71.4,28,73.7,0,0.0,7,25.9,6,85.7,0,0.0,0,0.0,5,83.3,7,100.0,13,100.0,25.0,6,7,1,7,1,56,38,27,18,13
4e042a70-f018-4e0a-b0f6-1f83d8274a15,CeeDee Lamb,DAL,WR,2026,2,40,74.1,28,77.8,0,0.0,9,29.0,9,100.0,2,50.0,0,0.0,3,50.0,7,100.0,0,0.0,32.1,6,7,4,8,1,54,36,31,18,0
85dbb5d3-9f1b-4003-8c71-5faf36546817,Charlie Kolar,LAC,TE,2026,2,40,64.5,12,38.7,0,0.0,3,13.0,3,100.0,0,0.0,0,0.0,7,87.5,3,30.0,5,55.6,25.0,8,10,1,8,2,62,31,23,31,9
616e049f-104f-4aa7-bb10-d198f5954d3a,Omarion Hampton,LAC,RB,2026,2,40,64.5,9,29.0,23,74.2,2,8.7,2,100.0,0,0.0,1,50.0,7,87.5,1,10.0,6,66.7,22.2,8,10,1,8,2,62,31,23,31,9
d2d35213-1690-4f25-a82a-db685b7069dd,Malik Washington,MIA,WR,2026,2,40,72.7,23,82.1,1,3.7,5,21.7,4,80.0,0,0.0,0,0.0,4,100.0,12,92.3,0,0.0,21.7,4,13,0,9,1,55,28,23,27,0
98e857ba-b9f4-45b2-a408-8545ec4560bf,Darnell Mooney,NYG,WR,2026,2,40,72.7,31,91.2,0,0.0,3,10.0,2,66.7,0,0.0,0,0.0,3,60.0,12,100.0,0,0.0,9.7,5,12,1,10,1,55,34,30,21,0
8e133a8a-07d0-47d2-9afc-d02c63b97565,Luther Burden III,CHI,WR,2026,2,39,55.7,30,71.4,0,0.0,7,24.1,4,57.1,1,33.3,0,0.0,4,66.7,11,78.6,8,100.0,23.3,6,14,3,10,1,70,42,29,28,8
a71fbfe1-26e2-41da-9c57-2bdf5e98faee,Adam Trautman,DEN,TE,2026,2,39,66.1,9,28.1,0,0.0,0,0.0,0,0.0,0,0.0,0,0.0,3,60.0,3,42.9,0,0.0,0.0,5,7,2,7,4,59,32,28,24,0
68f77860-f7d1-42a3-a022-0ac87285695c,Noah Gray,KC,TE,2026,2,39,50.0,15,29.4,0,0.0,1,2.6,0,0.0,0,0.0,0,0.0,7,58.3,0,0.0,1,33.3,6.7,12,9,3,10,3,78,51,39,27,3
d0a18f0d-ccfc-4c37-a7f1-8ebf36a3d4b1,Isaiah Likely,NYG,TE,2026,2,39,70.9,29,85.3,0,0.0,9,30.0,5,55.6,0,0.0,0,0.0,3,60.0,12,100.0,0,0.0,31.0,5,12,1,10,1,55,34,30,21,0
bf5ef40d-9ee2-40e2-8fb0-ce07685fabce,Carnell Tate,TEN,WR,2026,2,39,76.5,20,83.3,0,0.0,5,29.4,4,80.0,0,0.0,0,0.0,2,33.3,10,100.0,9,100.0,25.0,6,10,1,5,2,51,24,17,27,9
b586b9d7-7613-4ab0-9160-05fdca1d2fff,Quinshon Judkins,CLE,RB,2026,2,38,69.1,12,34.3,12,66.7,5,17.2,5,100.0,0,0.0,0,0.0,4,66.7,5,45.5,0,0.0,41.7,6,11,1,7,0,55,35,29,18,0
9b5c428b-20dd-4a8b-ac32-dfe17265c04f,Pat Bryant,DEN,WR,2026,2,38,64.4,24,75.0,1,4.2,1,3.6,0,0.0,0,0.0,0,0.0,3,60.0,5,71.4,0,0.0,4.2,5,7,2,7,4,59,32,28,24,0
f9c12962-1c66-4ec9-9f80-7bf58579b8f2,Davante Adams,LA,WR,2026,2,38,64.4,27,81.8,0,0.0,10,35.7,8,80.0,1,50.0,0,0.0,2,50.0,5,71.4,3,100.0,37.0,4,7,2,7,0,59,33,28,24,3
620df56e-ad03-4259-afc7-e0a58b6140ec,Will Shipley,PHI,RB,2026,2,38,52.8,24,55.8,7,24.1,2,6.1,2,100.0,0,0.0,0,0.0,3,50.0,15,88.2,9,100.0,8.3,6,17,4,13,1,72,43,33,29,9
f40e4ea4-5fbe-48bd-9dd7-7be9dcab0390,Chuba Hubbard,CAR,RB,2026,2,37,61.7,16,41.0,12,60.0,2,6.7,2,100.0,0,0.0,0,0.0,3,60.0,9,64.3,0,0.0,12.5,5,14,6,10,0,60,39,30,20,6
cffd1eab-6b5a-416f-ac63-39b4b0d679d6,Jared Wayne,HOU,WR,2026,2,37,47.4,28,45.2,0,0.0,7,15.2,3,42.9,1,25.0,0,0.0,6,85.7,12,70.6,13,59.1,25.0,7,17,4,14,0,78,62,46,15,22
003cd807-fc20-451d-a436-71c1f4a7655d,Mack Hollins,NE,WR,2026,2,37,69.8,21,77.8,0,0.0,2,10.5,2,100.0,0,0.0,0,0.0,6,100.0,6,66.7,1,100.0,9.5,6,9,0,4,0,53,27,19,24,1
c98a20dd-1ff5-4713-b78f-648800290fc2,Rashid Shaheed,SEA,WR,2026,2,37,55.2,22,81.5,1,2.5,6,23.1,5,83.3,0,0.0,0,0.0,3,30.0,8,88.9,6,100.0,27.3,10,9,3,9,8,67,27,26,40,6
8b6aa391-627f-45d7-bcbd-454c34dd9518,Dyami Brown,WAS,WR,2026,2,37,55.2,23,54.8,0,0.0,6,17.6,5,83.3,1,16.7,0,0.0,4,40.0,6,75.0,0,0.0,26.1,10,8,6,8,1,67,42,34,25,0
aff3440f-935d-4821-aeea-5922bec5507a,KC Concepcion,CLE,WR,2026,2,36,65.5,26,74.3,1,5.6,6,20.7,6,100.0,0,0.0,0,0.0,1,16.7,11,100.0,0,0.0,23.1,6,11,1,7,0,55,35,29,18,0
aa6757d8-d077-4484-865e-d35e723dd2af,Woody Marks,HOU,RB,2026,2,36,46.2,24,38.7,8,53.3,5,10.9,5,100.0,0,0.0,0,0.0,6,85.7,6,35.3,6,27.3,20.8,7,17,4,14,0,78,62,46,15,22
e555cbf5-05aa-4bf5-a836-21eeb37ced41,Jalen Nailor,LV,WR,2026,2,36,60.0,21,65.6,0,0.0,3,10.7,2,66.7,1,25.0,0,0.0,2,40.0,7,58.3,4,80.0,14.3,5,12,4,9,4,60,32,28,25,5
7126505c-4b3a-4401-ba0a-b23f85b0ba54,Darnell Washington,PIT,TE,2026,2,36,53.7,12,26.1,0,0.0,2,5.6,1,50.0,0,0.0,0,0.0,3,42.9,2,18.2,0,0.0,16.7,7,11,0,8,0,67,46,36,21,5
6a98dd72-0d14-4042-9390-c929374285d4,Rachaad White,WAS,RB,2026,2,36,53.7,23,54.8,7,28.0,6,17.6,6,100.0,0,0.0,1,100.0,9,90.0,7,87.5,0,0.0,26.1,10,8,6,8,1,67,42,34,25,0
424755d3-3fc8-4c68-bc9b-fa5bfae6907d,Drew Sample,CIN,TE,2026,2,35,59.3,13,36.1,0,0.0,0,0.0,0,0.0,0,0.0,0,0.0,1,100.0,4,26.7,0,0.0,0.0,1,15,2,11,0,59,36,27,22,4
267c587c-b94c-459c-99ef-58a2be6b7e6b,Jaylen Waddle,DEN,WR,2026,2,35,59.3,22,68.8,0,0.0,10,35.7,8,80.0,0,0.0,0,0.0,2,40.0,6,85.7,0,0.0,45.5,5,7,2,7,4,59,32,28,24,0
288a4e22-6e93-4092-812c-b5760ef92291,Terrance Ferguson,LA,TE,2026,2,35,59.3,23,69.7,0,0.0,8,28.6,8,100.0,1,50.0,0,0.0,2,50.0,5,71.4,0,0.0,34.8,4,7,2,7,0,59,33,28,24,3
d200b227-6575-48c1-a680-c0442c85d800,Tre Tucker,LV,WR,2026,2,35,58.3,24,75.0,0,0.0,7,25.0,5,71.4,1,25.0,0,0.0,2,40.0,8,66.7,4,80.0,29.2,5,12,4,9,4,60,32,28,25,5
a3c06d33-73fa-40d8-b2a5-c4c305119a81,T.J. Hockenson,MIN,TE,2026,2,35,68.6,19,79.2,0,0.0,4,21.1,3,75.0,0,0.0,0,0.0,5,83.3,10,100.0,2,40.0,21.1,6,10,1,9,0,51,24,19,27,5
d7630875-9826-48c6-b896-c10bc6bb4b31,Romeo Doubs,NE,WR,2026,2,35,66.0,20,74.1,0,0.0,4,21.1,4,100.0,0,0.0,0,0.0,3,50.0,6,66.7,1,100.0,20.0,6,9,0,4,0,53,27,19,24,1
20afb131-b018-4b53-9462-8a99a035cfb1,Marvin Harrison Jr.,ARI,WR,2026,2,34,72.3,28,90.3,0,0.0,1,4.3,0,0.0,0,0.0,0,0.0,6,66.7,9,100.0,6,100.0,3.6,9,9,2,8,0,47,31,23,16,6
5fbde45e-1771-4a35-ac8e-cbb4d4744e04,Bijan Robinson,ATL,RB,2026,2,34,50.7,12,30.8,16,57.1,4,13.3,3,75.0,0,0.0,0,0.0,4,66.7,4,36.4,0,0.0,33.3,6,11,0,10,0,67,39,30,28,0
5bdda924-3869-4d1b-bca4-e99bc6b7e2b1,Jackson Hawes,BUF,TE,2026,2,34,49.3,6,15.8,0,0.0,0,0.0,0,0.0,0,0.0,0,0.0,7,77.8,1,14.3,0,0.0,0.0,9,7,2,6,3,69,38,28,27,5
6c64548f-c91e-43d0-9d30-9352c7c589bc,Travis Etienne Jr.,NO,RB,2026,2,34,53.1,13,33.3,8,33.3,2,6.5,2,100.0,0,0.0,0,0.0,5,62.5,1,9.1,3,100.0,15.4,8,11,2,10,2,64,39,31,24,3
2435a2af-2fc6-400d-ae89-c0799e15f75e,Charlie Woerner,ATL,TE,2026,2,33,49.3,12,30.8,0,0.0,1,3.3,0,0.0,0,0.0,0,0.0,5,83.3,2,18.2,0,0.0,8.3,6,11,0,10,0,67,39,30,28,0
85e2d20b-47e1-42df-9968-bf7dd37dad47,Chris Blair,ATL,WR,2026,2,33,49.3,20,51.3,0,0.0,2,6.7,2,100.0,0,0.0,0,0.0,1,16.7,6,54.5,0,0.0,10.0,6,11,0,10,0,67,39,30,28,0
239c6290-839c-4cd0-a604-ebb091b88ebb,Khalil Shakir,BUF,WR,2026,2,33,47.8,21,55.3,0,0.0,6,21.4,3,50.0,0,0.0,0,0.0,2,22.2,6,85.7,5,100.0,28.6,9,7,2,6,3,69,38,28,27,5
40435b69-e78b-4fd1-8425-b332d28d5c05,Mitchell Evans,CAR,TE,2026,2,33,55.0,12,30.8,0,0.0,1,3.3,1,100.0,0,0.0,0,0.0,4,80.0,2,14.3,0,0.0,8.3,5,14,6,10,0,60,39,30,20,6
915d6acf-2c38-4cd0-846c-9c54e9dd0e43,Jerry Jeudy,CLE,WR,2026,2,33,60.0,24,68.6,0,0.0,1,3.4,0,0.0,0,0.0,0,0.0,3,50.0,9,81.8,0,0.0,4.2,6,11,1,7,0,55,35,29,18,0
25239300-231c-4582-9afd-19727c9c45c1,Kyren Williams,LA,RB,2026,2,33,55.9,17,51.5,12,50.0,2,7.1,2,100.0,0,0.0,0,0.0,2,50.0,4,57.1,3,100.0,11.8,4,7,2,7,0,59,33,28,24,3
1532b59d-a117-42a4-9df8-28f427ba236e,Jack Bech,LV,WR,2026,2,33,55.0,21,65.6,0,0.0,2,7.1,2,100.0,0,0.0,0,0.0,1,20.0,8,66.7,4,80.0,9.5,5,12,4,9,4,60,32,28,25,5
e4428037-e731-4af3-8430-6c7662d221e9,Cam Skattebo,NYG,RB,2026,2,33,60.0,18,52.9,12,57.1,4,13.3,4,100.0,0,0.0,0,0.0,3,60.0,4,33.3,0,0.0,22.2,5,12,1,10,1,55,34,30,21,0
4e277956-5bb3-4e0a-b38b-470907848e4b,Brian Robinson,ATL,RB,2026,2,32,47.8,12,30.8,11,39.3,2,6.7,2,100.0,0,0.0,0,0.0,2,33.3,6,54.5,0,0.0,16.7,6,11,0,10,0,67,39,30,28,0
6392da3f-c326-4ad1-9f38-d415c3142f1e,Tommy Tremble,CAR,TE,2026,2,32,53.3,17,43.6,0,0.0,2,6.7,1,50.0,0,0.0,0,0.0,4,80.0,3,21.4,0,0.0,11.8,5,14,6,10,0,60,39,30,20,6
85a80da0-deb9-4bed-8678-aa7750bdfc2f,Andrei Iosivas,CIN,WR,2026,2,32,54.2,23,63.9,0,0.0,1,3.7,1,100.0,0,0.0,0,0.0,1,100.0,11,73.3,4,100.0,4.3,1,15,2,11,0,59,36,27,22,4
d19fec1d-9874-4bd1-a74a-0e1cbb499bbc,Jake Ferguson,DAL,TE,2026,2,32,59.3,23,63.9,0,0.0,4,12.9,4,100.0,2,50.0,0,0.0,4,66.7,7,100.0,0,0.0,17.4,6,7,4,8,1,54,36,31,18,0
6920de01-7261-4903-94fa-a8a481c8f7eb,Keenan Allen,IND,WR,2026,2,32,50.8,20,60.6,0,0.0,5,16.7,3,60.0,0,0.0,0,0.0,1,20.0,11,100.0,2,100.0,25.0,5,11,1,8,2,63,33,30,30,2
6f2a6838-ed25-4068-a15b-bac7f768eeb0,Greg Dulcich,MIA,TE,2026,2,32,58.2,17,60.7,0,0.0,3,13.0,2,66.7,0,0.0,0,0.0,3,75.0,10,76.9,0,0.0,17.6,4,13,0,9,1,55,28,23,27,0
b6072304-87ca-48d3-8723-701c7bb4477c,TreVeyon Henderson,NE,RB,2026,2,32,60.4,11,40.7,16,66.7,0,0.0,0,0.0,0,0.0,0,0.0,4,66.7,2,22.2,1,100.0,0.0,6,9,0,4,0,53,27,19,24,1
5cc16827-4339-4092-97fe-c0f56e6e0ef9,Juwan Johnson,NO,TE,2026,2,32,50.0,23,59.0,0,0.0,4,12.9,4,100.0,0,0.0,0,0.0,3,37.5,11,100.0,3,100.0,17.4,8,11,2,10,2,64,39,31,24,3
c31d94ec-04ba-497d-a73f-cd06676c0793,Mason Taylor,NYJ,TE,2026,2,32,44.4,23,46.9,0,0.0,0,0.0,0,0.0,0,0.0,0,0.0,1,20.0,8,50.0,2,25.0,0.0,5,16,0,12,1,72,49,34,23,8
c93c93a2-7461-4a26-b641-c8dd1dae3d9b,Calvin Ridley,TEN,WR,2026,2,32,62.7,13,54.2,0,0.0,2,11.8,2,100.0,0,0.0,0,0.0,2,33.3,7,70.0,2,22.2,15.4,6,10,1,5,2,51,24,17,27,9
8e20b566-e5af-42a6-aa8b-873d6011f865,Stefon Diggs,WAS,WR,2026,2,32,47.8,23,54.8,0,0.0,6,17.6,5,83.3,2,33.3,0,0.0,6,60.0,4,50.0,0,0.0,26.1,10,8,6,8,1,67,42,34,25,0
9f9dfc96-ef76-4f0b-b82f-aaebd4250210,Antonio Williams,WAS,WR,2026,2,32,47.8,23,54.8,0,0.0,3,8.8,3,100.0,0,0.0,0,0.0,3,30.0,6,75.0,0,0.0,13.0,10,8,6,8,1,67,42,34,25,0
c2fac9d0-6eda-4778-9068-8609a447c01d,Durham Smythe,BAL,TE,2026,2,31,55.4,12,31.6,0,0.0,0,0.0,0,0.0,0,0.0,0,0.0,3,50.0,0,0.0,1,7.7,0.0,6,7,1,7,1,56,38,27,18,13
10d47ed6-b230-41eb-8387-e5e5d6010153,Chris Moore,BAL,WR,2026,2,31,55.4,18,47.4,0,0.0,3,11.1,1,33.3,0,0.0,0,0.0,5,83.3,4,57.1,7,53.8,16.7,6,7,1,7,1,56,38,27,18,13
a6b79e65-6180-40a7-b172-d14373c0dd22,Brian Thomas Jr.,JAC,WR,2026,2,31,56.4,23,74.2,0,0.0,7,25.9,5,71.4,0,0.0,0,0.0,0,0.0,8,88.9,5,83.3,30.4,4,9,0,6,2,55,31,27,24,6
e1702d62-f90b-4ea6-9c2f-857e692e8b37,Davis Allen,LA,TE,2026,2,31,52.5,5,15.2,0,0.0,1,3.6,1,100.0,0,0.0,0,0.0,4,100.0,2,28.6,0,0.0,20.0,4,7,2,7,0,59,33,28,24,3
f7e583c7-6864-4f1c-b610-7f4615a7196b,Tyler Allgeier,ARI,RB,2026,2,30,63.8,17,54.8,5,31.2,2,8.7,2,100.0,0,0.0,0,0.0,5,55.6,9,100.0,6,100.0,11.8,9,9,2,8,0,47,31,23,16,6
5e85bccd-0962-4974-af90-62349bcb28aa,Derrick Henry,BAL,RB,2026,2,30,53.6,12,31.6,16,88.9,3,11.1,3,100.0,0,0.0,1,100.0,5,83.3,0,0.0,0,0.0,25.0,6,7,1,7,1,56,38,27,18,13
67ed0316-707b-4d9b-bc50-71f57724646e,Xavier Legette,CAR,WR,2026,2,30,50.0,26,66.7,0,0.0,3,10.0,2,66.7,1,16.7,0,0.0,1,20.0,11,78.6,5,83.3,11.5,5,14,6,10,0,60,39,30,20,6
85c654f2-1792-412a-b849-e8a99f15c37c,Olamide Zaccheaus,ATL,WR,2026,2,29,43.3,21,53.8,0,0.0,3,10.0,1,33.3,0,0.0,0,0.0,2,33.3,8,72.7,0,0.0,14.3,6,11,0,10,0,67,39,30,28,0
1fbde5fd-dc6e-4749-8a6b-3f13e3013612,Austin Hooper,ATL,TE,2026,2,29,43.3,20,51.3,0,0.0,4,13.3,2,50.0,0,0.0,0,0.0,3,50.0,6,54.5,0,0.0,20.0,6,11,0,10,0,67,39,30,28,0
3ca002fc-0db9-4445-a811-5fd1071e297f,LaJohntay Wester,BAL,WR,2026,2,29,51.8,23,60.5,0,0.0,2,7.4,2,100.0,0,0.0,0,0.0,3,50.0,5,71.4,10,76.9,8.7,6,7,1,7,1,56,38,27,18,13
39744a7a-6075-4512-950b-b3d86c965eb8,Evan Engram,DEN,TE,2026,2,29,49.2,13,40.6,0,0.0,1,3.6,1,100.0,0,0.0,0,0.0,2,40.0,3,42.9,0,0.0,7.7,5,7,2,7,4,59,32,28,24,0
7c9f68c4-9f0f-419f-b44b-a70c9d36a7f3,Ian Thomas,LV,TE,2026,2,29,48.3,8,25.0,0,0.0,1,3.6,1,100.0,0,0.0,0,0.0,3,60.0,4,33.3,1,20.0,12.5,5,12,4,9,4,60,32,28,25,5
f7d5ed48-8166-4f36-9b7d-59721eec3d79,Josh Oliver,MIN,TE,2026,2,29,56.9,4,16.7,0,0.0,1,5.3,1,100.0,0,0.0,0,0.0,1,16.7,0,0.0,3,60.0,25.0,6,10,1,9,0,51,24,19,27,5
7a47c1c1-6cca-428a-bb29-b4dcddf8ec9c,Noah Fant,NO,TE,2026,2,29,45.3,10,25.6,0,0.0,0,0.0,0,0.0,0,0.0,0,0.0,5,62.5,0,0.0,0,0.0,0.0,8,11,2,10,2,64,39,31,24,3
e22bf61c-ce6e-4f39-8377-42632dbbdf04,Darius Cooper,PHI,WR,2026,2,29,40.3,15,34.9,0,0.0,3,9.1,2,66.7,1,25.0,0,0.0,1,16.7,6,35.3,4,44.4,20.0,6,17,4,13,1,72,43,33,29,9
09707a8c-a2ec-4819-ab71-6734da25111a,Deebo Samuel,SF,WR,2026,2,29,59.2,20,80.0,1,4.5,4,19.0,4,100.0,0,0.0,0,0.0,1,33.3,6,85.7,0,0.0,20.0,3,7,1,5,4,49,25,21,22,0
d81d3117-a780-4d23-946a-42906805ca2b,Ladd McConkey,LAC,WR,2026,2,28,45.2,22,71.0,0,0.0,3,13.0,3,100.0,0,0.0,0,0.0,5,62.5,6,60.0,9,100.0,13.6,8,10,1,8,2,62,31,23,31,9
ab6763b5-edee-46b3-9660-bb7b3e73649f,Will Kacmarek,MIA,TE,2026,2,28,50.9,9,32.1,0,0.0,1,4.3,1,100.0,0,0.0,0,0.0,2,50.0,3,23.1,0,0.0,11.1,4,13,0,9,1,55,28,23,27,0
dcc0469f-59b0-4fdc-bf63-ecf999d95dcb,Emanuel Wilson,SEA,RB,2026,2,28,41.8,4,14.8,21,52.5,1,3.8,0,0.0,0,0.0,4,50.0,8,80.0,1,11.1,0,0.0,25.0,10,9,3,9,8,67,27,26,40,6
d6ed24f0-f6c4-412b-86ab-420733ef7bb9,Cooper Kupp,SEA,WR,2026,2,28,41.8,14,51.9,0,0.0,2,7.7,2,100.0,0,0.0,0,0.0,2,20.0,6,66.7,3,50.0,14.3,10,9,3,9,8,67,27,26,40,6
351e754d-fc0c-4146-aea3-352204a76d36,Mike Evans,SF,WR,2026,2,28,57.1,18,72.0,0,0.0,3,14.3,3,100.0,0,0.0,0,0.0,2,66.7,4,57.1,0,0.0,16.7,3,7,1,5,4,49,25,21,22,0
19ba8174-6b80-4611-b42c-48491934ccb0,Kendrick Bourne,ARI,WR,2026,2,27,57.4,24,77.4,0,0.0,3,13.0,3,100.0,0,0.0,0,0.0,6,66.7,9,100.0,6,100.0,12.5,9,9,2,8,0,47,31,23,16,6
fbd73988-75d8-4638-89f7-939e4e40ebf9,Bhayshul Tuten,JAC,RB,2026,2,27,49.1,12,38.7,13,54.2,2,7.4,2,100.0,0,0.0,1,50.0,0,0.0,2,22.2,0,0.0,16.7,4,9,0,6,2,55,31,27,24,6
56cc0f2d-52f4-4559-9374-b0df76b9a110,Blake Corum,LA,RB,2026,2,27,45.8,7,21.2,12,50.0,1,3.6,1,100.0,0,0.0,0,0.0,2,50.0,3,42.9,0,0.0,14.3,4,7,2,7,0,59,33,28,24,3
c5809c80-a251-472c-8b81-d413479692f9,Kenyon Sadiq,NYJ,TE,2026,2,27,37.5,22,44.9,0,0.0,2,5.9,2,100.0,0,0.0,0,0.0,1,20.0,7,43.8,5,62.5,9.1,5,16,0,12,1,72,49,34,23,8
03f8f7e5-3512-43d2-bbee-bb8faa7b50a9,Christian McCaffrey,SF,RB,2026,2,27,55.1,12,48.0,10,45.5,4,19.0,4,100.0,0,0.0,4,100.0,1,33.3,5,71.4,0,0.0,33.3,3,7,1,5,4,49,25,21,22,0
3f85220c-e955-44a8-8cf5-0e2c0fcc409d,Wan'Dale Robinson,TEN,WR,2026,2,27,52.9,18,75.0,0,0.0,1,5.9,1,100.0,0,0.0,0,0.0,1,16.7,10,100.0,9,100.0,5.6,6,10,1,5,2,51,24,17,27,9
dadf0427-bf49-406b-8182-1297ca4e2e09,Tony Pollard,TEN,RB,2026,2,27,52.9,11,45.8,14,51.9,1,5.9,1,100.0,0,0.0,1,50.0,6,100.0,2,20.0,3,33.3,9.1,6,10,1,5,2,51,24,17,27,9
1b6f2bd1-48ed-4bbb-b1da-942f81bc5b26,Elic Ayomanor,TEN,WR,2026,2,27,52.9,13,54.2,0,0.0,3,17.6,3,100.0,1,100.0,0,0.0,1,16.7,3,30.0,8,88.9,23.1,6,10,1,5,2,51,24,17,27,9
5a253a6c-0769-4a9f-8bc0-b9af300323e7,Kyle Pitts,ATL,TE,2026,2,26,38.8,17,43.6,0,0.0,3,10.0,1,33.3,0,0.0,0,0.0,4,66.7,5,45.5,0,0.0,17.6,6,11,0,10,0,67,39,30,28,0
d33b79b9-79ab-4d1f-b448-93271850b27e,Justice Hill,BAL,RB,2026,2,26,46.4,18,47.4,2,11.1,2,7.4,2,100.0,0,0.0,0,0.0,1,16.7,7,100.0,13,100.0,11.1,6,7,1,7,1,56,38,27,18,13
7bf6186d-c640-4bf6-acf0-4e8c1190c4f8,Joshua Palmer,BUF,WR,2026,2,26,37.7,17,44.7,0,0.0,3,10.7,2,66.7,0,0.0,0,0.0,1,11.1,5,71.4,5,100.0,17.6,9,7,2,6,3,69,38,28,27,5
b64885a1-9ce3-4ca5-80eb-83cd659a59a6,Darren Waller,CAR,TE,2026,2,26,43.3,22,56.4,0,0.0,3,10.0,3,100.0,2,33.3,0,0.0,2,40.0,10,71.4,6,100.0,13.6,5,14,6,10,0,60,39,30,20,6
e269dd33-359f-48fc-a8b5-8de7e765ed04,Blake Whiteheart,CLE,TE,2026,2,26,47.3,9,25.7,0,0.0,1,3.4,1,100.0,0,0.0,0,0.0,5,83.3,0,0.0,0,0.0,11.1,6,11,1,7,0,55,35,29,18,0
4b350ed0-3e94-4c7a-833b-5d74dbd6a025,Oronde Gadsden II,LAC,TE,2026,2,26,41.9,14,45.2,0,0.0,2,8.7,2,100.0,1,100.0,0,0.0,2,25.0,6,60.0,4,44.4,14.3,8,10,1,8,2,62,31,23,31,9
9700150e-e2e1-4447-a127-19c575087084,Myles Price,MIN,WR,2026,2,26,51.0,19,79.2,0,0.0,1,5.3,1,100.0,0,0.0,0,0.0,4,66.7,10,100.0,5,100.0,5.3,6,10,1,9,0,51,24,19,27,5
86aadd95-6357-41d9-894d-8a47b15d1851,Jonah Coleman,DEN,RB,2026,2,25,42.4,6,18.8,10,41.7,3,10.7,3,100.0,0,0.0,1,25.0,0,0.0,1,14.3,0,0.0,50.0,5,7,2,7,4,59,32,28,24,0
0445de92-84cb-409a-8489-27c569926f55,Xavier Smith,LA,WR,2026,2,25,42.4,19,57.6,0,0.0,1,3.6,1,100.0,0,0.0,0,0.0,0,0.0,5,71.4,3,100.0,5.3,4,7,2,7,0,59,33,28,24,3
a13928ca-181a-456c-9565-49736fd1c5a8,Jeremy Ruckert,NYJ,TE,2026,2,25,34.7,11,22.4,0,0.0,2,5.9,2,100.0,0,0.0,0,0.0,3,60.0,1,6.2,2,25.0,18.2,5,16,0,12,1,72,49,34,23,8
70935f39-1ff7-4fbe-bc22-a968cd77c0d3,George Kittle,SF,TE,2026,2,25,51.0,14,56.0,0,0.0,4,19.0,4,100.0,1,100.0,0,0.0,2,66.7,5,71.4,0,0.0,28.6,3,7,1,5,4,49,25,21,22,0
d5ec0a76-0891-456f-ae34-2782c9a213e3,Luke Farrell,SF,TE,2026,2,25,51.0,11,44.0,0,0.0,0,0.0,0,0.0,0,0.0,0,0.0,1,33.3,2,28.6,0,0.0,0.0,3,7,1,5,4,49,25,21,22,0
6f9e2a1d-a4cf-4184-b358-86f533363b82,Erick All,CIN,TE,2026,2,24,40.7,5,13.9,0,0.0,2,7.4,2,100.0,0,0.0,0,0.0,1,100.0,2,13.3,0,0.0,40.0,1,15,2,11,0,59,36,27,22,4
862a3cce-0028-4fd3-a532-b90cf6df99c7,Samaje Perine,CIN,RB,2026,2,24,40.7,15,41.7,2,9.1,1,3.7,1,100.0,0,0.0,0,0.0,0,0.0,12,80.0,0,0.0,6.7,1,15,2,11,0,59,36,27,22,4
0655b4ca-8e32-4021-a7db-37a88d47b60d,Mo Alie-Cox,IND,TE,2026,2,24,38.1,4,12.1,0,0.0,0,0.0,0,0.0,0,0.0,0,0.0,2,40.0,1,9.1,0,0.0,0.0,5,11,1,8,2,63,33,30,30,2
4f512076-d61e-4c05-8abe-959970a38060,Kevin Coleman Jr.,MIA,WR,2026,2,24,43.6,14,50.0,0,0.0,0,0.0,0,0.0,0,0.0,0,0.0,2,50.0,9,69.2,0,0.0,0.0,4,13,0,9,1,55,28,23,27,0
91a5f6be-59c2-46ff-b8fa-d7fd37727a82,Demario Douglas,NE,WR,2026,2,24,45.3,18,66.7,0,0.0,1,5.3,1,100.0,0,0.0,0,0.0,2,33.3,7,77.8,1,100.0,5.6,6,9,0,4,0,53,27,19,24,1
0d61bea5-d356-455e-982a-2ad5bcabfe6f,Tank Bigsby,PHI,RB,2026,2,24,33.3,7,16.3,13,44.8,2,6.1,2,100.0,0,0.0,1,100.0,3,50.0,0,0.0,0,0.0,28.6,6,17,4,13,1,72,43,33,29,9
f6f340d3-84e5-4514-acc3-3a9b4c5e43b6,Kyle Monangai,CHI,RB,2026,2,23,32.9,5,11.9,10,35.7,2,6.9,2,100.0,0,0.0,0,0.0,1,16.7,3,21.4,0,0.0,40.0,6,14,3,10,1,70,42,29,28,8
d8358a27-8b46-473a-8301-985b8a6583a8,Nate Adkins,DEN,TE,2026,2,23,39.0,8,25.0,0,0.0,3,10.7,3,100.0,0,0.0,0,0.0,2,40.0,2,28.6,0,0.0,37.5,5,7,2,7,4,59,32,28,24,0
79c2e6cc-2327-429b-98e0-3e5a4c4dfa9f,Foster Moreau,HOU,TE,2026,2,23,29.5,10,16.1,0,0.0,2,4.3,2,100.0,0,0.0,0,0.0,4,57.1,2,11.8,3,13.6,20.0,7,17,4,14,0,78,62,46,15,22
40916bee-9bad-44d8-ae39-c1e47cfbe209,E.J. Jenkins,PHI,TE,2026,2,23,31.9,9,20.9,0,0.0,0,0.0,0,0.0,0,0.0,0,0.0,5,83.3,3,17.6,3,33.3,0.0,6,17,4,13,1,72,43,33,29,9
bdbcb723-548a-4126-aff5-eaead9975ecb,Jadarian Price,SEA,RB,2026,2,23,34.3,7,25.9,13,32.5,2,7.7,1,50.0,1,33.3,1,12.5,0,0.0,0,0.0,0,0.0,28.6,10,9,3,9,8,67,27,26,40,6
9ef4c1f8-2cba-41b6-84b9-a09173a96dd4,Kenneth Gainwell,TB,RB,2026,2,23,37.1,12,29.3,2,9.5,4,12.1,4,100.0,0,0.0,0,0.0,1,20.0,6,50.0,0,0.0,33.3,5,12,4,9,0,62,41,33,21,3
a85cd240-090d-47c2-92b0-0930677a770a,Daniel Bellinger,TEN,TE,2026,2,23,45.1,4,16.7,0,0.0,1,5.9,0,0.0,0,0.0,0,0.0,4,66.7,1,10.0,0,0.0,25.0,6,10,1,5,2,51,24,17,27,9
7052b38c-117e-4b4f-847e-4010fd0a7997,Jacory Croskey-Merritt,WAS,RB,2026,2,23,34.3,4,9.5,12,48.0,1,2.9,1,100.0,0,0.0,0,0.0,1,10.0,0,0.0,0,0.0,25.0,10,8,6,8,1,67,42,34,25,0
38e3f537-becc-4e8d-a35d-7f3927482464,Chris Brooks,GB,RB,2026,2,22,44.0,12,37.5,4,22.2,2,7.1,2,100.0,0,0.0,0,0.0,0,0.0,8,80.0,1,100.0,16.7,0,10,1,8,0,50,32,28,18,1
2b91f329-c73e-4704-963f-68137c352a0c,Chris Bell,MIA,WR,2026,2,22,40.0,11,39.3,0,0.0,1,4.3,1,100.0,0,0.0,0,0.0,0,0.0,6,46.2,0,0.0,9.1,4,13,0,9,1,55,28,23,27,0
dde39a38-5c46-464b-a368-dcb7354c519f,Braelon Allen,NYJ,RB,2026,2,22,30.6,11,22.4,5,21.7,1,2.9,1,100.0,0,0.0,1,100.0,2,40.0,10,62.5,0,0.0,9.1,5,16,0,12,1,72,49,34,23,8
1d67bcea-533e-442c-a2e8-22b9ddc2389d,Tory Horton,SEA,WR,2026,2,22,32.8,5,18.5,0,0.0,0,0.0,0,0.0,0,0.0,0,0.0,4,40.0,2,22.2,3,50.0,0.0,10,9,3,9,8,67,27,26,40,6
2ef6744e-6c6d-4891-9e63-3fde243d458d,Jacob Cowing,SF,WR,2026,2,22,44.9,8,32.0,0,0.0,0,0.0,0,0.0,0,0.0,0,0.0,1,33.3,4,57.1,0,0.0,0.0,3,7,1,5,4,49,25,21,22,0
ca676e3f-0f0b-44e6-94f2-d55bdd34f804,John Bates,WAS,TE,2026,2,22,32.8,4,9.5,0,0.0,0,0.0,0,0.0,0,0.0,0,0.0,4,40.0,0,0.0,0,0.0,0.0,10,8,6,8,1,67,42,34,25,0
9b4628dc-c57f-44d1-b7b0-c8a9f0103fa4,Mike Gesicki,CIN,TE,2026,2,21,35.6,20,55.6,0,0.0,0,0.0,0,0.0,0,0.0,0,0.0,0,0.0,8,53.3,4,100.0,0.0,1,15,2,11,0,59,36,27,22,4
61e88b78-e748-49f7-b65a-837733ed2e06,Brevyn Spann-Ford,DAL,TE,2026,2,21,38.9,5,13.9,0,0.0,0,0.0,0,0.0,0,0.0,0,0.0,3,50.0,0,0.0,0,0.0,0.0,6,7,4,8,1,54,36,31,18,0
b65eac5f-5271-4a9f-8e9f-d037c29683e4,Nate Boerkircher,JAC,TE,2026,2,21,38.2,7,22.6,0,0.0,0,0.0,0,0.0,0,0.0,0,0.0,4,100.0,0,0.0,0,0.0,0.0,4,9,0,6,2,55,31,27,24,6
7d4defd3-0cdb-4220-912e-1580e8568a39,Jelani Woods,NYJ,TE,2026,2,21,29.2,4,8.2,0,0.0,0,0.0,0,0.0,0,0.0,0,0.0,4,80.0,0,0.0,0,0.0,0.0,5,16,0,12,1,72,49,34,23,8
4b83e195-7d8d-4191-a0fd-32520e8c981b,Treylon Burks,WAS,WR,2026,2,21,31.3,10,23.8,0,0.0,1,2.9,0,0.0,0,0.0,0,0.0,2,20.0,2,25.0,0,0.0,10.0,10,8,6,8,1,67,42,34,25,0
af0c4224-9d82-459a-a768-8db8b1db381e,Jonathon Brooks,CAR,RB,2026,2,20,33.3,11,28.2,5,25.0,1,3.3,1,100.0,0,0.0,0,0.0,2,40.0,4,28.6,6,100.0,9.1,5,14,6,10,0,60,39,30,20,6
10ea30c1-842b-49c4-a30e-4afef390dfb8,CJ Donaldson,NO,RB,2026,2,20,31.2,5,12.8,1,4.2,0,0.0,0,0.0,0,0.0,0,0.0,5,62.5,10,90.9,0,0.0,0.0,8,11,2,10,2,64,39,31,24,3
c90f57aa-01e0-4c92-9414-356ca9f25ad1,Colson Yankoff,WAS,TE,2026,2,20,29.9,17,40.5,0,0.0,1,2.9,1,100.0,0,0.0,0,0.0,3,30.0,6,75.0,0,0.0,5.9,10,8,6,8,1,67,42,34,25,0
e19370db-7e03-4906-95cd-8692527163fd,Jeremiyah Love,ARI,RB,2026,2,19,40.4,8,25.8,9,56.2,3,13.0,3,100.0,0,0.0,0,0.0,4,44.4,0,0.0,0,0.0,37.5,9,9,2,8,0,47,31,23,16,6
b8fcd099-a2d0-49c7-85f9-8ad3c5c39d05,Matthew Hibner,BAL,TE,2026,2,19,33.9,10,26.3,0,0.0,0,0.0,0,0.0,0,0.0,0,0.0,1,16.7,0,0.0,0,0.0,0.0,6,7,1,7,1,56,38,27,18,13
0a643540-5e1e-4ce9-b883-26d898691d40,DJ Moore,BUF,WR,2026,2,19,27.5,9,23.7,1,3.7,0,0.0,0,0.0,0,0.0,0,0.0,1,11.1,1,14.3,0,0.0,0.0,9,7,2,6,3,69,38,28,27,5
67d9c82c-38f0-4212-9126-c6c0c3a5c2f2,J.K. Dobbins,DEN,RB,2026,2,19,32.2,5,15.6,10,41.7,0,0.0,0,0.0,0,0.0,3,75.0,3,60.0,0,0.0,0,0.0,0.0,5,7,2,7,4,59,32,28,24,0
9e9bafb0-5fef-4c4d-a004-f74092fd2c41,Drew Ogletree,IND,TE,2026,2,19,30.2,5,15.2,0,0.0,1,3.3,0,0.0,0,0.0,0,0.0,1,20.0,0,0.0,0,0.0,20.0,5,11,1,8,2,63,33,30,30,2
95265030-c6d8-4b54-8ab2-95c69ff56132,Rhamondre Stevenson,NE,RB,2026,2,19,35.8,10,37.0,6,25.0,2,10.5,1,50.0,0,0.0,0,0.0,3,50.0,6,66.7,0,0.0,20.0,6,9,0,4,0,53,27,19,24,1
41693ead-2e7a-43d8-9d5a-4d5e05ad3082,Alvin Kamara,NO,RB,2026,2,19,29.7,9,23.1,9,37.5,6,19.4,6,100.0,0,0.0,0,0.0,1,12.5,0,0.0,0,0.0,66.7,8,11,2,10,2,64,39,31,24,3
f1b9e657-a771-44c5-a6bf-d959ffa94375,Dallas Goedert,PHI,TE,2026,2,19,26.4,9,20.9,0,0.0,1,3.0,1,100.0,0,0.0,0,0.0,1,16.7,5,29.4,0,0.0,11.1,6,17,4,13,1,72,43,33,29,9
eb3c5640-7f99-4f67-b0d4-1ca7967bc37c,Nick Kallerup,SEA,TE,2026,2,19,28.4,0,0.0,0,0.0,0,0.0,0,0.0,0,0.0,0,0.0,5,50.0,1,11.1,0,0.0,0.0,10,9,3,9,8,67,27,26,40,6
31e51db0-674d-43fa-862c-bcd108980b1a,Tez Johnson,TB,WR,2026,2,19,30.6,16,39.0,0,0.0,4,12.1,2,50.0,0,0.0,0,0.0,1,20.0,3,25.0,0,0.0,25.0,5,12,4,9,0,62,41,33,21,3
906c523f-5f46-4cde-aeef-42449dc85864,Tyjae Spears,TEN,RB,2026,2,19,37.3,7,29.2,7,25.9,2,11.8,2,100.0,0,0.0,0,0.0,1,16.7,8,80.0,6,66.7,28.6,6,10,1,5,2,51,24,17,27,9
76d34289-43b7-4fe8-9f44-de5f87b63869,Skyy Moore,GB,WR,2026,2,18,36.0,16,50.0,0,0.0,3,10.7,2,66.7,0,0.0,0,0.0,0,0.0,5,50.0,1,100.0,18.8,0,10,1,8,0,50,32,28,18,1
a1305552-c3b7-43eb-a7d6-82fef1b32825,Sam Roush,CHI,TE,2026,2,17,24.3,6,14.3,0,0.0,3,10.3,3,100.0,0,0.0,0,0.0,2,33.3,1,7.1,0,0.0,50.0,6,14,3,10,1,70,42,29,28,8
1fca03ab-4c91-4de8-b8e4-9f290c31c63a,Brock Wright,DET,TE,2026,2,17,27.4,5,11.4,0,0.0,0,0.0,0,0.0,0,0.0,0,0.0,2,66.7,0,0.0,0,0.0,0.0,3,12,4,8,0,62,44,35,18,8
4517fec9-1760-4f67-9412-e9c71bb9c1ab,Mark Redman,GB,TE,2026,2,17,34.0,5,15.6,0,0.0,0,0.0,0,0.0,0,0.0,0,0.0,0,0.0,1,10.0,0,0.0,0.0,0,10,1,8,0,50,32,28,18,1
d8cbf5b3-dee1-4d5c-bcc1-e40e1df911ac,Alec Pierce,IND,WR,2026,2,17,27.0,7,21.2,0,0.0,1,3.3,1,100.0,0,0.0,0,0.0,3,60.0,2,18.2,0,0.0,14.3,5,11,1,8,2,63,33,30,30,2
afe63be8-23e2-4e7e-a3d5-62c8d39415f0,Rico Dowdle,PIT,RB,2026,2,17,25.4,6,13.0,7,33.3,2,5.6,2,100.0,0,0.0,0,0.0,1,14.3,4,36.4,0,0.0,33.3,7,11,0,8,0,67,46,36,21,5
2ae957ad-c171-4583-8c2a-95e6ef320803,George Holani,SEA,RB,2026,2,17,25.4,10,37.0,4,10.0,1,3.8,1,100.0,0,0.0,2,25.0,2,20.0,8,88.9,6,100.0,10.0,10,9,3,9,8,67,27,26,40,6
fb25fcfe-4bf5-47cb-b8d8-599029107f71,KhaDarel Hodge,SF,WR,2026,2,17,34.7,7,28.0,0,0.0,1,4.8,1,100.0,0,0.0,0,0.0,1,33.3,3,42.9,0,0.0,14.3,3,7,1,5,4,49,25,21,22,0
b5f7b325-50e2-482f-8956-7818fbf9882e,Devontez Walker,BAL,WR,2026,2,16,28.6,16,42.1,0,0.0,1,3.7,1,100.0,0,0.0,0,0.0,0,0.0,3,42.9,6,46.2,6.2,6,7,1,7,1,56,38,27,18,13
30deec0c-0006-4685-bacb-8e6465af938e,Luke Schoonmaker,DAL,TE,2026,2,16,29.6,7,19.4,0,0.0,0,0.0,0,0.0,0,0.0,0,0.0,2,33.3,0,0.0,0,0.0,0.0,6,7,4,8,1,54,36,31,18,0
5a0c8b1b-567c-4993-9f60-2af1ad861aee,Tyler Higbee,LA,TE,2026,2,16,27.1,4,12.1,0,0.0,0,0.0,0,0.0,0,0.0,0,0.0,2,50.0,2,28.6,3,100.0,0.0,4,7,2,7,0,59,33,28,24,3
ad3a5c80-259e-4733-a181-0152689972ca,Chris Manhertz,NYG,TE,2026,2,16,29.1,4,11.8,0,0.0,0,0.0,0,0.0,0,0.0,0,0.0,2,40.0,0,0.0,0,0.0,0.0,5,12,1,10,1,55,34,30,21,0
e394cdfa-30c2-4f28-9f39-4fde6499a1b7,Demarcus Robinson,SF,WR,2026,2,16,32.7,7,28.0,0,0.0,3,14.3,3,100.0,0,0.0,0,0.0,1,33.3,2,28.6,0,0.0,42.9,3,7,1,5,4,49,25,21,22,0
d49016e9-8ec3-499a-966e-f6e6a8a6cea7,Hunter Long,ARI,TE,2026,2,15,31.9,3,9.7,0,0.0,0,0.0,0,0.0,0,0.0,0,0.0,3,33.3,0,0.0,0,0.0,0.0,9,9,2,8,0,47,31,23,16,6
81990179-e954-4e54-9891-ee31806ac0c7,Tyler Badie,DEN,RB,2026,2,15,25.4,6,18.8,1,4.2,2,7.1,2,100.0,0,0.0,0,0.0,2,40.0,6,85.7,0,0.0,33.3,5,7,2,7,4,59,32,28,24,0
d12fa42a-6853-43f0-8691-635c9100de80,Keaton Mitchell,LAC,RB,2026,2,15,24.2,8,25.8,5,16.1,1,4.3,1,100.0,0,0.0,0,0.0,1,12.5,1,10.0,2,22.2,12.5,8,10,1,8,2,62,31,23,31,9
55f30a94-df41-42e5-a5d3-7397401331b3,Eric Saubert,SEA,TE,2026,2,15,22.4,4,14.8,0,0.0,1,3.8,1,100.0,0,0.0,0,0.0,1,10.0,0,0.0,0,0.0,25.0,10,9,3,9,8,67,27,26,40,6
302f2b22-be97-4120-bd47-87c1bed8dd89,Elijah Arroyo,SEA,TE,2026,2,15,22.4,11,40.7,0,0.0,1,3.8,1,100.0,0,0.0,0,0.0,2,20.0,2,22.2,2,33.3,9.1,10,9,3,9,8,67,27,26,40,6
edd3eaab-5cb5-4dba-bd6c-eae714788689,Kaelon Black,SF,RB,2026,2,15,30.6,6,24.0,7,31.8,0,0.0,0,0.0,0,0.0,0,0.0,1,33.3,1,14.3,0,0.0,0.0,3,7,1,5,4,49,25,21,22,0
a143db6c-a7b2-4443-8920-4458a8f80314,Nick Muse,ATL,TE,2026,2,14,20.9,5,12.8,0,0.0,0,0.0,0,0.0,0,0.0,0,0.0,1,16.7,0,0.0,0,0.0,0.0,6,11,0,10,0,67,39,30,28,0
8cbc9f47-d238-48db-ad34-c809d19e5e1c,MarShawn Lloyd,GB,RB,2026,2,14,28.0,7,21.9,6,33.3,2,7.1,2,100.0,0,0.0,0,0.0,0,0.0,1,10.0,0,0.0,28.6,0,10,1,8,0,50,32,28,18,1
91d90b42-a63e-4958-8306-28c44239e475,Kaleb Johnson,GB,RB,2026,2,14,28.0,4,12.5,8,44.4,0,0.0,0,0.0,0,0.0,0,0.0,0,0.0,1,10.0,0,0.0,0.0,0,10,1,8,0,50,32,28,18,1
a8907a21-cefe-483f-86f7-48eb33015e7c,Quintin Morris,JAC,TE,2026,2,14,25.5,3,9.7,0,0.0,1,3.7,1,100.0,0,0.0,0,0.0,1,25.0,1,11.1,1,16.7,33.3,4,9,0,6,2,55,31,27,24,6
65b68604-0134-478a-915a-fddd472e7a20,Emmett Johnson,KC,RB,2026,2,14,17.9,10,19.6,2,7.4,2,5.1,2,100.0,0,0.0,0,0.0,3,25.0,5,55.6,3,100.0,20.0,12,9,3,10,3,78,51,39,27,3
a7c480c0-5a71-4a2b-946f-cfa43e58b03e,Cameron Latu,NE,TE,2026,2,14,26.4,2,7.4,0,0.0,0,0.0,0,0.0,0,0.0,0,0.0,1,16.7,2,22.2,0,0.0,0.0,6,9,0,4,0,53,27,19,24,1
fcd966e3-7bc2-45b2-b302-c068f41a5ec7,Theo Johnson,NYG,TE,2026,2,14,25.5,6,17.6,0,0.0,4,13.3,0,0.0,0,0.0,0,0.0,2,40.0,2,16.7,0,0.0,66.7,5,12,1,10,1,55,34,30,21,0
a81c8d8a-7a0f-4a0e-96d3-f2c2db58c01f,Devin Singletary,NYG,RB,2026,2,14,25.5,9,26.5,3,14.3,1,3.3,0,0.0,0,0.0,0,0.0,0,0.0,8,66.7,0,0.0,11.1,5,12,1,10,1,55,34,30,21,0
d5c9a653-e4f2-4724-90eb-525423d2a541,Marquise Brown,PHI,WR,2026,2,14,19.4,8,18.6,2,6.9,0,0.0,0,0.0,0,0.0,0,0.0,0,0.0,4,23.5,0,0.0,0.0,6,17,4,13,1,72,43,33,29,9
366cca02-7b77-4ed1-92da-54f37ff21a46,Ben Skowronek,PIT,WR,2026,2,14,20.9,3,6.5,0,0.0,1,2.8,1,100.0,0,0.0,0,0.0,1,14.3,0,0.0,0,0.0,33.3,7,11,0,8,0,67,46,36,21,5
a2ce2d86-54e6-420a-adf4-b9f8ed18787b,Elijah Higgins,ARI,TE,2026,2,13,27.7,3,9.7,0,0.0,0,0.0,0,0.0,0,0.0,0,0.0,3,33.3,0,0.0,0,0.0,0.0,9,9,2,8,0,47,31,23,16,6
c0a93dd3-b56b-47bd-b8e8-577712cbf235,Zachariah Branch,ATL,WR,2026,2,13,19.4,7,17.9,0,0.0,2,6.7,2,100.0,0,0.0,0,0.0,0,0.0,2,18.2,0,0.0,28.6,6,11,0,10,0,67,39,30,28,0
4598a60e-9bd6-4bbc-9466-072b67c5af3d,Troy Franklin,DEN,WR,2026,2,13,22.0,10,31.2,0,0.0,2,7.1,1,50.0,1,50.0,0,0.0,0,0.0,2,28.6,0,0.0,20.0,5,7,2,7,4,59,32,28,24,0
d506521a-052e-44c5-9442-653cce9ffeb7,Lewis Bond,HOU,WR,2026,2,13,16.7,9,14.5,0,0.0,0,0.0,0,0.0,0,0.0,0,0.0,0,0.0,2,11.8,3,13.6,0.0,7,17,4,14,0,78,62,46,15,22
5d6a6eec-d491-4c02-9033-66cde80096df,Chris Rodriguez Jr.,JAC,RB,2026,2,13,23.6,4,12.9,6,25.0,0,0.0,0,0.0,0,0.0,1,50.0,3,75.0,3,33.3,0,0.0,0.0,4,9,0,6,2,55,31,27,24,6
ff907e4d-9cd3-452d-be41-9770e7709321,Tylan Wallace,CLE,WR,2026,2,12,21.8,6,17.1,0,0.0,0,0.0,0,0.0,0,0.0,0,0.0,3,50.0,2,18.2,0,0.0,0.0,6,11,1,7,0,55,35,29,18,0
aaf61fde-6940-42c8-9f49-51e1cc9240e7,Jonnu Smith,GB,TE,2026,2,12,24.0,3,9.4,0,0.0,0,0.0,0,0.0,0,0.0,0,0.0,0,0.0,0,0.0,0,0.0,0.0,0,10,1,8,0,50,32,28,18,1
7aae75fd-4d27-4d49-a807-28b68184dc48,Jalen Royals,KC,WR,2026,2,12,15.4,6,11.8,0,0.0,2,5.1,2,100.0,1,33.3,0,0.0,4,33.3,0,0.0,0,0.0,33.3,12,9,3,10,3,78,51,39,27,3
3c0ade45-a735-4a05-aa9f-529eefc98b67,Brenen Thompson,LAC,WR,2026,2,12,19.4,9,29.0,0,0.0,3,13.0,2,66.7,0,0.0,0,0.0,1,12.5,5,50.0,0,0.0,33.3,8,10,1,8,2,62,31,23,31,9
e853cc9d-5f6a-4ed0-a3ca-d484071d3699,Dareke Young,LV,WR,2026,2,12,20.0,2,6.2,0,0.0,1,3.6,1,100.0,0,0.0,0,0.0,1,20.0,3,25.0,1,20.0,50.0,5,12,4,9,4,60,32,28,25,5
c010089e-8496-4e0c-b0f4-89b2edf57041,Mike Washington Jr.,LV,RB,2026,2,12,20.0,5,15.6,3,12.0,0,0.0,0,0.0,0,0.0,0,0.0,0,0.0,2,16.7,0,0.0,0.0,5,12,4,9,4,60,32,28,25,5
0329e53c-a4e3-42ef-a384-c28a68c9baec,Dohnte Meyers,CIN,WR,2026,2,11,18.6,7,19.4,0,0.0,1,3.7,1,100.0,0,0.0,0,0.0,0,0.0,5,33.3,0,0.0,14.3,1,15,2,11,0,59,36,27,22,4
47808af2-5c11-42d7-b344-832a1e4502f7,Raheim Sanders,CLE,RB,2026,2,11,20.0,7,20.0,2,11.1,1,3.4,1,100.0,0,0.0,0,0.0,2,33.3,5,45.5,0,0.0,14.3,6,11,1,7,0,55,35,29,18,0
b9a2e82f-15c8-41da-a623-363048d88b6f,Jonathan Mingo,DAL,WR,2026,2,11,20.4,6,16.7,0,0.0,0,0.0,0,0.0,0,0.0,0,0.0,1,16.7,0,0.0,0,0.0,0.0,6,7,4,8,1,54,36,31,18,0
3d16ca6f-ddfb-4f39-8dc5-1bbf69a6aea0,Sione Vaki,DET,RB,2026,2,11,17.7,7,15.9,1,5.6,1,2.9,1,100.0,0,0.0,0,0.0,1,33.3,3,25.0,0,0.0,14.3,3,12,4,8,0,62,44,35,18,8
b4c567a0-2390-48f0-a58c-76ee757d5436,Tutu Atwell,LA,WR,2026,2,11,18.6,10,30.3,0,0.0,1,3.6,1,100.0,0,0.0,0,0.0,0,0.0,0,0.0,0,0.0,10.0,4,7,2,7,0,59,33,28,24,3
74dad55c-78db-444f-8843-423894176da5,David Njoku,LAC,TE,2026,2,11,17.7,8,25.8,0,0.0,3,13.0,2,66.7,0,0.0,0,0.0,0,0.0,3,30.0,0,0.0,37.5,8,10,1,8,2,62,31,23,31,9
cddd23eb-a339-47f1-bc5f-3c37072e26a3,Kyle Williams,NE,WR,2026,2,11,20.8,9,33.3,0,0.0,2,10.5,1,50.0,0,0.0,0,0.0,1,16.7,2,22.2,0,0.0,22.2,6,9,0,4,0,53,27,19,24,1
5d8056ca-be7f-4559-af37-9d3535532492,Brayden Willis,SF,TE,2026,2,11,22.4,1,4.0,0,0.0,0,0.0,0,0.0,0,0.0,0,0.0,1,33.3,1,14.3,0,0.0,0.0,3,7,1,5,4,49,25,21,22,0
329b5077-f730-4d2b-943d-92ecab387041,Jaylin Lane,WAS,WR,2026,2,11,16.4,5,11.9,0,0.0,0,0.0,0,0.0,0,0.0,0,0.0,0,0.0,1,12.5,0,0.0,0.0,10,8,6,8,1,67,42,34,25,0
f4a8eee3-c99b-4aec-b950-9bb115d694c6,Colbie Young,CIN,WR,2026,2,10,16.9,5,13.9,0,0.0,1,3.7,1,100.0,0,0.0,0,0.0,0,0.0,0,0.0,0,0.0,20.0,1,15,2,11,0,59,36,27,22,4
0154fd2e-e285-4ee1-82e2-cc6ccf0ce1fe,LeQuint Allen,JAC,RB,2026,2,10,18.2,9,29.0,0,0.0,1,3.7,1,100.0,0,0.0,0,0.0,0,0.0,4,44.4,6,100.0,11.1,4,9,0,6,2,55,31,27,24,6
47ca8708-ee17-4ac0-8ce0-88218166b6a5,Josh Cameron,JAC,WR,2026,2,10,18.2,3,9.7,0,0.0,0,0.0,0,0.0,0,0.0,0,0.0,2,50.0,1,11.1,1,16.7,0.0,4,9,0,6,2,55,31,27,24,6
aa912baa-3032-4644-90c5-74795b325000,Jake Briningstool,KC,TE,2026,2,10,12.8,4,7.8,0,0.0,0,0.0,0,0.0,0,0.0,0,0.0,1,8.3,0,0.0,0,0.0,0.0,12,9,3,10,3,78,51,39,27,3
8f198975-d3fb-404c-b147-1c64bedce027,Efton Chism III,NE,WR,2026,2,10,18.9,1,3.7,0,0.0,1,5.3,1,100.0,0,0.0,0,0.0,1,16.7,2,22.2,0,0.0,100.0,6,9,0,4,0,53,27,19,24,1
3be23ca8-a082-4f11-a2ca-48fae57ee15e,Saquon Barkley,PHI,RB,2026,2,10,13.9,5,11.6,4,13.8,2,6.1,1,50.0,0,0.0,0,0.0,0,0.0,2,11.8,0,0.0,40.0,6,17,4,13,1,72,43,33,29,9
667f117f-b46b-4507-b314-1080710328f6,Brycen Tremayne,CAR,WR,2026,2,9,15.0,2,5.1,0,0.0,0,0.0,0,0.0,0,0.0,0,0.0,2,40.0,1,7.1,0,0.0,0.0,5,14,6,10,0,60,39,30,20,6
c76c218c-86ca-4bae-be5a-706ff95d5736,Emari Demercado,DAL,RB,2026,2,9,16.7,2,5.6,3,16.7,0,0.0,0,0.0,0,0.0,0,0.0,0,0.0,0,0.0,0,0.0,0.0,6,7,4,8,1,54,36,31,18,0
08e71dae-2224-49f3-98b6-0f4f1b157dfa,Ollie Gordon II,MIA,RB,2026,2,9,16.4,5,17.9,3,11.1,0,0.0,0,0.0,0,0.0,0,0.0,1,25.0,3,23.1,0,0.0,0.0,4,13,0,9,1,55,28,23,27,0
cb95349a-d07c-406c-9c31-9853f0be1eaf,Eli Raridon,NE,TE,2026,2,9,17.0,5,18.5,0,0.0,1,5.3,1,100.0,0,0.0,0,0.0,2,33.3,0,0.0,0,0.0,20.0,6,9,0,4,0,53,27,19,24,1
48385572-83a6-4020-adbb-789651f7f340,Oscar Delp,NO,TE,2026,2,9,14.1,3,7.7,0,0.0,1,3.2,1,100.0,0,0.0,0,0.0,0,0.0,0,0.0,0,0.0,33.3,8,11,2,10,2,64,39,31,24,3
5d571d84-d446-4515-8ba1-1590b8ab777a,Ray Davis,BUF,RB,2026,2,8,11.6,3,7.9,0,0.0,0,0.0,0,0.0,0,0.0,0,0.0,1,11.1,1,14.3,0,0.0,0.0,9,7,2,6,3,69,38,28,27,5
793d9231-8b1c-4310-9c1b-57f057762925,Frank Gore Jr.,BUF,RB,2026,2,8,11.6,3,7.9,0,0.0,0,0.0,0,0.0,0,0.0,0,0.0,1,11.1,4,57.1,4,80.0,0.0,9,7,2,6,3,69,38,28,27,5
c5da02ca-761e-47b6-aa73-5b216e3b7d27,Cade Stover,HOU,TE,2026,2,8,10.3,0,0.0,0,0.0,0,0.0,0,0.0,0,0.0,0,0.0,3,42.9,0,0.0,0,0.0,0.0,7,17,4,14,0,78,62,46,15,22
01a6807b-d207-41a6-b570-8cc578506d30,Marlin Klein,HOU,TE,2026,2,8,10.3,3,4.8,0,0.0,0,0.0,0,0.0,0,0.0,0,0.0,3,42.9,0,0.0,1,4.5,0.0,7,17,4,14,0,78,62,46,15,22
0bc45bd2-e6fc-4c35-84bc-f18b6d7ddf67,DeeJay Dallas,MIN,RB,2026,2,8,15.7,3,12.5,2,7.4,1,5.3,1,100.0,0,0.0,0,0.0,1,16.7,4,40.0,1,20.0,33.3,6,10,1,9,0,51,24,19,27,5
36bcfdaa-68d9-4521-a1dd-b935eb845fc9,Najee Harris,NYG,RB,2026,2,8,14.5,3,8.8,4,19.0,0,0.0,0,0.0,0,0.0,1,100.0,2,40.0,0,0.0,0,0.0,0.0,5,12,1,10,1,55,34,30,21,0
a2bd6ac5-17e5-4b79-b1fe-5c72b1d22f6f,John Metchie III,CAR,WR,2026,2,7,11.7,4,10.3,0,0.0,0,0.0,0,0.0,0,0.0,0,0.0,0,0.0,2,14.3,1,16.7,0.0,5,14,6,10,0,60,39,30,20,6
28f5aa7b-e932-40ba-829e-7772f5d7bdc5,Jahdae Walker,CHI,WR,2026,2,7,10.0,4,9.5,0,0.0,0,0.0,0,0.0,0,0.0,0,0.0,1,16.7,1,7.1,1,12.5,0.0,6,14,3,10,1,70,42,29,28,8
013c127c-9144-45b1-a10c-2fa10752e107,Bo Melton,GB,WR,2026,2,7,14.0,4,12.5,0,0.0,1,3.6,0,0.0,0,0.0,0,0.0,0,0.0,2,20.0,0,0.0,25.0,0,10,1,8,0,50,32,28,18,1
8500bbe1-1d43-4268-9a95-f3f18c8145d2,Travis Hunter,JAC,WR,2026,2,7,12.7,2,6.5,0,0.0,0,0.0,0,0.0,0,0.0,0,0.0,0,0.0,0,0.0,1,16.7,0.0,4,9,0,6,2,55,31,27,24,6
c231e113-ccee-4e39-a8ce-9ba3dcb58d31,Derius Davis,LAC,WR,2026,2,7,11.3,3,9.7,0,0.0,1,4.3,0,0.0,0,0.0,0,0.0,0,0.0,2,20.0,1,11.1,33.3,8,10,1,8,2,62,31,23,31,9
01f482ef-7f66-4248-89c4-a711e34c72bf,Cody White,LV,WR,2026,2,7,11.7,7,21.9,0,0.0,2,7.1,2,100.0,2,50.0,0,0.0,0,0.0,2,16.7,0,0.0,28.6,5,12,4,9,4,60,32,28,25,5
3a3965d6-9161-4a54-94bd-74a57b74f147,Dylan Laube,LV,RB,2026,2,7,11.7,2,6.2,0,0.0,0,0.0,0,0.0,0,0.0,0,0.0,0,0.0,1,8.3,0,0.0,0.0,5,12,4,9,4,60,32,28,25,5
f20b6c79-933d-45fd-9c9c-fa4f0e552822,Malik Benson,LV,WR,2026,2,7,11.7,5,15.6,0,0.0,1,3.6,0,0.0,0,0.0,0,0.0,0,0.0,2,16.7,1,20.0,20.0,5,12,4,9,4,60,32,28,25,5
1f8d0b54-5b5c-4263-8d67-7a23a518825c,Ryan Miller,MIA,WR,2026,2,7,12.7,3,10.7,0,0.0,1,4.3,1,100.0,0,0.0,0,0.0,0,0.0,1,7.7,0,0.0,33.3,4,13,0,9,1,55,28,23,27,0
de8f4b77-1c5d-494e-8318-279ff9b74e33,Jordan James,SF,RB,2026,2,7,14.3,1,4.0,4,18.2,0,0.0,0,0.0,0,0.0,0,0.0,1,33.3,1,14.3,0,0.0,0.0,3,7,1,5,4,49,25,21,22,0
1e3e9763-bda0-4ed8-8922-966750ebb290,Jalen McMillan,TB,WR,2026,2,7,11.3,2,4.9,0,0.0,0,0.0,0,0.0,0,0.0,0,0.0,0,0.0,0,0.0,0,0.0,0.0,5,12,4,9,0,62,41,33,21,3
fd505ef2-d8ef-415e-b2ff-bb670fd34478,Simi Fehoko,ARI,WR,2026,2,6,12.8,0,0.0,0,0.0,0,0.0,0,0.0,0,0.0,0,0.0,0,0.0,0,0.0,0,0.0,0.0,9,9,2,8,0,47,31,23,16,6
6acaa3da-be09-4feb-9c32-4956ae573cab,Keleki Latu,BUF,TE,2026,2,6,8.7,2,5.3,0,0.0,0,0.0,0,0.0,0,0.0,0,0.0,1,11.1,1,14.3,0,0.0,0.0,9,7,2,6,3,69,38,28,27,5
00fd6ef2-f30b-4b80-8675-244e144fed15,Jaleel McLaughlin,CLE,RB,2026,2,6,10.9,4,11.4,1,5.6,1,3.4,0,0.0,0,0.0,0,0.0,0,0.0,1,9.1,0,0.0,25.0,6,11,1,7,0,55,35,29,18,0
dfb90ff3-c3e2-45c4-8f2e-d2cdf2ace1b3,J. Michael Sturdivant,GB,WR,2026,2,6,12.0,6,18.8,0,0.0,0,0.0,0,0.0,0,0.0,0,0.0,0,0.0,3,30.0,0,0.0,0.0,0,10,1,8,0,50,32,28,18,1
c40b1266-0635-4fe3-9cb4-69a5204f5629,Kimani Vidal,LAC,RB,2026,2,6,9.7,5,16.1,0,0.0,0,0.0,0,0.0,0,0.0,0,0.0,0,0.0,6,60.0,1,11.1,0.0,8,10,1,8,2,62,31,23,31,9
824f4b06-d5b1-46d6-9406-40260dd1eed7,David Martin-Robinson,TEN,TE,2026,2,6,11.8,0,0.0,0,0.0,0,0.0,0,0.0,0,0.0,0,0.0,4,66.7,0,0.0,0,0.0,0.0,6,10,1,5,2,51,24,17,27,9
8ad0aac4-c035-4e47-9c43-cd268d54c37b,Nicholas Singleton,TEN,RB,2026,2,6,11.8,1,4.2,4,14.8,0,0.0,0,0.0,0,0.0,0,0.0,0,0.0,0,0.0,0,0.0,0.0,6,10,1,5,2,51,24,17,27,9
6a651bbf-bb06-487f-8252-880959575a61,Kaytron Allen,WAS,RB,2026,2,6,9.0,0,0.0,5,20.0,0,0.0,0,0.0,0,0.0,0,0.0,0,0.0,1,12.5,0,0.0,0.0,10,8,6,8,1,67,42,34,25,0
0ef7dca3-c913-4782-88a5-e8aeee865def,Josh Cuevas,BAL,TE,2026,2,5,8.9,4,10.5,0,0.0,0,0.0,0,0.0,0,0.0,0,0.0,0,0.0,2,28.6,2,15.4,0.0,6,7,1,7,1,56,38,27,18,13
987919a2-efe3-45a6-9c67-2b24a2d97252,KaVontae Turpin,DAL,WR,2026,2,5,9.3,3,8.3,1,5.6,0,0.0,0,0.0,0,0.0,0,0.0,0,0.0,0,0.0,0,0.0,0.0,6,7,4,8,1,54,36,31,18,0
0be49684-e20c-4589-b0fc-370d62850713,Treyton Welch,NO,TE,2026,2,5,7.8,0,0.0,0,0.0,0,0.0,0,0.0,0,0.0,0,0.0,3,37.5,0,0.0,0,0.0,0.0,8,11,2,10,2,64,39,31,24,3
61cc346d-82f4-4fdc-a2c0-06b0e685f1dd,Kevin Austin Jr.,NO,WR,2026,2,5,7.8,2,5.1,0,0.0,1,3.2,1,100.0,0,0.0,0,0.0,0,0.0,0,0.0,0,0.0,50.0,8,11,2,10,2,64,39,31,24,3
72b4b8fd-f561-4d90-bff6-c166000120f1,Braxton Berrios,NYG,WR,2026,2,5,9.1,3,8.8,0,0.0,0,0.0,0,0.0,0,0.0,0,0.0,0,0.0,1,8.3,0,0.0,0.0,5,12,1,10,1,55,34,30,21,0
1d57049b-db4a-4a0f-bcff-c67dc350991a,Greg Dortch,BUF,WR,2026,2,4,5.8,0,0.0,0,0.0,0,0.0,0,0.0,0,0.0,0,0.0,0,0.0,1,14.3,0,0.0,0.0,9,7,2,6,3,69,38,28,27,5
faf22cf7-07e2-4e72-b5f8-cc2589ea5997,AJ Dillon,CAR,RB,2026,2,4,6.7,0,0.0,3,15.0,0,0.0,0,0.0,0,0.0,0,0.0,0,0.0,1,7.1,0,0.0,0.0,5,14,6,10,0,60,39,30,20,6
ced13e8c-6594-4962-8290-82569c254000,Feleipe Franks,CAR,TE,2026,2,4,6.7,0,0.0,0,0.0,0,0.0,0,0.0,0,0.0,0,0.0,0,0.0,1,7.1,0,0.0,0.0,5,14,6,10,0,60,39,30,20,6
14b863e1-dc93-41d0-94f4-1743fff8e5e1,Isaiah Bond,CLE,WR,2026,2,4,7.3,2,5.7,0,0.0,1,3.4,1,100.0,0,0.0,0,0.0,1,16.7,0,0.0,0,0.0,50.0,6,11,1,7,0,55,35,29,18,0
891f828a-34a4-45b1-bca3-81956a75c51c,Tyler Conklin,DET,TE,2026,2,4,6.5,2,4.5,0,0.0,0,0.0,0,0.0,0,0.0,0,0.0,0,0.0,0,0.0,0,0.0,0.0,3,12,4,8,0,62,44,35,18,8
a89e5455-55c1-4733-b442-40421996fa1e,Ameer Abdullah,JAC,RB,2026,2,4,7.3,1,3.2,3,12.5,1,3.7,1,100.0,0,0.0,0,0.0,1,25.0,0,0.0,0,0.0,100.0,4,9,0,6,2,55,31,27,24,6
e3fa3abb-f679-478e-aa2b-9d3225df0cad,Corey Kiner,NE,RB,2026,2,4,7.5,0,0.0,2,8.3,0,0.0,0,0.0,0,0.0,0,0.0,0,0.0,1,11.1,0,0.0,0.0,6,9,0,4,0,53,27,19,24,1
123f6592-00e8-4072-996d-3f865682ed09,Payne Durham,TB,TE,2026,2,4,6.5,0,0.0,0,0.0,0,0.0,0,0.0,0,0.0,0,0.0,0,0.0,0,0.0,0,0.0,0.0,5,12,4,9,0,62,41,33,21,3
b5558c17-a370-41ca-a40d-1514ddaa3779,Bam Knight,ARI,RB,2026,2,3,6.4,0,0.0,2,12.5,0,0.0,0,0.0,0,0.0,0,0.0,0,0.0,0,0.0,0,0.0,0.0,9,9,2,8,0,47,31,23,16,6
9e312aef-96b4-4d45-9183-6206f81994ba,Lil'Jordan Humphrey,DEN,WR,2026,2,3,5.1,1,3.1,0,0.0,1,3.6,0,0.0,0,0.0,0,0.0,1,20.0,0,0.0,0,0.0,100.0,5,7,2,7,4,59,32,28,24,0
a59583fe-89ad-47e8-88a4-7098bee0c853,Deion Burks,IND,WR,2026,2,3,4.8,1,3.0,2,6.7,0,0.0,0,0.0,0,0.0,0,0.0,0,0.0,0,0.0,0,0.0,0.0,5,11,1,8,2,63,33,30,30,2
ca946673-3bcf-4ad1-914e-fb90cc728aea,Seth McGowan,IND,RB,2026,2,3,4.8,1,3.0,2,6.7,0,0.0,0,0.0,0,0.0,0,0.0,0,0.0,0,0.0,0,0.0,0.0,5,11,1,8,2,63,33,30,30,2
89f733a3-caa2-41d6-8f47-4e57a7368857,Cyrus Allen,KC,WR,2026,2,3,3.8,3,5.9,0,0.0,0,0.0,0,0.0,0,0.0,0,0.0,0,0.0,1,11.1,0,0.0,0.0,12,9,3,10,3,78,51,39,27,3
b3e22c80-ead0-4f90-a611-02b856a36a22,Chris Myarick,LV,TE,2026,2,3,5.0,0,0.0,0,0.0,0,0.0,0,0.0,0,0.0,0,0.0,0,0.0,1,8.3,0,0.0,0.0,5,12,4,9,4,60,32,28,25,5
85b871bb-a7bf-47ff-b931-676c245cd45c,Jaylen Wright,MIA,RB,2026,2,3,5.5,1,3.6,2,7.4,0,0.0,0,0.0,0,0.0,0,0.0,1,25.0,0,0.0,0,0.0,0.0,4,13,0,9,1,55,28,23,27,0
c436faaa-c1e7-44b1-9b56-5266e0dcd1ce,Jalen Brooks,ARI,WR,2026,2,2,4.3,0,0.0,0,0.0,0,0.0,0,0.0,0,0.0,0,0.0,0,0.0,0,0.0,0,0.0,0.0,9,9,2,8,0,47,31,23,16,6
3370de69-cd2b-41f2-9716-bffb659a9a2f,Jayden Reed,GB,WR,2026,2,2,4.0,2,6.2,0,0.0,1,3.6,1,100.0,0,0.0,0,0.0,0,0.0,0,0.0,0,0.0,50.0,0,10,1,8,0,50,32,28,18,1
0dbd7de4-d650-4b49-80eb-664bc76f1386,Demond Claiborne,MIN,RB,2026,2,2,3.9,2,8.3,0,0.0,1,5.3,1,100.0,0,0.0,0,0.0,0,0.0,1,10.0,0,0.0,50.0,6,10,1,9,0,51,24,19,27,5
da45689a-c50a-4d81-8d41-0707fa8b419b,Barion Brown,NO,WR,2026,2,2,3.1,1,2.6,0,0.0,0,0.0,0,0.0,0,0.0,0,0.0,0,0.0,0,0.0,0,0.0,0.0,8,11,2,10,2,64,39,31,24,3
c1823bda-bb86-4135-aeea-98631bf2e41b,Odell Beckham Jr.,NYG,WR,2026,2,2,3.6,2,5.9,0,0.0,0,0.0,0,0.0,0,0.0,0,0.0,0,0.0,1,8.3,0,0.0,0.0,5,12,1,10,1,55,34,30,21,0
8d8be39b-1c6a-40a9-8f30-d5d731d9955f,Travis Homer,PIT,RB,2026,2,2,3.0,0,0.0,2,9.5,0,0.0,0,0.0,0,0.0,0,0.0,0,0.0,0,0.0,0,0.0,0.0,7,11,0,8,0,67,46,36,21,5
23eebe48-f8ba-4625-941c-c709669351fa,Robert Tonyan,PIT,TE,2026,2,2,3.0,1,2.2,0,0.0,0,0.0,0,0.0,0,0.0,0,0.0,1,14.3,0,0.0,0,0.0,0.0,7,11,0,8,0,67,46,36,21,5
127cd86a-0230-4b3c-bb9d-a0a0aac7d556,Bauer Sharp,TB,TE,2026,2,2,3.2,2,4.9,0,0.0,0,0.0,0,0.0,0,0.0,0,0.0,0,0.0,2,16.7,0,0.0,0.0,5,12,4,9,0,62,41,33,21,3
d8fac662-3f29-4c24-b60f-066884a04068,Chimere Dike,TEN,WR,2026,2,2,3.9,1,4.2,0,0.0,0,0.0,0,0.0,0,0.0,0,0.0,0,0.0,0,0.0,0,0.0,0.0,6,10,1,5,2,51,24,17,27,9
e3144357-a7a3-4594-9a99-5aae6b318d73,Roschon Johnson,CHI,RB,2026,2,1,1.4,0,0.0,0,0.0,0,0.0,0,0.0,0,0.0,0,0.0,0,0.0,0,0.0,0,0.0,0.0,6,14,3,10,1,70,42,29,28,8
ce22da2a-a5de-44b0-9f37-e32d7f7bcd45,Zavion Thomas,CHI,WR,2026,2,1,1.4,0,0.0,0,0.0,0,0.0,0,0.0,0,0.0,0,0.0,0,0.0,0,0.0,0,0.0,0.0,6,14,3,10,1,70,42,29,28,8
f0d72750-2944-434c-9f6c-0bb8cac2cec8,Tahj Brooks,CIN,RB,2026,2,1,1.7,1,2.8,0,0.0,0,0.0,0,0.0,0,0.0,0,0.0,0,0.0,0,0.0,0,0.0,0.0,1,15,2,11,0,59,36,27,22,4
2863c9bd-0e9b-468c-a1cb-fd45963fde5d,Jack Endries,CIN,TE,2026,2,1,1.7,0,0.0,0,0.0,0,0.0,0,0.0,0,0.0,0,0.0,0,0.0,0,0.0,0,0.0,0.0,1,15,2,11,0,59,36,27,22,4
dd307875-09d8-42d1-8b79-b51129b12c98,Carsen Ryan,CLE,TE,2026,2,1,1.8,1,2.9,0,0.0,0,0.0,0,0.0,0,0.0,0,0.0,1,16.7,0,0.0,0,0.0,0.0,6,11,1,7,0,55,35,29,18,0
1d8b5f92-2b83-4ab3-b021-067ec071f616,Jackson Meeks,DET,TE,2026,2,1,1.6,1,2.3,0,0.0,0,0.0,0,0.0,0,0.0,0,0.0,0,0.0,0,0.0,0,0.0,0.0,3,12,4,8,0,62,44,35,18,8
92b7cd5f-0a9f-42d0-b486-4102c2f90fb8,Arian Smith,NYJ,WR,2026,2,1,1.4,1,2.0,0,0.0,0,0.0,0,0.0,0,0.0,0,0.0,0,0.0,0,0.0,0,0.0,0.0,5,16,0,12,1,72,49,34,23,8
